date,trail_name,final_area,weather_group_id,trail_latitude,trail_longitude,trail_elevation_feet,weather_code,temperature_2m_max,temperature_2m_min,temperature_2m_mean,precipitation_sum,rain_sum,snowfall_sum,precip_1d,precip_3d,precip_7d,mean_temp_3d,mean_temp_7d,freeze_thaw_day,freeze_thaw_3d,freeze_thaw_7d,snowfall_1d,snowfall_3d,snowfall_7d,days_since_precip,sampled_length_miles,minimum_elevation_feet,maximum_elevation_feet,mean_elevation_feet,mean_slope_degrees,median_slope_degrees,maximum_slope_degrees,north_facing_pct,east_facing_pct,south_facing_pct,west_facing_pct,estimated_moisture,surface_state,rideability_score,rideability,reason,daily_rank,area_rank
2026-10-07,East Fallen Pines Lane,Park City / PCMR,WG022,40.61551642366452,-111.57912837068116,8712.4,61,65.5,45.3,54.1,0.071,0.071,0.0,0.071,0.071,0.071,55.06666666666666,54.5,0,0.0,0.0,0.0,0.0,0.0,0,0.6,8602.1,8801.9,8712.4,12.6,12.9,19.7,0.0,2.0,72.0,26.0,0.091,DRY,86,GOOD,surface likely dry but still firm; light precipitation today,1,1
2026-10-07,Forest Glen Trail,Park City / PCMR,WG022,40.61089948644494,-111.5784844905115,8765.8,61,65.5,45.3,54.1,0.071,0.071,0.0,0.071,0.071,0.071,55.06666666666666,54.5,0,0.0,0.0,0.0,0.0,0.0,0,0.2,8661.3,8874.6,8765.8,24.6,26.4,35.4,0.0,95.2,4.8,0.0,0.098,DRY,86,GOOD,surface likely dry but still firm; light precipitation today,1,1
2026-10-07,Golden Needle,Park City / PCMR,WG008,40.59452078975266,-111.56725110409884,9811.4,55,60.8,43.8,50.8,0.043,0.043,0.0,0.043,0.043,0.043,51.53333333333333,50.942857142857136,0,0.0,0.0,0.0,0.0,0.0,0,0.8,9288.1,10347.8,9811.4,17.7,17.1,28.2,2.9,95.7,1.4,0.0,0.067,DRY,86,GOOD,surface likely dry but still firm,1,1
2026-10-07,Rock Chuck Trail,Park City / PCMR,WG008,40.58874474594925,-111.56839301918852,9680.6,55,60.8,43.8,50.8,0.043,0.043,0.0,0.043,0.043,0.043,51.53333333333333,50.942857142857136,0,0.0,0.0,0.0,0.0,0.0,0,1.0,9377.3,9855.0,9680.6,12.5,11.5,28.4,0.0,47.1,52.9,0.0,0.063,DRY,86,GOOD,surface likely dry but still firm,1,1
2026-10-07,WOW (Wasatch Over Wasatch) Trail,Deer Valley,WG003,40.585198990338895,-111.50729227137398,8248.2,51,69.0,50.3,57.6,0.031,0.031,0.0,0.031,0.031,0.031,58.3,57.15714285714285,0,0.0,0.0,0.0,0.0,0.0,0,2.7,8125.9,8428.2,8248.2,11.4,10.0,31.9,57.1,9.7,5.3,27.9,0.045,DUSTY,77,FAIR,low retained moisture may produce dust or loose soil,5,1
2026-10-07,Apex,Park City / PCMR,WG038,40.62520958876211,-111.53395003281469,9146.4,51,63.7,46.9,53.2,0.016,0.016,0.0,0.016,0.016,0.016,54.26666666666667,53.642857142857146,0,0.0,0.0,0.0,0.0,0.0,0,2.2,8755.5,9591.9,9146.4,18.6,17.3,36.0,0.0,34.4,65.1,0.5,0.023,DUSTY,76,FAIR,low retained moisture may produce dust or loose soil,6,5
2026-10-07,Old Stage Crest Connect,Park City / PCMR,WG023,40.61247305094488,-111.5715274805363,9057.3,51,64.1,47.2,53.5,0.016,0.016,0.0,0.016,0.016,0.016,54.6,53.97142857142857,0,0.0,0.0,0.0,0.0,0.0,0,0.3,8989.0,9157.0,9057.3,21.7,19.4,31.0,10.7,75.0,14.3,0.0,0.025,DUSTY,76,FAIR,low retained moisture may produce dust or loose soil,6,5
2026-10-07,Pinecone Ridge,Park City / PCMR,WG039,40.63337906740186,-111.54644099265712,9084.9,51,64.0,47.1,53.4,0.016,0.016,0.0,0.016,0.016,0.016,54.5,53.871428571428574,0,0.0,0.0,0.0,0.0,0.0,0,3.9,8421.5,9841.4,9084.9,22.7,23.0,32.2,6.2,20.0,35.6,38.1,0.024,DUSTY,76,FAIR,low retained moisture may produce dust or loose soil,6,5
2026-10-07,Colin's Trail,Jeremy Ranch / Glenwild,WG060,40.69629937433107,-111.55671582168428,7029.9,3,72.3,50.7,61.3,0.0,0.0,0.0,0.0,0.028,0.028,62.23333333333333,61.01428571428571,0,0.0,0.0,0.0,0.0,0.0,1,1.8,6641.1,7390.4,7029.9,21.7,22.5,34.0,3.3,0.0,53.9,42.8,0.016,DUSTY,75,FAIR,low retained moisture may produce dust or loose soil,9,1
2026-10-07,Comstock Mine Trail,Park City / PCMR,WG019,40.62270505527668,-111.54357954562096,8723.6,51,65.2,48.4,54.7,0.016,0.016,0.0,0.016,0.016,0.016,55.8,55.15714285714286,0,0.0,0.0,0.0,0.0,0.0,0,0.6,8545.6,8846.5,8723.6,13.4,13.2,25.9,0.0,0.0,13.5,86.5,0.022,DUSTY,75,FAIR,low retained moisture may produce dust or loose soil,9,8
2026-10-07,Iron Bill,Jeremy Ranch / Glenwild,WG071,40.70817834974828,-111.55726593666238,7034.2,3,73.0,50.1,60.9,0.0,0.0,0.0,0.0,0.028,0.028,61.73333333333333,60.5,0,0.0,0.0,0.0,0.0,0.0,1,2.0,6718.2,7267.2,7034.2,19.0,19.1,32.3,16.6,0.0,29.0,54.4,0.016,DUSTY,75,FAIR,low retained moisture may produce dust or loose soil,9,1
2026-10-07,Legacy Loop,Jeremy Ranch / Glenwild,WG071,40.705995804360256,-111.55961886682412,7342.6,3,73.0,50.1,60.9,0.0,0.0,0.0,0.0,0.028,0.028,61.73333333333333,60.5,0,0.0,0.0,0.0,0.0,0.0,1,0.7,7260.5,7397.4,7342.6,17.1,16.5,26.3,25.0,30.0,1.7,43.3,0.018,DUSTY,75,FAIR,low retained moisture may produce dust or loose soil,9,1
2026-10-07,Legacy Ridge,Jeremy Ranch / Glenwild,WG071,40.70648419743829,-111.5603960205038,7414.3,3,73.0,50.1,60.9,0.0,0.0,0.0,0.0,0.028,0.028,61.73333333333333,60.5,0,0.0,0.0,0.0,0.0,0.0,1,0.5,7364.1,7451.5,7414.3,10.3,9.7,21.0,2.4,43.9,12.2,41.5,0.017,DUSTY,75,FAIR,low retained moisture may produce dust or loose soil,9,1
2026-10-07,Legacy. Loop,Jeremy Ranch / Glenwild,WG071,40.70737188748682,-111.5599210439625,7363.1,3,73.0,50.1,60.9,0.0,0.0,0.0,0.0,0.028,0.028,61.73333333333333,60.5,0,0.0,0.0,0.0,0.0,0.0,1,0.4,7345.2,7385.4,7363.1,15.4,15.0,20.8,0.0,29.4,38.2,32.4,0.016,DUSTY,75,FAIR,low retained moisture may produce dust or loose soil,9,1
2026-10-07,Moose Puddle,Pinebrook,WG071,40.70548588260783,-111.56718578772085,7487.6,3,73.0,50.1,60.9,0.0,0.0,0.0,0.0,0.028,0.028,61.73333333333333,60.5,0,0.0,0.0,0.0,0.0,0.0,1,3.4,6993.8,8052.9,7487.6,23.4,24.1,33.7,6.4,0.0,55.0,38.6,0.017,DUSTY,75,FAIR,low retained moisture may produce dust or loose soil,9,1
2026-10-07,Olympic,Pinebrook,WG064,40.69996684096533,-111.57868853500152,8004.0,3,67.6,51.5,58.8,0.0,0.0,0.0,0.0,0.016,0.016,59.6,58.971428571428575,0,0.0,0.0,0.0,0.0,0.0,1,1.2,7911.4,8056.5,8004.0,21.3,23.7,31.0,5.1,23.5,63.3,8.2,0.009,DUSTY,75,FAIR,low retained moisture may produce dust or loose soil,9,1
2026-10-07,Pinebrook Southeast Perimeter / Pinebrook SE Perimeter,Pinebrook,WG079,40.72863077219642,-111.58102679054537,7392.0,3,71.6,49.9,60.6,0.0,0.0,0.0,0.0,0.028,0.028,61.5,60.25714285714286,0,0.0,0.0,0.0,0.0,0.0,1,1.7,7120.0,7559.3,7392.0,19.9,21.5,33.8,20.3,36.2,6.5,37.0,0.017,DUSTY,75,FAIR,low retained moisture may produce dust or loose soil,9,1
2026-10-07,Rosebud's Heaven,Park City / PCMR,WG060,40.69195554103422,-111.5659528759652,7326.9,3,72.3,50.7,61.3,0.0,0.0,0.0,0.0,0.028,0.028,62.23333333333333,61.01428571428571,0,0.0,0.0,0.0,0.0,0.0,1,2.1,7148.5,7503.1,7326.9,26.9,26.5,39.8,55.5,2.3,4.6,37.6,0.018,DUSTY,75,FAIR,low retained moisture may produce dust or loose soil,9,8
2026-10-07,Short Cut,Jeremy Ranch / Glenwild,WG064,40.68025862222409,-111.57883598783349,8081.5,3,67.6,51.5,58.8,0.0,0.0,0.0,0.0,0.016,0.016,59.6,58.971428571428575,0,0.0,0.0,0.0,0.0,0.0,1,0.9,7945.4,8245.4,8081.5,19.6,23.0,31.3,28.9,0.0,47.4,23.7,0.01,DUSTY,75,FAIR,low retained moisture may produce dust or loose soil,9,1
2026-10-07,24-7,Jeremy Ranch / Glenwild,WG086,40.7580938928905,-111.55747502780672,6689.5,3,75.3,47.5,60.9,0.0,0.0,0.0,0.0,0.0,0.0,61.333333333333336,60.07142857142857,0,0.0,0.0,0.0,0.0,0.0,9,5.1,6216.2,6897.6,6689.5,17.7,17.7,33.3,43.4,37.0,19.4,0.2,0.0,DUSTY,68,FAIR,low retained moisture may produce dust or loose soil; 9 days since measurable precipitation,20,7
2026-10-07,4:20,Deer Valley,WG032,40.63850725810498,-111.5016215026881,7810.7,3,71.6,52.1,60.0,0.0,0.0,0.0,0.0,0.0,0.0,60.86666666666667,59.94285714285714,0,0.0,0.0,0.0,0.0,0.0,9,0.4,7754.7,7849.9,7810.7,17.8,17.9,26.6,0.0,0.0,22.2,77.8,0.0,DUSTY,68,FAIR,low retained moisture may produce dust or loose soil; 9 days since measurable precipitation,20,2
2026-10-07,9K Trail,Park City / PCMR,WG017,40.61454424262402,-111.5340694590712,9222.8,3,63.0,46.6,53.3,0.0,0.0,0.0,0.0,0.0,0.0,54.1,53.4,0,0.0,0.0,0.0,0.0,0.0,9,5.8,8959.5,9439.0,9222.8,20.4,21.0,37.9,18.4,9.7,46.2,25.8,0.0,DUSTY,68,FAIR,low retained moisture may produce dust or loose soil; 9 days since measurable precipitation,20,10
2026-10-07,A Toll New World,Summit Park,WG078,40.74525880222984,-111.59660432287036,6843.1,3,74.3,49.6,61.1,0.0,0.0,0.0,0.0,0.0,0.0,61.66666666666666,60.5,0,0.0,0.0,0.0,0.0,0.0,9,1.3,6620.4,7055.3,6843.1,16.3,16.7,26.9,1.9,40.7,53.7,3.7,0.0,DUSTY,68,FAIR,low retained moisture may produce dust or loose soil; 9 days since measurable precipitation,20,1
2026-10-07,Abilene Way,Jeremy Ranch / Glenwild,WG068,40.705162592888,-111.52848253655898,6454.0,3,76.5,44.9,61.2,0.0,0.0,0.0,0.0,0.0,0.0,60.900000000000006,59.41428571428571,0,0.0,0.0,0.0,0.0,0.0,9,0.5,6439.2,6463.1,6454.0,1.2,1.0,2.4,0.0,0.0,56.1,43.9,0.0,DUSTY,68,FAIR,low retained moisture may produce dust or loose soil; 9 days since measurable precipitation,20,7
2026-10-07,Agitator Trail,Deer Valley,WG028,40.62594479567907,-111.46053082324435,7171.6,3,73.3,53.8,61.7,0.0,0.0,0.0,0.0,0.0,0.0,62.6,61.67142857142858,0,0.0,0.0,0.0,0.0,0.0,9,1.2,7047.5,7374.2,7171.6,24.5,24.5,33.9,22.8,0.0,42.6,34.7,0.0,DUSTY,68,FAIR,low retained moisture may produce dust or loose soil; 9 days since measurable precipitation,20,2
2026-10-07,Alexander Creek Trail,Summit Park,WG093,40.75856130522611,-111.67962308025976,5873.5,3,77.2,57.0,67.1,0.0,0.0,0.0,0.0,0.0,0.0,68.0,66.77142857142857,0,0.0,0.0,0.0,0.0,0.0,9,0.8,5784.7,5966.1,5873.5,8.7,7.0,24.8,66.1,14.5,19.4,0.0,0.0,DUSTY,68,FAIR,low retained moisture may produce dust or loose soil; 9 days since measurable precipitation,20,1
2026-10-07,Alta-Brighton Trail,Park City / PCMR,WG009,40.59874189108338,-111.5904390735144,9081.0,3,63.1,45.0,53.5,0.0,0.0,0.0,0.0,0.0,0.0,54.16666666666666,53.48571428571428,0,0.0,0.0,0.0,0.0,0.0,9,0.9,8748.9,9462.1,9081.0,12.4,11.7,28.0,13.5,2.7,25.7,58.1,0.0,DUSTY,68,FAIR,low retained moisture may produce dust or loose soil; 9 days since measurable precipitation,20,10
2026-10-07,Ambush,Jeremy Ranch / Glenwild,WG063,40.694225906082366,-111.58181443950004,7757.7,3,71.3,52.2,59.7,0.0,0.0,0.0,0.0,0.0,0.0,61.23333333333333,60.18571428571429,0,0.0,0.0,0.0,0.0,0.0,9,1.6,7418.5,8136.4,7757.7,25.9,26.8,35.6,21.2,0.0,24.8,54.0,0.0,DUSTY,68,FAIR,low retained moisture may produce dust or loose soil; 9 days since measurable precipitation,20,7
2026-10-07,Amenti,Round Valley,WG067,40.71749758221375,-111.50096260266577,6526.6,3,76.3,45.4,59.9,0.0,0.0,0.0,0.0,0.0,0.0,60.03333333333333,58.8,0,0.0,0.0,0.0,0.0,0.0,9,0.6,6473.3,6585.7,6526.6,5.3,4.8,12.4,12.5,82.1,3.6,1.8,0.0,DUSTY,68,FAIR,low retained moisture may produce dust or loose soil; 9 days since measurable precipitation,20,1
2026-10-07,An Unexpected Journey Trail,Jordanelle,WG001,40.584095263003086,-111.41492155800285,6731.9,3,76.4,50.6,62.0,0.0,0.0,0.0,0.0,0.0,0.0,62.333333333333336,61.58571428571428,0,0.0,0.0,0.0,0.0,0.0,9,0.6,6708.3,6758.4,6731.9,21.3,22.6,26.9,13.7,86.3,0.0,0.0,0.0,DUSTY,68,FAIR,low retained moisture may produce dust or loose soil; 9 days since measurable precipitation,20,1
2026-10-07,Ancient Forest Loop,Round Valley,WG074,40.7314260153664,-111.49224006112888,6485.8,3,76.6,47.3,60.9,0.0,0.0,0.0,0.0,0.0,0.0,61.46666666666667,60.41428571428572,0,0.0,0.0,0.0,0.0,0.0,9,1.0,6455.0,6516.1,6485.8,4.0,3.9,10.5,8.4,60.2,27.7,3.6,0.0,DUSTY,68,FAIR,low retained moisture may produce dust or loose soil; 9 days since measurable precipitation,20,1
2026-10-07,Ant Farm,Jeremy Ranch / Glenwild,WG077,40.74632495230274,-111.55092174051572,6629.0,3,76.2,47.6,61.2,0.0,0.0,0.0,0.0,0.0,0.0,61.56666666666666,60.25714285714285,0,0.0,0.0,0.0,0.0,0.0,9,0.5,6534.5,6747.2,6629.0,11.9,12.8,18.9,0.0,6.8,93.2,0.0,0.0,DUSTY,68,FAIR,low retained moisture may produce dust or loose soil; 9 days since measurable precipitation,20,7
2026-10-07,April Mountain Trail,Deer Valley,WG047,40.650711302598815,-111.4870593388075,7472.0,3,74.8,50.8,61.1,0.0,0.0,0.0,0.0,0.0,0.0,61.63333333333333,60.271428571428565,0,0.0,0.0,0.0,0.0,0.0,9,0.6,7336.4,7548.4,7472.0,12.0,11.8,23.4,46.4,35.7,5.4,12.5,0.0,DUSTY,68,FAIR,low retained moisture may produce dust or loose soil; 9 days since measurable precipitation,20,2
2026-10-07,Armstrong,Park City / PCMR,WG051,40.65248508262897,-111.52994268919429,7566.3,3,72.1,52.6,60.5,0.0,0.0,0.0,0.0,0.0,0.0,61.7,60.6,0,0.0,0.0,0.0,0.0,0.0,9,3.8,6958.3,8237.6,7566.3,20.8,21.5,33.2,0.0,8.3,30.4,61.2,0.0,DUSTY,68,FAIR,low retained moisture may produce dust or loose soil; 9 days since measurable precipitation,20,10
2026-10-07,Ashley Avenue,Round Valley,WG057,40.68155854272997,-111.50389122653404,6794.6,3,75.7,49.4,60.7,0.0,0.0,0.0,0.0,0.0,0.0,61.0,59.51428571428572,0,0.0,0.0,0.0,0.0,0.0,9,0.4,6774.5,6825.2,6794.6,11.9,14.5,19.8,21.2,0.0,0.0,78.8,0.0,DUSTY,68,FAIR,low retained moisture may produce dust or loose soil; 9 days since measurable precipitation,20,1
2026-10-07,Aspen Slalom,Deer Valley,WG013,40.61311265842392,-111.48457791355952,8816.9,3,65.6,47.6,55.4,0.0,0.0,0.0,0.0,0.0,0.0,56.06666666666666,55.12857142857143,0,0.0,0.0,0.0,0.0,0.0,9,1.4,8481.2,9250.5,8816.9,18.7,18.5,29.6,0.0,39.7,59.5,0.8,0.0,DUSTY,68,FAIR,low retained moisture may produce dust or loose soil; 9 days since measurable precipitation,20,2
2026-10-07,BLT,Jeremy Ranch / Glenwild,WG070,40.71492142685356,-111.56084442077211,6927.9,3,75.7,47.2,60.7,0.0,0.0,0.0,0.0,0.0,0.0,61.06666666666666,59.785714285714285,0,0.0,0.0,0.0,0.0,0.0,9,0.8,6827.5,6989.0,6927.9,17.6,17.3,29.1,23.5,8.8,0.0,67.6,0.0,DUSTY,68,FAIR,low retained moisture may produce dust or loose soil; 9 days since measurable precipitation,20,7
2026-10-07,BYOB,Pinebrook,WG070,40.718283985000745,-111.55661288864135,6639.8,3,75.7,47.2,60.7,0.0,0.0,0.0,0.0,0.0,0.0,61.06666666666666,59.785714285714285,0,0.0,0.0,0.0,0.0,0.0,9,0.7,6545.0,6701.6,6639.8,15.6,15.9,25.8,5.0,0.0,16.7,78.3,0.0,DUSTY,68,FAIR,low retained moisture may produce dust or loose soil; 9 days since measurable precipitation,20,4
2026-10-07,Backslide,Round Valley,WG057,40.686236769495366,-111.49111386346571,6972.4,3,75.7,49.4,60.7,0.0,0.0,0.0,0.0,0.0,0.0,61.0,59.51428571428572,0,0.0,0.0,0.0,0.0,0.0,9,1.0,6860.3,7059.5,6972.4,10.2,8.7,22.4,2.3,19.3,34.1,44.3,0.0,DUSTY,68,FAIR,low retained moisture may produce dust or loose soil; 9 days since measurable precipitation,20,1
2026-10-07,Bad Apple,Jeremy Ranch / Glenwild,WG076,40.74937514368386,-111.56017979748744,6367.9,3,76.9,48.4,61.9,0.0,0.0,0.0,0.0,0.0,0.0,62.26666666666667,60.98571428571429,0,0.0,0.0,0.0,0.0,0.0,9,0.7,6279.5,6445.1,6367.9,14.4,13.4,26.1,15.3,32.2,44.1,8.5,0.0,DUSTY,68,FAIR,low retained moisture may produce dust or loose soil; 9 days since measurable precipitation,20,7
2026-10-07,Bamm Bamm,Round Valley,WG067,40.71001316656963,-111.50256230173504,6667.3,3,76.3,45.4,59.9,0.0,0.0,0.0,0.0,0.0,0.0,60.03333333333333,58.8,0,0.0,0.0,0.0,0.0,0.0,9,0.4,6610.1,6731.1,6667.3,9.9,9.9,16.2,2.9,35.3,61.8,0.0,0.0,DUSTY,68,FAIR,low retained moisture may produce dust or loose soil; 9 days since measurable precipitation,20,1
2026-10-07,Barrel Roll,Round Valley,WG058,40.69153134198254,-111.48458530535574,7017.0,3,75.0,48.8,60.2,0.0,0.0,0.0,0.0,0.0,0.0,60.43333333333334,58.92857142857143,0,0.0,0.0,0.0,0.0,0.0,9,0.4,6940.9,7091.2,7017.0,7.0,6.7,14.7,34.4,65.6,0.0,0.0,0.0,DUSTY,68,FAIR,low retained moisture may produce dust or loose soil; 9 days since measurable precipitation,20,1
2026-10-07,Beep Beep Trail,Jordanelle,WG001,40.59039066618902,-111.4033797731244,6670.3,3,76.4,50.6,62.0,0.0,0.0,0.0,0.0,0.0,0.0,62.333333333333336,61.58571428571428,0,0.0,0.0,0.0,0.0,0.0,9,1.5,6583.6,6771.5,6670.3,16.3,16.1,26.5,0.0,20.2,66.7,13.2,0.0,DUSTY,68,FAIR,low retained moisture may produce dust or loose soil; 9 days since measurable precipitation,20,1
2026-10-07,Big Dipper,Jordanelle,WG042,40.66018548005414,-111.43175307695702,6961.2,3,76.1,49.9,61.5,0.0,0.0,0.0,0.0,0.0,0.0,61.9,61.02857142857143,0,0.0,0.0,0.0,0.0,0.0,9,2.2,6614.9,7331.5,6961.2,21.1,21.2,34.9,39.4,0.0,4.0,56.6,0.0,DUSTY,68,FAIR,low retained moisture may produce dust or loose soil; 9 days since measurable precipitation,20,1
2026-10-07,Big Easy,Round Valley,WG057,40.696128326880846,-111.48285293654745,6776.5,3,75.7,49.4,60.7,0.0,0.0,0.0,0.0,0.0,0.0,61.0,59.51428571428572,0,0.0,0.0,0.0,0.0,0.0,9,4.8,6685.3,6939.8,6776.5,10.0,9.0,19.4,19.7,6.2,21.4,52.7,0.0,DUSTY,68,FAIR,low retained moisture may produce dust or loose soil; 9 days since measurable precipitation,20,1
2026-10-07,Black Forest,Deer Valley,WG016,40.61940428916709,-111.52036519166067,8929.3,3,65.5,47.5,55.3,0.0,0.0,0.0,0.0,0.0,0.0,55.93333333333334,55.01428571428571,0,0.0,0.0,0.0,0.0,0.0,9,0.8,8567.5,9099.9,8929.3,15.9,16.4,31.7,3.0,9.1,77.3,10.6,0.0,DUSTY,68,FAIR,low retained moisture may produce dust or loose soil; 9 days since measurable precipitation,20,2
2026-10-07,Blackhawk Trail,Jeremy Ranch / Glenwild,WG075,40.73111252615939,-111.53542276920604,6536.5,3,75.4,47.6,61.0,0.0,0.0,0.0,0.0,0.0,0.0,61.43333333333334,60.17142857142857,0,0.0,0.0,0.0,0.0,0.0,9,2.5,6347.6,6739.8,6536.5,16.6,16.7,28.9,74.3,21.4,0.0,4.3,0.0,DUSTY,68,FAIR,low retained moisture may produce dust or loose soil; 9 days since measurable precipitation,20,7
2026-10-07,Blazing Saddle,Park City / PCMR,WG020,40.61652898868821,-111.55635878361066,9384.9,3,62.7,46.3,53.0,0.0,0.0,0.0,0.0,0.0,0.0,53.833333333333336,53.12857142857143,0,0.0,0.0,0.0,0.0,0.0,9,0.7,9295.6,9481.6,9384.9,18.3,19.7,28.9,51.7,0.0,0.0,48.3,0.0,DUSTY,68,FAIR,low retained moisture may produce dust or loose soil; 9 days since measurable precipitation,20,10
2026-10-07,Bonanza Flat Overlook,Deer Valley,WG017,40.60116766018752,-111.5344182482656,9112.3,3,63.0,46.6,53.3,0.0,0.0,0.0,0.0,0.0,0.0,54.1,53.4,0,0.0,0.0,0.0,0.0,0.0,9,0.1,9086.5,9126.7,9112.3,13.8,14.1,20.1,70.0,0.0,10.0,20.0,0.0,DUSTY,68,FAIR,low retained moisture may produce dust or loose soil; 9 days since measurable precipitation,20,2
2026-10-07,Bonanza Loop Trail,Deer Valley,WG016,40.60282163896819,-111.52815381158308,8908.5,3,65.5,47.5,55.3,0.0,0.0,0.0,0.0,0.0,0.0,55.93333333333334,55.01428571428571,0,0.0,0.0,0.0,0.0,0.0,9,4.8,8695.4,9086.5,8908.5,11.5,11.2,26.8,44.0,4.9,11.1,40.0,0.0,DUSTY,68,FAIR,low retained moisture may produce dust or loose soil; 9 days since measurable precipitation,20,2
2026-10-07,Bonanza Trail,Deer Valley,WG046,40.661614248984336,-111.49584605339936,6814.3,3,75.8,51.9,62.1,0.0,0.0,0.0,0.0,0.0,0.0,62.66666666666666,61.34285714285714,0,0.0,0.0,0.0,0.0,0.0,9,0.3,6806.6,6827.9,6814.3,16.8,16.8,23.7,0.0,4.5,95.5,0.0,0.0,DUSTY,68,FAIR,low retained moisture may produce dust or loose soil; 9 days since measurable precipitation,20,2
2026-10-07,Boot Hill,Park City / PCMR,WG046,40.66311538182378,-111.50841776480048,6853.1,3,75.8,51.9,62.1,0.0,0.0,0.0,0.0,0.0,0.0,62.66666666666666,61.34285714285714,0,0.0,0.0,0.0,0.0,0.0,9,0.3,6805.1,6895.8,6853.1,16.2,16.7,22.9,46.2,50.0,3.8,0.0,0.0,DUSTY,68,FAIR,low retained moisture may produce dust or loose soil; 9 days since measurable precipitation,20,10
2026-10-07,Boot Hill Connect,Park City / PCMR,WG046,40.66384832032967,-111.50809692977944,6921.4,3,75.8,51.9,62.1,0.0,0.0,0.0,0.0,0.0,0.0,62.66666666666666,61.34285714285714,0,0.0,0.0,0.0,0.0,0.0,9,0.2,6895.8,6941.9,6921.4,11.7,12.5,16.7,20.0,45.0,30.0,5.0,0.0,DUSTY,68,FAIR,low retained moisture may produce dust or loose soil; 9 days since measurable precipitation,20,10
2026-10-07,Boulder,Deer Valley,WG013,40.61539223980999,-111.50399769475118,8635.0,3,65.6,47.6,55.4,0.0,0.0,0.0,0.0,0.0,0.0,56.06666666666666,55.12857142857143,0,0.0,0.0,0.0,0.0,0.0,9,1.4,8415.7,8851.3,8635.0,15.8,15.5,21.0,0.0,19.7,80.3,0.0,0.0,DUSTY,68,FAIR,low retained moisture may produce dust or loose soil; 9 days since measurable precipitation,20,2
2026-10-07,Boulder / Trump,Deer Valley,WG013,40.610998229404565,-111.50208555144307,8996.4,3,65.6,47.6,55.4,0.0,0.0,0.0,0.0,0.0,0.0,56.06666666666666,55.12857142857143,0,0.0,0.0,0.0,0.0,0.0,9,0.4,8942.9,9037.1,8996.4,12.9,12.6,22.7,0.0,8.6,60.0,31.4,0.0,DUSTY,68,FAIR,low retained moisture may produce dust or loose soil; 9 days since measurable precipitation,20,2
2026-10-07,Bourbon Street,Round Valley,WG067,40.70798253656,-111.48164466049944,6673.3,3,76.3,45.4,59.9,0.0,0.0,0.0,0.0,0.0,0.0,60.03333333333333,58.8,0,0.0,0.0,0.0,0.0,0.0,9,0.3,6651.3,6703.8,6673.3,8.6,8.9,15.2,0.0,18.2,31.8,50.0,0.0,DUSTY,68,FAIR,low retained moisture may produce dust or loose soil; 9 days since measurable precipitation,20,1
2026-10-07,Bow Hunter,Deer Valley,WG014,40.60108596513679,-111.48484426536052,9020.3,3,64.8,46.6,54.0,0.0,0.0,0.0,0.0,0.0,0.0,54.96666666666666,54.12857142857143,0,0.0,0.0,0.0,0.0,0.0,9,0.7,8978.5,9076.6,9020.3,21.4,21.6,33.7,28.6,0.0,0.0,71.4,0.0,DUSTY,68,FAIR,low retained moisture may produce dust or loose soil; 9 days since measurable precipitation,20,2
2026-10-07,Bow Hunter Extension,Deer Valley,WG005,40.59796119210968,-111.4848069886625,9014.7,3,64.9,46.7,54.1,0.0,0.0,0.0,0.0,0.0,0.0,55.06666666666666,54.24285714285714,0,0.0,0.0,0.0,0.0,0.0,9,0.2,8991.5,9031.2,9014.7,17.1,20.8,26.6,28.6,9.5,19.0,42.9,0.0,DUSTY,68,FAIR,low retained moisture may produce dust or loose soil; 9 days since measurable precipitation,20,2
2026-10-07,Brighton Lakes Trail,Park City / PCMR,WG009,40.59287052758444,-111.58751257009568,9276.0,3,63.1,45.0,53.5,0.0,0.0,0.0,0.0,0.0,0.0,54.16666666666666,53.48571428571428,0,0.0,0.0,0.0,0.0,0.0,9,1.9,8827.7,9547.3,9276.0,15.1,13.7,36.8,6.5,16.0,50.9,26.6,0.0,DUSTY,68,FAIR,low retained moisture may produce dust or loose soil; 9 days since measurable precipitation,20,10
2026-10-07,Bronto Jam,Round Valley,WG067,40.71004954775594,-111.501977414722,6672.8,3,76.3,45.4,59.9,0.0,0.0,0.0,0.0,0.0,0.0,60.03333333333333,58.8,0,0.0,0.0,0.0,0.0,0.0,9,0.5,6604.0,6731.1,6672.8,10.2,10.4,15.6,2.6,0.0,89.7,7.7,0.0,DUSTY,68,FAIR,low retained moisture may produce dust or loose soil; 9 days since measurable precipitation,20,1
2026-10-07,CMG,Park City / PCMR,WG035,40.645848884326966,-111.51679268892973,7606.5,3,71.9,52.2,60.1,0.0,0.0,0.0,0.0,0.0,0.0,61.29999999999999,60.2,0,0.0,0.0,0.0,0.0,0.0,9,2.9,7010.6,8231.6,7606.5,21.0,21.5,38.4,0.0,36.1,41.0,22.9,0.0,DUSTY,68,FAIR,low retained moisture may produce dust or loose soil; 9 days since measurable precipitation,20,10
2026-10-07,Cammy's,Round Valley,WG057,40.69072662264133,-111.49673800313964,6953.5,3,75.7,49.4,60.7,0.0,0.0,0.0,0.0,0.0,0.0,61.0,59.51428571428572,0,0.0,0.0,0.0,0.0,0.0,9,0.2,6937.8,6961.6,6953.5,5.2,4.3,11.3,3.8,7.7,69.2,19.2,0.0,DUSTY,68,FAIR,low retained moisture may produce dust or loose soil; 9 days since measurable precipitation,20,1
2026-10-07,Canyons Downhill,Pinebrook,WG061,40.68430916809496,-111.56849091879047,7666.2,3,70.7,52.5,60.0,0.0,0.0,0.0,0.0,0.0,0.0,61.53333333333333,60.51428571428571,0,0.0,0.0,0.0,0.0,0.0,9,1.2,7182.1,8294.1,7666.2,26.4,27.3,37.8,17.8,0.0,64.4,17.8,0.0,DUSTY,68,FAIR,low retained moisture may produce dust or loose soil; 9 days since measurable precipitation,20,4
2026-10-07,Catherine's Pass Trail,Park City / PCMR,WG010,40.585096359880005,-111.59078643106362,9753.9,3,61.2,43.1,51.6,0.0,0.0,0.0,0.0,0.0,0.0,52.26666666666667,51.58571428571429,0,0.0,0.0,0.0,0.0,0.0,9,1.5,9379.6,10222.3,9753.9,16.9,17.1,36.8,16.9,39.5,16.9,26.6,0.0,DUSTY,68,FAIR,low retained moisture may produce dust or loose soil; 9 days since measurable precipitation,20,10
2026-10-07,Claim Jumper,Park City / PCMR,WG036,40.63958065995946,-111.52518162563226,8147.6,3,67.9,50.3,57.6,0.0,0.0,0.0,0.0,0.0,0.0,58.6,57.81428571428571,0,0.0,0.0,0.0,0.0,0.0,9,1.4,7689.3,8633.5,8147.6,17.2,19.1,28.0,2.3,66.9,21.1,9.8,0.0,DUSTY,68,FAIR,low retained moisture may produce dust or loose soil; 9 days since measurable precipitation,20,10
2026-10-07,Clayton Peak Trail,Park City / PCMR,WG010,40.58693552999217,-111.57085635011327,9813.5,3,61.2,43.1,51.6,0.0,0.0,0.0,0.0,0.0,0.0,52.26666666666667,51.58571428571429,0,0.0,0.0,0.0,0.0,0.0,9,2.0,9358.3,10347.8,9813.5,19.0,18.5,35.6,1.1,38.3,54.3,6.3,0.0,DUSTY,68,FAIR,low retained moisture may produce dust or loose soil; 9 days since measurable precipitation,20,10
2026-10-07,Cobblestone Loop,Jeremy Ranch / Glenwild,WG084,40.75845647840704,-111.52582619388934,6805.4,3,74.8,53.3,62.4,0.0,0.0,0.0,0.0,0.0,0.0,63.26666666666666,61.942857142857136,0,0.0,0.0,0.0,0.0,0.0,9,0.8,6740.4,6867.4,6805.4,15.5,17.3,28.1,26.5,4.4,0.0,69.1,0.0,DUSTY,68,FAIR,low retained moisture may produce dust or loose soil; 9 days since measurable precipitation,20,7
2026-10-07,Cobblestone Trail,Jeremy Ranch / Glenwild,WG084,40.75512641497514,-111.52744418745776,6723.8,3,74.8,53.3,62.4,0.0,0.0,0.0,0.0,0.0,0.0,63.26666666666666,61.942857142857136,0,0.0,0.0,0.0,0.0,0.0,9,1.7,6505.3,6938.7,6723.8,11.4,10.3,28.4,25.5,10.6,8.5,55.3,0.0,DUSTY,68,FAIR,low retained moisture may produce dust or loose soil; 9 days since measurable precipitation,20,7
2026-10-07,Colony Mid Mountain Connector,Park City / PCMR,WG052,40.65011049975458,-111.53932673410868,8429.2,3,67.4,49.3,56.7,0.0,0.0,0.0,0.0,0.0,0.0,57.833333333333336,57.22857142857144,0,0.0,0.0,0.0,0.0,0.0,9,0.5,8408.0,8464.3,8429.2,26.1,29.3,34.9,0.0,0.0,17.9,82.1,0.0,DUSTY,68,FAIR,low retained moisture may produce dust or loose soil; 9 days since measurable precipitation,20,10
2026-10-07,Constellation Trail,Jordanelle,WG026,40.6428753631073,-111.43505033038012,6261.6,3,78.7,50.4,63.3,0.0,0.0,0.0,0.0,0.0,0.0,63.73333333333333,62.9,0,0.0,0.0,0.0,0.0,0.0,9,0.7,6191.6,6323.4,6261.6,9.0,8.6,16.7,5.2,0.0,10.3,84.5,0.0,DUSTY,68,FAIR,low retained moisture may produce dust or loose soil; 9 days since measurable precipitation,20,1
2026-10-07,Corvair,Deer Valley,WG016,40.61099169805087,-111.51230389508405,8648.6,3,65.5,47.5,55.3,0.0,0.0,0.0,0.0,0.0,0.0,55.93333333333334,55.01428571428571,0,0.0,0.0,0.0,0.0,0.0,9,1.3,8388.6,8848.4,8648.6,19.4,19.3,30.4,0.0,7.1,73.5,19.5,0.0,DUSTY,68,FAIR,low retained moisture may produce dust or loose soil; 9 days since measurable precipitation,20,2
2026-10-07,Corvair (Upper),Deer Valley,WG016,40.60840912265719,-111.51090449857222,8883.3,3,65.5,47.5,55.3,0.0,0.0,0.0,0.0,0.0,0.0,55.93333333333334,55.01428571428571,0,0.0,0.0,0.0,0.0,0.0,9,0.7,8839.3,8949.2,8883.3,19.9,19.0,29.7,0.0,0.0,43.5,56.5,0.0,DUSTY,68,FAIR,low retained moisture may produce dust or loose soil; 9 days since measurable precipitation,20,2
2026-10-07,Corvair Connector,Deer Valley,WG016,40.61070239150149,-111.5115633319795,8812.1,3,65.5,47.5,55.3,0.0,0.0,0.0,0.0,0.0,0.0,55.93333333333334,55.01428571428571,0,0.0,0.0,0.0,0.0,0.0,9,0.1,8779.5,8843.9,8812.1,12.3,11.4,17.1,0.0,0.0,80.0,20.0,0.0,DUSTY,68,FAIR,low retained moisture may produce dust or loose soil; 9 days since measurable precipitation,20,2
2026-10-07,Cousin Eddy Trail,Clark Ranch,WG044,40.66170094764518,-111.45386933866466,6817.2,3,76.1,48.2,60.7,0.0,0.0,0.0,0.0,0.0,0.0,60.900000000000006,59.82857142857143,0,0.0,0.0,0.0,0.0,0.0,9,0.5,6718.9,6929.3,6817.2,12.7,12.6,22.5,0.0,0.0,29.5,70.5,0.0,DUSTY,68,FAIR,low retained moisture may produce dust or loose soil; 9 days since measurable precipitation,20,1
2026-10-07,Coyote Loop Trail,Jordanelle,WG001,40.58676467246392,-111.40272629625528,6895.7,3,76.4,50.6,62.0,0.0,0.0,0.0,0.0,0.0,0.0,62.333333333333336,61.58571428571428,0,0.0,0.0,0.0,0.0,0.0,9,0.8,6834.6,6980.4,6895.7,11.1,10.1,26.7,9.7,6.5,58.1,25.8,0.0,DUSTY,68,FAIR,low retained moisture may produce dust or loose soil; 9 days since measurable precipitation,20,1
2026-10-07,Crazy Eights,Jeremy Ranch / Glenwild,WG077,40.74908550583131,-111.55291850861556,6580.7,3,76.2,47.6,61.2,0.0,0.0,0.0,0.0,0.0,0.0,61.56666666666666,60.25714285714285,0,0.0,0.0,0.0,0.0,0.0,9,0.8,6460.7,6726.9,6580.7,11.1,11.4,14.2,7.6,72.7,19.7,0.0,0.0,DUSTY,68,FAIR,low retained moisture may produce dust or loose soil; 9 days since measurable precipitation,20,7
2026-10-07,Crescent Ridge,Park City / PCMR,WG036,40.64328062856461,-111.5205999025961,8289.2,3,67.9,50.3,57.6,0.0,0.0,0.0,0.0,0.0,0.0,58.6,57.81428571428571,0,0.0,0.0,0.0,0.0,0.0,9,1.0,7832.5,8633.9,8289.2,11.1,10.8,16.6,1.1,23.2,75.8,0.0,0.0,DUSTY,68,FAIR,low retained moisture may produce dust or loose soil; 9 days since measurable precipitation,20,10
2026-10-07,Cutter Lane,Jeremy Ranch / Glenwild,WG068,40.7083260127391,-111.53140227257067,6437.7,3,76.5,44.9,61.2,0.0,0.0,0.0,0.0,0.0,0.0,60.900000000000006,59.41428571428571,0,0.0,0.0,0.0,0.0,0.0,9,0.2,6431.6,6445.1,6437.7,2.1,2.0,3.3,0.0,33.3,66.7,0.0,0.0,DUSTY,68,FAIR,low retained moisture may produce dust or loose soil; 9 days since measurable precipitation,20,7
2026-10-07,Cyn City,Park City / PCMR,WG016,40.62106458390316,-111.52108056020784,8700.1,3,65.5,47.5,55.3,0.0,0.0,0.0,0.0,0.0,0.0,55.93333333333334,55.01428571428571,0,0.0,0.0,0.0,0.0,0.0,9,2.6,8372.6,9048.5,8700.1,21.1,21.0,34.1,1.4,7.0,85.5,6.1,0.0,DUSTY,68,FAIR,low retained moisture may produce dust or loose soil; 9 days since measurable precipitation,20,10
2026-10-07,Daily Overlook,Deer Valley,WG031,40.631723443280656,-111.4987920660294,7430.4,3,72.9,53.5,61.3,0.0,0.0,0.0,0.0,0.0,0.0,62.2,61.271428571428565,0,0.0,0.0,0.0,0.0,0.0,9,0.3,7365.3,7455.3,7430.4,30.3,31.4,34.2,0.0,0.0,0.0,100.0,0.0,DUSTY,68,FAIR,low retained moisture may produce dust or loose soil; 9 days since measurable precipitation,20,2
2026-10-07,Daly Avenue,Deer Valley,WG031,40.63079192228995,-111.49966938212476,7430.3,3,72.9,53.5,61.3,0.0,0.0,0.0,0.0,0.0,0.0,62.2,61.271428571428565,0,0.0,0.0,0.0,0.0,0.0,9,0.8,7254.7,7610.0,7430.3,10.6,9.1,24.0,0.0,6.0,10.4,83.6,0.0,DUSTY,68,FAIR,low retained moisture may produce dust or loose soil; 9 days since measurable precipitation,20,2
2026-10-07,Daly Bypass,Deer Valley,WG031,40.63469577874592,-111.4972952534869,7351.3,3,72.9,53.5,61.3,0.0,0.0,0.0,0.0,0.0,0.0,62.2,61.271428571428565,0,0.0,0.0,0.0,0.0,0.0,9,0.3,7324.2,7370.0,7351.3,30.0,33.0,38.7,0.0,0.0,3.3,96.7,0.0,DUSTY,68,FAIR,low retained moisture may produce dust or loose soil; 9 days since measurable precipitation,20,2
2026-10-07,Daly Canyon,Deer Valley,WG011,40.620194319264456,-111.50922727258838,7986.4,3,69.4,51.8,59.1,0.0,0.0,0.0,0.0,0.0,0.0,60.1,59.32857142857143,0,0.0,0.0,0.0,0.0,0.0,9,0.4,7856.6,8124.1,7986.4,10.4,9.7,18.5,0.0,17.5,55.0,27.5,0.0,DUSTY,68,FAIR,low retained moisture may produce dust or loose soil; 9 days since measurable precipitation,20,2
2026-10-07,Daly Grind,Deer Valley,WG011,40.62436395642222,-111.5065519695764,7745.3,3,69.4,51.8,59.1,0.0,0.0,0.0,0.0,0.0,0.0,60.1,59.32857142857143,0,0.0,0.0,0.0,0.0,0.0,9,0.3,7630.5,7856.6,7745.3,10.8,9.8,18.2,0.0,0.0,14.3,85.7,0.0,DUSTY,68,FAIR,low retained moisture may produce dust or loose soil; 9 days since measurable precipitation,20,2
2026-10-07,Dawns Trail,Park City / PCMR,WG051,40.65039115727101,-111.52578815180028,7505.7,3,72.1,52.6,60.5,0.0,0.0,0.0,0.0,0.0,0.0,61.7,60.6,0,0.0,0.0,0.0,0.0,0.0,9,0.9,7415.0,7576.9,7505.7,21.9,20.3,35.0,0.0,46.5,31.0,22.5,0.0,DUSTY,68,FAIR,low retained moisture may produce dust or loose soil; 9 days since measurable precipitation,20,10
2026-10-07,Dead Reckoning,Summit Park,WG078,40.74804102527887,-111.5901705440554,6808.0,3,74.3,49.6,61.1,0.0,0.0,0.0,0.0,0.0,0.0,61.66666666666666,60.5,0,0.0,0.0,0.0,0.0,0.0,9,0.6,6646.9,6981.7,6808.0,16.5,16.1,22.7,0.0,16.7,83.3,0.0,0.0,DUSTY,68,FAIR,low retained moisture may produce dust or loose soil; 9 days since measurable precipitation,20,1
2026-10-07,Dead Tree,Park City / PCMR,WG021,40.611358588022426,-111.54588982448988,9653.6,3,60.6,43.8,51.2,0.0,0.0,0.0,0.0,0.0,0.0,51.7,51.057142857142864,0,0.0,0.0,0.0,0.0,0.0,9,0.8,9569.8,9775.6,9653.6,26.5,27.5,37.8,35.4,21.5,43.1,0.0,0.0,DUSTY,68,FAIR,low retained moisture may produce dust or loose soil; 9 days since measurable precipitation,20,10
2026-10-07,Deep Park Circle,Jordanelle,WG026,40.626894083286025,-111.43587347972714,6383.2,3,78.7,50.4,63.3,0.0,0.0,0.0,0.0,0.0,0.0,63.73333333333333,62.9,0,0.0,0.0,0.0,0.0,0.0,9,0.2,6368.7,6401.6,6383.2,7.2,6.4,17.5,0.0,0.0,50.0,50.0,0.0,DUSTY,68,FAIR,low retained moisture may produce dust or loose soil; 9 days since measurable precipitation,20,1
2026-10-07,Deer Camp,Deer Valley,WG013,40.60519585339864,-111.4911066437841,8920.6,3,65.6,47.6,55.4,0.0,0.0,0.0,0.0,0.0,0.0,56.06666666666666,55.12857142857143,0,0.0,0.0,0.0,0.0,0.0,9,0.7,8822.7,8995.5,8920.6,10.1,10.4,15.8,0.0,69.2,18.5,12.3,0.0,DUSTY,68,FAIR,low retained moisture may produce dust or loose soil; 9 days since measurable precipitation,20,2
2026-10-07,Deer Crest,Deer Valley,WG029,40.63553157935396,-111.47424740401932,7612.2,3,71.9,52.5,60.3,0.0,0.0,0.0,0.0,0.0,0.0,61.23333333333333,60.31428571428571,0,0.0,0.0,0.0,0.0,0.0,9,2.0,7265.1,7950.3,7612.2,21.7,21.4,38.3,0.0,50.3,49.1,0.6,0.0,DUSTY,68,FAIR,low retained moisture may produce dust or loose soil; 9 days since measurable precipitation,20,2
2026-10-07,Devo,Deer Valley,WG032,40.6296740826892,-111.48374523511592,7963.4,3,71.6,52.1,60.0,0.0,0.0,0.0,0.0,0.0,0.0,60.86666666666667,59.94285714285714,0,0.0,0.0,0.0,0.0,0.0,9,0.2,7893.9,8016.5,7963.4,11.3,9.9,17.7,0.0,0.0,47.1,52.9,0.0,DUSTY,68,FAIR,low retained moisture may produce dust or loose soil; 9 days since measurable precipitation,20,2
2026-10-07,Discovery,Summit Park,WG078,40.74903521550762,-111.59463162387972,6614.4,3,74.3,49.6,61.1,0.0,0.0,0.0,0.0,0.0,0.0,61.66666666666666,60.5,0,0.0,0.0,0.0,0.0,0.0,9,0.4,6578.7,6650.0,6614.4,11.5,10.0,24.8,0.0,20.9,46.5,32.6,0.0,DUSTY,68,FAIR,low retained moisture may produce dust or loose soil; 9 days since measurable precipitation,20,1
2026-10-07,Downward Dog,Round Valley,WG057,40.68865758594976,-111.48489883261024,6958.5,3,75.7,49.4,60.7,0.0,0.0,0.0,0.0,0.0,0.0,61.0,59.51428571428572,0,0.0,0.0,0.0,0.0,0.0,9,1.6,6818.7,7089.6,6958.5,8.2,7.9,14.2,35.1,59.5,5.3,0.0,0.0,DUSTY,68,FAIR,low retained moisture may produce dust or loose soil; 9 days since measurable precipitation,20,1
2026-10-07,Dropout,Jeremy Ranch / Glenwild,WG077,40.74673233142679,-111.55449028155309,6576.0,3,76.2,47.6,61.2,0.0,0.0,0.0,0.0,0.0,0.0,61.56666666666666,60.25714285714285,0,0.0,0.0,0.0,0.0,0.0,9,0.9,6420.7,6743.0,6576.0,8.2,7.7,12.5,0.0,16.5,83.5,0.0,0.0,DUSTY,68,FAIR,low retained moisture may produce dust or loose soil; 9 days since measurable precipitation,20,7
2026-10-07,Dubois,Jeremy Ranch / Glenwild,WG059,40.698630398586985,-111.55581872982933,6878.9,3,75.4,43.8,60.1,0.0,0.0,0.0,0.0,0.0,0.0,59.8,58.34285714285715,0,0.0,0.0,0.0,0.0,0.0,9,1.4,6622.8,7164.4,6878.9,16.3,18.1,32.1,24.8,1.7,34.7,38.8,0.0,DUSTY,68,FAIR,low retained moisture may produce dust or loose soil; 9 days since measurable precipitation,20,7
2026-10-07,Eagle Cove,Round Valley,WG057,40.68665016051084,-111.49786169389527,6799.6,3,75.7,49.4,60.7,0.0,0.0,0.0,0.0,0.0,0.0,61.0,59.51428571428572,0,0.0,0.0,0.0,0.0,0.0,9,0.1,6777.6,6823.9,6799.6,10.3,9.1,16.6,33.3,66.7,0.0,0.0,0.0,DUSTY,68,FAIR,low retained moisture may produce dust or loose soil; 9 days since measurable precipitation,20,1
2026-10-07,Eagle Trail,Park City / PCMR,WG051,40.65138382915936,-111.51929067308184,7664.9,3,72.1,52.6,60.5,0.0,0.0,0.0,0.0,0.0,0.0,61.7,60.6,0,0.0,0.0,0.0,0.0,0.0,9,0.5,7477.4,7838.4,7664.9,22.7,23.0,32.0,0.0,0.0,95.7,4.3,0.0,DUSTY,68,FAIR,low retained moisture may produce dust or loose soil; 9 days since measurable precipitation,20,10
2026-10-07,Eagle Way,Park City / PCMR,WG048,40.65295946154777,-111.48775315119684,7538.9,3,72.6,52.9,60.7,0.0,0.0,0.0,0.0,0.0,0.0,61.66666666666666,60.75714285714285,0,0.0,0.0,0.0,0.0,0.0,9,0.9,7416.7,7660.5,7538.9,11.8,11.7,19.5,21.3,25.3,40.0,13.3,0.0,DUSTY,68,FAIR,low retained moisture may produce dust or loose soil; 9 days since measurable precipitation,20,10
2026-10-07,Easy Rider,Park City / PCMR,WG009,40.59580193116481,-111.57632308440664,9141.3,3,63.1,45.0,53.5,0.0,0.0,0.0,0.0,0.0,0.0,54.16666666666666,53.48571428571428,0,0.0,0.0,0.0,0.0,0.0,9,2.3,8764.0,9471.9,9141.3,14.6,13.4,33.3,0.5,82.3,16.1,1.0,0.0,DUSTY,68,FAIR,low retained moisture may produce dust or loose soil; 9 days since measurable precipitation,20,10
2026-10-07,Ecker Hill Trail,Pinebrook,WG076,40.740364526144575,-111.5667817840803,6401.3,3,76.9,48.4,61.9,0.0,0.0,0.0,0.0,0.0,0.0,62.26666666666667,60.98571428571429,0,0.0,0.0,0.0,0.0,0.0,9,0.5,6356.3,6420.5,6401.3,8.7,8.9,14.0,0.0,0.0,22.2,77.8,0.0,DUSTY,68,FAIR,low retained moisture may produce dust or loose soil; 9 days since measurable precipitation,20,4
2026-10-07,Empire Alternate,Deer Valley,WG032,40.62635819528807,-111.50016350153602,7943.1,3,71.6,52.1,60.0,0.0,0.0,0.0,0.0,0.0,0.0,60.86666666666667,59.94285714285714,0,0.0,0.0,0.0,0.0,0.0,9,0.1,7918.3,7974.4,7943.1,16.3,16.4,21.6,0.0,0.0,100.0,0.0,0.0,DUSTY,68,FAIR,low retained moisture may produce dust or loose soil; 9 days since measurable precipitation,20,2
2026-10-07,Empire Link,Deer Valley,WG012,40.62422557470265,-111.50748256286928,8022.2,3,68.4,50.9,58.4,0.0,0.0,0.0,0.0,0.0,0.0,59.03333333333333,57.97142857142857,0,0.0,0.0,0.0,0.0,0.0,9,2.2,7856.6,8281.6,8022.2,22.6,23.7,35.5,4.7,19.4,50.3,25.7,0.0,DUSTY,68,FAIR,low retained moisture may produce dust or loose soil; 9 days since measurable precipitation,20,2
2026-10-07,Empire Lodge,Deer Valley,WG015,40.61442062316093,-111.51298418240138,8439.2,3,68.0,50.4,57.7,0.0,0.0,0.0,0.0,0.0,0.0,58.70000000000001,57.91428571428572,0,0.0,0.0,0.0,0.0,0.0,9,0.4,8326.0,8614.8,8439.2,13.0,12.8,26.8,28.2,0.0,5.1,66.7,0.0,DUSTY,68,FAIR,low retained moisture may produce dust or loose soil; 9 days since measurable precipitation,20,2
2026-10-07,Empire Pass Connector,Deer Valley,WG016,40.60627316294136,-111.51481095351645,8948.4,3,65.5,47.5,55.3,0.0,0.0,0.0,0.0,0.0,0.0,55.93333333333334,55.01428571428571,0,0.0,0.0,0.0,0.0,0.0,9,0.4,8924.0,8965.9,8948.4,12.8,13.4,22.3,87.8,2.4,0.0,9.8,0.0,DUSTY,68,FAIR,low retained moisture may produce dust or loose soil; 9 days since measurable precipitation,20,2
2026-10-07,Equestrian,Round Valley,WG067,40.70215181343843,-111.50219785223597,6719.1,3,76.3,45.4,59.9,0.0,0.0,0.0,0.0,0.0,0.0,60.03333333333333,58.8,0,0.0,0.0,0.0,0.0,0.0,9,0.7,6462.5,6858.9,6719.1,7.8,7.4,19.2,8.1,79.0,0.0,12.9,0.0,DUSTY,68,FAIR,low retained moisture may produce dust or loose soil; 9 days since measurable precipitation,20,1
2026-10-07,Euston,Round Valley,WG047,40.65772556817424,-111.48315877249176,7062.9,3,74.8,50.8,61.1,0.0,0.0,0.0,0.0,0.0,0.0,61.63333333333333,60.271428571428565,0,0.0,0.0,0.0,0.0,0.0,9,0.4,6904.9,7228.8,7062.9,12.2,12.4,19.9,0.0,31.2,68.8,0.0,0.0,DUSTY,68,FAIR,low retained moisture may produce dust or loose soil; 9 days since measurable precipitation,20,1
2026-10-07,Evil Empire,Park City / PCMR,WG016,40.61923823662483,-111.52513988679308,8746.8,3,65.5,47.5,55.3,0.0,0.0,0.0,0.0,0.0,0.0,55.93333333333334,55.01428571428571,0,0.0,0.0,0.0,0.0,0.0,9,0.9,8443.1,9143.3,8746.8,13.8,14.4,22.8,0.0,0.0,68.0,32.0,0.0,DUSTY,68,FAIR,low retained moisture may produce dust or loose soil; 9 days since measurable precipitation,20,10
2026-10-07,Fairway Hills Trail,Round Valley,WG055,40.67853348641883,-111.47699791832557,6747.4,3,76.4,47.2,60.3,0.0,0.0,0.0,0.0,0.0,0.0,60.66666666666666,59.57142857142857,0,0.0,0.0,0.0,0.0,0.0,9,0.3,6716.2,6779.8,6747.4,2.3,2.2,3.5,0.0,0.0,44.8,55.2,0.0,DUSTY,68,FAIR,low retained moisture may produce dust or loose soil; 9 days since measurable precipitation,20,1
2026-10-07,Family Truckster Trail,Clark Ranch,WG044,40.66038172048119,-111.452885753204,6847.4,3,76.1,48.2,60.7,0.0,0.0,0.0,0.0,0.0,0.0,60.900000000000006,59.82857142857143,0,0.0,0.0,0.0,0.0,0.0,9,0.7,6733.2,6970.1,6847.4,11.5,11.2,18.1,0.0,0.0,30.5,69.5,0.0,DUSTY,68,FAIR,low retained moisture may produce dust or loose soil; 9 days since measurable precipitation,20,1
2026-10-07,Fast Pitch Trail,Round Valley,WG055,40.6798165110769,-111.47671870073196,6759.1,3,76.4,47.2,60.3,0.0,0.0,0.0,0.0,0.0,0.0,60.66666666666666,59.57142857142857,0,0.0,0.0,0.0,0.0,0.0,9,1.3,6689.0,6826.1,6759.1,5.6,4.8,14.7,16.2,0.9,40.2,42.7,0.0,DUSTY,68,FAIR,low retained moisture may produce dust or loose soil; 9 days since measurable precipitation,20,1
2026-10-07,Fat Lip,Park City / PCMR,WG016,40.62192963761681,-111.5279713594279,8931.1,3,65.5,47.5,55.3,0.0,0.0,0.0,0.0,0.0,0.0,55.93333333333334,55.01428571428571,0,0.0,0.0,0.0,0.0,0.0,9,1.0,8870.4,8982.9,8931.1,20.9,20.7,36.0,34.9,0.0,6.0,59.0,0.0,DUSTY,68,FAIR,low retained moisture may produce dust or loose soil; 9 days since measurable precipitation,20,10
2026-10-07,Field Stone,Round Valley,WG067,40.71706243943152,-111.49059329339536,6526.3,3,76.3,45.4,59.9,0.0,0.0,0.0,0.0,0.0,0.0,60.03333333333333,58.8,0,0.0,0.0,0.0,0.0,0.0,9,0.4,6512.5,6549.9,6526.3,5.5,5.6,8.4,9.1,72.7,3.0,15.2,0.0,DUSTY,68,FAIR,low retained moisture may produce dust or loose soil; 9 days since measurable precipitation,20,1
2026-10-07,Fink Again,Jeremy Ranch / Glenwild,WG086,40.75125285000831,-111.55541181172696,6586.2,3,75.3,47.5,60.9,0.0,0.0,0.0,0.0,0.0,0.0,61.333333333333336,60.07142857142857,0,0.0,0.0,0.0,0.0,0.0,9,0.9,6445.1,6727.8,6586.2,11.7,11.8,14.8,66.2,33.8,0.0,0.0,0.0,DUSTY,68,FAIR,low retained moisture may produce dust or loose soil; 9 days since measurable precipitation,20,7
2026-10-07,Finns,Deer Valley,WG028,40.640763495812735,-111.47689190658058,7214.2,3,73.3,53.8,61.7,0.0,0.0,0.0,0.0,0.0,0.0,62.6,61.67142857142858,0,0.0,0.0,0.0,0.0,0.0,9,0.3,7140.8,7279.6,7214.2,24.0,24.7,36.1,0.0,96.3,3.7,0.0,0.0,DUSTY,68,FAIR,low retained moisture may produce dust or loose soil; 9 days since measurable precipitation,20,2
2026-10-07,Fireswamp,Deer Valley,WG013,40.61340925382439,-111.48239833860336,8873.0,3,65.6,47.6,55.4,0.0,0.0,0.0,0.0,0.0,0.0,56.06666666666666,55.12857142857143,0,0.0,0.0,0.0,0.0,0.0,9,0.7,8482.6,9273.9,8873.0,18.8,19.8,25.9,0.0,0.0,100.0,0.0,0.0,DUSTY,68,FAIR,low retained moisture may produce dust or loose soil; 9 days since measurable precipitation,20,2
2026-10-07,First Time,Park City / PCMR,WG050,40.65050878239233,-111.51048291433958,7041.1,3,75.0,51.3,61.6,0.0,0.0,0.0,0.0,0.0,0.0,62.1,60.75714285714286,0,0.0,0.0,0.0,0.0,0.0,9,0.5,6905.7,7178.9,7041.1,8.6,8.6,19.4,0.0,3.6,57.1,39.3,0.0,DUSTY,68,FAIR,low retained moisture may produce dust or loose soil; 9 days since measurable precipitation,20,10
2026-10-07,First Time Return,Park City / PCMR,WG050,40.65021414919943,-111.51090683334832,7073.8,3,75.0,51.3,61.6,0.0,0.0,0.0,0.0,0.0,0.0,62.1,60.75714285714286,0,0.0,0.0,0.0,0.0,0.0,9,0.7,6953.0,7139.2,7073.8,15.6,15.9,24.7,0.0,0.0,22.4,77.6,0.0,DUSTY,68,FAIR,low retained moisture may produce dust or loose soil; 9 days since measurable precipitation,20,10
2026-10-07,Flagstaff Loop,Deer Valley,WG013,40.60758047007656,-111.496735533601,8898.0,3,65.6,47.6,55.4,0.0,0.0,0.0,0.0,0.0,0.0,56.06666666666666,55.12857142857143,0,0.0,0.0,0.0,0.0,0.0,9,3.0,8785.5,9010.6,8898.0,10.1,10.0,23.7,8.7,13.0,40.1,38.3,0.0,DUSTY,68,FAIR,low retained moisture may produce dust or loose soil; 9 days since measurable precipitation,20,2
2026-10-07,Flat Cable,Park City / PCMR,WG032,40.644102718034645,-111.505628746172,7565.4,3,71.6,52.1,60.0,0.0,0.0,0.0,0.0,0.0,0.0,60.86666666666667,59.94285714285714,0,0.0,0.0,0.0,0.0,0.0,9,1.0,7399.9,7706.1,7565.4,13.5,12.9,28.3,0.0,37.0,51.1,12.0,0.0,DUSTY,68,FAIR,low retained moisture may produce dust or loose soil; 9 days since measurable precipitation,20,10
2026-10-07,Flat Iron,Park City / PCMR,WG036,40.62696082564811,-111.51719430456902,8393.5,3,67.9,50.3,57.6,0.0,0.0,0.0,0.0,0.0,0.0,58.6,57.81428571428571,0,0.0,0.0,0.0,0.0,0.0,9,0.6,8260.7,8492.0,8393.5,15.3,14.7,28.6,19.2,0.0,15.4,65.4,0.0,DUSTY,68,FAIR,low retained moisture may produce dust or loose soil; 9 days since measurable precipitation,20,10
2026-10-07,Flying Dog,Jeremy Ranch / Glenwild,WG087,40.77237660098178,-111.54161762597796,7321.2,3,72.1,51.6,60.6,0.0,0.0,0.0,0.0,0.0,0.0,61.6,60.31428571428573,0,0.0,0.0,0.0,0.0,0.0,9,6.1,6867.4,7759.1,7321.2,17.8,17.6,31.1,54.3,26.7,9.5,9.5,0.0,DUSTY,68,FAIR,low retained moisture may produce dust or loose soil; 9 days since measurable precipitation,20,7
2026-10-07,Fox Tail Trail,Round Valley,WG045,40.66564803508002,-111.47503092801368,7133.0,3,74.5,50.6,60.8,0.0,0.0,0.0,0.0,0.0,0.0,61.36666666666667,60.04285714285714,0,0.0,0.0,0.0,0.0,0.0,9,0.8,7077.6,7206.1,7133.0,12.0,12.3,18.5,10.0,24.3,52.9,12.9,0.0,DUSTY,68,FAIR,low retained moisture may produce dust or loose soil; 9 days since measurable precipitation,20,1
2026-10-07,Freemason,Park City / PCMR,WG046,40.65768683021079,-111.49819012622744,6949.6,3,75.8,51.9,62.1,0.0,0.0,0.0,0.0,0.0,0.0,62.66666666666666,61.34285714285714,0,0.0,0.0,0.0,0.0,0.0,9,1.5,6779.4,7074.6,6949.6,21.4,21.4,30.0,5.4,40.3,54.3,0.0,0.0,DUSTY,68,FAIR,low retained moisture may produce dust or loose soil; 9 days since measurable precipitation,20,10
2026-10-07,Full Steam Billy,Park City / PCMR,WG031,40.64842922650065,-111.4945100220623,7246.4,3,72.9,53.5,61.3,0.0,0.0,0.0,0.0,0.0,0.0,62.2,61.271428571428565,0,0.0,0.0,0.0,0.0,0.0,9,0.3,7161.5,7277.5,7246.4,14.8,15.0,18.5,27.6,72.4,0.0,0.0,0.0,DUSTY,68,FAIR,low retained moisture may produce dust or loose soil; 9 days since measurable precipitation,20,10
2026-10-07,Gambel Oak Cut,Round Valley,WG045,40.65967079074984,-111.47871602858976,7240.9,3,74.5,50.6,60.8,0.0,0.0,0.0,0.0,0.0,0.0,61.36666666666667,60.04285714285714,0,0.0,0.0,0.0,0.0,0.0,9,0.3,7160.2,7299.6,7240.9,14.9,14.8,20.3,0.0,8.3,79.2,12.5,0.0,DUSTY,68,FAIR,low retained moisture may produce dust or loose soil; 9 days since measurable precipitation,20,1
2026-10-07,Gambel Oak North,Park City / PCMR,WG047,40.65915752473873,-111.48180315635692,7112.6,3,74.8,50.8,61.1,0.0,0.0,0.0,0.0,0.0,0.0,61.63333333333333,60.271428571428565,0,0.0,0.0,0.0,0.0,0.0,9,0.3,7038.2,7171.9,7112.6,14.8,14.6,18.8,0.0,92.9,7.1,0.0,0.0,DUSTY,68,FAIR,low retained moisture may produce dust or loose soil; 9 days since measurable precipitation,20,10
2026-10-07,Gambel Oak Trail,Park City / PCMR,WG031,40.64847351910524,-111.48419757905585,7408.0,3,72.9,53.5,61.3,0.0,0.0,0.0,0.0,0.0,0.0,62.2,61.271428571428565,0,0.0,0.0,0.0,0.0,0.0,9,1.0,7205.8,7543.6,7408.0,12.0,14.4,18.4,71.9,0.0,12.4,15.7,0.0,DUSTY,68,FAIR,low retained moisture may produce dust or loose soil; 9 days since measurable precipitation,20,10
2026-10-07,Gap Bypass Trail,Deer Valley,WG028,40.64123747413292,-111.47577580871994,7306.6,3,73.3,53.8,61.7,0.0,0.0,0.0,0.0,0.0,0.0,62.6,61.67142857142858,0,0.0,0.0,0.0,0.0,0.0,9,0.4,7278.0,7326.5,7306.6,24.8,27.1,36.1,0.0,64.1,35.9,0.0,0.0,DUSTY,68,FAIR,low retained moisture may produce dust or loose soil; 9 days since measurable precipitation,20,2
2026-10-07,Gap Loop,Deer Valley,WG028,40.6409109833561,-111.47399614902376,7445.8,3,73.3,53.8,61.7,0.0,0.0,0.0,0.0,0.0,0.0,62.6,61.67142857142858,0,0.0,0.0,0.0,0.0,0.0,9,1.9,7303.7,7618.9,7445.8,23.3,24.7,35.9,8.4,27.1,40.4,24.1,0.0,DUSTY,68,FAIR,low retained moisture may produce dust or loose soil; 9 days since measurable precipitation,20,2
2026-10-07,Glenwild Loop,Jeremy Ranch / Glenwild,WG075,40.73989427988239,-111.52813430357229,6701.6,3,75.4,47.6,61.0,0.0,0.0,0.0,0.0,0.0,0.0,61.43333333333334,60.17142857142857,0,0.0,0.0,0.0,0.0,0.0,9,5.9,6431.8,7136.4,6701.6,11.6,10.8,29.7,35.1,19.3,6.4,39.1,0.0,DUSTY,68,FAIR,low retained moisture may produce dust or loose soil; 9 days since measurable precipitation,20,7
2026-10-07,Glenwild Loop / Wasatch,Jeremy Ranch / Glenwild,WG074,40.74589846722535,-111.509614206256,6451.3,3,76.6,47.3,60.9,0.0,0.0,0.0,0.0,0.0,0.0,61.46666666666667,60.41428571428572,0,0.0,0.0,0.0,0.0,0.0,9,0.2,6444.0,6454.5,6451.3,3.4,1.7,9.0,57.1,0.0,0.0,42.9,0.0,DUSTY,68,FAIR,low retained moisture may produce dust or loose soil; 9 days since measurable precipitation,20,7
2026-10-07,Gold Finger,Park City / PCMR,WG053,40.65997467243904,-111.55431689925648,8081.9,3,68.2,50.1,57.6,0.0,0.0,0.0,0.0,0.0,0.0,58.7,58.07142857142856,0,0.0,0.0,0.0,0.0,0.0,9,1.1,7876.6,8290.6,8081.9,25.9,25.7,31.6,0.0,100.0,0.0,0.0,0.0,DUSTY,68,FAIR,low retained moisture may produce dust or loose soil; 9 days since measurable precipitation,20,10
2026-10-07,Gorgoza Park,Pinebrook,WG089,40.75144469967726,-111.581432624726,6619.5,3,74.6,49.9,61.4,0.0,0.0,0.0,0.0,0.0,0.0,61.96666666666667,60.81428571428573,0,0.0,0.0,0.0,0.0,0.0,9,1.6,6378.8,6831.0,6619.5,13.6,13.9,25.2,2.2,1.5,87.5,8.8,0.0,DUSTY,68,FAIR,low retained moisture may produce dust or loose soil; 9 days since measurable precipitation,20,4
2026-10-07,Gotcha Cuttoff,Park City / PCMR,WG035,40.64587964864319,-111.5166123821088,7673.2,3,71.9,52.2,60.1,0.0,0.0,0.0,0.0,0.0,0.0,61.29999999999999,60.2,0,0.0,0.0,0.0,0.0,0.0,9,1.5,7178.9,8078.5,7673.2,20.8,21.4,35.8,0.8,0.0,3.1,96.2,0.0,DUSTY,68,FAIR,low retained moisture may produce dust or loose soil; 9 days since measurable precipitation,20,10
2026-10-07,Grave Digger,Deer Valley,WG032,40.62962271716946,-111.50201210924322,7682.6,3,71.6,52.1,60.0,0.0,0.0,0.0,0.0,0.0,0.0,60.86666666666667,59.94285714285714,0,0.0,0.0,0.0,0.0,0.0,9,0.5,7659.8,7734.0,7682.6,24.7,26.7,36.3,10.5,0.0,2.6,86.8,0.0,DUSTY,68,FAIR,low retained moisture may produce dust or loose soil; 9 days since measurable precipitation,20,2
2026-10-07,Great Western Trail,Wasatch Crest / Millcreek,WG092,40.77286580912175,-111.6406537725031,7571.3,3,70.9,46.7,58.4,0.0,0.0,0.0,0.0,0.0,0.0,59.0,57.7,0,0.0,0.0,0.0,0.0,0.0,9,4.1,7338.2,7867.0,7571.3,11.5,10.4,34.6,44.7,31.4,10.3,13.6,0.0,DUSTY,68,FAIR,low retained moisture may produce dust or loose soil; 9 days since measurable precipitation,20,1
2026-10-07,Great Western Trail / Great Western Trail bypass,Wasatch Crest / Millcreek,WG091,40.7535574542296,-111.6313027356856,7111.8,3,71.8,49.3,60.7,0.0,0.0,0.0,0.0,0.0,0.0,61.66666666666666,60.52857142857143,0,0.0,0.0,0.0,0.0,0.0,9,1.4,6865.3,7548.3,7111.8,13.7,13.4,22.9,68.4,22.8,0.0,8.8,0.0,DUSTY,68,FAIR,low retained moisture may produce dust or loose soil; 9 days since measurable precipitation,20,1
2026-10-07,H.A.M.,Park City / PCMR,WG035,40.64547382276132,-111.53139851516626,7780.5,3,71.9,52.2,60.1,0.0,0.0,0.0,0.0,0.0,0.0,61.29999999999999,60.2,0,0.0,0.0,0.0,0.0,0.0,9,0.8,7699.4,7896.1,7780.5,25.5,24.6,37.0,1.4,15.9,36.2,46.4,0.0,DUSTY,68,FAIR,low retained moisture may produce dust or loose soil; 9 days since measurable precipitation,20,10
2026-10-07,Hang Time South,Park City / PCMR,WG046,40.65853660632904,-111.49606808644194,6970.8,3,75.8,51.9,62.1,0.0,0.0,0.0,0.0,0.0,0.0,62.66666666666666,61.34285714285714,0,0.0,0.0,0.0,0.0,0.0,9,0.3,6861.7,7117.7,6970.8,12.7,12.3,19.7,0.0,33.3,66.7,0.0,0.0,DUSTY,68,FAIR,low retained moisture may produce dust or loose soil; 9 days since measurable precipitation,20,10
2026-10-07,Happy Gilmor,Round Valley,WG067,40.70712360033319,-111.5014684546231,6569.0,3,76.3,45.4,59.9,0.0,0.0,0.0,0.0,0.0,0.0,60.03333333333333,58.8,0,0.0,0.0,0.0,0.0,0.0,9,2.0,6488.3,6651.3,6569.0,9.1,8.8,21.8,27.0,27.6,39.5,5.9,0.0,DUSTY,68,FAIR,low retained moisture may produce dust or loose soil; 9 days since measurable precipitation,20,1
2026-10-07,Happy Trailside,Round Valley,WG067,40.708413441306845,-111.50471867526606,6595.6,3,76.3,45.4,59.9,0.0,0.0,0.0,0.0,0.0,0.0,60.03333333333333,58.8,0,0.0,0.0,0.0,0.0,0.0,9,0.1,6570.7,6621.7,6595.6,11.4,12.6,15.0,80.0,0.0,0.0,20.0,0.0,DUSTY,68,FAIR,low retained moisture may produce dust or loose soil; 9 days since measurable precipitation,20,1
2026-10-07,Hat Trick Trail,Round Valley,WG055,40.678830976721535,-111.47596646172724,6757.0,3,76.4,47.2,60.3,0.0,0.0,0.0,0.0,0.0,0.0,60.66666666666666,59.57142857142857,0,0.0,0.0,0.0,0.0,0.0,9,1.3,6681.3,6803.8,6757.0,5.6,5.1,13.8,7.1,1.8,39.3,51.8,0.0,DUSTY,68,FAIR,low retained moisture may produce dust or loose soil; 9 days since measurable precipitation,20,1
2026-10-07,Heard It Both Ways Trail,Deer Valley,WG004,40.593082879194085,-111.49125770411068,8855.0,3,66.1,47.9,55.2,0.0,0.0,0.0,0.0,0.0,0.0,56.20000000000001,55.385714285714286,0,0.0,0.0,0.0,0.0,0.0,9,3.6,8658.9,9073.5,8855.0,15.0,14.9,30.6,38.3,18.2,15.2,28.4,0.0,DUSTY,68,FAIR,low retained moisture may produce dust or loose soil; 9 days since measurable precipitation,20,2
2026-10-07,Hidden Cove,Summit Park,WG089,40.756655895607175,-111.597334386164,6686.2,3,74.6,49.9,61.4,0.0,0.0,0.0,0.0,0.0,0.0,61.96666666666667,60.81428571428573,0,0.0,0.0,0.0,0.0,0.0,9,0.2,6655.0,6725.6,6686.2,13.1,11.4,26.6,0.0,0.0,62.5,37.5,0.0,DUSTY,68,FAIR,low retained moisture may produce dust or loose soil; 9 days since measurable precipitation,20,1
2026-10-07,High Meadows Connector,Pinebrook,WG076,40.74134938710701,-111.56847869190176,6429.9,3,76.9,48.4,61.9,0.0,0.0,0.0,0.0,0.0,0.0,62.26666666666667,60.98571428571429,0,0.0,0.0,0.0,0.0,0.0,9,0.2,6418.7,6445.0,6429.9,8.6,9.1,12.6,0.0,0.0,14.3,85.7,0.0,DUSTY,68,FAIR,low retained moisture may produce dust or loose soil; 9 days since measurable precipitation,20,4
2026-10-07,High Side,Round Valley,WG055,40.69388247977245,-111.4770589235944,6909.3,3,76.4,47.2,60.3,0.0,0.0,0.0,0.0,0.0,0.0,60.66666666666666,59.57142857142857,0,0.0,0.0,0.0,0.0,0.0,9,0.6,6857.9,6929.0,6909.3,14.8,13.7,25.3,8.7,0.0,39.1,52.2,0.0,DUSTY,68,FAIR,low retained moisture may produce dust or loose soil; 9 days since measurable precipitation,20,1
2026-10-07,Holly's,Pinebrook,WG063,40.68604417524608,-111.57782170773478,7824.2,3,71.3,52.2,59.7,0.0,0.0,0.0,0.0,0.0,0.0,61.23333333333333,60.18571428571429,0,0.0,0.0,0.0,0.0,0.0,9,2.2,7520.7,8241.4,7824.2,27.2,28.3,42.4,12.1,1.6,67.0,19.2,0.0,DUSTY,68,FAIR,low retained moisture may produce dust or loose soil; 9 days since measurable precipitation,20,4
2026-10-07,Holy Roller,Deer Valley,WG013,40.6113609111251,-111.48708066137604,8716.2,3,65.6,47.6,55.4,0.0,0.0,0.0,0.0,0.0,0.0,56.06666666666666,55.12857142857143,0,0.0,0.0,0.0,0.0,0.0,9,4.2,8121.6,9298.2,8716.2,17.9,17.7,32.1,20.8,29.4,36.0,13.9,0.0,DUSTY,68,FAIR,low retained moisture may produce dust or loose soil; 9 days since measurable precipitation,20,2
2026-10-07,Humdinger,Deer Valley,WG029,40.626356336628135,-111.46720603877804,7537.3,3,71.9,52.5,60.3,0.0,0.0,0.0,0.0,0.0,0.0,61.23333333333333,60.31428571428571,0,0.0,0.0,0.0,0.0,0.0,9,3.2,7250.4,7937.0,7537.3,23.0,24.0,33.5,25.1,0.0,45.2,29.7,0.0,DUSTY,68,FAIR,low retained moisture may produce dust or loose soil; 9 days since measurable precipitation,20,2
2026-10-07,Insurgent,Jeremy Ranch / Glenwild,WG063,40.68610182305705,-111.58195303109213,7873.2,3,71.3,52.2,59.7,0.0,0.0,0.0,0.0,0.0,0.0,61.23333333333333,60.18571428571429,0,0.0,0.0,0.0,0.0,0.0,9,0.6,7618.3,8148.8,7873.2,21.7,22.6,32.5,0.0,0.0,74.0,26.0,0.0,DUSTY,68,FAIR,low retained moisture may produce dust or loose soil; 9 days since measurable precipitation,20,7
2026-10-07,Io Trail (Middle),Deer Valley,WG017,40.61025792344493,-111.52770861008732,9342.5,3,63.0,46.6,53.3,0.0,0.0,0.0,0.0,0.0,0.0,54.1,53.4,0,0.0,0.0,0.0,0.0,0.0,9,0.3,9253.3,9432.7,9342.5,18.6,22.1,28.2,92.3,0.0,0.0,7.7,0.0,DUSTY,68,FAIR,low retained moisture may produce dust or loose soil; 9 days since measurable precipitation,20,2
2026-10-07,Iron Man,Park City / PCMR,WG053,40.6585520468376,-111.5452566956134,8305.8,3,68.2,50.1,57.6,0.0,0.0,0.0,0.0,0.0,0.0,58.7,58.07142857142856,0,0.0,0.0,0.0,0.0,0.0,9,2.9,7976.8,8555.0,8305.8,25.4,25.4,36.0,9.5,45.9,16.5,28.1,0.0,DUSTY,68,FAIR,low retained moisture may produce dust or loose soil; 9 days since measurable precipitation,20,10
2026-10-07,Iron Mountain Trail,Park City / PCMR,WG054,40.65649532455427,-111.54475504732362,8753.8,3,66.2,48.1,55.6,0.0,0.0,0.0,0.0,0.0,0.0,56.7,56.07142857142856,0,0.0,0.0,0.0,0.0,0.0,9,0.5,8553.9,9013.4,8753.8,19.3,20.1,26.2,26.7,53.3,15.6,4.4,0.0,DUSTY,68,FAIR,low retained moisture may produce dust or loose soil; 9 days since measurable precipitation,20,10
2026-10-07,Izzy's Inferno (Dog Pound),Deer Valley,WG012,40.619811878384205,-111.48856422719636,8193.5,3,68.4,50.9,58.4,0.0,0.0,0.0,0.0,0.0,0.0,59.03333333333333,57.97142857142857,0,0.0,0.0,0.0,0.0,0.0,9,0.1,8143.3,8219.5,8193.5,12.8,13.0,23.6,0.0,0.0,85.7,14.3,0.0,DUSTY,68,FAIR,low retained moisture may produce dust or loose soil; 9 days since measurable precipitation,20,2
2026-10-07,Jailbreak,Jeremy Ranch / Glenwild,WG085,40.75712939272894,-111.56214780445411,6277.4,3,75.6,51.2,62.5,0.0,0.0,0.0,0.0,0.0,0.0,63.20000000000001,62.07142857142857,0,0.0,0.0,0.0,0.0,0.0,9,0.5,6261.8,6299.2,6277.4,10.6,8.6,29.3,18.0,60.0,22.0,0.0,0.0,DUSTY,68,FAIR,low retained moisture may produce dust or loose soil; 9 days since measurable precipitation,20,7
2026-10-07,Jeep Hill (Safety Coridoor),Deer Valley,WG013,40.60451306969404,-111.50923514571896,8820.6,3,65.6,47.6,55.4,0.0,0.0,0.0,0.0,0.0,0.0,56.06666666666666,55.12857142857143,0,0.0,0.0,0.0,0.0,0.0,9,0.2,8699.5,8951.8,8820.6,12.6,13.1,16.8,100.0,0.0,0.0,0.0,0.0,DUSTY,68,FAIR,low retained moisture may produce dust or loose soil; 9 days since measurable precipitation,20,2
2026-10-07,Jenni's Trail,Park City / PCMR,WG034,40.64869166733497,-111.51220769740809,7207.7,3,73.0,53.5,61.5,0.0,0.0,0.0,0.0,0.0,0.0,62.633333333333326,61.52857142857143,0,0.0,0.0,0.0,0.0,0.0,9,1.4,6966.1,7501.1,7207.7,15.8,15.8,25.3,1.6,8.9,35.5,54.0,0.0,DUSTY,68,FAIR,low retained moisture may produce dust or loose soil; 9 days since measurable precipitation,20,10
2026-10-07,Jenni's Trail upper,Park City / PCMR,WG035,40.63937813819639,-111.5112423147728,7789.7,3,71.9,52.2,60.1,0.0,0.0,0.0,0.0,0.0,0.0,61.29999999999999,60.2,0,0.0,0.0,0.0,0.0,0.0,9,3.1,7487.3,8174.7,7789.7,20.5,20.2,38.0,0.0,22.6,47.4,30.1,0.0,DUSTY,68,FAIR,low retained moisture may produce dust or loose soil; 9 days since measurable precipitation,20,10
2026-10-07,Johns '99,Park City / PCMR,WG033,40.62911828578874,-111.50998374795329,8128.2,3,68.7,51.1,58.4,0.0,0.0,0.0,0.0,0.0,0.0,59.400000000000006,58.614285714285714,0,0.0,0.0,0.0,0.0,0.0,9,1.1,8080.5,8193.1,8128.2,19.7,20.3,35.7,43.8,0.0,38.5,17.7,0.0,DUSTY,68,FAIR,low retained moisture may produce dust or loose soil; 9 days since measurable precipitation,20,10
2026-10-07,Johns 99,Deer Valley,WG015,40.62450457371346,-111.51231498110546,8231.6,3,68.0,50.4,57.7,0.0,0.0,0.0,0.0,0.0,0.0,58.70000000000001,57.91428571428572,0,0.0,0.0,0.0,0.0,0.0,9,0.6,8182.7,8279.9,8231.6,22.2,21.3,31.9,26.9,0.0,36.5,36.5,0.0,DUSTY,68,FAIR,low retained moisture may produce dust or loose soil; 9 days since measurable precipitation,20,2
2026-10-07,Johns Trail,Park City / PCMR,WG033,40.63760825426597,-111.50539626371148,8041.4,3,68.7,51.1,58.4,0.0,0.0,0.0,0.0,0.0,0.0,59.400000000000006,58.614285714285714,0,0.0,0.0,0.0,0.0,0.0,9,1.8,7711.1,8249.6,8041.4,13.1,13.9,25.5,8.2,3.8,53.5,34.6,0.0,DUSTY,68,FAIR,low retained moisture may produce dust or loose soil; 9 days since measurable precipitation,20,10
2026-10-07,Jordanelle (West Bank) Trail,Jordanelle,WG026,40.63639192686843,-111.4311179892118,6210.9,3,78.7,50.4,63.3,0.0,0.0,0.0,0.0,0.0,0.0,63.73333333333333,62.9,0,0.0,0.0,0.0,0.0,0.0,9,2.3,6170.8,6291.4,6210.9,9.7,9.2,24.7,24.1,2.0,42.2,31.7,0.0,DUSTY,68,FAIR,low retained moisture may produce dust or loose soil; 9 days since measurable precipitation,20,1
2026-10-07,Jordanelle Perimeter Trail,Jordanelle,WG024,40.633349610731685,-111.4121970547725,6216.7,3,79.3,50.5,63.2,0.0,0.0,0.0,0.0,0.0,0.0,63.79999999999999,63.02857142857143,0,0.0,0.0,0.0,0.0,0.0,9,9.3,6169.9,6411.7,6216.7,15.2,14.7,34.0,30.5,40.5,11.2,17.8,0.0,DUSTY,68,FAIR,low retained moisture may produce dust or loose soil; 9 days since measurable precipitation,20,1
2026-10-07,Jupiter Peak,Park City / PCMR,WG021,40.610319419324455,-111.54904593331813,9871.3,3,60.6,43.8,51.2,0.0,0.0,0.0,0.0,0.0,0.0,51.7,51.057142857142864,0,0.0,0.0,0.0,0.0,0.0,9,1.2,9729.6,9994.3,9871.3,14.3,12.7,30.3,26.2,39.3,21.5,13.1,0.0,DUSTY,68,FAIR,low retained moisture may produce dust or loose soil; 9 days since measurable precipitation,20,10
2026-10-07,Jupiter Ridge,Park City / PCMR,WG018,40.61268065771163,-111.53867835914352,9869.4,3,60.7,44.0,51.4,0.0,0.0,0.0,0.0,0.0,0.0,51.900000000000006,51.22857142857144,0,0.0,0.0,0.0,0.0,0.0,9,0.2,9741.8,9992.4,9869.4,16.9,16.3,26.1,12.5,0.0,6.2,81.2,0.0,DUSTY,68,FAIR,low retained moisture may produce dust or loose soil; 9 days since measurable precipitation,20,10
2026-10-07,Kaboom Trail / Call Sign Casa Trail,Jordanelle,WG027,40.62794719612903,-111.45468580169128,6888.6,3,76.6,49.9,62.2,0.0,0.0,0.0,0.0,0.0,0.0,62.13333333333333,61.05714285714286,0,0.0,0.0,0.0,0.0,0.0,9,1.1,6791.2,7063.8,6888.6,22.7,22.4,32.9,0.0,0.0,35.5,64.5,0.0,DUSTY,68,FAIR,low retained moisture may produce dust or loose soil; 9 days since measurable precipitation,20,1
2026-10-07,Kari's,Round Valley,WG055,40.69160040530727,-111.47515847036864,6850.2,3,76.4,47.2,60.3,0.0,0.0,0.0,0.0,0.0,0.0,60.66666666666666,59.57142857142857,0,0.0,0.0,0.0,0.0,0.0,9,0.8,6807.2,6882.7,6850.2,12.1,11.6,20.1,4.3,0.0,17.4,78.3,0.0,DUSTY,68,FAIR,low retained moisture may produce dust or loose soil; 9 days since measurable precipitation,20,1
2026-10-07,Keetley,Jordanelle,WG024,40.6438983646529,-111.4097274639112,6255.4,3,79.3,50.5,63.2,0.0,0.0,0.0,0.0,0.0,0.0,63.79999999999999,63.02857142857143,0,0.0,0.0,0.0,0.0,0.0,9,0.9,6176.9,6309.9,6255.4,5.8,5.5,11.3,36.8,59.2,3.9,0.0,0.0,DUSTY,68,FAIR,low retained moisture may produce dust or loose soil; 9 days since measurable precipitation,20,1
2026-10-07,Keystone Trail,Park City / PCMR,WG037,40.62506440637064,-111.53055382777043,8890.7,3,66.8,49.2,56.5,0.0,0.0,0.0,0.0,0.0,0.0,57.5,56.71428571428572,0,0.0,0.0,0.0,0.0,0.0,9,2.6,8572.7,9030.6,8890.7,17.5,17.7,34.7,19.5,26.7,25.8,28.1,0.0,DUSTY,68,FAIR,low retained moisture may produce dust or loose soil; 9 days since measurable precipitation,20,10
2026-10-07,La Dee Duh,Round Valley,WG057,40.69261799590889,-111.5001632592338,6864.5,3,75.7,49.4,60.7,0.0,0.0,0.0,0.0,0.0,0.0,61.0,59.51428571428572,0,0.0,0.0,0.0,0.0,0.0,9,0.9,6814.7,6919.2,6864.5,11.9,12.5,21.3,2.4,80.5,17.1,0.0,0.0,DUSTY,68,FAIR,low retained moisture may produce dust or loose soil; 9 days since measurable precipitation,20,1
2026-10-07,Lavina,Deer Valley,WG006,40.58376333945228,-111.52567195673171,8621.7,3,66.3,48.3,56.2,0.0,0.0,0.0,0.0,0.0,0.0,56.8,55.871428571428574,0,0.0,0.0,0.0,0.0,0.0,9,1.0,8267.0,8818.5,8621.7,13.7,12.4,29.5,68.3,13.4,9.8,8.5,0.0,DUSTY,68,FAIR,low retained moisture may produce dust or loose soil; 9 days since measurable precipitation,20,2
2026-10-07,Link,Deer Valley,WG015,40.624117394272574,-111.51614328186776,8385.3,3,68.0,50.4,57.7,0.0,0.0,0.0,0.0,0.0,0.0,58.70000000000001,57.91428571428572,0,0.0,0.0,0.0,0.0,0.0,9,0.7,8257.2,8456.8,8385.3,21.9,23.1,32.9,1.6,0.0,67.7,30.6,0.0,DUSTY,68,FAIR,low retained moisture may produce dust or loose soil; 9 days since measurable precipitation,20,2
2026-10-07,Little Chief,Deer Valley,WG015,40.61872839208637,-111.51243052868438,8322.6,3,68.0,50.4,57.7,0.0,0.0,0.0,0.0,0.0,0.0,58.70000000000001,57.91428571428572,0,0.0,0.0,0.0,0.0,0.0,9,0.7,8247.5,8462.5,8322.6,21.5,20.5,33.1,0.0,0.0,3.1,96.9,0.0,DUSTY,68,FAIR,low retained moisture may produce dust or loose soil; 9 days since measurable precipitation,20,2
2026-10-07,Little Engine Trail,Summit Park,WG089,40.756690732809,-111.59562244098744,6709.3,3,74.6,49.9,61.4,0.0,0.0,0.0,0.0,0.0,0.0,61.96666666666667,60.81428571428573,0,0.0,0.0,0.0,0.0,0.0,9,0.3,6693.2,6736.7,6709.3,9.5,10.2,17.8,4.3,0.0,82.6,13.0,0.0,DUSTY,68,FAIR,low retained moisture may produce dust or loose soil; 9 days since measurable precipitation,20,1
2026-10-07,Little Stick,Deer Valley,WG028,40.63409637421967,-111.478301770839,7464.6,3,73.3,53.8,61.7,0.0,0.0,0.0,0.0,0.0,0.0,62.6,61.67142857142858,0,0.0,0.0,0.0,0.0,0.0,9,0.3,7332.1,7603.8,7464.6,17.1,14.2,26.8,0.0,48.4,51.6,0.0,0.0,DUSTY,68,FAIR,low retained moisture may produce dust or loose soil; 9 days since measurable precipitation,20,2
2026-10-07,Longview,Jordanelle,WG040,40.65785550770212,-111.4151527495857,6299.6,3,78.7,50.4,63.3,0.0,0.0,0.0,0.0,0.0,0.0,63.73333333333333,62.88571428571429,0,0.0,0.0,0.0,0.0,0.0,9,0.3,6286.3,6315.8,6299.6,9.2,8.1,22.1,26.9,69.2,3.8,0.0,0.0,DUSTY,68,FAIR,low retained moisture may produce dust or loose soil; 9 days since measurable precipitation,20,1
2026-10-07,Looney Tunes Trail,Jordanelle,WG002,40.58370423178651,-111.40605522395904,7149.3,3,75.0,48.9,60.3,0.0,0.0,0.0,0.0,0.0,0.0,60.70000000000001,59.95714285714286,0,0.0,0.0,0.0,0.0,0.0,9,1.2,6976.5,7255.9,7149.3,12.9,13.2,21.5,0.0,3.0,78.8,18.2,0.0,DUSTY,68,FAIR,low retained moisture may produce dust or loose soil; 9 days since measurable precipitation,20,1
2026-10-07,Loose Moose,Park City / PCMR,WG031,40.64358346695202,-111.50940341630726,7446.3,3,72.9,53.5,61.3,0.0,0.0,0.0,0.0,0.0,0.0,62.2,61.271428571428565,0,0.0,0.0,0.0,0.0,0.0,9,0.8,7294.0,7580.3,7446.3,22.5,23.8,36.4,0.0,77.1,22.9,0.0,0.0,DUSTY,68,FAIR,low retained moisture may produce dust or loose soil; 9 days since measurable precipitation,20,10
2026-10-07,Lost Prospector,Park City / PCMR,WG047,40.659849225736586,-111.4888557229514,7044.5,3,74.8,50.8,61.1,0.0,0.0,0.0,0.0,0.0,0.0,61.63333333333333,60.271428571428565,0,0.0,0.0,0.0,0.0,0.0,9,3.2,6865.2,7153.9,7044.5,19.8,20.1,32.6,5.5,42.2,46.5,5.8,0.0,DUSTY,68,FAIR,low retained moisture may produce dust or loose soil; 9 days since measurable precipitation,20,10
2026-10-07,Lower Devo Trail,Deer Valley,WG032,40.63290230557317,-111.48205615844142,7656.5,3,71.6,52.1,60.0,0.0,0.0,0.0,0.0,0.0,0.0,60.86666666666667,59.94285714285714,0,0.0,0.0,0.0,0.0,0.0,9,1.1,7249.7,8016.5,7656.5,19.4,18.7,30.6,0.0,0.0,27.6,72.4,0.0,DUSTY,68,FAIR,low retained moisture may produce dust or loose soil; 9 days since measurable precipitation,20,2
2026-10-07,Lower Masonic,Park City / PCMR,WG047,40.65358630670372,-111.49972319928794,7113.0,3,74.8,50.8,61.1,0.0,0.0,0.0,0.0,0.0,0.0,61.63333333333333,60.271428571428565,0,0.0,0.0,0.0,0.0,0.0,9,0.6,7070.4,7149.0,7113.0,21.2,21.4,30.9,27.8,63.0,9.3,0.0,0.0,DUSTY,68,FAIR,low retained moisture may produce dust or loose soil; 9 days since measurable precipitation,20,10
2026-10-07,Lower Sparky Trail,Clark Ranch,WG044,40.66761130235187,-111.4559551589961,6689.8,3,76.1,48.2,60.7,0.0,0.0,0.0,0.0,0.0,0.0,60.900000000000006,59.82857142857143,0,0.0,0.0,0.0,0.0,0.0,9,1.5,6645.8,6769.7,6689.8,4.2,3.5,14.5,0.0,7.0,36.7,56.2,0.0,DUSTY,68,FAIR,low retained moisture may produce dust or loose soil; 9 days since measurable precipitation,20,1
2026-10-07,Lower Village,Deer Valley,WG028,40.64043848354113,-111.46360640728942,7008.1,3,73.3,53.8,61.7,0.0,0.0,0.0,0.0,0.0,0.0,62.6,61.67142857142858,0,0.0,0.0,0.0,0.0,0.0,9,0.3,6930.4,7071.0,7008.1,23.1,24.2,29.4,0.0,0.0,69.2,30.8,0.0,DUSTY,68,FAIR,low retained moisture may produce dust or loose soil; 9 days since measurable precipitation,20,2
2026-10-07,Lynx #2,Round Valley,WG044,40.66734087696376,-111.46694625830712,6898.8,3,76.1,48.2,60.7,0.0,0.0,0.0,0.0,0.0,0.0,60.900000000000006,59.82857142857143,0,0.0,0.0,0.0,0.0,0.0,9,1.6,6672.4,7099.9,6898.8,15.2,14.6,28.9,0.0,8.4,72.5,19.1,0.0,DUSTY,68,FAIR,low retained moisture may produce dust or loose soil; 9 days since measurable precipitation,20,1
2026-10-07,Masonic,Park City / PCMR,WG047,40.65628760128763,-111.48965728213436,7283.0,3,74.8,50.8,61.1,0.0,0.0,0.0,0.0,0.0,0.0,61.63333333333333,60.271428571428565,0,0.0,0.0,0.0,0.0,0.0,9,1.3,7131.6,7508.3,7283.0,18.7,18.8,28.4,0.0,9.4,72.6,17.9,0.0,DUSTY,68,FAIR,low retained moisture may produce dust or loose soil; 9 days since measurable precipitation,20,10
2026-10-07,Matt's Flat,Round Valley,WG057,40.68924275786925,-111.49221205396208,6921.6,3,75.7,49.4,60.7,0.0,0.0,0.0,0.0,0.0,0.0,61.0,59.51428571428572,0,0.0,0.0,0.0,0.0,0.0,9,1.0,6842.3,6958.4,6921.6,6.5,5.2,15.4,21.8,57.4,8.9,11.9,0.0,DUSTY,68,FAIR,low retained moisture may produce dust or loose soil; 9 days since measurable precipitation,20,1
2026-10-07,McConkeys,Park City / PCMR,WG016,40.617956923480186,-111.52625119796232,8958.8,3,65.5,47.5,55.3,0.0,0.0,0.0,0.0,0.0,0.0,55.93333333333334,55.01428571428571,0,0.0,0.0,0.0,0.0,0.0,9,2.1,8486.4,9586.3,8958.8,14.0,13.8,26.4,1.1,3.2,40.3,55.4,0.0,DUSTY,68,FAIR,low retained moisture may produce dust or loose soil; 9 days since measurable precipitation,20,10
2026-10-07,McConkeys / Io Trail (Middle),Park City / PCMR,WG018,40.61168680632571,-111.53326494678502,9588.6,3,60.7,44.0,51.4,0.0,0.0,0.0,0.0,0.0,0.0,51.900000000000006,51.22857142857144,0,0.0,0.0,0.0,0.0,0.0,9,0.6,9432.6,9692.2,9588.6,19.8,24.9,29.9,72.5,0.0,7.8,19.6,0.0,DUSTY,68,FAIR,low retained moisture may produce dust or loose soil; 9 days since measurable precipitation,20,10
2026-10-07,McHenry Avenue,Deer Valley,WG031,40.640126864152855,-111.49219625319049,7274.9,3,72.9,53.5,61.3,0.0,0.0,0.0,0.0,0.0,0.0,62.2,61.271428571428565,0,0.0,0.0,0.0,0.0,0.0,9,0.3,7264.9,7287.3,7274.9,23.9,24.5,32.6,0.0,100.0,0.0,0.0,0.0,DUSTY,68,FAIR,low retained moisture may produce dust or loose soil; 9 days since measurable precipitation,20,2
2026-10-07,Mid-Mountain Connect,Park City / PCMR,WG036,40.63223012461414,-111.51309555497544,8201.7,3,67.9,50.3,57.6,0.0,0.0,0.0,0.0,0.0,0.0,58.6,57.81428571428571,0,0.0,0.0,0.0,0.0,0.0,9,0.1,8162.9,8233.9,8201.7,12.6,11.6,20.5,18.2,0.0,18.2,63.6,0.0,DUSTY,68,FAIR,low retained moisture may produce dust or loose soil; 9 days since measurable precipitation,20,10
2026-10-07,Mid-Mountain Trail,Park City / PCMR,WG036,40.64534582424172,-111.53118141177607,8168.3,3,67.9,50.3,57.6,0.0,0.0,0.0,0.0,0.0,0.0,58.6,57.81428571428571,0,0.0,0.0,0.0,0.0,0.0,9,18.5,7828.1,8515.6,8168.3,22.2,22.8,43.0,9.3,15.6,32.0,43.0,0.0,DUSTY,68,FAIR,low retained moisture may produce dust or loose soil; 9 days since measurable precipitation,20,10
2026-10-07,Milky Way,Jordanelle,WG042,40.65767372971338,-111.43373089841624,6795.1,3,76.1,49.9,61.5,0.0,0.0,0.0,0.0,0.0,0.0,61.9,61.02857142857143,0,0.0,0.0,0.0,0.0,0.0,9,1.2,6613.3,6963.5,6795.1,20.9,21.0,24.9,78.8,7.1,0.0,14.1,0.0,DUSTY,68,FAIR,low retained moisture may produce dust or loose soil; 9 days since measurable precipitation,20,1
2026-10-07,Milky Way / Two Rocks,Jordanelle,WG042,40.66056479638159,-111.42608338059031,6558.6,3,76.1,49.9,61.5,0.0,0.0,0.0,0.0,0.0,0.0,61.9,61.02857142857143,0,0.0,0.0,0.0,0.0,0.0,9,0.5,6482.8,6616.9,6558.6,17.8,17.5,24.0,64.3,0.0,0.0,35.7,0.0,DUSTY,68,FAIR,low retained moisture may produce dust or loose soil; 9 days since measurable precipitation,20,1
2026-10-07,Miner's Mile,Park City / PCMR,WG036,40.62728968091632,-111.51804021102016,8457.0,3,67.9,50.3,57.6,0.0,0.0,0.0,0.0,0.0,0.0,58.6,57.81428571428571,0,0.0,0.0,0.0,0.0,0.0,9,0.4,8340.5,8549.3,8457.0,7.8,7.9,11.2,0.0,0.0,21.6,78.4,0.0,DUSTY,68,FAIR,low retained moisture may produce dust or loose soil; 9 days since measurable precipitation,20,10
2026-10-07,Miss Billy's,Jeremy Ranch / Glenwild,WG059,40.69127466685039,-111.54016400735836,6614.6,3,75.4,43.8,60.1,0.0,0.0,0.0,0.0,0.0,0.0,59.8,58.34285714285715,0,0.0,0.0,0.0,0.0,0.0,9,1.1,6557.2,6663.6,6614.6,2.9,2.6,7.1,0.0,1.9,67.3,30.8,0.0,DUSTY,68,FAIR,low retained moisture may produce dust or loose soil; 9 days since measurable precipitation,20,7
2026-10-07,Mojave,Park City / PCMR,WG037,40.634971780917176,-111.5211432294971,8540.4,3,66.8,49.2,56.5,0.0,0.0,0.0,0.0,0.0,0.0,57.5,56.71428571428572,0,0.0,0.0,0.0,0.0,0.0,9,0.9,8364.7,8732.7,8540.4,18.7,19.2,30.2,0.0,86.7,13.3,0.0,0.0,DUSTY,68,FAIR,low retained moisture may produce dust or loose soil; 9 days since measurable precipitation,20,10
2026-10-07,Moose Hollow,Summit Park,WG088,40.76397899834495,-111.58866445905328,6467.6,3,75.0,50.6,62.0,0.0,0.0,0.0,0.0,0.0,0.0,62.66666666666666,61.52857142857143,0,0.0,0.0,0.0,0.0,0.0,9,1.0,6221.3,6678.6,6467.6,17.4,18.6,25.5,25.0,0.0,2.5,72.5,0.0,DUSTY,68,FAIR,low retained moisture may produce dust or loose soil; 9 days since measurable precipitation,20,1
2026-10-07,Moose Poop,Deer Valley,WG032,40.633538239133244,-111.50120248027572,7607.1,3,71.6,52.1,60.0,0.0,0.0,0.0,0.0,0.0,0.0,60.86666666666667,59.94285714285714,0,0.0,0.0,0.0,0.0,0.0,9,0.2,7512.7,7714.9,7607.1,15.5,14.9,25.8,20.0,0.0,5.0,75.0,0.0,DUSTY,68,FAIR,low retained moisture may produce dust or loose soil; 9 days since measurable precipitation,20,2
2026-10-07,Moose Tracks Trail,Park City / PCMR,WG009,40.59516414126596,-111.57427709390586,9258.1,3,63.1,45.0,53.5,0.0,0.0,0.0,0.0,0.0,0.0,54.16666666666666,53.48571428571428,0,0.0,0.0,0.0,0.0,0.0,9,0.9,9081.2,9389.1,9258.1,16.5,15.7,26.8,14.6,78.0,7.3,0.0,0.0,DUSTY,68,FAIR,low retained moisture may produce dust or loose soil; 9 days since measurable precipitation,20,10
2026-10-07,Moosebones,Deer Valley,WG013,40.61167254823319,-111.50326786094648,8857.2,3,65.6,47.6,55.4,0.0,0.0,0.0,0.0,0.0,0.0,56.06666666666666,55.12857142857143,0,0.0,0.0,0.0,0.0,0.0,9,0.9,8763.2,8943.9,8857.2,15.8,17.3,22.9,0.0,52.5,46.2,1.2,0.0,DUSTY,68,FAIR,low retained moisture may produce dust or loose soil; 9 days since measurable precipitation,20,2
2026-10-07,Moosehouse,Park City / PCMR,WG032,40.63204398195126,-111.5038481086022,7902.6,3,71.6,52.1,60.0,0.0,0.0,0.0,0.0,0.0,0.0,60.86666666666667,59.94285714285714,0,0.0,0.0,0.0,0.0,0.0,9,0.3,7714.9,8073.3,7902.6,16.2,18.9,24.8,7.7,0.0,65.4,26.9,0.0,DUSTY,68,FAIR,low retained moisture may produce dust or loose soil; 9 days since measurable precipitation,20,10
2026-10-07,Mother Urban,Deer Valley,WG032,40.63167066031289,-111.5034058570439,7904.1,3,71.6,52.1,60.0,0.0,0.0,0.0,0.0,0.0,0.0,60.86666666666667,59.94285714285714,0,0.0,0.0,0.0,0.0,0.0,9,2.4,7668.3,8272.5,7904.1,21.4,20.4,38.1,14.1,0.0,29.6,56.3,0.0,DUSTY,68,FAIR,low retained moisture may produce dust or loose soil; 9 days since measurable precipitation,20,2
2026-10-07,Mountain Ranch,Jeremy Ranch / Glenwild,WG066,40.719482563829935,-111.5082007499112,6453.3,3,76.7,46.0,60.6,0.0,0.0,0.0,0.0,0.0,0.0,60.66666666666666,59.41428571428571,0,0.0,0.0,0.0,0.0,0.0,9,0.2,6438.4,6472.3,6453.3,4.0,3.4,7.0,0.0,29.4,70.6,0.0,0.0,DUSTY,68,FAIR,low retained moisture may produce dust or loose soil; 9 days since measurable precipitation,20,7
2026-10-07,Mountain Ranch Estates,Round Valley,WG067,40.7173985998433,-111.50812726137713,6520.0,3,76.3,45.4,59.9,0.0,0.0,0.0,0.0,0.0,0.0,60.03333333333333,58.8,0,0.0,0.0,0.0,0.0,0.0,9,1.4,6426.1,6632.7,6520.0,5.2,4.4,19.0,6.8,30.8,50.4,12.0,0.0,DUSTY,68,FAIR,low retained moisture may produce dust or loose soil; 9 days since measurable precipitation,20,1
2026-10-07,Mountain Willow,Round Valley,WG067,40.71402930681007,-111.48565937361776,6571.7,3,76.3,45.4,59.9,0.0,0.0,0.0,0.0,0.0,0.0,60.03333333333333,58.8,0,0.0,0.0,0.0,0.0,0.0,9,0.4,6544.8,6592.9,6571.7,5.3,3.4,18.2,3.3,46.7,50.0,0.0,0.0,DUSTY,68,FAIR,low retained moisture may produce dust or loose soil; 9 days since measurable precipitation,20,1
2026-10-07,Mr Muchrocks,Round Valley,WG067,40.70904482572548,-111.50323360919846,6653.2,3,76.3,45.4,59.9,0.0,0.0,0.0,0.0,0.0,0.0,60.03333333333333,58.8,0,0.0,0.0,0.0,0.0,0.0,9,0.5,6604.6,6731.1,6653.2,11.8,11.9,20.3,52.7,43.6,0.0,3.6,0.0,DUSTY,68,FAIR,low retained moisture may produce dust or loose soil; 9 days since measurable precipitation,20,1
2026-10-07,NCS,Deer Valley,WG032,40.62911396321707,-111.4803727621932,7992.5,3,71.6,52.1,60.0,0.0,0.0,0.0,0.0,0.0,0.0,60.86666666666667,59.94285714285714,0,0.0,0.0,0.0,0.0,0.0,9,0.7,7538.6,8347.5,7992.5,21.0,19.3,37.7,0.0,6.2,70.3,23.4,0.0,DUSTY,68,FAIR,low retained moisture may produce dust or loose soil; 9 days since measurable precipitation,20,2
2026-10-07,Nick NAC,Round Valley,WG057,40.69210865876878,-111.490120990647,6959.3,3,75.7,49.4,60.7,0.0,0.0,0.0,0.0,0.0,0.0,61.0,59.51428571428572,0,0.0,0.0,0.0,0.0,0.0,9,0.1,6953.7,6971.6,6959.3,5.2,3.8,10.1,0.0,100.0,0.0,0.0,0.0,DUSTY,68,FAIR,low retained moisture may produce dust or loose soil; 9 days since measurable precipitation,20,1
2026-10-07,No Worries,Summit Park,WG081,40.73716048778493,-111.60234213265907,7289.1,3,71.0,52.4,61.2,0.0,0.0,0.0,0.0,0.0,0.0,62.36666666666667,61.614285714285714,0,0.0,0.0,0.0,0.0,0.0,9,2.1,6892.9,7679.1,7289.1,24.7,24.9,33.3,2.3,0.0,63.2,34.5,0.0,DUSTY,68,FAIR,low retained moisture may produce dust or loose soil; 9 days since measurable precipitation,20,1
2026-10-07,North 400 West,Jeremy Ranch / Glenwild,WG068,40.70279368500318,-111.51897621463831,6441.4,3,76.5,44.9,61.2,0.0,0.0,0.0,0.0,0.0,0.0,60.900000000000006,59.41428571428571,0,0.0,0.0,0.0,0.0,0.0,9,0.5,6427.3,6455.3,6441.4,1.2,1.0,3.2,0.0,7.3,53.7,39.0,0.0,DUSTY,68,FAIR,low retained moisture may produce dust or loose soil; 9 days since measurable precipitation,20,7
2026-10-07,North Ross Creek Trail,Jordanelle,WG041,40.66585897507511,-111.42082357173696,6405.0,3,78.7,49.9,62.6,0.0,0.0,0.0,0.0,0.0,0.0,63.2,62.42857142857143,0,0.0,0.0,0.0,0.0,0.0,9,0.8,6296.2,6565.5,6405.0,11.7,9.8,33.0,31.4,12.9,15.7,40.0,0.0,DUSTY,68,FAIR,low retained moisture may produce dust or loose soil; 9 days since measurable precipitation,20,1
2026-10-07,Nowhere Elks,Round Valley,WG058,40.69018989582584,-111.48311322310164,7036.6,3,75.0,48.8,60.2,0.0,0.0,0.0,0.0,0.0,0.0,60.43333333333334,58.92857142857143,0,0.0,0.0,0.0,0.0,0.0,9,1.3,6851.7,7128.6,7036.6,9.1,9.2,16.7,35.3,51.3,8.4,5.0,0.0,DUSTY,68,FAIR,low retained moisture may produce dust or loose soil; 9 days since measurable precipitation,20,1
2026-10-07,OMG,Deer Valley,WG032,40.631226274970665,-111.4973428195913,7571.3,3,71.6,52.1,60.0,0.0,0.0,0.0,0.0,0.0,0.0,60.86666666666667,59.94285714285714,0,0.0,0.0,0.0,0.0,0.0,9,0.3,7486.1,7662.1,7571.3,27.8,29.0,32.3,0.0,72.0,28.0,0.0,0.0,DUSTY,68,FAIR,low retained moisture may produce dust or loose soil; 9 days since measurable precipitation,20,2
2026-10-07,OMH,Pinebrook,WG070,40.71997692753587,-111.55773747935044,6677.5,3,75.7,47.2,60.7,0.0,0.0,0.0,0.0,0.0,0.0,61.06666666666666,59.785714285714285,0,0.0,0.0,0.0,0.0,0.0,9,0.9,6531.5,6827.5,6677.5,14.7,15.1,23.3,8.2,0.0,30.1,61.6,0.0,DUSTY,68,FAIR,low retained moisture may produce dust or loose soil; 9 days since measurable precipitation,20,4
2026-10-07,Oh Deer Flow,Jordanelle,WG041,40.66237367218405,-111.42118550237925,6403.1,3,78.7,49.9,62.6,0.0,0.0,0.0,0.0,0.0,0.0,63.2,62.42857142857143,0,0.0,0.0,0.0,0.0,0.0,9,0.6,6282.9,6510.0,6403.1,14.6,15.3,20.1,7.8,0.0,0.0,92.2,0.0,DUSTY,68,FAIR,low retained moisture may produce dust or loose soil; 9 days since measurable precipitation,20,1
2026-10-07,Old Homeward Bound,Deer Valley,WG012,40.61357496233911,-111.48964629692756,8441.1,3,68.4,50.9,58.4,0.0,0.0,0.0,0.0,0.0,0.0,59.03333333333333,57.97142857142857,0,0.0,0.0,0.0,0.0,0.0,9,0.7,8264.5,8597.2,8441.1,23.2,23.8,29.4,0.0,71.2,28.8,0.0,0.0,DUSTY,68,FAIR,low retained moisture may produce dust or loose soil; 9 days since measurable precipitation,20,2
2026-10-07,Old Skool,Deer Valley,WG032,40.631898683587,-111.48423208918877,7827.2,3,71.6,52.1,60.0,0.0,0.0,0.0,0.0,0.0,0.0,60.86666666666667,59.94285714285714,0,0.0,0.0,0.0,0.0,0.0,9,0.4,7642.0,7986.8,7827.2,13.0,12.6,19.9,0.0,2.8,91.7,5.6,0.0,DUSTY,68,FAIR,low retained moisture may produce dust or loose soil; 9 days since measurable precipitation,20,2
2026-10-07,Ontario Canyon,Deer Valley,WG013,40.61130277448227,-111.48755898005427,8755.1,3,65.6,47.6,55.4,0.0,0.0,0.0,0.0,0.0,0.0,56.06666666666666,55.12857142857143,0,0.0,0.0,0.0,0.0,0.0,9,2.0,8138.9,9327.9,8755.1,12.1,11.9,26.1,7.9,28.4,56.8,6.8,0.0,DUSTY,68,FAIR,low retained moisture may produce dust or loose soil; 9 days since measurable precipitation,20,2
2026-10-07,Ontario Ridge,Deer Valley,WG032,40.62821582013441,-111.49780973717266,7815.3,3,71.6,52.1,60.0,0.0,0.0,0.0,0.0,0.0,0.0,60.86666666666667,59.94285714285714,0,0.0,0.0,0.0,0.0,0.0,9,0.2,7722.8,7903.4,7815.3,9.9,9.9,15.1,0.0,0.0,57.1,42.9,0.0,DUSTY,68,FAIR,low retained moisture may produce dust or loose soil; 9 days since measurable precipitation,20,2
2026-10-07,Ore Cart,Deer Valley,WG015,40.621755910380834,-111.51139929264724,8146.4,3,68.0,50.4,57.7,0.0,0.0,0.0,0.0,0.0,0.0,58.70000000000001,57.91428571428572,0,0.0,0.0,0.0,0.0,0.0,9,0.3,8064.8,8251.4,8146.4,22.7,23.7,28.3,25.0,0.0,0.0,75.0,0.0,DUSTY,68,FAIR,low retained moisture may produce dust or loose soil; 9 days since measurable precipitation,20,2
2026-10-07,Outlook,Deer Valley,WG029,40.63657831428653,-111.4685462481628,7646.2,3,71.9,52.5,60.3,0.0,0.0,0.0,0.0,0.0,0.0,61.23333333333333,60.31428571428571,0,0.0,0.0,0.0,0.0,0.0,9,0.5,7621.6,7707.0,7646.2,21.5,20.9,30.1,0.0,13.3,51.1,35.6,0.0,DUSTY,68,FAIR,low retained moisture may produce dust or loose soil; 9 days since measurable precipitation,20,2
2026-10-07,Pale Green Dot,Summit Park,WG078,40.74689592786439,-111.59182437672968,6802.1,3,74.3,49.6,61.1,0.0,0.0,0.0,0.0,0.0,0.0,61.66666666666666,60.5,0,0.0,0.0,0.0,0.0,0.0,9,1.0,6633.4,6985.9,6802.1,16.5,16.0,25.2,0.0,69.6,27.8,2.5,0.0,DUSTY,68,FAIR,low retained moisture may produce dust or loose soil; 9 days since measurable precipitation,20,1
2026-10-07,Parley's Lane,Summit Park,WG089,40.75375624958085,-111.59849347383722,6719.0,3,74.6,49.9,61.4,0.0,0.0,0.0,0.0,0.0,0.0,61.96666666666667,60.81428571428573,0,0.0,0.0,0.0,0.0,0.0,9,1.0,6641.6,6766.5,6719.0,9.3,8.9,19.0,33.7,2.3,19.8,44.2,0.0,DUSTY,68,FAIR,low retained moisture may produce dust or loose soil; 9 days since measurable precipitation,20,1
2026-10-07,Payday,Park City / PCMR,WG035,40.64053545819342,-111.51124538504462,7598.1,3,71.9,52.2,60.1,0.0,0.0,0.0,0.0,0.0,0.0,61.29999999999999,60.2,0,0.0,0.0,0.0,0.0,0.0,9,1.7,7139.7,8117.7,7598.1,11.4,11.3,22.6,0.0,16.6,75.9,7.6,0.0,DUSTY,68,FAIR,low retained moisture may produce dust or loose soil; 9 days since measurable precipitation,20,10
2026-10-07,Payroll,Deer Valley,WG013,40.61095393430099,-111.5094443089702,8630.4,3,65.6,47.6,55.4,0.0,0.0,0.0,0.0,0.0,0.0,56.06666666666666,55.12857142857143,0,0.0,0.0,0.0,0.0,0.0,9,0.3,8529.1,8727.3,8630.4,18.9,19.2,27.9,0.0,3.4,13.8,82.8,0.0,DUSTY,68,FAIR,low retained moisture may produce dust or loose soil; 9 days since measurable precipitation,20,2
2026-10-07,Pedalers Inn,Deer Valley,WG012,40.61923438649311,-111.4865707901735,8286.8,3,68.4,50.9,58.4,0.0,0.0,0.0,0.0,0.0,0.0,59.03333333333333,57.97142857142857,0,0.0,0.0,0.0,0.0,0.0,9,0.3,8165.9,8405.8,8286.8,16.8,17.9,22.3,0.0,8.3,91.7,0.0,0.0,DUSTY,68,FAIR,low retained moisture may produce dust or loose soil; 9 days since measurable precipitation,20,2
2026-10-07,Perrier Pass,Park City / PCMR,WG017,40.61814002894983,-111.53826776190397,9445.9,3,63.0,46.6,53.3,0.0,0.0,0.0,0.0,0.0,0.0,54.1,53.4,0,0.0,0.0,0.0,0.0,0.0,9,0.1,9397.1,9469.1,9445.9,21.9,24.1,25.7,0.0,0.0,90.9,9.1,0.0,DUSTY,68,FAIR,low retained moisture may produce dust or loose soil; 9 days since measurable precipitation,20,10
2026-10-07,Pinebrook Point,Pinebrook,WG089,40.75079411917499,-111.57994193527573,6623.3,3,74.6,49.9,61.4,0.0,0.0,0.0,0.0,0.0,0.0,61.96666666666667,60.81428571428573,0,0.0,0.0,0.0,0.0,0.0,9,0.3,6553.0,6684.0,6623.3,12.0,11.9,19.3,0.0,0.0,11.5,88.5,0.0,DUSTY,68,FAIR,low retained moisture may produce dust or loose soil; 9 days since measurable precipitation,20,4
2026-10-07,Pinebrook Pointe South,Pinebrook,WG078,40.74959135152933,-111.5795998040212,6632.5,3,74.3,49.6,61.1,0.0,0.0,0.0,0.0,0.0,0.0,61.66666666666666,60.5,0,0.0,0.0,0.0,0.0,0.0,9,0.1,6602.3,6649.2,6632.5,13.9,11.6,22.3,0.0,0.0,54.5,45.5,0.0,DUSTY,68,FAIR,low retained moisture may produce dust or loose soil; 9 days since measurable precipitation,20,4
2026-10-07,Pinebrook Southeast Perimeter / Hunter's Trail of the Mid Mountain,Pinebrook,WG072,40.71419878562093,-111.5896757552273,7875.5,3,69.5,50.9,59.7,0.0,0.0,0.0,0.0,0.0,0.0,60.86666666666667,60.12857142857143,0,0.0,0.0,0.0,0.0,0.0,9,4.5,7281.3,8136.4,7875.5,23.6,23.4,40.6,8.7,12.8,35.0,43.4,0.0,DUSTY,68,FAIR,low retained moisture may produce dust or loose soil; 9 days since measurable precipitation,20,4
2026-10-07,Pinebrook Southeast Perimeter Trail,Pinebrook,WG078,40.73058687532795,-111.57244227312069,6947.5,3,74.3,49.6,61.1,0.0,0.0,0.0,0.0,0.0,0.0,61.66666666666666,60.5,0,0.0,0.0,0.0,0.0,0.0,9,3.9,6418.7,7454.2,6947.5,22.5,22.0,36.2,48.1,1.6,18.4,31.9,0.0,DUSTY,68,FAIR,low retained moisture may produce dust or loose soil; 9 days since measurable precipitation,20,4
2026-10-07,Pioneer Ridge,Park City / PCMR,WG018,40.61649374604546,-111.53892521633333,9598.5,3,60.7,44.0,51.4,0.0,0.0,0.0,0.0,0.0,0.0,51.900000000000006,51.22857142857144,0,0.0,0.0,0.0,0.0,0.0,9,0.8,9398.0,9865.2,9598.5,17.9,16.4,31.7,2.9,10.0,58.6,28.6,0.0,DUSTY,68,FAIR,low retained moisture may produce dust or loose soil; 9 days since measurable precipitation,20,10
2026-10-07,Pipeline,Deer Valley,WG028,40.63885618836171,-111.46966538134832,7356.9,3,73.3,53.8,61.7,0.0,0.0,0.0,0.0,0.0,0.0,62.6,61.67142857142858,0,0.0,0.0,0.0,0.0,0.0,9,1.7,7071.0,7635.0,7356.9,21.4,21.4,30.9,0.0,18.4,81.6,0.0,0.0,DUSTY,68,FAIR,low retained moisture may produce dust or loose soil; 9 days since measurable precipitation,20,2
2026-10-07,Pointy Rocks,Deer Valley,WG031,40.63679995846106,-111.48172224533342,7428.0,3,72.9,53.5,61.3,0.0,0.0,0.0,0.0,0.0,0.0,62.2,61.271428571428565,0,0.0,0.0,0.0,0.0,0.0,9,0.2,7323.2,7519.3,7428.0,22.1,22.9,31.8,0.0,0.0,11.1,88.9,0.0,DUSTY,68,FAIR,low retained moisture may produce dust or loose soil; 9 days since measurable precipitation,20,2
2026-10-07,PorcUclimb,Round Valley,WG058,40.69402326414524,-111.48517031749344,7064.7,3,75.0,48.8,60.2,0.0,0.0,0.0,0.0,0.0,0.0,60.43333333333334,58.92857142857143,0,0.0,0.0,0.0,0.0,0.0,9,0.8,7000.3,7127.6,7064.7,6.1,5.6,12.3,21.7,75.4,2.9,0.0,0.0,DUSTY,68,FAIR,low retained moisture may produce dust or loose soil; 9 days since measurable precipitation,20,1
2026-10-07,Powerline,Pinebrook,WG078,40.74237998272819,-111.5716363238219,6548.4,3,74.3,49.6,61.1,0.0,0.0,0.0,0.0,0.0,0.0,61.66666666666666,60.5,0,0.0,0.0,0.0,0.0,0.0,9,0.3,6493.6,6609.7,6548.4,15.7,15.5,21.0,0.0,0.0,25.8,74.2,0.0,DUSTY,68,FAIR,low retained moisture may produce dust or loose soil; 9 days since measurable precipitation,20,4
2026-10-07,Powerline Connector,Pinebrook,WG078,40.74298978990414,-111.5728828415412,6585.6,3,74.3,49.6,61.1,0.0,0.0,0.0,0.0,0.0,0.0,61.66666666666666,60.5,0,0.0,0.0,0.0,0.0,0.0,9,0.1,6554.5,6626.1,6585.6,17.9,18.6,21.5,0.0,0.0,46.2,53.8,0.0,DUSTY,68,FAIR,low retained moisture may produce dust or loose soil; 9 days since measurable precipitation,20,4
2026-10-07,Powerline Trail,Park City / PCMR,WG036,40.63015217582808,-111.53743024085954,8362.6,3,67.9,50.3,57.6,0.0,0.0,0.0,0.0,0.0,0.0,58.6,57.81428571428571,0,0.0,0.0,0.0,0.0,0.0,9,0.6,8185.7,8545.6,8362.6,13.0,13.1,19.1,0.0,3.6,7.3,89.1,0.0,DUSTY,68,FAIR,low retained moisture may produce dust or loose soil; 9 days since measurable precipitation,20,10
2026-10-07,Practice Loops,Round Valley,WG055,40.68336469607561,-111.47532267974417,6752.0,3,76.4,47.2,60.3,0.0,0.0,0.0,0.0,0.0,0.0,60.66666666666666,59.57142857142857,0,0.0,0.0,0.0,0.0,0.0,9,0.6,6717.5,6795.3,6752.0,6.6,6.5,8.7,76.5,0.0,0.0,23.5,0.0,DUSTY,68,FAIR,low retained moisture may produce dust or loose soil; 9 days since measurable precipitation,20,1
2026-10-07,Preserve Connector,Jeremy Ranch / Glenwild,WG087,40.76330147562161,-111.54585203221042,7230.0,3,72.1,51.6,60.6,0.0,0.0,0.0,0.0,0.0,0.0,61.6,60.31428571428573,0,0.0,0.0,0.0,0.0,0.0,9,0.9,7066.5,7395.2,7230.0,18.8,19.4,29.7,28.9,68.4,1.3,1.3,0.0,DUSTY,68,FAIR,low retained moisture may produce dust or loose soil; 9 days since measurable precipitation,20,7
2026-10-07,Princess Di's,Clark Ranch,WG083,40.751465442037045,-111.43628535405452,6858.8,3,75.5,50.0,61.0,0.0,0.0,0.0,0.0,0.0,0.0,61.76666666666667,60.52857142857143,0,0.0,0.0,0.0,0.0,0.0,9,2.9,6662.7,7029.2,6858.8,17.2,17.8,28.0,32.1,1.3,27.8,38.9,0.0,DUSTY,68,FAIR,low retained moisture may produce dust or loose soil; 9 days since measurable precipitation,20,1
2026-10-07,Prospect,Deer Valley,WG031,40.63405408516434,-111.49547333835608,7482.8,3,72.9,53.5,61.3,0.0,0.0,0.0,0.0,0.0,0.0,62.2,61.271428571428565,0,0.0,0.0,0.0,0.0,0.0,9,0.6,7306.8,7711.1,7482.8,11.0,10.3,21.4,0.0,19.2,78.8,1.9,0.0,DUSTY,68,FAIR,low retained moisture may produce dust or loose soil; 9 days since measurable precipitation,20,2
2026-10-07,Pulp Friction,Round Valley,WG057,40.69884233324062,-111.50344523686547,6681.3,3,75.7,49.4,60.7,0.0,0.0,0.0,0.0,0.0,0.0,61.0,59.51428571428572,0,0.0,0.0,0.0,0.0,0.0,9,1.4,6472.9,6878.8,6681.3,15.2,16.9,28.3,11.4,76.3,11.4,0.9,0.0,DUSTY,68,FAIR,low retained moisture may produce dust or loose soil; 9 days since measurable precipitation,20,1
2026-10-07,Putty Tat Trail,Jordanelle,WG001,40.59267845848291,-111.40267007297948,6514.0,3,76.4,50.6,62.0,0.0,0.0,0.0,0.0,0.0,0.0,62.333333333333336,61.58571428571428,0,0.0,0.0,0.0,0.0,0.0,9,0.6,6468.3,6590.1,6514.0,10.5,9.5,25.2,0.0,30.6,59.2,10.2,0.0,DUSTY,68,FAIR,low retained moisture may produce dust or loose soil; 9 days since measurable precipitation,20,1
2026-10-07,Quinn's Connect,Round Valley,WG055,40.68185946906874,-111.4726829059293,6720.8,3,76.4,47.2,60.3,0.0,0.0,0.0,0.0,0.0,0.0,60.66666666666666,59.57142857142857,0,0.0,0.0,0.0,0.0,0.0,9,0.5,6686.8,6763.4,6720.8,8.1,6.3,17.0,34.8,28.3,23.9,13.0,0.0,DUSTY,68,FAIR,low retained moisture may produce dust or loose soil; 9 days since measurable precipitation,20,1
2026-10-07,RTS,Jeremy Ranch / Glenwild,WG070,40.71664642216084,-111.55523569599896,6598.1,3,75.7,47.2,60.7,0.0,0.0,0.0,0.0,0.0,0.0,61.06666666666666,59.785714285714285,0,0.0,0.0,0.0,0.0,0.0,9,2.6,6478.1,6718.6,6598.1,7.8,7.2,18.3,2.1,0.0,22.3,75.5,0.0,DUSTY,68,FAIR,low retained moisture may produce dust or loose soil; 9 days since measurable precipitation,20,7
2026-10-07,RTS / BLT,Jeremy Ranch / Glenwild,WG070,40.71544842193981,-111.5580228733734,6768.3,3,75.7,47.2,60.7,0.0,0.0,0.0,0.0,0.0,0.0,61.06666666666666,59.785714285714285,0,0.0,0.0,0.0,0.0,0.0,9,0.4,6711.6,6827.5,6768.3,17.1,17.3,28.4,10.0,0.0,6.7,83.3,0.0,DUSTY,68,FAIR,low retained moisture may produce dust or loose soil; 9 days since measurable precipitation,20,7
2026-10-07,Rademan Ridge,Round Valley,WG057,40.69522706920315,-111.49835765815162,6895.6,3,75.7,49.4,60.7,0.0,0.0,0.0,0.0,0.0,0.0,61.0,59.51428571428572,0,0.0,0.0,0.0,0.0,0.0,9,1.3,6783.4,6991.2,6895.6,6.0,4.0,15.0,38.5,27.0,26.2,8.2,0.0,DUSTY,68,FAIR,low retained moisture may produce dust or loose soil; 9 days since measurable precipitation,20,1
2026-10-07,Ramble On,Round Valley,WG067,40.70159467934347,-111.48028465593316,6781.5,3,76.3,45.4,59.9,0.0,0.0,0.0,0.0,0.0,0.0,60.03333333333333,58.8,0,0.0,0.0,0.0,0.0,0.0,9,2.8,6720.6,6841.6,6781.5,11.0,10.2,23.4,0.0,6.4,48.9,44.7,0.0,DUSTY,68,FAIR,low retained moisture may produce dust or loose soil; 9 days since measurable precipitation,20,1
2026-10-07,Rambler,Round Valley,WG057,40.69772226627651,-111.49065578495473,6809.2,3,75.7,49.4,60.7,0.0,0.0,0.0,0.0,0.0,0.0,61.0,59.51428571428572,0,0.0,0.0,0.0,0.0,0.0,9,5.4,6468.6,7063.9,6809.2,10.5,9.3,23.6,8.4,41.3,24.2,26.1,0.0,DUSTY,68,FAIR,low retained moisture may produce dust or loose soil; 9 days since measurable precipitation,20,1
2026-10-07,Rambler DT,Round Valley,WG056,40.699080350519786,-111.50674680507665,6485.7,3,76.6,45.9,60.6,0.0,0.0,0.0,0.0,0.0,0.0,60.6,59.371428571428574,0,0.0,0.0,0.0,0.0,0.0,9,0.2,6470.0,6508.3,6485.7,12.3,12.3,16.9,0.0,100.0,0.0,0.0,0.0,DUSTY,68,FAIR,low retained moisture may produce dust or loose soil; 9 days since measurable precipitation,20,1
2026-10-07,Red Bull,Park City / PCMR,WG035,40.63958635838598,-111.51326842477698,7769.0,3,71.9,52.2,60.1,0.0,0.0,0.0,0.0,0.0,0.0,61.29999999999999,60.2,0,0.0,0.0,0.0,0.0,0.0,9,1.2,7139.7,8293.6,7769.0,19.0,20.4,29.9,0.0,0.0,48.6,51.4,0.0,DUSTY,68,FAIR,low retained moisture may produce dust or loose soil; 9 days since measurable precipitation,20,10
2026-10-07,Regulator Trail,Deer Valley,WG033,40.62910164594688,-111.48142418804063,8033.8,3,68.7,51.1,58.4,0.0,0.0,0.0,0.0,0.0,0.0,59.400000000000006,58.614285714285714,0,0.0,0.0,0.0,0.0,0.0,9,1.4,7733.1,8330.3,8033.8,22.2,21.4,35.8,0.0,25.0,66.7,8.3,0.0,DUSTY,68,FAIR,low retained moisture may produce dust or loose soil; 9 days since measurable precipitation,20,2
2026-10-07,Richochet,Park City / PCMR,WG062,40.68638148266805,-111.57139393545772,7468.3,3,71.4,53.2,60.7,0.0,0.0,0.0,0.0,0.0,0.0,62.26666666666667,61.25714285714286,0,0.0,0.0,0.0,0.0,0.0,9,2.5,6918.4,8101.8,7468.3,22.5,22.8,36.7,0.0,1.4,60.1,38.5,0.0,DUSTY,68,FAIR,low retained moisture may produce dust or loose soil; 9 days since measurable precipitation,20,10
2026-10-07,Rinse Cycle Trail,Deer Valley,WG028,40.62990230274806,-111.45944053119273,7191.1,3,73.3,53.8,61.7,0.0,0.0,0.0,0.0,0.0,0.0,62.6,61.67142857142858,0,0.0,0.0,0.0,0.0,0.0,9,2.6,6863.6,7603.9,7191.1,21.5,21.4,33.6,18.3,0.0,16.4,65.3,0.0,DUSTY,68,FAIR,low retained moisture may produce dust or loose soil; 9 days since measurable precipitation,20,2
2026-10-07,Ripple Trail,Deer Valley,WG029,40.63554405253732,-111.47490110184252,7588.0,3,71.9,52.5,60.3,0.0,0.0,0.0,0.0,0.0,0.0,61.23333333333333,60.31428571428571,0,0.0,0.0,0.0,0.0,0.0,9,2.6,7239.4,7945.4,7588.0,19.9,19.6,34.1,0.0,28.5,45.5,26.0,0.0,DUSTY,68,FAIR,low retained moisture may produce dust or loose soil; 9 days since measurable precipitation,20,2
2026-10-07,Riverview West Trail,Jordanelle,WG001,40.58565113588149,-111.41386481977428,6730.6,3,76.4,50.6,62.0,0.0,0.0,0.0,0.0,0.0,0.0,62.333333333333336,61.58571428571428,0,0.0,0.0,0.0,0.0,0.0,9,1.8,6501.9,6978.6,6730.6,18.7,20.9,27.7,11.7,51.9,33.1,3.2,0.0,DUSTY,68,FAIR,low retained moisture may produce dust or loose soil; 9 days since measurable precipitation,20,1
2026-10-07,Road to WOS,Summit Park,WG082,40.73344363030311,-111.61407104321202,7712.2,3,69.6,51.0,59.8,0.0,0.0,0.0,0.0,0.0,0.0,60.96666666666666,60.21428571428572,0,0.0,0.0,0.0,0.0,0.0,9,2.8,7391.3,7924.7,7712.2,25.7,27.6,35.9,0.0,13.6,79.2,7.2,0.0,DUSTY,68,FAIR,low retained moisture may produce dust or loose soil; 9 days since measurable precipitation,20,1
2026-10-07,Rob's Trail,Pinebrook,WG063,40.69704664952428,-111.5702364046946,7584.0,3,71.3,52.2,59.7,0.0,0.0,0.0,0.0,0.0,0.0,61.23333333333333,60.18571428571429,0,0.0,0.0,0.0,0.0,0.0,9,2.1,7146.5,7923.4,7584.0,25.6,26.0,35.1,18.2,1.1,75.0,5.7,0.0,DUSTY,68,FAIR,low retained moisture may produce dust or loose soil; 9 days since measurable precipitation,20,4
2026-10-07,RocMon,Round Valley,WG055,40.68788668982749,-111.4548390225179,6677.5,3,76.4,47.2,60.3,0.0,0.0,0.0,0.0,0.0,0.0,60.66666666666666,59.57142857142857,0,0.0,0.0,0.0,0.0,0.0,9,0.6,6571.6,6786.6,6677.5,15.4,14.0,24.5,10.9,89.1,0.0,0.0,0.0,DUSTY,68,FAIR,low retained moisture may produce dust or loose soil; 9 days since measurable precipitation,20,1
2026-10-07,Rogue Rider Trail,Park City / PCMR,WG020,40.60699361060532,-111.56187339427328,9423.9,3,62.7,46.3,53.0,0.0,0.0,0.0,0.0,0.0,0.0,53.833333333333336,53.12857142857143,0,0.0,0.0,0.0,0.0,0.0,9,2.2,9049.7,9871.9,9423.9,16.5,15.5,29.0,0.5,27.8,71.7,0.0,0.0,DUSTY,68,FAIR,low retained moisture may produce dust or loose soil; 9 days since measurable precipitation,20,10
2026-10-07,Rosebud,Park City / PCMR,WG036,40.63966083548988,-111.52257618003053,8390.4,3,67.9,50.3,57.6,0.0,0.0,0.0,0.0,0.0,0.0,58.6,57.81428571428571,0,0.0,0.0,0.0,0.0,0.0,9,0.4,8315.5,8439.7,8390.4,17.4,16.4,24.9,0.0,75.7,24.3,0.0,0.0,DUSTY,68,FAIR,low retained moisture may produce dust or loose soil; 9 days since measurable precipitation,20,10
2026-10-07,Rossi Hill Trail,Deer Valley,WG031,40.63808222920599,-111.4919292526201,7341.8,3,72.9,53.5,61.3,0.0,0.0,0.0,0.0,0.0,0.0,62.2,61.271428571428565,0,0.0,0.0,0.0,0.0,0.0,9,1.5,7288.7,7458.0,7341.8,18.8,19.8,32.7,0.0,56.0,41.0,3.0,0.0,DUSTY,68,FAIR,low retained moisture may produce dust or loose soil; 9 days since measurable precipitation,20,2
2026-10-07,Round Valley Connect,Round Valley,WG067,40.70875221615484,-111.50427592382064,6606.7,3,76.3,45.4,59.9,0.0,0.0,0.0,0.0,0.0,0.0,60.03333333333333,58.8,0,0.0,0.0,0.0,0.0,0.0,9,0.1,6573.7,6646.8,6606.7,9.1,9.4,12.2,81.2,6.2,0.0,12.5,0.0,DUSTY,68,FAIR,low retained moisture may produce dust or loose soil; 9 days since measurable precipitation,20,1
2026-10-07,Round Valley Connector,Round Valley,WG067,40.709506874143365,-111.48774034228174,6611.3,3,76.3,45.4,59.9,0.0,0.0,0.0,0.0,0.0,0.0,60.03333333333333,58.8,0,0.0,0.0,0.0,0.0,0.0,9,1.9,6533.0,6760.4,6611.3,4.1,2.8,11.2,1.7,59.1,38.1,1.1,0.0,DUSTY,68,FAIR,low retained moisture may produce dust or loose soil; 9 days since measurable precipitation,20,1
2026-10-07,Round Valley Express,Round Valley,WG057,40.69308554123404,-111.4897696424948,6812.1,3,75.7,49.4,60.7,0.0,0.0,0.0,0.0,0.0,0.0,61.0,59.51428571428572,0,0.0,0.0,0.0,0.0,0.0,9,3.7,6624.2,6963.0,6812.1,5.9,5.2,20.9,29.7,16.3,32.9,21.1,0.0,DUSTY,68,FAIR,low retained moisture may produce dust or loose soil; 9 days since measurable precipitation,20,1
2026-10-07,Rusty Shovel,Round Valley,WG057,40.69776625143012,-111.4804885556652,6868.8,3,75.7,49.4,60.7,0.0,0.0,0.0,0.0,0.0,0.0,61.0,59.51428571428572,0,0.0,0.0,0.0,0.0,0.0,9,1.7,6727.2,7062.5,6868.8,10.0,9.9,18.9,8.9,0.0,54.8,36.3,0.0,DUSTY,68,FAIR,low retained moisture may produce dust or loose soil; 9 days since measurable precipitation,20,1
2026-10-07,Rusty Spur,Round Valley,WG065,40.70159189598121,-111.4765958017646,6731.2,3,76.2,46.4,60.1,0.0,0.0,0.0,0.0,0.0,0.0,60.46666666666667,59.3,0,0.0,0.0,0.0,0.0,0.0,9,0.1,6714.0,6747.5,6731.2,10.1,10.0,11.8,0.0,0.0,0.0,100.0,0.0,DUSTY,68,FAIR,low retained moisture may produce dust or loose soil; 9 days since measurable precipitation,20,1
2026-10-07,SOS,Park City / PCMR,WG046,40.666448184385416,-111.48116864087982,6803.8,3,75.8,51.9,62.1,0.0,0.0,0.0,0.0,0.0,0.0,62.66666666666666,61.34285714285714,0,0.0,0.0,0.0,0.0,0.0,9,0.3,6720.9,6916.3,6803.8,13.6,14.3,26.1,0.0,8.7,78.3,13.0,0.0,DUSTY,68,FAIR,low retained moisture may produce dust or loose soil; 9 days since measurable precipitation,20,10
2026-10-07,SQ Connector Trail,Round Valley,WG055,40.68949659271035,-111.47067515084642,6728.8,3,76.4,47.2,60.3,0.0,0.0,0.0,0.0,0.0,0.0,60.66666666666666,59.57142857142857,0,0.0,0.0,0.0,0.0,0.0,9,0.3,6689.9,6760.9,6728.8,6.3,5.8,15.7,15.4,0.0,0.0,84.6,0.0,DUSTY,68,FAIR,low retained moisture may produce dust or loose soil; 9 days since measurable precipitation,20,1
2026-10-07,Sam's Trail,Deer Valley,WG012,40.61912724197413,-111.50964994268364,8145.3,3,68.4,50.9,58.4,0.0,0.0,0.0,0.0,0.0,0.0,59.03333333333333,57.97142857142857,0,0.0,0.0,0.0,0.0,0.0,9,0.9,8032.3,8261.1,8145.3,21.8,22.0,27.6,0.0,47.5,13.8,38.8,0.0,DUSTY,68,FAIR,low retained moisture may produce dust or loose soil; 9 days since measurable precipitation,20,2
2026-10-07,Saved By The Bell,Round Valley,WG067,40.71689792497153,-111.49958806368429,6568.5,3,76.3,45.4,59.9,0.0,0.0,0.0,0.0,0.0,0.0,60.03333333333333,58.8,0,0.0,0.0,0.0,0.0,0.0,9,1.3,6511.5,6665.6,6568.5,9.7,10.4,18.0,15.0,85.0,0.0,0.0,0.0,DUSTY,68,FAIR,low retained moisture may produce dust or loose soil; 9 days since measurable precipitation,20,1
2026-10-07,Scott's Bypass,Park City / PCMR,WG021,40.612047856355446,-111.55918064050742,9658.7,3,60.6,43.8,51.2,0.0,0.0,0.0,0.0,0.0,0.0,51.7,51.057142857142864,0,0.0,0.0,0.0,0.0,0.0,9,1.4,9481.4,9770.8,9658.7,20.2,20.1,35.8,21.1,69.3,9.6,0.0,0.0,DUSTY,68,FAIR,low retained moisture may produce dust or loose soil; 9 days since measurable precipitation,20,10
2026-10-07,Secret of My Success Trail,Deer Valley,WG033,40.62597453280468,-111.48566192002252,8293.6,3,68.7,51.1,58.4,0.0,0.0,0.0,0.0,0.0,0.0,59.400000000000006,58.614285714285714,0,0.0,0.0,0.0,0.0,0.0,9,0.4,8228.9,8353.6,8293.6,19.1,20.0,25.2,0.0,59.5,40.5,0.0,0.0,DUSTY,68,FAIR,low retained moisture may produce dust or loose soil; 9 days since measurable precipitation,20,2
2026-10-07,Seldom Seen,Park City / PCMR,WG034,40.64892938917546,-111.51571616491609,7435.6,3,73.0,53.5,61.5,0.0,0.0,0.0,0.0,0.0,0.0,62.633333333333326,61.52857142857143,0,0.0,0.0,0.0,0.0,0.0,9,1.9,7104.9,7720.5,7435.6,20.5,19.1,37.4,0.6,9.2,19.0,71.2,0.0,DUSTY,68,FAIR,low retained moisture may produce dust or loose soil; 9 days since measurable precipitation,20,10
2026-10-07,Seventy 101,Round Valley,WG057,40.68968411592925,-111.49103639156762,6974.3,3,75.7,49.4,60.7,0.0,0.0,0.0,0.0,0.0,0.0,61.0,59.51428571428572,0,0.0,0.0,0.0,0.0,0.0,9,0.4,6955.8,7036.1,6974.3,3.6,2.9,8.3,23.1,17.9,46.2,12.8,0.0,DUSTY,68,FAIR,low retained moisture may produce dust or loose soil; 9 days since measurable precipitation,20,1
2026-10-07,Shadow Lake,Park City / PCMR,WG020,40.61596037279941,-111.55009628848111,9179.4,3,62.7,46.3,53.0,0.0,0.0,0.0,0.0,0.0,0.0,53.833333333333336,53.12857142857143,0,0.0,0.0,0.0,0.0,0.0,9,0.8,9037.5,9310.6,9179.4,15.7,14.4,34.6,8.3,15.3,41.7,34.7,0.0,DUSTY,68,FAIR,low retained moisture may produce dust or loose soil; 9 days since measurable precipitation,20,10
2026-10-07,Shenanigans,Deer Valley,WG012,40.62034189886961,-111.49849814997506,8237.7,3,68.4,50.9,58.4,0.0,0.0,0.0,0.0,0.0,0.0,59.03333333333333,57.97142857142857,0,0.0,0.0,0.0,0.0,0.0,9,0.2,8225.2,8255.4,8237.7,16.3,16.2,19.8,0.0,0.0,85.7,14.3,0.0,DUSTY,68,FAIR,low retained moisture may produce dust or loose soil; 9 days since measurable precipitation,20,2
2026-10-07,Short Fuse,Park City / PCMR,WG036,40.6346970517688,-111.52339576593836,8439.4,3,67.9,50.3,57.6,0.0,0.0,0.0,0.0,0.0,0.0,58.6,57.81428571428571,0,0.0,0.0,0.0,0.0,0.0,9,0.3,8340.4,8526.1,8439.4,19.4,21.8,26.7,0.0,3.7,77.8,18.5,0.0,DUSTY,68,FAIR,low retained moisture may produce dust or loose soil; 9 days since measurable precipitation,20,10
2026-10-07,Short Ribs,Summit Park,WG082,40.7348537895427,-111.62048055745409,7705.3,3,69.6,51.0,59.8,0.0,0.0,0.0,0.0,0.0,0.0,60.96666666666666,60.21428571428572,0,0.0,0.0,0.0,0.0,0.0,9,0.2,7670.7,7741.2,7705.3,24.0,23.9,30.9,0.0,0.0,0.0,100.0,0.0,DUSTY,68,FAIR,low retained moisture may produce dust or loose soil; 9 days since measurable precipitation,20,1
2026-10-07,Short Stack,Summit Park,WG082,40.73936874753804,-111.6200542747078,7652.8,3,69.6,51.0,59.8,0.0,0.0,0.0,0.0,0.0,0.0,60.96666666666666,60.21428571428572,0,0.0,0.0,0.0,0.0,0.0,9,1.5,7374.7,7830.5,7652.8,26.7,26.7,36.8,7.1,0.0,43.3,49.6,0.0,DUSTY,68,FAIR,low retained moisture may produce dust or loose soil; 9 days since measurable precipitation,20,1
2026-10-07,Silver Creek Trail,Round Valley,WG074,40.728195917662575,-111.48449884114967,6494.3,3,76.6,47.3,60.9,0.0,0.0,0.0,0.0,0.0,0.0,61.46666666666667,60.41428571428572,0,0.0,0.0,0.0,0.0,0.0,9,1.5,6472.0,6522.3,6494.3,3.4,3.1,9.1,28.0,14.4,15.2,42.4,0.0,DUSTY,68,FAIR,low retained moisture may produce dust or loose soil; 9 days since measurable precipitation,20,1
2026-10-07,Silver Gate,Round Valley,WG073,40.72728013881357,-111.46748664430804,6513.4,3,76.9,47.1,60.9,0.0,0.0,0.0,0.0,0.0,0.0,61.23333333333333,60.08571428571428,0,0.0,0.0,0.0,0.0,0.0,9,0.4,6510.4,6517.6,6513.4,1.6,1.5,3.8,20.9,62.8,16.3,0.0,0.0,DUSTY,68,FAIR,low retained moisture may produce dust or loose soil; 9 days since measurable precipitation,20,1
2026-10-07,Silver Queen,Park City / PCMR,WG037,40.63391819864852,-111.51755091640152,8558.9,3,66.8,49.2,56.5,0.0,0.0,0.0,0.0,0.0,0.0,57.5,56.71428571428572,0,0.0,0.0,0.0,0.0,0.0,9,1.0,8376.5,8720.1,8558.9,22.5,23.1,30.5,2.5,0.0,0.0,97.5,0.0,DUSTY,68,FAIR,low retained moisture may produce dust or loose soil; 9 days since measurable precipitation,20,10
2026-10-07,Silver Spur,Park City / PCMR,WG049,40.65266965116334,-111.5117818738982,6980.8,3,75.3,51.6,61.9,0.0,0.0,0.0,0.0,0.0,0.0,62.36666666666667,61.0,0,0.0,0.0,0.0,0.0,0.0,9,0.7,6926.4,7004.9,6980.8,13.8,13.5,24.9,0.0,7.6,60.6,31.8,0.0,DUSTY,68,FAIR,low retained moisture may produce dust or loose soil; 9 days since measurable precipitation,20,10
2026-10-07,Skid Row,Park City / PCMR,WG044,40.66845831872771,-111.47381352761975,6920.8,3,76.1,48.2,60.7,0.0,0.0,0.0,0.0,0.0,0.0,60.900000000000006,59.82857142857143,0,0.0,0.0,0.0,0.0,0.0,9,1.2,6678.1,7107.5,6920.8,17.9,17.4,29.9,0.0,1.9,96.1,1.9,0.0,DUSTY,68,FAIR,low retained moisture may produce dust or loose soil; 9 days since measurable precipitation,20,10
2026-10-07,Skyridge Peak Trail / Milky Way,Jordanelle,WG043,40.65984634182248,-111.4368345884266,7139.2,3,75.2,48.6,60.1,0.0,0.0,0.0,0.0,0.0,0.0,60.53333333333333,59.7,0,0.0,0.0,0.0,0.0,0.0,9,1.2,6963.5,7331.5,7139.2,22.4,23.3,33.7,59.8,28.9,0.0,11.3,0.0,DUSTY,68,FAIR,low retained moisture may produce dust or loose soil; 9 days since measurable precipitation,20,1
2026-10-07,Sloppy Joe,Round Valley,WG067,40.71599935057343,-111.49742827056478,6658.4,3,76.3,45.4,59.9,0.0,0.0,0.0,0.0,0.0,0.0,60.03333333333333,58.8,0,0.0,0.0,0.0,0.0,0.0,9,0.3,6616.1,6684.3,6658.4,10.1,10.4,19.5,10.7,75.0,14.3,0.0,0.0,DUSTY,68,FAIR,low retained moisture may produce dust or loose soil; 9 days since measurable precipitation,20,1
2026-10-07,Snake Pit Trail,Park City / PCMR,WG010,40.58750533085767,-111.57189033610032,9625.4,3,61.2,43.1,51.6,0.0,0.0,0.0,0.0,0.0,0.0,52.26666666666667,51.58571428571429,0,0.0,0.0,0.0,0.0,0.0,9,1.1,9378.6,9871.8,9625.4,15.8,14.9,33.7,0.0,46.3,53.7,0.0,0.0,DUSTY,68,FAIR,low retained moisture may produce dust or loose soil; 9 days since measurable precipitation,20,10
2026-10-07,Snowtop,Deer Valley,WG028,40.64752229561398,-111.4705824068134,7443.3,3,73.3,53.8,61.7,0.0,0.0,0.0,0.0,0.0,0.0,62.6,61.67142857142858,0,0.0,0.0,0.0,0.0,0.0,9,1.7,7307.2,7590.1,7443.3,19.4,21.1,29.7,41.6,14.6,19.7,24.1,0.0,DUSTY,68,FAIR,low retained moisture may produce dust or loose soil; 9 days since measurable precipitation,20,2
2026-10-07,Solamere,Deer Valley,WG045,40.65168830951934,-111.47267426337083,7304.0,3,74.5,50.6,60.8,0.0,0.0,0.0,0.0,0.0,0.0,61.36666666666667,60.04285714285714,0,0.0,0.0,0.0,0.0,0.0,9,2.3,7128.6,7460.6,7304.0,20.7,21.1,32.5,14.8,80.3,3.0,2.0,0.0,DUSTY,68,FAIR,low retained moisture may produce dust or loose soil; 9 days since measurable precipitation,20,2
2026-10-07,Solamere Connector,Deer Valley,WG045,40.651338463153365,-111.4797751905619,7331.1,3,74.5,50.6,60.8,0.0,0.0,0.0,0.0,0.0,0.0,61.36666666666667,60.04285714285714,0,0.0,0.0,0.0,0.0,0.0,9,1.0,7128.4,7532.8,7331.1,18.6,20.2,27.4,0.0,0.0,15.1,84.9,0.0,DUSTY,68,FAIR,low retained moisture may produce dust or loose soil; 9 days since measurable precipitation,20,2
2026-10-07,Somewhere Elks,Round Valley,WG055,40.68702802029736,-111.47813858810876,6977.4,3,76.4,47.2,60.3,0.0,0.0,0.0,0.0,0.0,0.0,60.66666666666666,59.57142857142857,0,0.0,0.0,0.0,0.0,0.0,9,1.0,6796.2,7145.1,6977.4,10.8,11.0,23.8,84.6,6.4,0.0,9.0,0.0,DUSTY,68,FAIR,low retained moisture may produce dust or loose soil; 9 days since measurable precipitation,20,1
2026-10-07,South Canyon,Round Valley,WG055,40.697084178294816,-111.45372200426904,6732.0,3,76.4,47.2,60.3,0.0,0.0,0.0,0.0,0.0,0.0,60.66666666666666,59.57142857142857,0,0.0,0.0,0.0,0.0,0.0,9,4.0,6549.1,6909.1,6732.0,10.4,10.8,23.6,28.3,69.6,1.9,0.3,0.0,DUSTY,68,FAIR,low retained moisture may produce dust or loose soil; 9 days since measurable precipitation,20,1
2026-10-07,South Sweeney,Park City / PCMR,WG031,40.64194117786604,-111.49870009761844,7400.1,3,72.9,53.5,61.3,0.0,0.0,0.0,0.0,0.0,0.0,62.2,61.271428571428565,0,0.0,0.0,0.0,0.0,0.0,9,0.7,7257.8,7492.4,7400.1,24.7,25.3,32.1,0.0,0.0,22.6,77.4,0.0,DUSTY,68,FAIR,low retained moisture may produce dust or loose soil; 9 days since measurable precipitation,20,10
2026-10-07,Spare Change,Summit Park,WG080,40.74164553017363,-111.60031464541484,6827.9,3,72.8,50.3,61.7,0.0,0.0,0.0,0.0,0.0,0.0,62.66666666666666,61.52857142857143,0,0.0,0.0,0.0,0.0,0.0,9,0.3,6772.5,6883.6,6827.9,23.6,25.8,34.2,0.0,0.0,25.0,75.0,0.0,DUSTY,68,FAIR,low retained moisture may produce dust or loose soil; 9 days since measurable precipitation,20,1
2026-10-07,Sparky's Return,Clark Ranch,WG044,40.6617858998794,-111.45698342605078,6783.6,3,76.1,48.2,60.7,0.0,0.0,0.0,0.0,0.0,0.0,60.900000000000006,59.82857142857143,0,0.0,0.0,0.0,0.0,0.0,9,0.4,6750.7,6826.6,6783.6,11.3,11.6,16.9,0.0,15.6,21.9,62.5,0.0,DUSTY,68,FAIR,low retained moisture may produce dust or loose soil; 9 days since measurable precipitation,20,1
2026-10-07,Speedbag,Deer Valley,WG011,40.624406811076895,-111.50919273225593,7987.6,3,69.4,51.8,59.1,0.0,0.0,0.0,0.0,0.0,0.0,60.1,59.32857142857143,0,0.0,0.0,0.0,0.0,0.0,9,0.8,7729.6,8257.2,7987.6,24.5,24.9,33.1,22.1,0.0,19.1,58.8,0.0,DUSTY,68,FAIR,low retained moisture may produce dust or loose soil; 9 days since measurable precipitation,20,2
2026-10-07,Spin Cycle Trail,Deer Valley,WG028,40.63411801502942,-111.46082430079326,7178.8,3,73.3,53.8,61.7,0.0,0.0,0.0,0.0,0.0,0.0,62.6,61.67142857142858,0,0.0,0.0,0.0,0.0,0.0,9,1.8,6835.8,7600.6,7178.8,21.4,21.1,31.7,2.8,0.0,51.0,46.2,0.0,DUSTY,68,FAIR,low retained moisture may produce dust or loose soil; 9 days since measurable precipitation,20,2
2026-10-07,Spiro Trail,Park City / PCMR,WG035,40.64755384631944,-111.52407012433112,7617.4,3,71.9,52.2,60.1,0.0,0.0,0.0,0.0,0.0,0.0,61.29999999999999,60.2,0,0.0,0.0,0.0,0.0,0.0,9,3.1,6934.7,8185.7,7617.4,21.4,21.5,33.5,0.0,37.4,43.9,18.7,0.0,DUSTY,68,FAIR,low retained moisture may produce dust or loose soil; 9 days since measurable precipitation,20,10
2026-10-07,St. Regis Trail,Deer Valley,WG028,40.639112933407205,-111.47591481144916,7383.3,3,73.3,53.8,61.7,0.0,0.0,0.0,0.0,0.0,0.0,62.6,61.67142857142858,0,0.0,0.0,0.0,0.0,0.0,9,0.3,7301.5,7454.4,7383.3,24.3,27.6,31.8,0.0,91.2,8.8,0.0,0.0,DUSTY,68,FAIR,low retained moisture may produce dust or loose soil; 9 days since measurable precipitation,20,2
2026-10-07,Stealth Connector / Pheasant Way,Jeremy Ranch / Glenwild,WG076,40.73167942348123,-111.54708752211994,6361.5,3,76.9,48.4,61.9,0.0,0.0,0.0,0.0,0.0,0.0,62.26666666666667,60.98571428571429,0,0.0,0.0,0.0,0.0,0.0,9,0.3,6330.9,6398.1,6361.5,5.3,4.7,14.3,59.1,9.1,27.3,4.5,0.0,DUSTY,68,FAIR,low retained moisture may produce dust or loose soil; 9 days since measurable precipitation,20,7
2026-10-07,Stealth Trail,Jeremy Ranch / Glenwild,WG077,40.73631275924013,-111.5447596003018,6560.0,3,76.2,47.6,61.2,0.0,0.0,0.0,0.0,0.0,0.0,61.56666666666666,60.25714285714285,0,0.0,0.0,0.0,0.0,0.0,9,2.3,6346.1,6903.5,6560.0,15.2,16.1,27.2,66.5,32.0,0.5,1.0,0.0,DUSTY,68,FAIR,low retained moisture may produce dust or loose soil; 9 days since measurable precipitation,20,7
2026-10-07,Steps,Park City / PCMR,WG037,40.63116043759045,-111.5173271228493,8520.8,3,66.8,49.2,56.5,0.0,0.0,0.0,0.0,0.0,0.0,57.5,56.71428571428572,0,0.0,0.0,0.0,0.0,0.0,9,1.0,8366.1,8730.0,8520.8,24.0,25.7,34.0,18.0,0.0,0.0,82.0,0.0,DUSTY,68,FAIR,low retained moisture may produce dust or loose soil; 9 days since measurable precipitation,20,10
2026-10-07,Stiff Upper Lip,Park City / PCMR,WG017,40.61611691879028,-111.52987009616064,9025.4,3,63.0,46.6,53.3,0.0,0.0,0.0,0.0,0.0,0.0,54.1,53.4,0,0.0,0.0,0.0,0.0,0.0,9,0.5,8926.8,9139.2,9025.4,16.3,16.1,27.9,0.0,0.0,33.3,66.7,0.0,DUSTY,68,FAIR,low retained moisture may produce dust or loose soil; 9 days since measurable precipitation,20,10
2026-10-07,Sunny Slopes Trail,Round Valley,WG057,40.68377753714063,-111.48540217687854,6826.8,3,75.7,49.4,60.7,0.0,0.0,0.0,0.0,0.0,0.0,61.0,59.51428571428572,0,0.0,0.0,0.0,0.0,0.0,9,0.1,6823.0,6832.1,6826.8,2.4,2.3,3.7,14.3,0.0,14.3,71.4,0.0,DUSTY,68,FAIR,low retained moisture may produce dust or loose soil; 9 days since measurable precipitation,20,1
2026-10-07,Sunset,Deer Valley,WG013,40.61222429898699,-111.48546906629171,8777.5,3,65.6,47.6,55.4,0.0,0.0,0.0,0.0,0.0,0.0,56.06666666666666,55.12857142857143,0,0.0,0.0,0.0,0.0,0.0,9,1.2,8436.0,9053.2,8777.5,15.2,14.9,28.2,0.0,51.4,45.9,2.7,0.0,DUSTY,68,FAIR,low retained moisture may produce dust or loose soil; 9 days since measurable precipitation,20,2
2026-10-07,Super G,Deer Valley,WG013,40.6078734147108,-111.486644562986,8939.8,3,65.6,47.6,55.4,0.0,0.0,0.0,0.0,0.0,0.0,56.06666666666666,55.12857142857143,0,0.0,0.0,0.0,0.0,0.0,9,0.4,8867.6,8997.5,8939.8,15.7,15.0,27.9,5.9,94.1,0.0,0.0,0.0,DUSTY,68,FAIR,low retained moisture may produce dust or loose soil; 9 days since measurable precipitation,20,2
2026-10-07,Sven,Jordanelle,WG040,40.66216079919324,-111.41880056586604,6299.4,3,78.7,50.4,63.3,0.0,0.0,0.0,0.0,0.0,0.0,63.73333333333333,62.88571428571429,0,0.0,0.0,0.0,0.0,0.0,9,0.1,6282.2,6318.4,6299.4,11.9,10.3,19.9,13.3,86.7,0.0,0.0,0.0,DUSTY,68,FAIR,low retained moisture may produce dust or loose soil; 9 days since measurable precipitation,20,1
2026-10-07,Sweeney Switchbacks,Park City / PCMR,WG031,40.64428684826398,-111.50263935593632,7442.9,3,72.9,53.5,61.3,0.0,0.0,0.0,0.0,0.0,0.0,62.2,61.271428571428565,0,0.0,0.0,0.0,0.0,0.0,9,1.0,7261.1,7656.2,7442.9,19.7,19.5,30.8,0.0,0.0,61.6,38.4,0.0,DUSTY,68,FAIR,low retained moisture may produce dust or loose soil; 9 days since measurable precipitation,20,10
2026-10-07,Sweeneys,Park City / PCMR,WG032,40.6416793962084,-111.50380066992643,7712.4,3,71.6,52.1,60.0,0.0,0.0,0.0,0.0,0.0,0.0,60.86666666666667,59.94285714285714,0,0.0,0.0,0.0,0.0,0.0,9,0.3,7656.2,7764.1,7712.4,17.7,17.3,23.8,0.0,0.0,96.9,3.1,0.0,DUSTY,68,FAIR,low retained moisture may produce dust or loose soil; 9 days since measurable precipitation,20,10
2026-10-07,T&G,Deer Valley,WG016,40.611941402305575,-111.51506977898008,8673.3,3,65.5,47.5,55.3,0.0,0.0,0.0,0.0,0.0,0.0,55.93333333333334,55.01428571428571,0,0.0,0.0,0.0,0.0,0.0,9,1.2,8586.9,8760.0,8673.3,16.7,19.3,29.1,19.0,9.5,34.3,37.1,0.0,DUSTY,68,FAIR,low retained moisture may produce dust or loose soil; 9 days since measurable precipitation,20,2
2026-10-07,T&G 2,Deer Valley,WG016,40.62089143656375,-111.51568549288604,8599.5,3,65.5,47.5,55.3,0.0,0.0,0.0,0.0,0.0,0.0,55.93333333333334,55.01428571428571,0,0.0,0.0,0.0,0.0,0.0,9,0.9,8357.2,8729.4,8599.5,20.7,23.5,35.6,2.6,0.0,42.1,55.3,0.0,DUSTY,68,FAIR,low retained moisture may produce dust or loose soil; 9 days since measurable precipitation,20,2
2026-10-07,TDS Ontario Bypass,Deer Valley,WG032,40.62591563844938,-111.49801252893096,7889.0,3,71.6,52.1,60.0,0.0,0.0,0.0,0.0,0.0,0.0,60.86666666666667,59.94285714285714,0,0.0,0.0,0.0,0.0,0.0,9,1.0,7719.2,8043.7,7889.0,16.0,15.1,26.9,0.0,2.1,35.4,62.5,0.0,DUSTY,68,FAIR,low retained moisture may produce dust or loose soil; 9 days since measurable precipitation,20,2
2026-10-07,TSP Skils Area,Round Valley,WG067,40.70929244417837,-111.50545423904256,6671.9,3,76.3,45.4,59.9,0.0,0.0,0.0,0.0,0.0,0.0,60.03333333333333,58.8,0,0.0,0.0,0.0,0.0,0.0,9,0.3,6646.3,6691.8,6671.9,8.0,8.2,14.7,30.2,0.0,4.7,65.1,0.0,DUSTY,68,FAIR,low retained moisture may produce dust or loose soil; 9 days since measurable precipitation,20,1
2026-10-07,Tall Oaks Circle,Pinebrook,WG078,40.73938310561022,-111.57541687830556,6961.5,3,74.3,49.6,61.1,0.0,0.0,0.0,0.0,0.0,0.0,61.66666666666666,60.5,0,0.0,0.0,0.0,0.0,0.0,9,0.3,6901.0,7028.0,6961.5,12.3,12.6,19.5,47.8,47.8,4.3,0.0,0.0,DUSTY,68,FAIR,low retained moisture may produce dust or loose soil; 9 days since measurable precipitation,20,4
2026-10-07,Tall T Trail,Deer Valley,WG007,40.59029104976929,-111.52734087474852,9033.3,3,64.9,46.7,54.0,0.0,0.0,0.0,0.0,0.0,0.0,55.0,54.15714285714285,0,0.0,0.0,0.0,0.0,0.0,9,4.4,8733.0,9353.0,9033.3,18.9,19.0,34.3,27.0,2.8,28.7,41.5,0.0,DUSTY,68,FAIR,low retained moisture may produce dust or loose soil; 9 days since measurable precipitation,20,2
2026-10-07,Tar Pits Jump Line,Round Valley,WG067,40.70948336187246,-111.50501444482678,6663.3,3,76.3,45.4,59.9,0.0,0.0,0.0,0.0,0.0,0.0,60.03333333333333,58.8,0,0.0,0.0,0.0,0.0,0.0,9,0.1,6650.4,6685.4,6663.3,4.8,4.2,11.8,8.3,0.0,16.7,75.0,0.0,DUSTY,68,FAIR,low retained moisture may produce dust or loose soil; 9 days since measurable precipitation,20,1
2026-10-07,Team Big Bear,Deer Valley,WG013,40.61639926546102,-111.50010669410356,8610.0,3,65.6,47.6,55.4,0.0,0.0,0.0,0.0,0.0,0.0,56.06666666666666,55.12857142857143,0,0.0,0.0,0.0,0.0,0.0,9,1.3,8332.9,8855.8,8610.0,15.5,15.9,23.1,0.0,13.8,68.8,17.4,0.0,DUSTY,68,FAIR,low retained moisture may produce dust or loose soil; 9 days since measurable precipitation,20,2
2026-10-07,Team Cutthroat Downhill,Jeremy Ranch / Glenwild,WG077,40.74619331694971,-111.55242052130288,6618.0,3,76.2,47.6,61.2,0.0,0.0,0.0,0.0,0.0,0.0,61.56666666666666,60.25714285714285,0,0.0,0.0,0.0,0.0,0.0,9,0.3,6546.5,6754.3,6618.0,12.4,12.3,17.8,0.0,0.0,100.0,0.0,0.0,DUSTY,68,FAIR,low retained moisture may produce dust or loose soil; 9 days since measurable precipitation,20,7
2026-10-07,Thaynes Canyon,Park City / PCMR,WG037,40.62644528922062,-111.539067377105,8520.6,3,66.8,49.2,56.5,0.0,0.0,0.0,0.0,0.0,0.0,57.5,56.71428571428572,0,0.0,0.0,0.0,0.0,0.0,9,1.2,8185.7,8832.6,8520.6,11.3,10.7,22.7,1.0,13.1,81.8,4.0,0.0,DUSTY,68,FAIR,low retained moisture may produce dust or loose soil; 9 days since measurable precipitation,20,10
2026-10-07,The Avenues,Summit Park,WG090,40.75998198374273,-111.6028265058925,7081.5,3,71.3,48.8,60.2,0.0,0.0,0.0,0.0,0.0,0.0,61.16666666666666,60.02857142857143,0,0.0,0.0,0.0,0.0,0.0,9,1.7,6907.1,7241.2,7081.5,20.5,20.6,30.1,62.7,0.0,0.0,37.3,0.0,DUSTY,68,FAIR,low retained moisture may produce dust or loose soil; 9 days since measurable precipitation,20,1
2026-10-07,The Graduate,Jeremy Ranch / Glenwild,WG085,40.7534431855279,-111.56237742796368,6343.1,3,75.6,51.2,62.5,0.0,0.0,0.0,0.0,0.0,0.0,63.20000000000001,62.07142857142857,0,0.0,0.0,0.0,0.0,0.0,9,0.7,6257.5,6445.1,6343.1,13.1,11.3,30.2,17.2,50.0,28.1,4.7,0.0,DUSTY,68,FAIR,low retained moisture may produce dust or loose soil; 9 days since measurable precipitation,20,7
2026-10-07,The Great Gazoo,Round Valley,WG067,40.70997890100696,-111.50140660314835,6662.9,3,76.3,45.4,59.9,0.0,0.0,0.0,0.0,0.0,0.0,60.03333333333333,58.8,0,0.0,0.0,0.0,0.0,0.0,9,0.5,6602.3,6731.1,6662.9,11.1,11.7,16.5,5.0,0.0,52.5,42.5,0.0,DUSTY,68,FAIR,low retained moisture may produce dust or loose soil; 9 days since measurable precipitation,20,1
2026-10-07,The Lookout,Deer Valley,WG032,40.62921554675458,-111.4942829189022,7693.2,3,71.6,52.1,60.0,0.0,0.0,0.0,0.0,0.0,0.0,60.86666666666667,59.94285714285714,0,0.0,0.0,0.0,0.0,0.0,9,1.7,7338.4,8054.6,7693.2,27.6,27.5,44.1,0.0,87.3,12.7,0.0,0.0,DUSTY,68,FAIR,low retained moisture may produce dust or loose soil; 9 days since measurable precipitation,20,2
2026-10-07,The Sheep Trail,Summit Park,WG094,40.75746633469589,-111.667341513995,6217.2,3,76.0,55.8,65.9,0.0,0.0,0.0,0.0,0.0,0.0,66.8,65.54285714285713,0,0.0,0.0,0.0,0.0,0.0,9,2.2,5959.2,6672.0,6217.2,14.8,14.0,28.0,44.8,39.2,14.4,1.7,0.0,DUSTY,68,FAIR,low retained moisture may produce dust or loose soil; 9 days since measurable precipitation,20,1
2026-10-07,The Up Trail,Summit Park,WG078,40.74822119025095,-111.58934600493023,6821.1,3,74.3,49.6,61.1,0.0,0.0,0.0,0.0,0.0,0.0,61.66666666666666,60.5,0,0.0,0.0,0.0,0.0,0.0,9,1.0,6646.9,6985.9,6821.1,16.2,16.0,24.4,0.0,5.7,94.3,0.0,0.0,DUSTY,68,FAIR,low retained moisture may produce dust or loose soil; 9 days since measurable precipitation,20,1
2026-10-07,The Upper Avenues,Summit Park,WG090,40.75942210135698,-111.60997791538348,7425.0,3,71.3,48.8,60.2,0.0,0.0,0.0,0.0,0.0,0.0,61.16666666666666,60.02857142857143,0,0.0,0.0,0.0,0.0,0.0,9,1.5,7235.4,7548.3,7425.0,12.4,12.1,27.0,56.3,8.4,16.0,19.3,0.0,DUSTY,68,FAIR,low retained moisture may produce dust or loose soil; 9 days since measurable precipitation,20,1
2026-10-07,Thieves Forest,Deer Valley,WG013,40.61553068086176,-111.48245627012813,8597.7,3,65.6,47.6,55.4,0.0,0.0,0.0,0.0,0.0,0.0,56.06666666666666,55.12857142857143,0,0.0,0.0,0.0,0.0,0.0,9,0.5,8441.5,8810.3,8597.7,19.6,20.1,27.0,0.0,2.5,90.0,7.5,0.0,DUSTY,68,FAIR,low retained moisture may produce dust or loose soil; 9 days since measurable precipitation,20,2
2026-10-07,Thieves Forrest,Deer Valley,WG014,40.611364491739,-111.4804590615015,9072.7,3,64.8,46.6,54.0,0.0,0.0,0.0,0.0,0.0,0.0,54.96666666666666,54.12857142857143,0,0.0,0.0,0.0,0.0,0.0,9,0.3,8820.3,9276.0,9072.7,18.5,18.9,29.1,0.0,0.0,89.7,10.3,0.0,DUSTY,68,FAIR,low retained moisture may produce dust or loose soil; 9 days since measurable precipitation,20,2
2026-10-07,Three Candles,Park City / PCMR,WG037,40.62931137475258,-111.52248914366156,8843.3,3,66.8,49.2,56.5,0.0,0.0,0.0,0.0,0.0,0.0,57.5,56.71428571428572,0,0.0,0.0,0.0,0.0,0.0,9,0.7,8739.8,8959.2,8843.3,10.2,9.4,21.3,0.0,0.0,55.7,44.3,0.0,DUSTY,68,FAIR,low retained moisture may produce dust or loose soil; 9 days since measurable precipitation,20,10
2026-10-07,Tidal Wave,Deer Valley,WG013,40.610548014761406,-111.48897388892838,8737.9,3,65.6,47.6,55.4,0.0,0.0,0.0,0.0,0.0,0.0,56.06666666666666,55.12857142857143,0,0.0,0.0,0.0,0.0,0.0,9,2.7,8128.2,9286.4,8737.9,20.0,21.7,33.5,3.3,55.8,23.1,17.8,0.0,DUSTY,68,FAIR,low retained moisture may produce dust or loose soil; 9 days since measurable precipitation,20,2
2026-10-07,Tideline,Jordanelle,WG025,40.64171272429878,-111.40053564270964,6530.0,3,78.2,49.5,62.1,0.0,0.0,0.0,0.0,0.0,0.0,62.73333333333333,61.971428571428575,0,0.0,0.0,0.0,0.0,0.0,9,0.1,6521.2,6544.8,6530.0,15.1,14.5,25.1,91.7,8.3,0.0,0.0,0.0,DUSTY,68,FAIR,low retained moisture may produce dust or loose soil; 9 days since measurable precipitation,20,1
2026-10-07,Tim Man,Round Valley,WG067,40.70348842863846,-111.50080894755244,6766.9,3,76.3,45.4,59.9,0.0,0.0,0.0,0.0,0.0,0.0,60.03333333333333,58.8,0,0.0,0.0,0.0,0.0,0.0,9,1.4,6648.4,6875.3,6766.9,7.3,6.8,15.0,0.8,59.8,38.5,0.8,0.0,DUSTY,68,FAIR,low retained moisture may produce dust or loose soil; 9 days since measurable precipitation,20,1
2026-10-07,Tommys Two Step,Park City / PCMR,WG036,40.629024211109055,-111.51829238121942,8474.2,3,67.9,50.3,57.6,0.0,0.0,0.0,0.0,0.0,0.0,58.6,57.81428571428571,0,0.0,0.0,0.0,0.0,0.0,9,1.5,8250.0,8718.0,8474.2,21.9,22.0,33.1,13.6,0.0,31.1,55.3,0.0,DUSTY,68,FAIR,low retained moisture may produce dust or loose soil; 9 days since measurable precipitation,20,10
2026-10-07,Tour De Homes,Deer Valley,WG032,40.63205110837411,-111.48826887414292,7813.1,3,71.6,52.1,60.0,0.0,0.0,0.0,0.0,0.0,0.0,60.86666666666667,59.94285714285714,0,0.0,0.0,0.0,0.0,0.0,9,1.4,7579.1,8120.3,7813.1,12.5,12.9,23.4,0.9,36.3,58.4,4.4,0.0,DUSTY,68,FAIR,low retained moisture may produce dust or loose soil; 9 days since measurable precipitation,20,2
2026-10-07,Tour De Suds (Upper),Deer Valley,WG013,40.614682713092186,-111.50609195133156,8563.5,3,65.6,47.6,55.4,0.0,0.0,0.0,0.0,0.0,0.0,56.06666666666666,55.12857142857143,0,0.0,0.0,0.0,0.0,0.0,9,0.7,8407.1,8694.1,8563.5,17.1,16.8,24.3,0.0,74.6,25.4,0.0,0.0,DUSTY,68,FAIR,low retained moisture may produce dust or loose soil; 9 days since measurable precipitation,20,2
2026-10-07,Town,Park City / PCMR,WG030,40.64755940729975,-111.49861999854691,6988.0,3,75.3,51.5,61.8,0.0,0.0,0.0,0.0,0.0,0.0,62.333333333333336,60.971428571428575,0,0.0,0.0,0.0,0.0,0.0,9,0.1,6981.2,7008.8,6988.0,4.7,3.6,14.7,0.0,50.0,41.7,8.3,0.0,DUSTY,68,FAIR,low retained moisture may produce dust or loose soil; 9 days since measurable precipitation,20,10
2026-10-07,Trailside,Round Valley,WG066,40.71864159830864,-111.50336949570412,6480.1,3,76.7,46.0,60.6,0.0,0.0,0.0,0.0,0.0,0.0,60.66666666666666,59.41428571428571,0,0.0,0.0,0.0,0.0,0.0,9,0.1,6473.9,6486.7,6480.1,3.6,3.6,5.7,0.0,0.0,28.6,71.4,0.0,DUSTY,68,FAIR,low retained moisture may produce dust or loose soil; 9 days since measurable precipitation,20,1
2026-10-07,Trailside Connector,Round Valley,WG067,40.71611276967259,-111.5017965665912,6504.2,3,76.3,45.4,59.9,0.0,0.0,0.0,0.0,0.0,0.0,60.03333333333333,58.8,0,0.0,0.0,0.0,0.0,0.0,9,0.1,6498.8,6512.4,6504.2,2.6,2.8,4.3,10.0,60.0,30.0,0.0,0.0,DUSTY,68,FAIR,low retained moisture may produce dust or loose soil; 9 days since measurable precipitation,20,1
2026-10-07,Trailside Loop,Round Valley,WG067,40.71199117049012,-111.50483999800892,6609.7,3,76.3,45.4,59.9,0.0,0.0,0.0,0.0,0.0,0.0,60.03333333333333,58.8,0,0.0,0.0,0.0,0.0,0.0,9,1.2,6532.2,6679.2,6609.7,7.7,7.4,17.1,0.0,0.0,42.2,57.8,0.0,DUSTY,68,FAIR,low retained moisture may produce dust or loose soil; 9 days since measurable precipitation,20,1
2026-10-07,Trappers Gate,Deer Valley,WG031,40.63197509989361,-111.497026036245,7462.8,3,72.9,53.5,61.3,0.0,0.0,0.0,0.0,0.0,0.0,62.2,61.271428571428565,0,0.0,0.0,0.0,0.0,0.0,9,0.5,7434.8,7486.1,7462.8,27.4,30.8,36.0,0.0,50.0,20.5,29.5,0.0,DUSTY,68,FAIR,low retained moisture may produce dust or loose soil; 9 days since measurable precipitation,20,2
2026-10-07,Trestle,Park City / PCMR,WG033,40.63650074050743,-111.50791633233914,8071.5,3,68.7,51.1,58.4,0.0,0.0,0.0,0.0,0.0,0.0,59.400000000000006,58.614285714285714,0,0.0,0.0,0.0,0.0,0.0,9,1.3,7656.2,8253.4,8071.5,17.4,18.3,30.5,0.0,46.6,48.3,5.1,0.0,DUSTY,68,FAIR,low retained moisture may produce dust or loose soil; 9 days since measurable precipitation,20,10
2026-10-07,Tricky Pickle Trail,Deer Valley,WG004,40.59197973531048,-111.49789592532872,8532.5,3,66.1,47.9,55.2,0.0,0.0,0.0,0.0,0.0,0.0,56.20000000000001,55.385714285714286,0,0.0,0.0,0.0,0.0,0.0,9,2.6,8268.2,8873.6,8532.5,20.0,22.3,31.9,21.7,70.8,0.9,6.6,0.0,DUSTY,68,FAIR,low retained moisture may produce dust or loose soil; 9 days since measurable precipitation,20,2
2026-10-07,Truckhole,Round Valley,WG067,40.704351116822174,-111.50022157042804,6773.9,3,76.3,45.4,59.9,0.0,0.0,0.0,0.0,0.0,0.0,60.03333333333333,58.8,0,0.0,0.0,0.0,0.0,0.0,9,0.7,6641.4,6877.9,6773.9,6.7,6.0,15.2,13.8,37.9,48.3,0.0,0.0,DUSTY,68,FAIR,low retained moisture may produce dust or loose soil; 9 days since measurable precipitation,20,1
2026-10-07,Trump,Deer Valley,WG013,40.60903529522874,-111.4964159868453,8771.6,3,65.6,47.6,55.4,0.0,0.0,0.0,0.0,0.0,0.0,56.06666666666666,55.12857142857143,0,0.0,0.0,0.0,0.0,0.0,9,0.6,8585.9,8974.3,8771.6,9.3,8.1,20.4,1.7,0.0,26.7,71.7,0.0,DUSTY,68,FAIR,low retained moisture may produce dust or loose soil; 9 days since measurable precipitation,20,2
2026-10-07,Tsunami,Deer Valley,WG013,40.61166268615432,-111.48706860055302,8747.8,3,65.6,47.6,55.4,0.0,0.0,0.0,0.0,0.0,0.0,56.06666666666666,55.12857142857143,0,0.0,0.0,0.0,0.0,0.0,9,1.2,8508.1,8991.5,8747.8,18.1,17.6,28.8,0.0,72.8,27.2,0.0,0.0,DUSTY,68,FAIR,low retained moisture may produce dust or loose soil; 9 days since measurable precipitation,20,2
2026-10-07,Tug of War Trail,Deer Valley,WG013,40.60218815889535,-111.4963014769127,8962.3,3,65.6,47.6,55.4,0.0,0.0,0.0,0.0,0.0,0.0,56.06666666666666,55.12857142857143,0,0.0,0.0,0.0,0.0,0.0,9,1.4,8867.6,9065.0,8962.3,16.3,16.3,25.0,52.5,23.3,23.3,0.8,0.0,DUSTY,68,FAIR,low retained moisture may produce dust or loose soil; 9 days since measurable precipitation,20,2
2026-10-07,Tweety Bird Trail,Jordanelle,WG001,40.59084253440856,-111.40816741687898,6568.1,3,76.4,50.6,62.0,0.0,0.0,0.0,0.0,0.0,0.0,62.333333333333336,61.58571428571428,0,0.0,0.0,0.0,0.0,0.0,9,0.7,6477.2,6665.7,6568.1,10.6,10.3,18.3,0.0,20.0,80.0,0.0,0.0,DUSTY,68,FAIR,low retained moisture may produce dust or loose soil; 9 days since measurable precipitation,20,1
2026-10-07,Twist & Shout,Deer Valley,WG012,40.61590669002216,-111.48826576454944,8415.6,3,68.4,50.9,58.4,0.0,0.0,0.0,0.0,0.0,0.0,59.03333333333333,57.97142857142857,0,0.0,0.0,0.0,0.0,0.0,9,0.2,8324.5,8505.1,8415.6,26.0,26.7,29.2,0.0,100.0,0.0,0.0,0.0,DUSTY,68,FAIR,low retained moisture may produce dust or loose soil; 9 days since measurable precipitation,20,2
2026-10-07,Twist and Shout,Deer Valley,WG013,40.61146669404505,-111.486662413967,8799.9,3,65.6,47.6,55.4,0.0,0.0,0.0,0.0,0.0,0.0,56.06666666666666,55.12857142857143,0,0.0,0.0,0.0,0.0,0.0,9,1.0,8512.5,9065.3,8799.9,17.9,18.6,28.0,0.0,81.3,18.7,0.0,0.0,DUSTY,68,FAIR,low retained moisture may produce dust or loose soil; 9 days since measurable precipitation,20,2
2026-10-07,Undertow Trail,Deer Valley,WG029,40.63057046785135,-111.47858549886824,7937.9,3,71.9,52.5,60.3,0.0,0.0,0.0,0.0,0.0,0.0,61.23333333333333,60.31428571428571,0,0.0,0.0,0.0,0.0,0.0,9,1.9,7530.0,8350.2,7937.9,21.8,23.2,30.8,0.0,38.8,57.0,4.2,0.0,DUSTY,68,FAIR,low retained moisture may produce dust or loose soil; 9 days since measurable precipitation,20,2
2026-10-07,Unga Bunga Skills and Pump Tradk,Round Valley,WG067,40.71158064400824,-111.50217787755837,6590.1,3,76.3,45.4,59.9,0.0,0.0,0.0,0.0,0.0,0.0,60.03333333333333,58.8,0,0.0,0.0,0.0,0.0,0.0,9,0.2,6579.8,6601.1,6590.1,5.9,5.5,12.3,0.0,2.9,94.1,2.9,0.0,DUSTY,68,FAIR,low retained moisture may produce dust or loose soil; 9 days since measurable precipitation,20,1
2026-10-07,Up Track,Round Valley,WG067,40.71007968280768,-111.50314659118624,6643.1,3,76.3,45.4,59.9,0.0,0.0,0.0,0.0,0.0,0.0,60.03333333333333,58.8,0,0.0,0.0,0.0,0.0,0.0,9,0.5,6566.9,6731.1,6643.1,6.8,5.8,16.9,1.5,22.7,60.6,15.2,0.0,DUSTY,68,FAIR,low retained moisture may produce dust or loose soil; 9 days since measurable precipitation,20,1
2026-10-07,Upper Devo Trail,Deer Valley,WG033,40.62826200901757,-111.4850494481263,8097.8,3,68.7,51.1,58.4,0.0,0.0,0.0,0.0,0.0,0.0,59.400000000000006,58.614285714285714,0,0.0,0.0,0.0,0.0,0.0,9,0.2,8012.6,8210.0,8097.8,15.1,15.6,18.3,0.0,0.0,100.0,0.0,0.0,DUSTY,68,FAIR,low retained moisture may produce dust or loose soil; 9 days since measurable precipitation,20,2
2026-10-07,Upper Loose,Park City / PCMR,WG032,40.64060205866311,-111.5081407284332,7678.0,3,71.6,52.1,60.0,0.0,0.0,0.0,0.0,0.0,0.0,60.86666666666667,59.94285714285714,0,0.0,0.0,0.0,0.0,0.0,9,0.3,7581.2,7789.4,7678.0,17.3,17.6,23.5,0.0,92.9,7.1,0.0,0.0,DUSTY,68,FAIR,low retained moisture may produce dust or loose soil; 9 days since measurable precipitation,20,10
2026-10-07,Upper Loose Moose,Park City / PCMR,WG032,40.64060459750891,-111.5062344507794,7788.9,3,71.6,52.1,60.0,0.0,0.0,0.0,0.0,0.0,0.0,60.86666666666667,59.94285714285714,0,0.0,0.0,0.0,0.0,0.0,9,0.2,7764.1,7798.8,7788.9,13.5,16.8,20.8,0.0,50.0,50.0,0.0,0.0,DUSTY,68,FAIR,low retained moisture may produce dust or loose soil; 9 days since measurable precipitation,20,10
2026-10-07,Upper Sparky Trail,Clark Ranch,WG044,40.6599723509711,-111.45534390616216,6878.4,3,76.1,48.2,60.7,0.0,0.0,0.0,0.0,0.0,0.0,60.900000000000006,59.82857142857143,0,0.0,0.0,0.0,0.0,0.0,9,1.9,6752.0,6971.6,6878.4,13.5,12.2,28.4,0.6,54.7,25.2,19.5,0.0,DUSTY,68,FAIR,low retained moisture may produce dust or loose soil; 9 days since measurable precipitation,20,1
2026-10-07,Village Pipeline Connector,Deer Valley,WG028,40.6391093200599,-111.472490526811,7336.8,3,73.3,53.8,61.7,0.0,0.0,0.0,0.0,0.0,0.0,62.6,61.67142857142858,0,0.0,0.0,0.0,0.0,0.0,9,0.2,7292.7,7375.4,7336.8,22.1,23.7,27.5,6.7,0.0,20.0,73.3,0.0,DUSTY,68,FAIR,low retained moisture may produce dust or loose soil; 9 days since measurable precipitation,20,2
2026-10-07,Village Trail,Deer Valley,WG028,40.64077448423082,-111.47113665558776,7315.2,3,73.3,53.8,61.7,0.0,0.0,0.0,0.0,0.0,0.0,62.6,61.67142857142858,0,0.0,0.0,0.0,0.0,0.0,9,0.2,7292.7,7333.1,7315.2,22.8,24.0,27.5,21.4,0.0,0.0,78.6,0.0,DUSTY,68,FAIR,low retained moisture may produce dust or loose soil; 9 days since measurable precipitation,20,2
2026-10-07,Village Trail / Pipeline,Deer Valley,WG028,40.64110752434245,-111.46934147070748,7182.6,3,73.3,53.8,61.7,0.0,0.0,0.0,0.0,0.0,0.0,62.6,61.67142857142858,0,0.0,0.0,0.0,0.0,0.0,9,0.5,7071.0,7292.7,7182.6,17.4,17.6,27.5,9.3,0.0,25.6,65.1,0.0,DUSTY,68,FAIR,low retained moisture may produce dust or loose soil; 9 days since measurable precipitation,20,2
2026-10-07,Wada Way,Jordanelle,WG040,40.65139897157171,-111.41292348157292,6267.2,3,78.7,50.4,63.3,0.0,0.0,0.0,0.0,0.0,0.0,63.73333333333333,62.88571428571429,0,0.0,0.0,0.0,0.0,0.0,9,1.7,6181.8,6350.5,6267.2,6.6,6.2,14.8,23.2,76.1,0.7,0.0,0.0,DUSTY,68,FAIR,low retained moisture may produce dust or loose soil; 9 days since measurable precipitation,20,1
2026-10-07,Wasatch,Round Valley,WG074,40.742724215036304,-111.49568804225927,6475.9,3,76.6,47.3,60.9,0.0,0.0,0.0,0.0,0.0,0.0,61.46666666666667,60.41428571428572,0,0.0,0.0,0.0,0.0,0.0,9,1.6,6451.9,6521.0,6475.9,3.4,3.0,9.7,60.3,36.9,1.4,1.4,0.0,DUSTY,68,FAIR,low retained moisture may produce dust or loose soil; 9 days since measurable precipitation,20,1
2026-10-07,Wasatch Crest Connect,Park City / PCMR,WG020,40.616974136223725,-111.55736099806312,9245.9,3,62.7,46.3,53.0,0.0,0.0,0.0,0.0,0.0,0.0,53.833333333333336,53.12857142857143,0,0.0,0.0,0.0,0.0,0.0,9,1.7,8958.2,9481.6,9245.9,17.1,17.3,33.0,12.9,15.5,34.2,37.4,0.0,DUSTY,68,FAIR,low retained moisture may produce dust or loose soil; 9 days since measurable precipitation,20,10
2026-10-07,Wasatch Wiggle Trail,Park City / PCMR,WG010,40.58570056880523,-111.57390345809982,9702.8,3,61.2,43.1,51.6,0.0,0.0,0.0,0.0,0.0,0.0,52.26666666666667,51.58571428571429,0,0.0,0.0,0.0,0.0,0.0,9,1.8,9472.6,9972.8,9702.8,13.0,13.0,32.2,0.0,5.2,87.7,7.1,0.0,DUSTY,68,FAIR,low retained moisture may produce dust or loose soil; 9 days since measurable precipitation,20,10
2026-10-07,We'll Go From There,Jordanelle,WG027,40.633559740125165,-111.4528915193202,6692.5,3,76.6,49.9,62.2,0.0,0.0,0.0,0.0,0.0,0.0,62.13333333333333,61.05714285714286,0,0.0,0.0,0.0,0.0,0.0,9,0.1,6666.1,6712.9,6692.5,10.7,9.9,18.4,0.0,0.0,23.1,76.9,0.0,DUSTY,68,FAIR,low retained moisture may produce dust or loose soil; 9 days since measurable precipitation,20,1
2026-10-07,Winchester Trail,Jeremy Ranch / Glenwild,WG069,40.71094932830698,-111.54449441430567,6453.0,3,76.4,44.8,61.1,0.0,0.0,0.0,0.0,0.0,0.0,60.833333333333336,59.371428571428574,0,0.0,0.0,0.0,0.0,0.0,9,0.2,6433.3,6465.9,6453.0,7.5,7.9,12.5,0.0,0.0,0.0,100.0,0.0,DUSTY,68,FAIR,low retained moisture may produce dust or loose soil; 9 days since measurable precipitation,20,7
2026-10-07,Woodside Gulch,Deer Valley,WG032,40.63428272582461,-111.50200856347875,7635.5,3,71.6,52.1,60.0,0.0,0.0,0.0,0.0,0.0,0.0,60.86666666666667,59.94285714285714,0,0.0,0.0,0.0,0.0,0.0,9,0.8,7305.3,7977.5,7635.5,22.8,24.0,31.3,46.5,0.0,2.8,50.7,0.0,DUSTY,68,FAIR,low retained moisture may produce dust or loose soil; 9 days since measurable precipitation,20,2
2026-10-07,Wowza Downhill Trail,Deer Valley,WG006,40.58677474689952,-111.51626735679228,8564.8,3,66.3,48.3,56.2,0.0,0.0,0.0,0.0,0.0,0.0,56.8,55.871428571428574,0,0.0,0.0,0.0,0.0,0.0,9,0.9,8378.1,8738.8,8564.8,10.4,10.8,21.9,55.1,10.3,1.3,33.3,0.0,DUSTY,68,FAIR,low retained moisture may produce dust or loose soil; 9 days since measurable precipitation,20,2
2026-10-07,Wowza Trail,Deer Valley,WG006,40.58754867198866,-111.51557993987645,8552.8,3,66.3,48.3,56.2,0.0,0.0,0.0,0.0,0.0,0.0,56.8,55.871428571428574,0,0.0,0.0,0.0,0.0,0.0,9,1.2,8375.1,8733.0,8552.8,12.1,11.9,25.4,10.4,1.0,31.2,57.3,0.0,DUSTY,68,FAIR,low retained moisture may produce dust or loose soil; 9 days since measurable precipitation,20,2
2026-10-07,Yabba Dabba Doo,Round Valley,WG067,40.71031601545331,-111.5039304608668,6636.2,3,76.3,45.4,59.9,0.0,0.0,0.0,0.0,0.0,0.0,60.03333333333333,58.8,0,0.0,0.0,0.0,0.0,0.0,9,0.3,6613.2,6659.8,6636.2,6.5,6.8,9.5,0.0,0.0,90.9,9.1,0.0,DUSTY,68,FAIR,low retained moisture may produce dust or loose soil; 9 days since measurable precipitation,20,1
2026-10-07,Yeti's,Pinebrook,WG072,40.70910944007779,-111.57083697014414,7539.3,3,69.5,50.9,59.7,0.0,0.0,0.0,0.0,0.0,0.0,60.86666666666667,60.12857142857143,0,0.0,0.0,0.0,0.0,0.0,9,3.0,6939.0,8064.3,7539.3,21.9,21.9,36.4,0.4,11.6,54.7,33.3,0.0,DUSTY,68,FAIR,low retained moisture may produce dust or loose soil; 9 days since measurable precipitation,20,4
2026-10-07,You Get It,Jordanelle,WG027,40.63417280890808,-111.45447628262694,6774.5,3,76.6,49.9,62.2,0.0,0.0,0.0,0.0,0.0,0.0,62.13333333333333,61.05714285714286,0,0.0,0.0,0.0,0.0,0.0,9,0.5,6702.7,6863.6,6774.5,14.4,14.5,21.0,4.8,0.0,4.8,90.5,0.0,DUSTY,68,FAIR,low retained moisture may produce dust or loose soil; 9 days since measurable precipitation,20,1
2026-10-08,East Fallen Pines Lane,Park City / PCMR,WG022,40.61551642366452,-111.57912837068116,8712.4,51,61.6,48.1,52.9,0.016,0.016,0.0,0.016,0.087,0.087,53.7,54.94285714285714,0,0.0,0.0,0.0,0.0,0.0,0,0.6,8602.1,8801.9,8712.4,12.6,12.9,19.7,0.0,2.0,72.0,26.0,0.073,DRY,87,GOOD,surface likely dry but still firm,1,1
2026-10-08,Forest Glen Trail,Park City / PCMR,WG022,40.61089948644494,-111.5784844905115,8765.8,51,61.6,48.1,52.9,0.016,0.016,0.0,0.016,0.087,0.087,53.7,54.94285714285714,0,0.0,0.0,0.0,0.0,0.0,0,0.2,8661.3,8874.6,8765.8,24.6,26.4,35.4,0.0,95.2,4.8,0.0,0.078,DRY,87,GOOD,surface likely dry but still firm,1,1
2026-10-08,Winchester Trail,Jeremy Ranch / Glenwild,WG069,40.71094932830698,-111.54449441430567,6453.0,61,73.9,49.6,60.4,0.071,0.071,0.0,0.071,0.071,0.071,60.43333333333334,60.02857142857143,0,0.0,0.0,0.0,0.0,0.0,0,0.2,6433.3,6465.9,6453.0,7.5,7.9,12.5,0.0,0.0,0.0,100.0,0.09,DRY,86,GOOD,surface likely dry but still firm; light precipitation today,3,1
2026-10-08,Abilene Way,Jeremy Ranch / Glenwild,WG068,40.705162592888,-111.52848253655898,6454.0,61,73.9,49.6,60.4,0.071,0.071,0.0,0.071,0.071,0.071,60.46666666666666,60.05714285714286,0,0.0,0.0,0.0,0.0,0.0,0,0.5,6439.2,6463.1,6454.0,1.2,1.0,2.4,0.0,0.0,56.1,43.9,0.085,DRY,85,GOOD,surface likely dry but still firm; light precipitation today,4,2
2026-10-08,Armstrong,Park City / PCMR,WG051,40.65248508262897,-111.52994268919429,7566.3,55,69.2,53.2,59.3,0.059,0.059,0.0,0.059,0.059,0.059,60.23333333333333,61.17142857142857,0,0.0,0.0,0.0,0.0,0.0,0,3.8,6958.3,8237.6,7566.3,20.8,21.5,33.2,0.0,8.3,30.4,61.2,0.077,DRY,85,GOOD,surface likely dry but still firm; light precipitation today,4,3
2026-10-08,CMG,Park City / PCMR,WG035,40.645848884326966,-111.51679268892973,7606.5,55,68.8,52.8,58.6,0.059,0.059,0.0,0.059,0.059,0.059,59.73333333333334,60.72857142857144,0,0.0,0.0,0.0,0.0,0.0,0,2.9,7010.6,8231.6,7606.5,21.0,21.5,38.4,0.0,36.1,41.0,22.9,0.076,DRY,85,GOOD,surface likely dry but still firm; light precipitation today,4,3
2026-10-08,Colony Mid Mountain Connector,Park City / PCMR,WG052,40.65011049975458,-111.53932673410868,8429.2,61,64.0,51.7,55.3,0.055,0.055,0.0,0.055,0.055,0.055,56.23333333333334,57.7,0,0.0,0.0,0.0,0.0,0.0,0,0.5,8408.0,8464.3,8429.2,26.1,29.3,34.9,0.0,0.0,17.9,82.1,0.075,DRY,85,GOOD,surface likely dry but still firm; light precipitation today,4,3
2026-10-08,Cutter Lane,Jeremy Ranch / Glenwild,WG068,40.7083260127391,-111.53140227257067,6437.7,61,73.9,49.6,60.4,0.071,0.071,0.0,0.071,0.071,0.071,60.46666666666666,60.05714285714286,0,0.0,0.0,0.0,0.0,0.0,0,0.2,6431.6,6445.1,6437.7,2.1,2.0,3.3,0.0,33.3,66.7,0.0,0.084,DRY,85,GOOD,surface likely dry but still firm; light precipitation today,4,2
2026-10-08,Dawns Trail,Park City / PCMR,WG051,40.65039115727101,-111.52578815180028,7505.7,55,69.2,53.2,59.3,0.059,0.059,0.0,0.059,0.059,0.059,60.23333333333333,61.17142857142857,0,0.0,0.0,0.0,0.0,0.0,0,0.9,7415.0,7576.9,7505.7,21.9,20.3,35.0,0.0,46.5,31.0,22.5,0.075,DRY,85,GOOD,surface likely dry but still firm; light precipitation today,4,3
2026-10-08,Dubois,Jeremy Ranch / Glenwild,WG059,40.698630398586985,-111.55581872982933,6878.9,61,72.9,48.6,59.4,0.071,0.071,0.0,0.071,0.071,0.071,59.4,59.0,0,0.0,0.0,0.0,0.0,0.0,0,1.4,6622.8,7164.4,6878.9,16.3,18.1,32.1,24.8,1.7,34.7,38.8,0.089,DRY,85,GOOD,surface likely dry but still firm; light precipitation today,4,2
2026-10-08,Eagle Trail,Park City / PCMR,WG051,40.65138382915936,-111.51929067308184,7664.9,55,69.2,53.2,59.3,0.059,0.059,0.0,0.059,0.059,0.059,60.23333333333333,61.17142857142857,0,0.0,0.0,0.0,0.0,0.0,0,0.5,7477.4,7838.4,7664.9,22.7,23.0,32.0,0.0,0.0,95.7,4.3,0.072,DRY,85,GOOD,surface likely dry but still firm; light precipitation today,4,3
2026-10-08,Gold Finger,Park City / PCMR,WG053,40.65997467243904,-111.55431689925648,8081.9,61,64.9,52.6,56.2,0.055,0.055,0.0,0.055,0.055,0.055,57.13333333333333,58.557142857142864,0,0.0,0.0,0.0,0.0,0.0,0,1.1,7876.6,8290.6,8081.9,25.9,25.7,31.6,0.0,100.0,0.0,0.0,0.076,DRY,85,GOOD,surface likely dry but still firm; light precipitation today,4,3
2026-10-08,Gotcha Cuttoff,Park City / PCMR,WG035,40.64587964864319,-111.5166123821088,7673.2,55,68.8,52.8,58.6,0.059,0.059,0.0,0.059,0.059,0.059,59.73333333333334,60.72857142857144,0,0.0,0.0,0.0,0.0,0.0,0,1.5,7178.9,8078.5,7673.2,20.8,21.4,35.8,0.8,0.0,3.1,96.2,0.079,DRY,85,GOOD,surface likely dry but still firm; light precipitation today,4,3
2026-10-08,H.A.M.,Park City / PCMR,WG035,40.64547382276132,-111.53139851516626,7780.5,55,68.8,52.8,58.6,0.059,0.059,0.0,0.059,0.059,0.059,59.73333333333334,60.72857142857144,0,0.0,0.0,0.0,0.0,0.0,0,0.8,7699.4,7896.1,7780.5,25.5,24.6,37.0,1.4,15.9,36.2,46.4,0.077,DRY,85,GOOD,surface likely dry but still firm; light precipitation today,4,3
2026-10-08,Iron Man,Park City / PCMR,WG053,40.6585520468376,-111.5452566956134,8305.8,61,64.9,52.6,56.2,0.055,0.055,0.0,0.055,0.055,0.055,57.13333333333333,58.557142857142864,0,0.0,0.0,0.0,0.0,0.0,0,2.9,7976.8,8555.0,8305.8,25.4,25.4,36.0,9.5,45.9,16.5,28.1,0.076,DRY,85,GOOD,surface likely dry but still firm; light precipitation today,4,3
2026-10-08,Iron Mountain Trail,Park City / PCMR,WG054,40.65649532455427,-111.54475504732362,8753.8,61,62.9,50.6,54.2,0.055,0.055,0.0,0.055,0.055,0.055,55.13333333333333,56.557142857142864,0,0.0,0.0,0.0,0.0,0.0,0,0.5,8553.9,9013.4,8753.8,19.3,20.1,26.2,26.7,53.3,15.6,4.4,0.077,DRY,85,GOOD,surface likely dry but still firm; light precipitation today,4,3
2026-10-08,Jenni's Trail,Park City / PCMR,WG034,40.64869166733497,-111.51220769740809,7207.7,55,70.1,54.1,60.2,0.059,0.059,0.0,0.059,0.059,0.059,61.16666666666666,62.10000000000001,0,0.0,0.0,0.0,0.0,0.0,0,1.4,6966.1,7501.1,7207.7,15.8,15.8,25.3,1.6,8.9,35.5,54.0,0.075,DRY,85,GOOD,surface likely dry but still firm; light precipitation today,4,3
2026-10-08,Jenni's Trail upper,Park City / PCMR,WG035,40.63937813819639,-111.5112423147728,7789.7,55,68.8,52.8,58.6,0.059,0.059,0.0,0.059,0.059,0.059,59.73333333333334,60.72857142857144,0,0.0,0.0,0.0,0.0,0.0,0,3.1,7487.3,8174.7,7789.7,20.5,20.2,38.0,0.0,22.6,47.4,30.1,0.076,DRY,85,GOOD,surface likely dry but still firm; light precipitation today,4,3
2026-10-08,Miss Billy's,Jeremy Ranch / Glenwild,WG059,40.69127466685039,-111.54016400735836,6614.6,61,72.9,48.6,59.4,0.071,0.071,0.0,0.071,0.071,0.071,59.4,59.0,0,0.0,0.0,0.0,0.0,0.0,0,1.1,6557.2,6663.6,6614.6,2.9,2.6,7.1,0.0,1.9,67.3,30.8,0.084,DRY,85,GOOD,surface likely dry but still firm; light precipitation today,4,2
2026-10-08,North 400 West,Jeremy Ranch / Glenwild,WG068,40.70279368500318,-111.51897621463831,6441.4,61,73.9,49.6,60.4,0.071,0.071,0.0,0.071,0.071,0.071,60.46666666666666,60.05714285714286,0,0.0,0.0,0.0,0.0,0.0,0,0.5,6427.3,6455.3,6441.4,1.2,1.0,3.2,0.0,7.3,53.7,39.0,0.085,DRY,85,GOOD,surface likely dry but still firm; light precipitation today,4,2
2026-10-08,Payday,Park City / PCMR,WG035,40.64053545819342,-111.51124538504462,7598.1,55,68.8,52.8,58.6,0.059,0.059,0.0,0.059,0.059,0.059,59.73333333333334,60.72857142857144,0,0.0,0.0,0.0,0.0,0.0,0,1.7,7139.7,8117.7,7598.1,11.4,11.3,22.6,0.0,16.6,75.9,7.6,0.074,DRY,85,GOOD,surface likely dry but still firm; light precipitation today,4,3
2026-10-08,Red Bull,Park City / PCMR,WG035,40.63958635838598,-111.51326842477698,7769.0,55,68.8,52.8,58.6,0.059,0.059,0.0,0.059,0.059,0.059,59.73333333333334,60.72857142857144,0,0.0,0.0,0.0,0.0,0.0,0,1.2,7139.7,8293.6,7769.0,19.0,20.4,29.9,0.0,0.0,48.6,51.4,0.076,DRY,85,GOOD,surface likely dry but still firm; light precipitation today,4,3
2026-10-08,Seldom Seen,Park City / PCMR,WG034,40.64892938917546,-111.51571616491609,7435.6,55,70.1,54.1,60.2,0.059,0.059,0.0,0.059,0.059,0.059,61.16666666666666,62.10000000000001,0,0.0,0.0,0.0,0.0,0.0,0,1.9,7104.9,7720.5,7435.6,20.5,19.1,37.4,0.6,9.2,19.0,71.2,0.076,DRY,85,GOOD,surface likely dry but still firm; light precipitation today,4,3
2026-10-08,Spiro Trail,Park City / PCMR,WG035,40.64755384631944,-111.52407012433112,7617.4,55,68.8,52.8,58.6,0.059,0.059,0.0,0.059,0.059,0.059,59.73333333333334,60.72857142857144,0,0.0,0.0,0.0,0.0,0.0,0,3.1,6934.7,8185.7,7617.4,21.4,21.5,33.5,0.0,37.4,43.9,18.7,0.076,DRY,85,GOOD,surface likely dry but still firm; light precipitation today,4,3
2026-10-08,Ambush,Jeremy Ranch / Glenwild,WG063,40.694225906082366,-111.58181443950004,7757.7,55,67.9,53.1,58.5,0.043,0.043,0.0,0.043,0.043,0.043,59.56666666666666,60.67142857142858,0,0.0,0.0,0.0,0.0,0.0,0,1.6,7418.5,8136.4,7757.7,25.9,26.8,35.6,21.2,0.0,24.8,54.0,0.058,DUSTY,78,GOOD,low retained moisture may produce dust or loose soil,25,7
2026-10-08,Canyons Downhill,Pinebrook,WG061,40.68430916809496,-111.56849091879047,7666.2,55,68.2,53.5,58.9,0.043,0.043,0.0,0.043,0.043,0.043,59.9,61.0,0,0.0,0.0,0.0,0.0,0.0,0,1.2,7182.1,8294.1,7666.2,26.4,27.3,37.8,17.8,0.0,64.4,17.8,0.055,DUSTY,78,GOOD,low retained moisture may produce dust or loose soil,25,1
2026-10-08,Holly's,Pinebrook,WG063,40.68604417524608,-111.57782170773478,7824.2,55,67.9,53.1,58.5,0.043,0.043,0.0,0.043,0.043,0.043,59.56666666666666,60.67142857142858,0,0.0,0.0,0.0,0.0,0.0,0,2.2,7520.7,8241.4,7824.2,27.2,28.3,42.4,12.1,1.6,67.0,19.2,0.055,DUSTY,78,GOOD,low retained moisture may produce dust or loose soil,25,1
2026-10-08,Insurgent,Jeremy Ranch / Glenwild,WG063,40.68610182305705,-111.58195303109213,7873.2,55,67.9,53.1,58.5,0.043,0.043,0.0,0.043,0.043,0.043,59.56666666666666,60.67142857142858,0,0.0,0.0,0.0,0.0,0.0,0,0.6,7618.3,8148.8,7873.2,21.7,22.6,32.5,0.0,0.0,74.0,26.0,0.054,DUSTY,78,GOOD,low retained moisture may produce dust or loose soil,25,7
2026-10-08,Richochet,Park City / PCMR,WG062,40.68638148266805,-111.57139393545772,7468.3,55,68.9,54.2,59.6,0.043,0.043,0.0,0.043,0.043,0.043,60.6,61.74285714285714,0,0.0,0.0,0.0,0.0,0.0,0,2.5,6918.4,8101.8,7468.3,22.5,22.8,36.7,0.0,1.4,60.1,38.5,0.055,DUSTY,78,GOOD,low retained moisture may produce dust or loose soil,25,19
2026-10-08,Rob's Trail,Pinebrook,WG063,40.69704664952428,-111.5702364046946,7584.0,55,67.9,53.1,58.5,0.043,0.043,0.0,0.043,0.043,0.043,59.56666666666666,60.67142857142858,0,0.0,0.0,0.0,0.0,0.0,0,2.1,7146.5,7923.4,7584.0,25.6,26.0,35.1,18.2,1.1,75.0,5.7,0.055,DUSTY,78,GOOD,low retained moisture may produce dust or loose soil,25,1
2026-10-08,Colin's Trail,Jeremy Ranch / Glenwild,WG060,40.69629937433107,-111.55671582168428,7029.9,51,71.1,53.5,60.8,0.016,0.016,0.0,0.016,0.044,0.044,61.23333333333333,61.614285714285714,0,0.0,0.0,0.0,0.0,0.0,0,1.8,6641.1,7390.4,7029.9,21.7,22.5,34.0,3.3,0.0,53.9,42.8,0.038,DUSTY,77,FAIR,low retained moisture may produce dust or loose soil,31,9
2026-10-08,Happy Trailside,Round Valley,WG067,40.708413441306845,-111.50471867526606,6595.6,53,73.7,48.2,59.4,0.028,0.028,0.0,0.028,0.028,0.028,59.4,59.442857142857136,0,0.0,0.0,0.0,0.0,0.0,0,0.1,6570.7,6621.7,6595.6,11.4,12.6,15.0,80.0,0.0,0.0,20.0,0.038,DUSTY,77,FAIR,low retained moisture may produce dust or loose soil,31,1
2026-10-08,Iron Bill,Jeremy Ranch / Glenwild,WG071,40.70817834974828,-111.55726593666238,7034.2,51,70.6,53.0,60.0,0.016,0.016,0.0,0.016,0.044,0.044,60.66666666666666,61.05714285714286,0,0.0,0.0,0.0,0.0,0.0,0,2.0,6718.2,7267.2,7034.2,19.0,19.1,32.3,16.6,0.0,29.0,54.4,0.038,DUSTY,77,FAIR,low retained moisture may produce dust or loose soil,31,9
2026-10-08,Legacy Loop,Jeremy Ranch / Glenwild,WG071,40.705995804360256,-111.55961886682412,7342.6,51,70.6,53.0,60.0,0.016,0.016,0.0,0.016,0.044,0.044,60.66666666666666,61.05714285714286,0,0.0,0.0,0.0,0.0,0.0,0,0.7,7260.5,7397.4,7342.6,17.1,16.5,26.3,25.0,30.0,1.7,43.3,0.041,DUSTY,77,FAIR,low retained moisture may produce dust or loose soil,31,9
2026-10-08,Legacy Ridge,Jeremy Ranch / Glenwild,WG071,40.70648419743829,-111.5603960205038,7414.3,51,70.6,53.0,60.0,0.016,0.016,0.0,0.016,0.044,0.044,60.66666666666666,61.05714285714286,0,0.0,0.0,0.0,0.0,0.0,0,0.5,7364.1,7451.5,7414.3,10.3,9.7,21.0,2.4,43.9,12.2,41.5,0.04,DUSTY,77,FAIR,low retained moisture may produce dust or loose soil,31,9
2026-10-08,Legacy. Loop,Jeremy Ranch / Glenwild,WG071,40.70737188748682,-111.5599210439625,7363.1,51,70.6,53.0,60.0,0.016,0.016,0.0,0.016,0.044,0.044,60.66666666666666,61.05714285714286,0,0.0,0.0,0.0,0.0,0.0,0,0.4,7345.2,7385.4,7363.1,15.4,15.0,20.8,0.0,29.4,38.2,32.4,0.038,DUSTY,77,FAIR,low retained moisture may produce dust or loose soil,31,9
2026-10-08,Moose Puddle,Pinebrook,WG071,40.70548588260783,-111.56718578772085,7487.6,51,70.6,53.0,60.0,0.016,0.016,0.0,0.016,0.044,0.044,60.66666666666666,61.05714285714286,0,0.0,0.0,0.0,0.0,0.0,0,3.4,6993.8,8052.9,7487.6,23.4,24.1,33.7,6.4,0.0,55.0,38.6,0.039,DUSTY,77,FAIR,low retained moisture may produce dust or loose soil,31,4
2026-10-08,Pinebrook Southeast Perimeter / Pinebrook SE Perimeter,Pinebrook,WG079,40.72863077219642,-111.58102679054537,7392.0,51,70.3,52.8,60.1,0.016,0.016,0.0,0.016,0.044,0.044,60.53333333333333,60.85714285714285,0,0.0,0.0,0.0,0.0,0.0,0,1.7,7120.0,7559.3,7392.0,19.9,21.5,33.8,20.3,36.2,6.5,37.0,0.041,DUSTY,77,FAIR,low retained moisture may produce dust or loose soil,31,4
2026-10-08,Rosebud's Heaven,Park City / PCMR,WG060,40.69195554103422,-111.5659528759652,7326.9,51,71.1,53.5,60.8,0.016,0.016,0.0,0.016,0.044,0.044,61.23333333333333,61.614285714285714,0,0.0,0.0,0.0,0.0,0.0,0,2.1,7148.5,7503.1,7326.9,26.9,26.5,39.8,55.5,2.3,4.6,37.6,0.042,DUSTY,77,FAIR,low retained moisture may produce dust or loose soil,31,20
2026-10-08,Round Valley Connect,Round Valley,WG067,40.70875221615484,-111.50427592382064,6606.7,53,73.7,48.2,59.4,0.028,0.028,0.0,0.028,0.028,0.028,59.4,59.442857142857136,0,0.0,0.0,0.0,0.0,0.0,0,0.1,6573.7,6646.8,6606.7,9.1,9.4,12.2,81.2,6.2,0.0,12.5,0.038,DUSTY,77,FAIR,low retained moisture may produce dust or loose soil,31,1
2026-10-08,9K Trail,Park City / PCMR,WG017,40.61454424262402,-111.5340694590712,9222.8,51,60.7,48.4,51.8,0.016,0.016,0.0,0.016,0.016,0.016,52.66666666666666,53.95714285714286,0,0.0,0.0,0.0,0.0,0.0,0,5.8,8959.5,9439.0,9222.8,20.4,21.0,37.9,18.4,9.7,46.2,25.8,0.024,DUSTY,76,FAIR,low retained moisture may produce dust or loose soil,41,21
2026-10-08,Amenti,Round Valley,WG067,40.71749758221375,-111.50096260266577,6526.6,53,73.7,48.2,59.4,0.028,0.028,0.0,0.028,0.028,0.028,59.4,59.442857142857136,0,0.0,0.0,0.0,0.0,0.0,0,0.6,6473.3,6585.7,6526.6,5.3,4.8,12.4,12.5,82.1,3.6,1.8,0.036,DUSTY,76,FAIR,low retained moisture may produce dust or loose soil,41,3
2026-10-08,Apex,Park City / PCMR,WG038,40.62520958876211,-111.53395003281469,9146.4,51,61.0,48.7,52.2,0.016,0.016,0.0,0.016,0.032,0.032,52.866666666666674,54.21428571428572,0,0.0,0.0,0.0,0.0,0.0,0,2.2,8755.5,9591.9,9146.4,18.6,17.3,36.0,0.0,34.4,65.1,0.5,0.035,DUSTY,76,FAIR,low retained moisture may produce dust or loose soil,41,21
2026-10-08,Bamm Bamm,Round Valley,WG067,40.71001316656963,-111.50256230173504,6667.3,53,73.7,48.2,59.4,0.028,0.028,0.0,0.028,0.028,0.028,59.4,59.442857142857136,0,0.0,0.0,0.0,0.0,0.0,0,0.4,6610.1,6731.1,6667.3,9.9,9.9,16.2,2.9,35.3,61.8,0.0,0.033,DUSTY,76,FAIR,low retained moisture may produce dust or loose soil,41,3
2026-10-08,Blazing Saddle,Park City / PCMR,WG020,40.61652898868821,-111.55635878361066,9384.9,51,60.4,48.1,51.5,0.016,0.016,0.0,0.016,0.016,0.016,52.36666666666667,53.68571428571428,0,0.0,0.0,0.0,0.0,0.0,0,0.7,9295.6,9481.6,9384.9,18.3,19.7,28.9,51.7,0.0,0.0,48.3,0.026,DUSTY,76,FAIR,low retained moisture may produce dust or loose soil,41,21
2026-10-08,Bonanza Flat Overlook,Deer Valley,WG017,40.60116766018752,-111.5344182482656,9112.3,51,60.7,48.4,51.8,0.016,0.016,0.0,0.016,0.016,0.016,52.66666666666666,53.95714285714286,0,0.0,0.0,0.0,0.0,0.0,0,0.1,9086.5,9126.7,9112.3,13.8,14.1,20.1,70.0,0.0,10.0,20.0,0.026,DUSTY,76,FAIR,low retained moisture may produce dust or loose soil,41,1
2026-10-08,Bourbon Street,Round Valley,WG067,40.70798253656,-111.48164466049944,6673.3,53,73.7,48.2,59.4,0.028,0.028,0.0,0.028,0.028,0.028,59.4,59.442857142857136,0,0.0,0.0,0.0,0.0,0.0,0,0.3,6651.3,6703.8,6673.3,8.6,8.9,15.2,0.0,18.2,31.8,50.0,0.034,DUSTY,76,FAIR,low retained moisture may produce dust or loose soil,41,3
2026-10-08,Bronto Jam,Round Valley,WG067,40.71004954775594,-111.501977414722,6672.8,53,73.7,48.2,59.4,0.028,0.028,0.0,0.028,0.028,0.028,59.4,59.442857142857136,0,0.0,0.0,0.0,0.0,0.0,0,0.5,6604.0,6731.1,6672.8,10.2,10.4,15.6,2.6,0.0,89.7,7.7,0.032,DUSTY,76,FAIR,low retained moisture may produce dust or loose soil,41,3
2026-10-08,Comstock Mine Trail,Park City / PCMR,WG019,40.62270505527668,-111.54357954562096,8723.6,51,62.5,50.2,53.7,0.016,0.016,0.0,0.016,0.032,0.032,54.36666666666667,55.72857142857144,0,0.0,0.0,0.0,0.0,0.0,0,0.6,8545.6,8846.5,8723.6,13.4,13.2,25.9,0.0,0.0,13.5,86.5,0.036,DUSTY,76,FAIR,low retained moisture may produce dust or loose soil,41,21
2026-10-08,Empire Lodge,Deer Valley,WG015,40.61442062316093,-111.51298418240138,8439.2,51,65.3,52.3,56.3,0.016,0.016,0.0,0.016,0.016,0.016,57.16666666666666,58.48571428571429,0,0.0,0.0,0.0,0.0,0.0,0,0.4,8326.0,8614.8,8439.2,13.0,12.8,26.8,28.2,0.0,5.1,66.7,0.023,DUSTY,76,FAIR,low retained moisture may produce dust or loose soil,41,1
2026-10-08,Equestrian,Round Valley,WG067,40.70215181343843,-111.50219785223597,6719.1,53,73.7,48.2,59.4,0.028,0.028,0.0,0.028,0.028,0.028,59.4,59.442857142857136,0,0.0,0.0,0.0,0.0,0.0,0,0.7,6462.5,6858.9,6719.1,7.8,7.4,19.2,8.1,79.0,0.0,12.9,0.036,DUSTY,76,FAIR,low retained moisture may produce dust or loose soil,41,3
2026-10-08,Field Stone,Round Valley,WG067,40.71706243943152,-111.49059329339536,6526.3,53,73.7,48.2,59.4,0.028,0.028,0.0,0.028,0.028,0.028,59.4,59.442857142857136,0,0.0,0.0,0.0,0.0,0.0,0,0.4,6512.5,6549.9,6526.3,5.5,5.6,8.4,9.1,72.7,3.0,15.2,0.036,DUSTY,76,FAIR,low retained moisture may produce dust or loose soil,41,3
2026-10-08,Golden Needle,Park City / PCMR,WG008,40.59452078975266,-111.56725110409884,9811.4,3,57.7,46.2,49.8,0.0,0.0,0.0,0.0,0.043,0.043,50.36666666666667,51.471428571428575,0,0.0,0.0,0.0,0.0,0.0,1,0.8,9288.1,10347.8,9811.4,17.7,17.1,28.2,2.9,95.7,1.4,0.0,0.031,DUSTY,76,FAIR,low retained moisture may produce dust or loose soil,41,21
2026-10-08,Happy Gilmor,Round Valley,WG067,40.70712360033319,-111.5014684546231,6569.0,53,73.7,48.2,59.4,0.028,0.028,0.0,0.028,0.028,0.028,59.4,59.442857142857136,0,0.0,0.0,0.0,0.0,0.0,0,2.0,6488.3,6651.3,6569.0,9.1,8.8,21.8,27.0,27.6,39.5,5.9,0.035,DUSTY,76,FAIR,low retained moisture may produce dust or loose soil,41,3
2026-10-08,Io Trail (Middle),Deer Valley,WG017,40.61025792344493,-111.52770861008732,9342.5,51,60.7,48.4,51.8,0.016,0.016,0.0,0.016,0.016,0.016,52.66666666666666,53.95714285714286,0,0.0,0.0,0.0,0.0,0.0,0,0.3,9253.3,9432.7,9342.5,18.6,22.1,28.2,92.3,0.0,0.0,7.7,0.027,DUSTY,76,FAIR,low retained moisture may produce dust or loose soil,41,1
2026-10-08,Mountain Ranch,Jeremy Ranch / Glenwild,WG066,40.719482563829935,-111.5082007499112,6453.3,53,74.3,48.8,60.6,0.028,0.028,0.0,0.028,0.028,0.028,60.23333333333333,60.142857142857146,0,0.0,0.0,0.0,0.0,0.0,0,0.2,6438.4,6472.3,6453.3,4.0,3.4,7.0,0.0,29.4,70.6,0.0,0.033,DUSTY,76,FAIR,low retained moisture may produce dust or loose soil,41,14
2026-10-08,Mountain Ranch Estates,Round Valley,WG067,40.7173985998433,-111.50812726137713,6520.0,53,73.7,48.2,59.4,0.028,0.028,0.0,0.028,0.028,0.028,59.4,59.442857142857136,0,0.0,0.0,0.0,0.0,0.0,0,1.4,6426.1,6632.7,6520.0,5.2,4.4,19.0,6.8,30.8,50.4,12.0,0.034,DUSTY,76,FAIR,low retained moisture may produce dust or loose soil,41,3
2026-10-08,Mountain Willow,Round Valley,WG067,40.71402930681007,-111.48565937361776,6571.7,53,73.7,48.2,59.4,0.028,0.028,0.0,0.028,0.028,0.028,59.4,59.442857142857136,0,0.0,0.0,0.0,0.0,0.0,0,0.4,6544.8,6592.9,6571.7,5.3,3.4,18.2,3.3,46.7,50.0,0.0,0.034,DUSTY,76,FAIR,low retained moisture may produce dust or loose soil,41,3
2026-10-08,Mr Muchrocks,Round Valley,WG067,40.70904482572548,-111.50323360919846,6653.2,53,73.7,48.2,59.4,0.028,0.028,0.0,0.028,0.028,0.028,59.4,59.442857142857136,0,0.0,0.0,0.0,0.0,0.0,0,0.5,6604.6,6731.1,6653.2,11.8,11.9,20.3,52.7,43.6,0.0,3.6,0.037,DUSTY,76,FAIR,low retained moisture may produce dust or loose soil,41,3
2026-10-08,Old Stage Crest Connect,Park City / PCMR,WG023,40.61247305094488,-111.5715274805363,9057.3,51,61.3,49.0,52.5,0.016,0.016,0.0,0.016,0.032,0.032,53.16666666666666,54.54285714285714,0,0.0,0.0,0.0,0.0,0.0,0,0.3,8989.0,9157.0,9057.3,21.7,19.4,31.0,10.7,75.0,14.3,0.0,0.037,DUSTY,76,FAIR,low retained moisture may produce dust or loose soil,41,21
2026-10-08,Olympic,Pinebrook,WG064,40.69996684096533,-111.57868853500152,8004.0,51,66.6,52.9,58.0,0.016,0.016,0.0,0.016,0.032,0.032,58.3,59.65714285714286,0,0.0,0.0,0.0,0.0,0.0,0,1.2,7911.4,8056.5,8004.0,21.3,23.7,31.0,5.1,23.5,63.3,8.2,0.031,DUSTY,76,FAIR,low retained moisture may produce dust or loose soil,41,6
2026-10-08,Ore Cart,Deer Valley,WG015,40.621755910380834,-111.51139929264724,8146.4,51,65.3,52.3,56.3,0.016,0.016,0.0,0.016,0.016,0.016,57.16666666666666,58.48571428571429,0,0.0,0.0,0.0,0.0,0.0,0,0.3,8064.8,8251.4,8146.4,22.7,23.7,28.3,25.0,0.0,0.0,75.0,0.023,DUSTY,76,FAIR,low retained moisture may produce dust or loose soil,41,1
2026-10-08,Pinecone Ridge,Park City / PCMR,WG039,40.63337906740186,-111.54644099265712,9084.9,51,61.2,48.9,52.4,0.016,0.016,0.0,0.016,0.032,0.032,53.06666666666666,54.44285714285714,0,0.0,0.0,0.0,0.0,0.0,0,3.9,8421.5,9841.4,9084.9,22.7,23.0,32.2,6.2,20.0,35.6,38.1,0.036,DUSTY,76,FAIR,low retained moisture may produce dust or loose soil,41,21
2026-10-08,Ramble On,Round Valley,WG067,40.70159467934347,-111.48028465593316,6781.5,53,73.7,48.2,59.4,0.028,0.028,0.0,0.028,0.028,0.028,59.4,59.442857142857136,0,0.0,0.0,0.0,0.0,0.0,0,2.8,6720.6,6841.6,6781.5,11.0,10.2,23.4,0.0,6.4,48.9,44.7,0.034,DUSTY,76,FAIR,low retained moisture may produce dust or loose soil,41,3
2026-10-08,Rambler DT,Round Valley,WG056,40.699080350519786,-111.50674680507665,6485.7,53,74.3,48.7,60.6,0.028,0.028,0.0,0.028,0.028,0.028,60.2,60.1,0,0.0,0.0,0.0,0.0,0.0,0,0.2,6470.0,6508.3,6485.7,12.3,12.3,16.9,0.0,100.0,0.0,0.0,0.036,DUSTY,76,FAIR,low retained moisture may produce dust or loose soil,41,3
2026-10-08,Rock Chuck Trail,Park City / PCMR,WG008,40.58874474594925,-111.56839301918852,9680.6,3,57.7,46.2,49.8,0.0,0.0,0.0,0.0,0.043,0.043,50.36666666666667,51.471428571428575,0,0.0,0.0,0.0,0.0,0.0,1,1.0,9377.3,9855.0,9680.6,12.5,11.5,28.4,0.0,47.1,52.9,0.0,0.029,DUSTY,76,FAIR,low retained moisture may produce dust or loose soil,41,21
2026-10-08,Rogue Rider Trail,Park City / PCMR,WG020,40.60699361060532,-111.56187339427328,9423.9,51,60.4,48.1,51.5,0.016,0.016,0.0,0.016,0.016,0.016,52.36666666666667,53.68571428571428,0,0.0,0.0,0.0,0.0,0.0,0,2.2,9049.7,9871.9,9423.9,16.5,15.5,29.0,0.5,27.8,71.7,0.0,0.023,DUSTY,76,FAIR,low retained moisture may produce dust or loose soil,41,21
2026-10-08,Round Valley Connector,Round Valley,WG067,40.709506874143365,-111.48774034228174,6611.3,53,73.7,48.2,59.4,0.028,0.028,0.0,0.028,0.028,0.028,59.4,59.442857142857136,0,0.0,0.0,0.0,0.0,0.0,0,1.9,6533.0,6760.4,6611.3,4.1,2.8,11.2,1.7,59.1,38.1,1.1,0.034,DUSTY,76,FAIR,low retained moisture may produce dust or loose soil,41,3
2026-10-08,Saved By The Bell,Round Valley,WG067,40.71689792497153,-111.49958806368429,6568.5,53,73.7,48.2,59.4,0.028,0.028,0.0,0.028,0.028,0.028,59.4,59.442857142857136,0,0.0,0.0,0.0,0.0,0.0,0,1.3,6511.5,6665.6,6568.5,9.7,10.4,18.0,15.0,85.0,0.0,0.0,0.036,DUSTY,76,FAIR,low retained moisture may produce dust or loose soil,41,3
2026-10-08,Shadow Lake,Park City / PCMR,WG020,40.61596037279941,-111.55009628848111,9179.4,51,60.4,48.1,51.5,0.016,0.016,0.0,0.016,0.016,0.016,52.36666666666667,53.68571428571428,0,0.0,0.0,0.0,0.0,0.0,0,0.8,9037.5,9310.6,9179.4,15.7,14.4,34.6,8.3,15.3,41.7,34.7,0.024,DUSTY,76,FAIR,low retained moisture may produce dust or loose soil,41,21
2026-10-08,Short Cut,Jeremy Ranch / Glenwild,WG064,40.68025862222409,-111.57883598783349,8081.5,51,66.6,52.9,58.0,0.016,0.016,0.0,0.016,0.032,0.032,58.3,59.65714285714286,0,0.0,0.0,0.0,0.0,0.0,0,0.9,7945.4,8245.4,8081.5,19.6,23.0,31.3,28.9,0.0,47.4,23.7,0.033,DUSTY,76,FAIR,low retained moisture may produce dust or loose soil,41,14
2026-10-08,Sloppy Joe,Round Valley,WG067,40.71599935057343,-111.49742827056478,6658.4,53,73.7,48.2,59.4,0.028,0.028,0.0,0.028,0.028,0.028,59.4,59.442857142857136,0,0.0,0.0,0.0,0.0,0.0,0,0.3,6616.1,6684.3,6658.4,10.1,10.4,19.5,10.7,75.0,14.3,0.0,0.035,DUSTY,76,FAIR,low retained moisture may produce dust or loose soil,41,3
2026-10-08,Steps,Park City / PCMR,WG037,40.63116043759045,-111.5173271228493,8520.8,51,64.1,51.1,55.1,0.016,0.016,0.0,0.016,0.016,0.016,55.96666666666667,57.285714285714285,0,0.0,0.0,0.0,0.0,0.0,0,1.0,8366.1,8730.0,8520.8,24.0,25.7,34.0,18.0,0.0,0.0,82.0,0.023,DUSTY,76,FAIR,low retained moisture may produce dust or loose soil,41,21
2026-10-08,Stiff Upper Lip,Park City / PCMR,WG017,40.61611691879028,-111.52987009616064,9025.4,51,60.7,48.4,51.8,0.016,0.016,0.0,0.016,0.016,0.016,52.66666666666666,53.95714285714286,0,0.0,0.0,0.0,0.0,0.0,0,0.5,8926.8,9139.2,9025.4,16.3,16.1,27.9,0.0,0.0,33.3,66.7,0.024,DUSTY,76,FAIR,low retained moisture may produce dust or loose soil,41,21
2026-10-08,TSP Skils Area,Round Valley,WG067,40.70929244417837,-111.50545423904256,6671.9,53,73.7,48.2,59.4,0.028,0.028,0.0,0.028,0.028,0.028,59.4,59.442857142857136,0,0.0,0.0,0.0,0.0,0.0,0,0.3,6646.3,6691.8,6671.9,8.0,8.2,14.7,30.2,0.0,4.7,65.1,0.036,DUSTY,76,FAIR,low retained moisture may produce dust or loose soil,41,3
2026-10-08,Tar Pits Jump Line,Round Valley,WG067,40.70948336187246,-111.50501444482678,6663.3,53,73.7,48.2,59.4,0.028,0.028,0.0,0.028,0.028,0.028,59.4,59.442857142857136,0,0.0,0.0,0.0,0.0,0.0,0,0.1,6650.4,6685.4,6663.3,4.8,4.2,11.8,8.3,0.0,16.7,75.0,0.035,DUSTY,76,FAIR,low retained moisture may produce dust or loose soil,41,3
2026-10-08,The Great Gazoo,Round Valley,WG067,40.70997890100696,-111.50140660314835,6662.9,53,73.7,48.2,59.4,0.028,0.028,0.0,0.028,0.028,0.028,59.4,59.442857142857136,0,0.0,0.0,0.0,0.0,0.0,0,0.5,6602.3,6731.1,6662.9,11.1,11.7,16.5,5.0,0.0,52.5,42.5,0.034,DUSTY,76,FAIR,low retained moisture may produce dust or loose soil,41,3
2026-10-08,Tim Man,Round Valley,WG067,40.70348842863846,-111.50080894755244,6766.9,53,73.7,48.2,59.4,0.028,0.028,0.0,0.028,0.028,0.028,59.4,59.442857142857136,0,0.0,0.0,0.0,0.0,0.0,0,1.4,6648.4,6875.3,6766.9,7.3,6.8,15.0,0.8,59.8,38.5,0.8,0.034,DUSTY,76,FAIR,low retained moisture may produce dust or loose soil,41,3
2026-10-08,Trailside,Round Valley,WG066,40.71864159830864,-111.50336949570412,6480.1,53,74.3,48.8,60.6,0.028,0.028,0.0,0.028,0.028,0.028,60.23333333333333,60.142857142857146,0,0.0,0.0,0.0,0.0,0.0,0,0.1,6473.9,6486.7,6480.1,3.6,3.6,5.7,0.0,0.0,28.6,71.4,0.035,DUSTY,76,FAIR,low retained moisture may produce dust or loose soil,41,3
2026-10-08,Trailside Connector,Round Valley,WG067,40.71611276967259,-111.5017965665912,6504.2,53,73.7,48.2,59.4,0.028,0.028,0.0,0.028,0.028,0.028,59.4,59.442857142857136,0,0.0,0.0,0.0,0.0,0.0,0,0.1,6498.8,6512.4,6504.2,2.6,2.8,4.3,10.0,60.0,30.0,0.0,0.035,DUSTY,76,FAIR,low retained moisture may produce dust or loose soil,41,3
2026-10-08,Trailside Loop,Round Valley,WG067,40.71199117049012,-111.50483999800892,6609.7,53,73.7,48.2,59.4,0.028,0.028,0.0,0.028,0.028,0.028,59.4,59.442857142857136,0,0.0,0.0,0.0,0.0,0.0,0,1.2,6532.2,6679.2,6609.7,7.7,7.4,17.1,0.0,0.0,42.2,57.8,0.034,DUSTY,76,FAIR,low retained moisture may produce dust or loose soil,41,3
2026-10-08,Truckhole,Round Valley,WG067,40.704351116822174,-111.50022157042804,6773.9,53,73.7,48.2,59.4,0.028,0.028,0.0,0.028,0.028,0.028,59.4,59.442857142857136,0,0.0,0.0,0.0,0.0,0.0,0,0.7,6641.4,6877.9,6773.9,6.7,6.0,15.2,13.8,37.9,48.3,0.0,0.034,DUSTY,76,FAIR,low retained moisture may produce dust or loose soil,41,3
2026-10-08,Unga Bunga Skills and Pump Tradk,Round Valley,WG067,40.71158064400824,-111.50217787755837,6590.1,53,73.7,48.2,59.4,0.028,0.028,0.0,0.028,0.028,0.028,59.4,59.442857142857136,0,0.0,0.0,0.0,0.0,0.0,0,0.2,6579.8,6601.1,6590.1,5.9,5.5,12.3,0.0,2.9,94.1,2.9,0.032,DUSTY,76,FAIR,low retained moisture may produce dust or loose soil,41,3
2026-10-08,Up Track,Round Valley,WG067,40.71007968280768,-111.50314659118624,6643.1,53,73.7,48.2,59.4,0.028,0.028,0.0,0.028,0.028,0.028,59.4,59.442857142857136,0,0.0,0.0,0.0,0.0,0.0,0,0.5,6566.9,6731.1,6643.1,6.8,5.8,16.9,1.5,22.7,60.6,15.2,0.033,DUSTY,76,FAIR,low retained moisture may produce dust or loose soil,41,3
2026-10-08,Wasatch Crest Connect,Park City / PCMR,WG020,40.616974136223725,-111.55736099806312,9245.9,51,60.4,48.1,51.5,0.016,0.016,0.0,0.016,0.016,0.016,52.36666666666667,53.68571428571428,0,0.0,0.0,0.0,0.0,0.0,0,1.7,8958.2,9481.6,9245.9,17.1,17.3,33.0,12.9,15.5,34.2,37.4,0.024,DUSTY,76,FAIR,low retained moisture may produce dust or loose soil,41,21
2026-10-08,Yabba Dabba Doo,Round Valley,WG067,40.71031601545331,-111.5039304608668,6636.2,53,73.7,48.2,59.4,0.028,0.028,0.0,0.028,0.028,0.028,59.4,59.442857142857136,0,0.0,0.0,0.0,0.0,0.0,0,0.3,6613.2,6659.8,6636.2,6.5,6.8,9.5,0.0,0.0,90.9,9.1,0.032,DUSTY,76,FAIR,low retained moisture may produce dust or loose soil,41,3
2026-10-08,24-7,Jeremy Ranch / Glenwild,WG086,40.7580938928905,-111.55747502780672,6689.5,51,74.5,50.5,60.7,0.016,0.016,0.0,0.016,0.016,0.016,60.633333333333326,60.77142857142858,0,0.0,0.0,0.0,0.0,0.0,0,5.1,6216.2,6897.6,6689.5,17.7,17.7,33.3,43.4,37.0,19.4,0.2,0.021,DUSTY,75,FAIR,low retained moisture may produce dust or loose soil,87,16
2026-10-08,Ant Farm,Jeremy Ranch / Glenwild,WG077,40.74632495230274,-111.55092174051572,6629.0,51,74.6,50.7,60.3,0.016,0.016,0.0,0.016,0.016,0.016,60.66666666666666,60.87142857142857,0,0.0,0.0,0.0,0.0,0.0,0,0.5,6534.5,6747.2,6629.0,11.9,12.8,18.9,0.0,6.8,93.2,0.0,0.018,DUSTY,75,FAIR,low retained moisture may produce dust or loose soil,87,16
2026-10-08,Ashley Avenue,Round Valley,WG057,40.68155854272997,-111.50389122653404,6794.6,51,73.0,50.0,59.9,0.016,0.016,0.0,0.016,0.016,0.016,60.23333333333333,60.18571428571429,0,0.0,0.0,0.0,0.0,0.0,0,0.4,6774.5,6825.2,6794.6,11.9,14.5,19.8,21.2,0.0,0.0,78.8,0.021,DUSTY,75,FAIR,low retained moisture may produce dust or loose soil,87,29
2026-10-08,BLT,Jeremy Ranch / Glenwild,WG070,40.71492142685356,-111.56084442077211,6927.9,51,74.2,50.2,59.9,0.016,0.016,0.0,0.016,0.016,0.016,60.2,60.41428571428572,0,0.0,0.0,0.0,0.0,0.0,0,0.8,6827.5,6989.0,6927.9,17.6,17.3,29.1,23.5,8.8,0.0,67.6,0.021,DUSTY,75,FAIR,low retained moisture may produce dust or loose soil,87,16
2026-10-08,BYOB,Pinebrook,WG070,40.718283985000745,-111.55661288864135,6639.8,51,74.2,50.2,59.9,0.016,0.016,0.0,0.016,0.016,0.016,60.2,60.41428571428572,0,0.0,0.0,0.0,0.0,0.0,0,0.7,6545.0,6701.6,6639.8,15.6,15.9,25.8,5.0,0.0,16.7,78.3,0.02,DUSTY,75,FAIR,low retained moisture may produce dust or loose soil,87,7
2026-10-08,Backslide,Round Valley,WG057,40.686236769495366,-111.49111386346571,6972.4,51,73.0,50.0,59.9,0.016,0.016,0.0,0.016,0.016,0.016,60.23333333333333,60.18571428571429,0,0.0,0.0,0.0,0.0,0.0,0,1.0,6860.3,7059.5,6972.4,10.2,8.7,22.4,2.3,19.3,34.1,44.3,0.02,DUSTY,75,FAIR,low retained moisture may produce dust or loose soil,87,29
2026-10-08,Bad Apple,Jeremy Ranch / Glenwild,WG076,40.74937514368386,-111.56017979748744,6367.9,51,75.4,51.4,61.1,0.016,0.016,0.0,0.016,0.016,0.016,61.4,61.61428571428572,0,0.0,0.0,0.0,0.0,0.0,0,0.7,6279.5,6445.1,6367.9,14.4,13.4,26.1,15.3,32.2,44.1,8.5,0.02,DUSTY,75,FAIR,low retained moisture may produce dust or loose soil,87,16
2026-10-08,Barrel Roll,Round Valley,WG058,40.69153134198254,-111.48458530535574,7017.0,51,72.3,49.4,59.9,0.016,0.016,0.0,0.016,0.016,0.016,59.866666666666674,59.68571428571429,0,0.0,0.0,0.0,0.0,0.0,0,0.4,6940.9,7091.2,7017.0,7.0,6.7,14.7,34.4,65.6,0.0,0.0,0.022,DUSTY,75,FAIR,low retained moisture may produce dust or loose soil,87,29
2026-10-08,Big Easy,Round Valley,WG057,40.696128326880846,-111.48285293654745,6776.5,51,73.0,50.0,59.9,0.016,0.016,0.0,0.016,0.016,0.016,60.23333333333333,60.18571428571429,0,0.0,0.0,0.0,0.0,0.0,0,4.8,6685.3,6939.8,6776.5,10.0,9.0,19.4,19.7,6.2,21.4,52.7,0.02,DUSTY,75,FAIR,low retained moisture may produce dust or loose soil,87,29
2026-10-08,Blackhawk Trail,Jeremy Ranch / Glenwild,WG075,40.73111252615939,-111.53542276920604,6536.5,51,74.6,50.6,60.8,0.016,0.016,0.0,0.016,0.016,0.016,60.73333333333333,60.87142857142857,0,0.0,0.0,0.0,0.0,0.0,0,2.5,6347.6,6739.8,6536.5,16.6,16.7,28.9,74.3,21.4,0.0,4.3,0.022,DUSTY,75,FAIR,low retained moisture may produce dust or loose soil,87,16
2026-10-08,Cammy's,Round Valley,WG057,40.69072662264133,-111.49673800313964,6953.5,51,73.0,50.0,59.9,0.016,0.016,0.0,0.016,0.016,0.016,60.23333333333333,60.18571428571429,0,0.0,0.0,0.0,0.0,0.0,0,0.2,6937.8,6961.6,6953.5,5.2,4.3,11.3,3.8,7.7,69.2,19.2,0.019,DUSTY,75,FAIR,low retained moisture may produce dust or loose soil,87,29
2026-10-08,Claim Jumper,Park City / PCMR,WG036,40.63958065995946,-111.52518162563226,8147.6,51,65.2,52.2,56.2,0.016,0.016,0.0,0.016,0.016,0.016,57.06666666666666,58.38571428571429,0,0.0,0.0,0.0,0.0,0.0,0,1.4,7689.3,8633.5,8147.6,17.2,19.1,28.0,2.3,66.9,21.1,9.8,0.022,DUSTY,75,FAIR,low retained moisture may produce dust or loose soil,87,34
2026-10-08,Crazy Eights,Jeremy Ranch / Glenwild,WG077,40.74908550583131,-111.55291850861556,6580.7,51,74.6,50.7,60.3,0.016,0.016,0.0,0.016,0.016,0.016,60.66666666666666,60.87142857142857,0,0.0,0.0,0.0,0.0,0.0,0,0.8,6460.7,6726.9,6580.7,11.1,11.4,14.2,7.6,72.7,19.7,0.0,0.02,DUSTY,75,FAIR,low retained moisture may produce dust or loose soil,87,16
2026-10-08,Crescent Ridge,Park City / PCMR,WG036,40.64328062856461,-111.5205999025961,8289.2,51,65.2,52.2,56.2,0.016,0.016,0.0,0.016,0.016,0.016,57.06666666666666,58.38571428571429,0,0.0,0.0,0.0,0.0,0.0,0,1.0,7832.5,8633.9,8289.2,11.1,10.8,16.6,1.1,23.2,75.8,0.0,0.021,DUSTY,75,FAIR,low retained moisture may produce dust or loose soil,87,34
2026-10-08,Daly Canyon,Deer Valley,WG011,40.620194319264456,-111.50922727258838,7986.4,51,66.7,53.7,57.8,0.016,0.016,0.0,0.016,0.016,0.016,58.6,59.91428571428572,0,0.0,0.0,0.0,0.0,0.0,0,0.4,7856.6,8124.1,7986.4,10.4,9.7,18.5,0.0,17.5,55.0,27.5,0.02,DUSTY,75,FAIR,low retained moisture may produce dust or loose soil,87,5
2026-10-08,Daly Grind,Deer Valley,WG011,40.62436395642222,-111.5065519695764,7745.3,51,66.7,53.7,57.8,0.016,0.016,0.0,0.016,0.016,0.016,58.6,59.91428571428572,0,0.0,0.0,0.0,0.0,0.0,0,0.3,7630.5,7856.6,7745.3,10.8,9.8,18.2,0.0,0.0,14.3,85.7,0.021,DUSTY,75,FAIR,low retained moisture may produce dust or loose soil,87,5
2026-10-08,Downward Dog,Round Valley,WG057,40.68865758594976,-111.48489883261024,6958.5,51,73.0,50.0,59.9,0.016,0.016,0.0,0.016,0.016,0.016,60.23333333333333,60.18571428571429,0,0.0,0.0,0.0,0.0,0.0,0,1.6,6818.7,7089.6,6958.5,8.2,7.9,14.2,35.1,59.5,5.3,0.0,0.021,DUSTY,75,FAIR,low retained moisture may produce dust or loose soil,87,29
2026-10-08,Dropout,Jeremy Ranch / Glenwild,WG077,40.74673233142679,-111.55449028155309,6576.0,51,74.6,50.7,60.3,0.016,0.016,0.0,0.016,0.016,0.016,60.66666666666666,60.87142857142857,0,0.0,0.0,0.0,0.0,0.0,0,0.9,6420.7,6743.0,6576.0,8.2,7.7,12.5,0.0,16.5,83.5,0.0,0.019,DUSTY,75,FAIR,low retained moisture may produce dust or loose soil,87,16
2026-10-08,Eagle Cove,Round Valley,WG057,40.68665016051084,-111.49786169389527,6799.6,51,73.0,50.0,59.9,0.016,0.016,0.0,0.016,0.016,0.016,60.23333333333333,60.18571428571429,0,0.0,0.0,0.0,0.0,0.0,0,0.1,6777.6,6823.9,6799.6,10.3,9.1,16.6,33.3,66.7,0.0,0.0,0.021,DUSTY,75,FAIR,low retained moisture may produce dust or loose soil,87,29
2026-10-08,Ecker Hill Trail,Pinebrook,WG076,40.740364526144575,-111.5667817840803,6401.3,51,75.4,51.4,61.1,0.016,0.016,0.0,0.016,0.016,0.016,61.4,61.61428571428572,0,0.0,0.0,0.0,0.0,0.0,0,0.5,6356.3,6420.5,6401.3,8.7,8.9,14.0,0.0,0.0,22.2,77.8,0.02,DUSTY,75,FAIR,low retained moisture may produce dust or loose soil,87,7
2026-10-08,Fink Again,Jeremy Ranch / Glenwild,WG086,40.75125285000831,-111.55541181172696,6586.2,51,74.5,50.5,60.7,0.016,0.016,0.0,0.016,0.016,0.016,60.633333333333326,60.77142857142858,0,0.0,0.0,0.0,0.0,0.0,0,0.9,6445.1,6727.8,6586.2,11.7,11.8,14.8,66.2,33.8,0.0,0.0,0.022,DUSTY,75,FAIR,low retained moisture may produce dust or loose soil,87,16
2026-10-08,Flat Iron,Park City / PCMR,WG036,40.62696082564811,-111.51719430456902,8393.5,51,65.2,52.2,56.2,0.016,0.016,0.0,0.016,0.016,0.016,57.06666666666666,58.38571428571429,0,0.0,0.0,0.0,0.0,0.0,0,0.6,8260.7,8492.0,8393.5,15.3,14.7,28.6,19.2,0.0,15.4,65.4,0.022,DUSTY,75,FAIR,low retained moisture may produce dust or loose soil,87,34
2026-10-08,Glenwild Loop,Jeremy Ranch / Glenwild,WG075,40.73989427988239,-111.52813430357229,6701.6,51,74.6,50.6,60.8,0.016,0.016,0.0,0.016,0.016,0.016,60.73333333333333,60.87142857142857,0,0.0,0.0,0.0,0.0,0.0,0,5.9,6431.8,7136.4,6701.6,11.6,10.8,29.7,35.1,19.3,6.4,39.1,0.021,DUSTY,75,FAIR,low retained moisture may produce dust or loose soil,87,16
2026-10-08,High Meadows Connector,Pinebrook,WG076,40.74134938710701,-111.56847869190176,6429.9,51,75.4,51.4,61.1,0.016,0.016,0.0,0.016,0.016,0.016,61.4,61.61428571428572,0,0.0,0.0,0.0,0.0,0.0,0,0.2,6418.7,6445.0,6429.9,8.6,9.1,12.6,0.0,0.0,14.3,85.7,0.02,DUSTY,75,FAIR,low retained moisture may produce dust or loose soil,87,7
2026-10-08,Johns '99,Park City / PCMR,WG033,40.62911828578874,-111.50998374795329,8128.2,51,66.0,53.0,57.0,0.016,0.016,0.0,0.016,0.016,0.016,57.86666666666667,59.18571428571429,0,0.0,0.0,0.0,0.0,0.0,0,1.1,8080.5,8193.1,8128.2,19.7,20.3,35.7,43.8,0.0,38.5,17.7,0.022,DUSTY,75,FAIR,low retained moisture may produce dust or loose soil,87,34
2026-10-08,Johns 99,Deer Valley,WG015,40.62450457371346,-111.51231498110546,8231.6,51,65.3,52.3,56.3,0.016,0.016,0.0,0.016,0.016,0.016,57.16666666666666,58.48571428571429,0,0.0,0.0,0.0,0.0,0.0,0,0.6,8182.7,8279.9,8231.6,22.2,21.3,31.9,26.9,0.0,36.5,36.5,0.022,DUSTY,75,FAIR,low retained moisture may produce dust or loose soil,87,5
2026-10-08,Johns Trail,Park City / PCMR,WG033,40.63760825426597,-111.50539626371148,8041.4,51,66.0,53.0,57.0,0.016,0.016,0.0,0.016,0.016,0.016,57.86666666666667,59.18571428571429,0,0.0,0.0,0.0,0.0,0.0,0,1.8,7711.1,8249.6,8041.4,13.1,13.9,25.5,8.2,3.8,53.5,34.6,0.021,DUSTY,75,FAIR,low retained moisture may produce dust or loose soil,87,34
2026-10-08,Keystone Trail,Park City / PCMR,WG037,40.62506440637064,-111.53055382777043,8890.7,51,64.1,51.1,55.1,0.016,0.016,0.0,0.016,0.016,0.016,55.96666666666667,57.285714285714285,0,0.0,0.0,0.0,0.0,0.0,0,2.6,8572.7,9030.6,8890.7,17.5,17.7,34.7,19.5,26.7,25.8,28.1,0.022,DUSTY,75,FAIR,low retained moisture may produce dust or loose soil,87,34
2026-10-08,La Dee Duh,Round Valley,WG057,40.69261799590889,-111.5001632592338,6864.5,51,73.0,50.0,59.9,0.016,0.016,0.0,0.016,0.016,0.016,60.23333333333333,60.18571428571429,0,0.0,0.0,0.0,0.0,0.0,0,0.9,6814.7,6919.2,6864.5,11.9,12.5,21.3,2.4,80.5,17.1,0.0,0.02,DUSTY,75,FAIR,low retained moisture may produce dust or loose soil,87,29
2026-10-08,Link,Deer Valley,WG015,40.624117394272574,-111.51614328186776,8385.3,51,65.3,52.3,56.3,0.016,0.016,0.0,0.016,0.016,0.016,57.16666666666666,58.48571428571429,0,0.0,0.0,0.0,0.0,0.0,0,0.7,8257.2,8456.8,8385.3,21.9,23.1,32.9,1.6,0.0,67.7,30.6,0.021,DUSTY,75,FAIR,low retained moisture may produce dust or loose soil,87,5
2026-10-08,Little Chief,Deer Valley,WG015,40.61872839208637,-111.51243052868438,8322.6,51,65.3,52.3,56.3,0.016,0.016,0.0,0.016,0.016,0.016,57.16666666666666,58.48571428571429,0,0.0,0.0,0.0,0.0,0.0,0,0.7,8247.5,8462.5,8322.6,21.5,20.5,33.1,0.0,0.0,3.1,96.9,0.022,DUSTY,75,FAIR,low retained moisture may produce dust or loose soil,87,5
2026-10-08,Matt's Flat,Round Valley,WG057,40.68924275786925,-111.49221205396208,6921.6,51,73.0,50.0,59.9,0.016,0.016,0.0,0.016,0.016,0.016,60.23333333333333,60.18571428571429,0,0.0,0.0,0.0,0.0,0.0,0,1.0,6842.3,6958.4,6921.6,6.5,5.2,15.4,21.8,57.4,8.9,11.9,0.021,DUSTY,75,FAIR,low retained moisture may produce dust or loose soil,87,29
2026-10-08,Mid-Mountain Connect,Park City / PCMR,WG036,40.63223012461414,-111.51309555497544,8201.7,51,65.2,52.2,56.2,0.016,0.016,0.0,0.016,0.016,0.016,57.06666666666666,58.38571428571429,0,0.0,0.0,0.0,0.0,0.0,0,0.1,8162.9,8233.9,8201.7,12.6,11.6,20.5,18.2,0.0,18.2,63.6,0.022,DUSTY,75,FAIR,low retained moisture may produce dust or loose soil,87,34
2026-10-08,Mid-Mountain Trail,Park City / PCMR,WG036,40.64534582424172,-111.53118141177607,8168.3,51,65.2,52.2,56.2,0.016,0.016,0.0,0.016,0.016,0.016,57.06666666666666,58.38571428571429,0,0.0,0.0,0.0,0.0,0.0,0,18.5,7828.1,8515.6,8168.3,22.2,22.8,43.0,9.3,15.6,32.0,43.0,0.022,DUSTY,75,FAIR,low retained moisture may produce dust or loose soil,87,34
2026-10-08,Miner's Mile,Park City / PCMR,WG036,40.62728968091632,-111.51804021102016,8457.0,51,65.2,52.2,56.2,0.016,0.016,0.0,0.016,0.016,0.016,57.06666666666666,58.38571428571429,0,0.0,0.0,0.0,0.0,0.0,0,0.4,8340.5,8549.3,8457.0,7.8,7.9,11.2,0.0,0.0,21.6,78.4,0.022,DUSTY,75,FAIR,low retained moisture may produce dust or loose soil,87,34
2026-10-08,Mojave,Park City / PCMR,WG037,40.634971780917176,-111.5211432294971,8540.4,51,64.1,51.1,55.1,0.016,0.016,0.0,0.016,0.016,0.016,55.96666666666667,57.285714285714285,0,0.0,0.0,0.0,0.0,0.0,0,0.9,8364.7,8732.7,8540.4,18.7,19.2,30.2,0.0,86.7,13.3,0.0,0.022,DUSTY,75,FAIR,low retained moisture may produce dust or loose soil,87,34
2026-10-08,Nick NAC,Round Valley,WG057,40.69210865876878,-111.490120990647,6959.3,51,73.0,50.0,59.9,0.016,0.016,0.0,0.016,0.016,0.016,60.23333333333333,60.18571428571429,0,0.0,0.0,0.0,0.0,0.0,0,0.1,6953.7,6971.6,6959.3,5.2,3.8,10.1,0.0,100.0,0.0,0.0,0.02,DUSTY,75,FAIR,low retained moisture may produce dust or loose soil,87,29
2026-10-08,Nowhere Elks,Round Valley,WG058,40.69018989582584,-111.48311322310164,7036.6,51,72.3,49.4,59.9,0.016,0.016,0.0,0.016,0.016,0.016,59.866666666666674,59.68571428571429,0,0.0,0.0,0.0,0.0,0.0,0,1.3,6851.7,7128.6,7036.6,9.1,9.2,16.7,35.3,51.3,8.4,5.0,0.021,DUSTY,75,FAIR,low retained moisture may produce dust or loose soil,87,29
2026-10-08,OMH,Pinebrook,WG070,40.71997692753587,-111.55773747935044,6677.5,51,74.2,50.2,59.9,0.016,0.016,0.0,0.016,0.016,0.016,60.2,60.41428571428572,0,0.0,0.0,0.0,0.0,0.0,0,0.9,6531.5,6827.5,6677.5,14.7,15.1,23.3,8.2,0.0,30.1,61.6,0.02,DUSTY,75,FAIR,low retained moisture may produce dust or loose soil,87,7
2026-10-08,Perrier Pass,Park City / PCMR,WG017,40.61814002894983,-111.53826776190397,9445.9,51,60.7,48.4,51.8,0.016,0.016,0.0,0.016,0.016,0.016,52.66666666666666,53.95714285714286,0,0.0,0.0,0.0,0.0,0.0,0,0.1,9397.1,9469.1,9445.9,21.9,24.1,25.7,0.0,0.0,90.9,9.1,0.022,DUSTY,75,FAIR,low retained moisture may produce dust or loose soil,87,34
2026-10-08,PorcUclimb,Round Valley,WG058,40.69402326414524,-111.48517031749344,7064.7,51,72.3,49.4,59.9,0.016,0.016,0.0,0.016,0.016,0.016,59.866666666666674,59.68571428571429,0,0.0,0.0,0.0,0.0,0.0,0,0.8,7000.3,7127.6,7064.7,6.1,5.6,12.3,21.7,75.4,2.9,0.0,0.021,DUSTY,75,FAIR,low retained moisture may produce dust or loose soil,87,29
2026-10-08,Powerline Trail,Park City / PCMR,WG036,40.63015217582808,-111.53743024085954,8362.6,51,65.2,52.2,56.2,0.016,0.016,0.0,0.016,0.016,0.016,57.06666666666666,58.38571428571429,0,0.0,0.0,0.0,0.0,0.0,0,0.6,8185.7,8545.6,8362.6,13.0,13.1,19.1,0.0,3.6,7.3,89.1,0.022,DUSTY,75,FAIR,low retained moisture may produce dust or loose soil,87,34
2026-10-08,Pulp Friction,Round Valley,WG057,40.69884233324062,-111.50344523686547,6681.3,51,73.0,50.0,59.9,0.016,0.016,0.0,0.016,0.016,0.016,60.23333333333333,60.18571428571429,0,0.0,0.0,0.0,0.0,0.0,0,1.4,6472.9,6878.8,6681.3,15.2,16.9,28.3,11.4,76.3,11.4,0.9,0.02,DUSTY,75,FAIR,low retained moisture may produce dust or loose soil,87,29
2026-10-08,RTS,Jeremy Ranch / Glenwild,WG070,40.71664642216084,-111.55523569599896,6598.1,51,74.2,50.2,59.9,0.016,0.016,0.0,0.016,0.016,0.016,60.2,60.41428571428572,0,0.0,0.0,0.0,0.0,0.0,0,2.6,6478.1,6718.6,6598.1,7.8,7.2,18.3,2.1,0.0,22.3,75.5,0.02,DUSTY,75,FAIR,low retained moisture may produce dust or loose soil,87,16
2026-10-08,RTS / BLT,Jeremy Ranch / Glenwild,WG070,40.71544842193981,-111.5580228733734,6768.3,51,74.2,50.2,59.9,0.016,0.016,0.0,0.016,0.016,0.016,60.2,60.41428571428572,0,0.0,0.0,0.0,0.0,0.0,0,0.4,6711.6,6827.5,6768.3,17.1,17.3,28.4,10.0,0.0,6.7,83.3,0.02,DUSTY,75,FAIR,low retained moisture may produce dust or loose soil,87,16
2026-10-08,Rademan Ridge,Round Valley,WG057,40.69522706920315,-111.49835765815162,6895.6,51,73.0,50.0,59.9,0.016,0.016,0.0,0.016,0.016,0.016,60.23333333333333,60.18571428571429,0,0.0,0.0,0.0,0.0,0.0,0,1.3,6783.4,6991.2,6895.6,6.0,4.0,15.0,38.5,27.0,26.2,8.2,0.021,DUSTY,75,FAIR,low retained moisture may produce dust or loose soil,87,29
2026-10-08,Rambler,Round Valley,WG057,40.69772226627651,-111.49065578495473,6809.2,51,73.0,50.0,59.9,0.016,0.016,0.0,0.016,0.016,0.016,60.23333333333333,60.18571428571429,0,0.0,0.0,0.0,0.0,0.0,0,5.4,6468.6,7063.9,6809.2,10.5,9.3,23.6,8.4,41.3,24.2,26.1,0.02,DUSTY,75,FAIR,low retained moisture may produce dust or loose soil,87,29
2026-10-08,Regulator Trail,Deer Valley,WG033,40.62910164594688,-111.48142418804063,8033.8,51,66.0,53.0,57.0,0.016,0.016,0.0,0.016,0.016,0.016,57.86666666666667,59.18571428571429,0,0.0,0.0,0.0,0.0,0.0,0,1.4,7733.1,8330.3,8033.8,22.2,21.4,35.8,0.0,25.0,66.7,8.3,0.021,DUSTY,75,FAIR,low retained moisture may produce dust or loose soil,87,5
2026-10-08,Rosebud,Park City / PCMR,WG036,40.63966083548988,-111.52257618003053,8390.4,51,65.2,52.2,56.2,0.016,0.016,0.0,0.016,0.016,0.016,57.06666666666666,58.38571428571429,0,0.0,0.0,0.0,0.0,0.0,0,0.4,8315.5,8439.7,8390.4,17.4,16.4,24.9,0.0,75.7,24.3,0.0,0.022,DUSTY,75,FAIR,low retained moisture may produce dust or loose soil,87,34
2026-10-08,Round Valley Express,Round Valley,WG057,40.69308554123404,-111.4897696424948,6812.1,51,73.0,50.0,59.9,0.016,0.016,0.0,0.016,0.016,0.016,60.23333333333333,60.18571428571429,0,0.0,0.0,0.0,0.0,0.0,0,3.7,6624.2,6963.0,6812.1,5.9,5.2,20.9,29.7,16.3,32.9,21.1,0.02,DUSTY,75,FAIR,low retained moisture may produce dust or loose soil,87,29
2026-10-08,Rusty Shovel,Round Valley,WG057,40.69776625143012,-111.4804885556652,6868.8,51,73.0,50.0,59.9,0.016,0.016,0.0,0.016,0.016,0.016,60.23333333333333,60.18571428571429,0,0.0,0.0,0.0,0.0,0.0,0,1.7,6727.2,7062.5,6868.8,10.0,9.9,18.9,8.9,0.0,54.8,36.3,0.019,DUSTY,75,FAIR,low retained moisture may produce dust or loose soil,87,29
2026-10-08,Secret of My Success Trail,Deer Valley,WG033,40.62597453280468,-111.48566192002252,8293.6,51,66.0,53.0,57.0,0.016,0.016,0.0,0.016,0.016,0.016,57.86666666666667,59.18571428571429,0,0.0,0.0,0.0,0.0,0.0,0,0.4,8228.9,8353.6,8293.6,19.1,20.0,25.2,0.0,59.5,40.5,0.0,0.021,DUSTY,75,FAIR,low retained moisture may produce dust or loose soil,87,5
2026-10-08,Seventy 101,Round Valley,WG057,40.68968411592925,-111.49103639156762,6974.3,51,73.0,50.0,59.9,0.016,0.016,0.0,0.016,0.016,0.016,60.23333333333333,60.18571428571429,0,0.0,0.0,0.0,0.0,0.0,0,0.4,6955.8,7036.1,6974.3,3.6,2.9,8.3,23.1,17.9,46.2,12.8,0.02,DUSTY,75,FAIR,low retained moisture may produce dust or loose soil,87,29
2026-10-08,Short Fuse,Park City / PCMR,WG036,40.6346970517688,-111.52339576593836,8439.4,51,65.2,52.2,56.2,0.016,0.016,0.0,0.016,0.016,0.016,57.06666666666666,58.38571428571429,0,0.0,0.0,0.0,0.0,0.0,0,0.3,8340.4,8526.1,8439.4,19.4,21.8,26.7,0.0,3.7,77.8,18.5,0.02,DUSTY,75,FAIR,low retained moisture may produce dust or loose soil,87,34
2026-10-08,Silver Queen,Park City / PCMR,WG037,40.63391819864852,-111.51755091640152,8558.9,51,64.1,51.1,55.1,0.016,0.016,0.0,0.016,0.016,0.016,55.96666666666667,57.285714285714285,0,0.0,0.0,0.0,0.0,0.0,0,1.0,8376.5,8720.1,8558.9,22.5,23.1,30.5,2.5,0.0,0.0,97.5,0.022,DUSTY,75,FAIR,low retained moisture may produce dust or loose soil,87,34
2026-10-08,Speedbag,Deer Valley,WG011,40.624406811076895,-111.50919273225593,7987.6,51,66.7,53.7,57.8,0.016,0.016,0.0,0.016,0.016,0.016,58.6,59.91428571428572,0,0.0,0.0,0.0,0.0,0.0,0,0.8,7729.6,8257.2,7987.6,24.5,24.9,33.1,22.1,0.0,19.1,58.8,0.022,DUSTY,75,FAIR,low retained moisture may produce dust or loose soil,87,5
2026-10-08,Stealth Connector / Pheasant Way,Jeremy Ranch / Glenwild,WG076,40.73167942348123,-111.54708752211994,6361.5,51,75.4,51.4,61.1,0.016,0.016,0.0,0.016,0.016,0.016,61.4,61.61428571428572,0,0.0,0.0,0.0,0.0,0.0,0,0.3,6330.9,6398.1,6361.5,5.3,4.7,14.3,59.1,9.1,27.3,4.5,0.021,DUSTY,75,FAIR,low retained moisture may produce dust or loose soil,87,16
2026-10-08,Stealth Trail,Jeremy Ranch / Glenwild,WG077,40.73631275924013,-111.5447596003018,6560.0,51,74.6,50.7,60.3,0.016,0.016,0.0,0.016,0.016,0.016,60.66666666666666,60.87142857142857,0,0.0,0.0,0.0,0.0,0.0,0,2.3,6346.1,6903.5,6560.0,15.2,16.1,27.2,66.5,32.0,0.5,1.0,0.022,DUSTY,75,FAIR,low retained moisture may produce dust or loose soil,87,16
2026-10-08,Sunny Slopes Trail,Round Valley,WG057,40.68377753714063,-111.48540217687854,6826.8,51,73.0,50.0,59.9,0.016,0.016,0.0,0.016,0.016,0.016,60.23333333333333,60.18571428571429,0,0.0,0.0,0.0,0.0,0.0,0,0.1,6823.0,6832.1,6826.8,2.4,2.3,3.7,14.3,0.0,14.3,71.4,0.02,DUSTY,75,FAIR,low retained moisture may produce dust or loose soil,87,29
2026-10-08,Team Cutthroat Downhill,Jeremy Ranch / Glenwild,WG077,40.74619331694971,-111.55242052130288,6618.0,51,74.6,50.7,60.3,0.016,0.016,0.0,0.016,0.016,0.016,60.66666666666666,60.87142857142857,0,0.0,0.0,0.0,0.0,0.0,0,0.3,6546.5,6754.3,6618.0,12.4,12.3,17.8,0.0,0.0,100.0,0.0,0.018,DUSTY,75,FAIR,low retained moisture may produce dust or loose soil,87,16
2026-10-08,Thaynes Canyon,Park City / PCMR,WG037,40.62644528922062,-111.539067377105,8520.6,51,64.1,51.1,55.1,0.016,0.016,0.0,0.016,0.016,0.016,55.96666666666667,57.285714285714285,0,0.0,0.0,0.0,0.0,0.0,0,1.2,8185.7,8832.6,8520.6,11.3,10.7,22.7,1.0,13.1,81.8,4.0,0.02,DUSTY,75,FAIR,low retained moisture may produce dust or loose soil,87,34
2026-10-08,Three Candles,Park City / PCMR,WG037,40.62931137475258,-111.52248914366156,8843.3,51,64.1,51.1,55.1,0.016,0.016,0.0,0.016,0.016,0.016,55.96666666666667,57.285714285714285,0,0.0,0.0,0.0,0.0,0.0,0,0.7,8739.8,8959.2,8843.3,10.2,9.4,21.3,0.0,0.0,55.7,44.3,0.021,DUSTY,75,FAIR,low retained moisture may produce dust or loose soil,87,34
2026-10-08,Tommys Two Step,Park City / PCMR,WG036,40.629024211109055,-111.51829238121942,8474.2,51,65.2,52.2,56.2,0.016,0.016,0.0,0.016,0.016,0.016,57.06666666666666,58.38571428571429,0,0.0,0.0,0.0,0.0,0.0,0,1.5,8250.0,8718.0,8474.2,21.9,22.0,33.1,13.6,0.0,31.1,55.3,0.022,DUSTY,75,FAIR,low retained moisture may produce dust or loose soil,87,34
2026-10-08,Trestle,Park City / PCMR,WG033,40.63650074050743,-111.50791633233914,8071.5,51,66.0,53.0,57.0,0.016,0.016,0.0,0.016,0.016,0.016,57.86666666666667,59.18571428571429,0,0.0,0.0,0.0,0.0,0.0,0,1.3,7656.2,8253.4,8071.5,17.4,18.3,30.5,0.0,46.6,48.3,5.1,0.021,DUSTY,75,FAIR,low retained moisture may produce dust or loose soil,87,34
2026-10-08,Upper Devo Trail,Deer Valley,WG033,40.62826200901757,-111.4850494481263,8097.8,51,66.0,53.0,57.0,0.016,0.016,0.0,0.016,0.016,0.016,57.86666666666667,59.18571428571429,0,0.0,0.0,0.0,0.0,0.0,0,0.2,8012.6,8210.0,8097.8,15.1,15.6,18.3,0.0,0.0,100.0,0.0,0.02,DUSTY,75,FAIR,low retained moisture may produce dust or loose soil,87,5
2026-10-08,WOW (Wasatch Over Wasatch) Trail,Deer Valley,WG003,40.585198990338895,-111.50729227137398,8248.2,3,65.8,52.1,57.4,0.0,0.0,0.0,0.0,0.031,0.031,57.53333333333333,57.871428571428574,0,0.0,0.0,0.0,0.0,0.0,1,2.7,8125.9,8428.2,8248.2,11.4,10.0,31.9,57.1,9.7,5.3,27.9,0.021,DUSTY,75,FAIR,low retained moisture may produce dust or loose soil,87,5
2026-10-08,4:20,Deer Valley,WG032,40.63850725810498,-111.5016215026881,7810.7,3,68.9,53.4,58.9,0.0,0.0,0.0,0.0,0.0,0.0,59.5,60.57142857142857,0,0.0,0.0,0.0,0.0,0.0,10,0.4,7754.7,7849.9,7810.7,17.8,17.9,26.6,0.0,0.0,22.2,77.8,0.0,DUSTY,67,FAIR,low retained moisture may produce dust or loose soil; 10 days since measurable precipitation,153,15
2026-10-08,A Toll New World,Summit Park,WG078,40.74525880222984,-111.59660432287036,6843.1,3,74.2,51.9,61.2,0.0,0.0,0.0,0.0,0.0,0.0,61.13333333333333,61.2,0,0.0,0.0,0.0,0.0,0.0,10,1.3,6620.4,7055.3,6843.1,16.3,16.7,26.9,1.9,40.7,53.7,3.7,0.0,DUSTY,67,FAIR,low retained moisture may produce dust or loose soil; 10 days since measurable precipitation,153,1
2026-10-08,Agitator Trail,Deer Valley,WG028,40.62594479567907,-111.46053082324435,7171.6,3,70.6,55.1,60.7,0.0,0.0,0.0,0.0,0.0,0.0,61.26666666666667,62.3,0,0.0,0.0,0.0,0.0,0.0,10,1.2,7047.5,7374.2,7171.6,24.5,24.5,33.9,22.8,0.0,42.6,34.7,0.0,DUSTY,67,FAIR,low retained moisture may produce dust or loose soil; 10 days since measurable precipitation,153,15
2026-10-08,Alexander Creek Trail,Summit Park,WG093,40.75856130522611,-111.67962308025976,5873.5,3,77.5,59.7,67.9,0.0,0.0,0.0,0.0,0.0,0.0,67.16666666666667,67.68571428571428,0,0.0,0.0,0.0,0.0,0.0,10,0.8,5784.7,5966.1,5873.5,8.7,7.0,24.8,66.1,14.5,19.4,0.0,0.0,DUSTY,67,FAIR,low retained moisture may produce dust or loose soil; 10 days since measurable precipitation,153,1
2026-10-08,Alta-Brighton Trail,Park City / PCMR,WG009,40.59874189108338,-111.5904390735144,9081.0,3,59.0,48.5,51.8,0.0,0.0,0.0,0.0,0.0,0.0,52.7,54.0,0,0.0,0.0,0.0,0.0,0.0,10,0.9,8748.9,9462.1,9081.0,12.4,11.7,28.0,13.5,2.7,25.7,58.1,0.0,DUSTY,67,FAIR,low retained moisture may produce dust or loose soil; 10 days since measurable precipitation,153,53
2026-10-08,An Unexpected Journey Trail,Jordanelle,WG001,40.584095263003086,-111.41492155800285,6731.9,3,74.5,53.0,62.1,0.0,0.0,0.0,0.0,0.0,0.0,61.6,62.371428571428574,0,0.0,0.0,0.0,0.0,0.0,10,0.6,6708.3,6758.4,6731.9,21.3,22.6,26.9,13.7,86.3,0.0,0.0,0.0,DUSTY,67,FAIR,low retained moisture may produce dust or loose soil; 10 days since measurable precipitation,153,1
2026-10-08,Ancient Forest Loop,Round Valley,WG074,40.7314260153664,-111.49224006112888,6485.8,3,74.8,49.3,60.6,0.0,0.0,0.0,0.0,0.0,0.0,60.53333333333333,61.1,0,0.0,0.0,0.0,0.0,0.0,10,1.0,6455.0,6516.1,6485.8,4.0,3.9,10.5,8.4,60.2,27.7,3.6,0.0,DUSTY,67,FAIR,low retained moisture may produce dust or loose soil; 10 days since measurable precipitation,153,48
2026-10-08,April Mountain Trail,Deer Valley,WG047,40.650711302598815,-111.4870593388075,7472.0,3,71.6,52.4,60.4,0.0,0.0,0.0,0.0,0.0,0.0,60.7,60.98571428571429,0,0.0,0.0,0.0,0.0,0.0,10,0.6,7336.4,7548.4,7472.0,12.0,11.8,23.4,46.4,35.7,5.4,12.5,0.0,DUSTY,67,FAIR,low retained moisture may produce dust or loose soil; 10 days since measurable precipitation,153,15
2026-10-08,Aspen Slalom,Deer Valley,WG013,40.61311265842392,-111.48457791355952,8816.9,3,63.2,49.6,54.4,0.0,0.0,0.0,0.0,0.0,0.0,54.9,55.72857142857142,0,0.0,0.0,0.0,0.0,0.0,10,1.4,8481.2,9250.5,8816.9,18.7,18.5,29.6,0.0,39.7,59.5,0.8,0.0,DUSTY,67,FAIR,low retained moisture may produce dust or loose soil; 10 days since measurable precipitation,153,15
2026-10-08,Beep Beep Trail,Jordanelle,WG001,40.59039066618902,-111.4033797731244,6670.3,3,74.5,53.0,62.1,0.0,0.0,0.0,0.0,0.0,0.0,61.6,62.371428571428574,0,0.0,0.0,0.0,0.0,0.0,10,1.5,6583.6,6771.5,6670.3,16.3,16.1,26.5,0.0,20.2,66.7,13.2,0.0,DUSTY,67,FAIR,low retained moisture may produce dust or loose soil; 10 days since measurable precipitation,153,1
2026-10-08,Big Dipper,Jordanelle,WG042,40.66018548005414,-111.43175307695702,6961.2,3,74.3,53.6,62.2,0.0,0.0,0.0,0.0,0.0,0.0,61.26666666666666,61.87142857142857,0,0.0,0.0,0.0,0.0,0.0,10,2.2,6614.9,7331.5,6961.2,21.1,21.2,34.9,39.4,0.0,4.0,56.6,0.0,DUSTY,67,FAIR,low retained moisture may produce dust or loose soil; 10 days since measurable precipitation,153,1
2026-10-08,Black Forest,Deer Valley,WG016,40.61940428916709,-111.52036519166067,8929.3,3,63.1,49.5,54.3,0.0,0.0,0.0,0.0,0.0,0.0,54.76666666666666,55.614285714285714,0,0.0,0.0,0.0,0.0,0.0,10,0.8,8567.5,9099.9,8929.3,15.9,16.4,31.7,3.0,9.1,77.3,10.6,0.0,DUSTY,67,FAIR,low retained moisture may produce dust or loose soil; 10 days since measurable precipitation,153,15
2026-10-08,Bonanza Loop Trail,Deer Valley,WG016,40.60282163896819,-111.52815381158308,8908.5,3,63.1,49.5,54.3,0.0,0.0,0.0,0.0,0.0,0.0,54.76666666666666,55.614285714285714,0,0.0,0.0,0.0,0.0,0.0,10,4.8,8695.4,9086.5,8908.5,11.5,11.2,26.8,44.0,4.9,11.1,40.0,0.0,DUSTY,67,FAIR,low retained moisture may produce dust or loose soil; 10 days since measurable precipitation,153,15
2026-10-08,Bonanza Trail,Deer Valley,WG046,40.661614248984336,-111.49584605339936,6814.3,3,72.7,53.4,61.4,0.0,0.0,0.0,0.0,0.0,0.0,61.7,62.04285714285714,0,0.0,0.0,0.0,0.0,0.0,10,0.3,6806.6,6827.9,6814.3,16.8,16.8,23.7,0.0,4.5,95.5,0.0,0.0,DUSTY,67,FAIR,low retained moisture may produce dust or loose soil; 10 days since measurable precipitation,153,15
2026-10-08,Boot Hill,Park City / PCMR,WG046,40.66311538182378,-111.50841776480048,6853.1,3,72.7,53.4,61.4,0.0,0.0,0.0,0.0,0.0,0.0,61.7,62.04285714285714,0,0.0,0.0,0.0,0.0,0.0,10,0.3,6805.1,6895.8,6853.1,16.2,16.7,22.9,46.2,50.0,3.8,0.0,0.0,DUSTY,67,FAIR,low retained moisture may produce dust or loose soil; 10 days since measurable precipitation,153,53
2026-10-08,Boot Hill Connect,Park City / PCMR,WG046,40.66384832032967,-111.50809692977944,6921.4,3,72.7,53.4,61.4,0.0,0.0,0.0,0.0,0.0,0.0,61.7,62.04285714285714,0,0.0,0.0,0.0,0.0,0.0,10,0.2,6895.8,6941.9,6921.4,11.7,12.5,16.7,20.0,45.0,30.0,5.0,0.0,DUSTY,67,FAIR,low retained moisture may produce dust or loose soil; 10 days since measurable precipitation,153,53
2026-10-08,Boulder,Deer Valley,WG013,40.61539223980999,-111.50399769475118,8635.0,3,63.2,49.6,54.4,0.0,0.0,0.0,0.0,0.0,0.0,54.9,55.72857142857142,0,0.0,0.0,0.0,0.0,0.0,10,1.4,8415.7,8851.3,8635.0,15.8,15.5,21.0,0.0,19.7,80.3,0.0,0.0,DUSTY,67,FAIR,low retained moisture may produce dust or loose soil; 10 days since measurable precipitation,153,15
2026-10-08,Boulder / Trump,Deer Valley,WG013,40.610998229404565,-111.50208555144307,8996.4,3,63.2,49.6,54.4,0.0,0.0,0.0,0.0,0.0,0.0,54.9,55.72857142857142,0,0.0,0.0,0.0,0.0,0.0,10,0.4,8942.9,9037.1,8996.4,12.9,12.6,22.7,0.0,8.6,60.0,31.4,0.0,DUSTY,67,FAIR,low retained moisture may produce dust or loose soil; 10 days since measurable precipitation,153,15
2026-10-08,Bow Hunter,Deer Valley,WG014,40.60108596513679,-111.48484426536052,9020.3,3,62.3,49.1,53.5,0.0,0.0,0.0,0.0,0.0,0.0,53.79999999999999,54.72857142857142,0,0.0,0.0,0.0,0.0,0.0,10,0.7,8978.5,9076.6,9020.3,21.4,21.6,33.7,28.6,0.0,0.0,71.4,0.0,DUSTY,67,FAIR,low retained moisture may produce dust or loose soil; 10 days since measurable precipitation,153,15
2026-10-08,Bow Hunter Extension,Deer Valley,WG005,40.59796119210968,-111.4848069886625,9014.7,3,62.4,49.2,53.6,0.0,0.0,0.0,0.0,0.0,0.0,53.9,54.84285714285715,0,0.0,0.0,0.0,0.0,0.0,10,0.2,8991.5,9031.2,9014.7,17.1,20.8,26.6,28.6,9.5,19.0,42.9,0.0,DUSTY,67,FAIR,low retained moisture may produce dust or loose soil; 10 days since measurable precipitation,153,15
2026-10-08,Brighton Lakes Trail,Park City / PCMR,WG009,40.59287052758444,-111.58751257009568,9276.0,3,59.0,48.5,51.8,0.0,0.0,0.0,0.0,0.0,0.0,52.7,54.0,0,0.0,0.0,0.0,0.0,0.0,10,1.9,8827.7,9547.3,9276.0,15.1,13.7,36.8,6.5,16.0,50.9,26.6,0.0,DUSTY,67,FAIR,low retained moisture may produce dust or loose soil; 10 days since measurable precipitation,153,53
2026-10-08,Catherine's Pass Trail,Park City / PCMR,WG010,40.585096359880005,-111.59078643106362,9753.9,3,57.1,46.6,49.9,0.0,0.0,0.0,0.0,0.0,0.0,50.8,52.1,0,0.0,0.0,0.0,0.0,0.0,10,1.5,9379.6,10222.3,9753.9,16.9,17.1,36.8,16.9,39.5,16.9,26.6,0.0,DUSTY,67,FAIR,low retained moisture may produce dust or loose soil; 10 days since measurable precipitation,153,53
2026-10-08,Clayton Peak Trail,Park City / PCMR,WG010,40.58693552999217,-111.57085635011327,9813.5,3,57.1,46.6,49.9,0.0,0.0,0.0,0.0,0.0,0.0,50.8,52.1,0,0.0,0.0,0.0,0.0,0.0,10,2.0,9358.3,10347.8,9813.5,19.0,18.5,35.6,1.1,38.3,54.3,6.3,0.0,DUSTY,67,FAIR,low retained moisture may produce dust or loose soil; 10 days since measurable precipitation,153,53
2026-10-08,Cobblestone Loop,Jeremy Ranch / Glenwild,WG084,40.75845647840704,-111.52582619388934,6805.4,3,73.7,55.2,62.7,0.0,0.0,0.0,0.0,0.0,0.0,62.63333333333333,62.74285714285714,0,0.0,0.0,0.0,0.0,0.0,10,0.8,6740.4,6867.4,6805.4,15.5,17.3,28.1,26.5,4.4,0.0,69.1,0.0,DUSTY,67,FAIR,low retained moisture may produce dust or loose soil; 10 days since measurable precipitation,153,30
2026-10-08,Cobblestone Trail,Jeremy Ranch / Glenwild,WG084,40.75512641497514,-111.52744418745776,6723.8,3,73.7,55.2,62.7,0.0,0.0,0.0,0.0,0.0,0.0,62.63333333333333,62.74285714285714,0,0.0,0.0,0.0,0.0,0.0,10,1.7,6505.3,6938.7,6723.8,11.4,10.3,28.4,25.5,10.6,8.5,55.3,0.0,DUSTY,67,FAIR,low retained moisture may produce dust or loose soil; 10 days since measurable precipitation,153,30
2026-10-08,Constellation Trail,Jordanelle,WG026,40.6428753631073,-111.43505033038012,6261.6,3,76.9,55.3,64.0,0.0,0.0,0.0,0.0,0.0,0.0,63.1,63.71428571428572,0,0.0,0.0,0.0,0.0,0.0,10,0.7,6191.6,6323.4,6261.6,9.0,8.6,16.7,5.2,0.0,10.3,84.5,0.0,DUSTY,67,FAIR,low retained moisture may produce dust or loose soil; 10 days since measurable precipitation,153,1
2026-10-08,Corvair,Deer Valley,WG016,40.61099169805087,-111.51230389508405,8648.6,3,63.1,49.5,54.3,0.0,0.0,0.0,0.0,0.0,0.0,54.76666666666666,55.614285714285714,0,0.0,0.0,0.0,0.0,0.0,10,1.3,8388.6,8848.4,8648.6,19.4,19.3,30.4,0.0,7.1,73.5,19.5,0.0,DUSTY,67,FAIR,low retained moisture may produce dust or loose soil; 10 days since measurable precipitation,153,15
2026-10-08,Corvair (Upper),Deer Valley,WG016,40.60840912265719,-111.51090449857222,8883.3,3,63.1,49.5,54.3,0.0,0.0,0.0,0.0,0.0,0.0,54.76666666666666,55.614285714285714,0,0.0,0.0,0.0,0.0,0.0,10,0.7,8839.3,8949.2,8883.3,19.9,19.0,29.7,0.0,0.0,43.5,56.5,0.0,DUSTY,67,FAIR,low retained moisture may produce dust or loose soil; 10 days since measurable precipitation,153,15
2026-10-08,Corvair Connector,Deer Valley,WG016,40.61070239150149,-111.5115633319795,8812.1,3,63.1,49.5,54.3,0.0,0.0,0.0,0.0,0.0,0.0,54.76666666666666,55.614285714285714,0,0.0,0.0,0.0,0.0,0.0,10,0.1,8779.5,8843.9,8812.1,12.3,11.4,17.1,0.0,0.0,80.0,20.0,0.0,DUSTY,67,FAIR,low retained moisture may produce dust or loose soil; 10 days since measurable precipitation,153,15
2026-10-08,Cousin Eddy Trail,Clark Ranch,WG044,40.66170094764518,-111.45386933866466,6817.2,3,73.2,51.0,61.0,0.0,0.0,0.0,0.0,0.0,0.0,60.333333333333336,60.62857142857143,0,0.0,0.0,0.0,0.0,0.0,10,0.5,6718.9,6929.3,6817.2,12.7,12.6,22.5,0.0,0.0,29.5,70.5,0.0,DUSTY,67,FAIR,low retained moisture may produce dust or loose soil; 10 days since measurable precipitation,153,1
2026-10-08,Coyote Loop Trail,Jordanelle,WG001,40.58676467246392,-111.40272629625528,6895.7,3,74.5,53.0,62.1,0.0,0.0,0.0,0.0,0.0,0.0,61.6,62.371428571428574,0,0.0,0.0,0.0,0.0,0.0,10,0.8,6834.6,6980.4,6895.7,11.1,10.1,26.7,9.7,6.5,58.1,25.8,0.0,DUSTY,67,FAIR,low retained moisture may produce dust or loose soil; 10 days since measurable precipitation,153,1
2026-10-08,Cyn City,Park City / PCMR,WG016,40.62106458390316,-111.52108056020784,8700.1,3,63.1,49.5,54.3,0.0,0.0,0.0,0.0,0.0,0.0,54.76666666666666,55.614285714285714,0,0.0,0.0,0.0,0.0,0.0,10,2.6,8372.6,9048.5,8700.1,21.1,21.0,34.1,1.4,7.0,85.5,6.1,0.0,DUSTY,67,FAIR,low retained moisture may produce dust or loose soil; 10 days since measurable precipitation,153,53
2026-10-08,Daily Overlook,Deer Valley,WG031,40.631723443280656,-111.4987920660294,7430.4,3,70.2,54.7,60.3,0.0,0.0,0.0,0.0,0.0,0.0,60.86666666666665,61.89999999999999,0,0.0,0.0,0.0,0.0,0.0,10,0.3,7365.3,7455.3,7430.4,30.3,31.4,34.2,0.0,0.0,0.0,100.0,0.0,DUSTY,67,FAIR,low retained moisture may produce dust or loose soil; 10 days since measurable precipitation,153,15
2026-10-08,Daly Avenue,Deer Valley,WG031,40.63079192228995,-111.49966938212476,7430.3,3,70.2,54.7,60.3,0.0,0.0,0.0,0.0,0.0,0.0,60.86666666666665,61.89999999999999,0,0.0,0.0,0.0,0.0,0.0,10,0.8,7254.7,7610.0,7430.3,10.6,9.1,24.0,0.0,6.0,10.4,83.6,0.0,DUSTY,67,FAIR,low retained moisture may produce dust or loose soil; 10 days since measurable precipitation,153,15
2026-10-08,Daly Bypass,Deer Valley,WG031,40.63469577874592,-111.4972952534869,7351.3,3,70.2,54.7,60.3,0.0,0.0,0.0,0.0,0.0,0.0,60.86666666666665,61.89999999999999,0,0.0,0.0,0.0,0.0,0.0,10,0.3,7324.2,7370.0,7351.3,30.0,33.0,38.7,0.0,0.0,3.3,96.7,0.0,DUSTY,67,FAIR,low retained moisture may produce dust or loose soil; 10 days since measurable precipitation,153,15
2026-10-08,Dead Reckoning,Summit Park,WG078,40.74804102527887,-111.5901705440554,6808.0,3,74.2,51.9,61.2,0.0,0.0,0.0,0.0,0.0,0.0,61.13333333333333,61.2,0,0.0,0.0,0.0,0.0,0.0,10,0.6,6646.9,6981.7,6808.0,16.5,16.1,22.7,0.0,16.7,83.3,0.0,0.0,DUSTY,67,FAIR,low retained moisture may produce dust or loose soil; 10 days since measurable precipitation,153,1
2026-10-08,Dead Tree,Park City / PCMR,WG021,40.611358588022426,-111.54588982448988,9653.6,3,57.8,46.5,49.8,0.0,0.0,0.0,0.0,0.0,0.0,50.5,51.58571428571428,0,0.0,0.0,0.0,0.0,0.0,10,0.8,9569.8,9775.6,9653.6,26.5,27.5,37.8,35.4,21.5,43.1,0.0,0.0,DUSTY,67,FAIR,low retained moisture may produce dust or loose soil; 10 days since measurable precipitation,153,53
2026-10-08,Deep Park Circle,Jordanelle,WG026,40.626894083286025,-111.43587347972714,6383.2,3,76.9,55.3,64.0,0.0,0.0,0.0,0.0,0.0,0.0,63.1,63.71428571428572,0,0.0,0.0,0.0,0.0,0.0,10,0.2,6368.7,6401.6,6383.2,7.2,6.4,17.5,0.0,0.0,50.0,50.0,0.0,DUSTY,67,FAIR,low retained moisture may produce dust or loose soil; 10 days since measurable precipitation,153,1
2026-10-08,Deer Camp,Deer Valley,WG013,40.60519585339864,-111.4911066437841,8920.6,3,63.2,49.6,54.4,0.0,0.0,0.0,0.0,0.0,0.0,54.9,55.72857142857142,0,0.0,0.0,0.0,0.0,0.0,10,0.7,8822.7,8995.5,8920.6,10.1,10.4,15.8,0.0,69.2,18.5,12.3,0.0,DUSTY,67,FAIR,low retained moisture may produce dust or loose soil; 10 days since measurable precipitation,153,15
2026-10-08,Deer Crest,Deer Valley,WG029,40.63553157935396,-111.47424740401932,7612.2,3,69.2,53.8,59.3,0.0,0.0,0.0,0.0,0.0,0.0,59.86666666666667,60.942857142857136,0,0.0,0.0,0.0,0.0,0.0,10,2.0,7265.1,7950.3,7612.2,21.7,21.4,38.3,0.0,50.3,49.1,0.6,0.0,DUSTY,67,FAIR,low retained moisture may produce dust or loose soil; 10 days since measurable precipitation,153,15
2026-10-08,Devo,Deer Valley,WG032,40.6296740826892,-111.48374523511592,7963.4,3,68.9,53.4,58.9,0.0,0.0,0.0,0.0,0.0,0.0,59.5,60.57142857142857,0,0.0,0.0,0.0,0.0,0.0,10,0.2,7893.9,8016.5,7963.4,11.3,9.9,17.7,0.0,0.0,47.1,52.9,0.0,DUSTY,67,FAIR,low retained moisture may produce dust or loose soil; 10 days since measurable precipitation,153,15
2026-10-08,Discovery,Summit Park,WG078,40.74903521550762,-111.59463162387972,6614.4,3,74.2,51.9,61.2,0.0,0.0,0.0,0.0,0.0,0.0,61.13333333333333,61.2,0,0.0,0.0,0.0,0.0,0.0,10,0.4,6578.7,6650.0,6614.4,11.5,10.0,24.8,0.0,20.9,46.5,32.6,0.0,DUSTY,67,FAIR,low retained moisture may produce dust or loose soil; 10 days since measurable precipitation,153,1
2026-10-08,Eagle Way,Park City / PCMR,WG048,40.65295946154777,-111.48775315119684,7538.9,3,69.7,54.2,60.0,0.0,0.0,0.0,0.0,0.0,0.0,60.4,61.41428571428571,0,0.0,0.0,0.0,0.0,0.0,10,0.9,7416.7,7660.5,7538.9,11.8,11.7,19.5,21.3,25.3,40.0,13.3,0.0,DUSTY,67,FAIR,low retained moisture may produce dust or loose soil; 10 days since measurable precipitation,153,53
2026-10-08,Easy Rider,Park City / PCMR,WG009,40.59580193116481,-111.57632308440664,9141.3,3,59.0,48.5,51.8,0.0,0.0,0.0,0.0,0.0,0.0,52.7,54.0,0,0.0,0.0,0.0,0.0,0.0,10,2.3,8764.0,9471.9,9141.3,14.6,13.4,33.3,0.5,82.3,16.1,1.0,0.0,DUSTY,67,FAIR,low retained moisture may produce dust or loose soil; 10 days since measurable precipitation,153,53
2026-10-08,Empire Alternate,Deer Valley,WG032,40.62635819528807,-111.50016350153602,7943.1,3,68.9,53.4,58.9,0.0,0.0,0.0,0.0,0.0,0.0,59.5,60.57142857142857,0,0.0,0.0,0.0,0.0,0.0,10,0.1,7918.3,7974.4,7943.1,16.3,16.4,21.6,0.0,0.0,100.0,0.0,0.0,DUSTY,67,FAIR,low retained moisture may produce dust or loose soil; 10 days since measurable precipitation,153,15
2026-10-08,Empire Link,Deer Valley,WG012,40.62422557470265,-111.50748256286928,8022.2,3,65.8,52.9,57.5,0.0,0.0,0.0,0.0,0.0,0.0,57.9,58.642857142857146,0,0.0,0.0,0.0,0.0,0.0,10,2.2,7856.6,8281.6,8022.2,22.6,23.7,35.5,4.7,19.4,50.3,25.7,0.0,DUSTY,67,FAIR,low retained moisture may produce dust or loose soil; 10 days since measurable precipitation,153,15
2026-10-08,Empire Pass Connector,Deer Valley,WG016,40.60627316294136,-111.51481095351645,8948.4,3,63.1,49.5,54.3,0.0,0.0,0.0,0.0,0.0,0.0,54.76666666666666,55.614285714285714,0,0.0,0.0,0.0,0.0,0.0,10,0.4,8924.0,8965.9,8948.4,12.8,13.4,22.3,87.8,2.4,0.0,9.8,0.0,DUSTY,67,FAIR,low retained moisture may produce dust or loose soil; 10 days since measurable precipitation,153,15
2026-10-08,Euston,Round Valley,WG047,40.65772556817424,-111.48315877249176,7062.9,3,71.6,52.4,60.4,0.0,0.0,0.0,0.0,0.0,0.0,60.7,60.98571428571429,0,0.0,0.0,0.0,0.0,0.0,10,0.4,6904.9,7228.8,7062.9,12.2,12.4,19.9,0.0,31.2,68.8,0.0,0.0,DUSTY,67,FAIR,low retained moisture may produce dust or loose soil; 10 days since measurable precipitation,153,48
2026-10-08,Evil Empire,Park City / PCMR,WG016,40.61923823662483,-111.52513988679308,8746.8,3,63.1,49.5,54.3,0.0,0.0,0.0,0.0,0.0,0.0,54.76666666666666,55.614285714285714,0,0.0,0.0,0.0,0.0,0.0,10,0.9,8443.1,9143.3,8746.8,13.8,14.4,22.8,0.0,0.0,68.0,32.0,0.0,DUSTY,67,FAIR,low retained moisture may produce dust or loose soil; 10 days since measurable precipitation,153,53
2026-10-08,Fairway Hills Trail,Round Valley,WG055,40.67853348641883,-111.47699791832557,6747.4,3,74.2,49.4,60.6,0.0,0.0,0.0,0.0,0.0,0.0,60.06666666666666,60.35714285714285,0,0.0,0.0,0.0,0.0,0.0,10,0.3,6716.2,6779.8,6747.4,2.3,2.2,3.5,0.0,0.0,44.8,55.2,0.0,DUSTY,67,FAIR,low retained moisture may produce dust or loose soil; 10 days since measurable precipitation,153,48
2026-10-08,Family Truckster Trail,Clark Ranch,WG044,40.66038172048119,-111.452885753204,6847.4,3,73.2,51.0,61.0,0.0,0.0,0.0,0.0,0.0,0.0,60.333333333333336,60.62857142857143,0,0.0,0.0,0.0,0.0,0.0,10,0.7,6733.2,6970.1,6847.4,11.5,11.2,18.1,0.0,0.0,30.5,69.5,0.0,DUSTY,67,FAIR,low retained moisture may produce dust or loose soil; 10 days since measurable precipitation,153,1
2026-10-08,Fast Pitch Trail,Round Valley,WG055,40.6798165110769,-111.47671870073196,6759.1,3,74.2,49.4,60.6,0.0,0.0,0.0,0.0,0.0,0.0,60.06666666666666,60.35714285714285,0,0.0,0.0,0.0,0.0,0.0,10,1.3,6689.0,6826.1,6759.1,5.6,4.8,14.7,16.2,0.9,40.2,42.7,0.0,DUSTY,67,FAIR,low retained moisture may produce dust or loose soil; 10 days since measurable precipitation,153,48
2026-10-08,Fat Lip,Park City / PCMR,WG016,40.62192963761681,-111.5279713594279,8931.1,3,63.1,49.5,54.3,0.0,0.0,0.0,0.0,0.0,0.0,54.76666666666666,55.614285714285714,0,0.0,0.0,0.0,0.0,0.0,10,1.0,8870.4,8982.9,8931.1,20.9,20.7,36.0,34.9,0.0,6.0,59.0,0.0,DUSTY,67,FAIR,low retained moisture may produce dust or loose soil; 10 days since measurable precipitation,153,53
2026-10-08,Finns,Deer Valley,WG028,40.640763495812735,-111.47689190658058,7214.2,3,70.6,55.1,60.7,0.0,0.0,0.0,0.0,0.0,0.0,61.26666666666667,62.3,0,0.0,0.0,0.0,0.0,0.0,10,0.3,7140.8,7279.6,7214.2,24.0,24.7,36.1,0.0,96.3,3.7,0.0,0.0,DUSTY,67,FAIR,low retained moisture may produce dust or loose soil; 10 days since measurable precipitation,153,15
2026-10-08,Fireswamp,Deer Valley,WG013,40.61340925382439,-111.48239833860336,8873.0,3,63.2,49.6,54.4,0.0,0.0,0.0,0.0,0.0,0.0,54.9,55.72857142857142,0,0.0,0.0,0.0,0.0,0.0,10,0.7,8482.6,9273.9,8873.0,18.8,19.8,25.9,0.0,0.0,100.0,0.0,0.0,DUSTY,67,FAIR,low retained moisture may produce dust or loose soil; 10 days since measurable precipitation,153,15
2026-10-08,First Time,Park City / PCMR,WG050,40.65050878239233,-111.51048291433958,7041.1,3,72.1,52.8,61.1,0.0,0.0,0.0,0.0,0.0,0.0,61.23333333333333,61.5,0,0.0,0.0,0.0,0.0,0.0,10,0.5,6905.7,7178.9,7041.1,8.6,8.6,19.4,0.0,3.6,57.1,39.3,0.0,DUSTY,67,FAIR,low retained moisture may produce dust or loose soil; 10 days since measurable precipitation,153,53
2026-10-08,First Time Return,Park City / PCMR,WG050,40.65021414919943,-111.51090683334832,7073.8,3,72.1,52.8,61.1,0.0,0.0,0.0,0.0,0.0,0.0,61.23333333333333,61.5,0,0.0,0.0,0.0,0.0,0.0,10,0.7,6953.0,7139.2,7073.8,15.6,15.9,24.7,0.0,0.0,22.4,77.6,0.0,DUSTY,67,FAIR,low retained moisture may produce dust or loose soil; 10 days since measurable precipitation,153,53
2026-10-08,Flagstaff Loop,Deer Valley,WG013,40.60758047007656,-111.496735533601,8898.0,3,63.2,49.6,54.4,0.0,0.0,0.0,0.0,0.0,0.0,54.9,55.72857142857142,0,0.0,0.0,0.0,0.0,0.0,10,3.0,8785.5,9010.6,8898.0,10.1,10.0,23.7,8.7,13.0,40.1,38.3,0.0,DUSTY,67,FAIR,low retained moisture may produce dust or loose soil; 10 days since measurable precipitation,153,15
2026-10-08,Flat Cable,Park City / PCMR,WG032,40.644102718034645,-111.505628746172,7565.4,3,68.9,53.4,58.9,0.0,0.0,0.0,0.0,0.0,0.0,59.5,60.57142857142857,0,0.0,0.0,0.0,0.0,0.0,10,1.0,7399.9,7706.1,7565.4,13.5,12.9,28.3,0.0,37.0,51.1,12.0,0.0,DUSTY,67,FAIR,low retained moisture may produce dust or loose soil; 10 days since measurable precipitation,153,53
2026-10-08,Flying Dog,Jeremy Ranch / Glenwild,WG087,40.77237660098178,-111.54161762597796,7321.2,3,71.9,53.0,60.7,0.0,0.0,0.0,0.0,0.0,0.0,60.66666666666666,61.1,0,0.0,0.0,0.0,0.0,0.0,10,6.1,6867.4,7759.1,7321.2,17.8,17.6,31.1,54.3,26.7,9.5,9.5,0.0,DUSTY,67,FAIR,low retained moisture may produce dust or loose soil; 10 days since measurable precipitation,153,30
2026-10-08,Fox Tail Trail,Round Valley,WG045,40.66564803508002,-111.47503092801368,7133.0,3,71.4,52.1,60.1,0.0,0.0,0.0,0.0,0.0,0.0,60.4,60.74285714285714,0,0.0,0.0,0.0,0.0,0.0,10,0.8,7077.6,7206.1,7133.0,12.0,12.3,18.5,10.0,24.3,52.9,12.9,0.0,DUSTY,67,FAIR,low retained moisture may produce dust or loose soil; 10 days since measurable precipitation,153,48
2026-10-08,Freemason,Park City / PCMR,WG046,40.65768683021079,-111.49819012622744,6949.6,3,72.7,53.4,61.4,0.0,0.0,0.0,0.0,0.0,0.0,61.7,62.04285714285714,0,0.0,0.0,0.0,0.0,0.0,10,1.5,6779.4,7074.6,6949.6,21.4,21.4,30.0,5.4,40.3,54.3,0.0,0.0,DUSTY,67,FAIR,low retained moisture may produce dust or loose soil; 10 days since measurable precipitation,153,53
2026-10-08,Full Steam Billy,Park City / PCMR,WG031,40.64842922650065,-111.4945100220623,7246.4,3,70.2,54.7,60.3,0.0,0.0,0.0,0.0,0.0,0.0,60.86666666666665,61.89999999999999,0,0.0,0.0,0.0,0.0,0.0,10,0.3,7161.5,7277.5,7246.4,14.8,15.0,18.5,27.6,72.4,0.0,0.0,0.0,DUSTY,67,FAIR,low retained moisture may produce dust or loose soil; 10 days since measurable precipitation,153,53
2026-10-08,Gambel Oak Cut,Round Valley,WG045,40.65967079074984,-111.47871602858976,7240.9,3,71.4,52.1,60.1,0.0,0.0,0.0,0.0,0.0,0.0,60.4,60.74285714285714,0,0.0,0.0,0.0,0.0,0.0,10,0.3,7160.2,7299.6,7240.9,14.9,14.8,20.3,0.0,8.3,79.2,12.5,0.0,DUSTY,67,FAIR,low retained moisture may produce dust or loose soil; 10 days since measurable precipitation,153,48
2026-10-08,Gambel Oak North,Park City / PCMR,WG047,40.65915752473873,-111.48180315635692,7112.6,3,71.6,52.4,60.4,0.0,0.0,0.0,0.0,0.0,0.0,60.7,60.98571428571429,0,0.0,0.0,0.0,0.0,0.0,10,0.3,7038.2,7171.9,7112.6,14.8,14.6,18.8,0.0,92.9,7.1,0.0,0.0,DUSTY,67,FAIR,low retained moisture may produce dust or loose soil; 10 days since measurable precipitation,153,53
2026-10-08,Gambel Oak Trail,Park City / PCMR,WG031,40.64847351910524,-111.48419757905585,7408.0,3,70.2,54.7,60.3,0.0,0.0,0.0,0.0,0.0,0.0,60.86666666666665,61.89999999999999,0,0.0,0.0,0.0,0.0,0.0,10,1.0,7205.8,7543.6,7408.0,12.0,14.4,18.4,71.9,0.0,12.4,15.7,0.0,DUSTY,67,FAIR,low retained moisture may produce dust or loose soil; 10 days since measurable precipitation,153,53
2026-10-08,Gap Bypass Trail,Deer Valley,WG028,40.64123747413292,-111.47577580871994,7306.6,3,70.6,55.1,60.7,0.0,0.0,0.0,0.0,0.0,0.0,61.26666666666667,62.3,0,0.0,0.0,0.0,0.0,0.0,10,0.4,7278.0,7326.5,7306.6,24.8,27.1,36.1,0.0,64.1,35.9,0.0,0.0,DUSTY,67,FAIR,low retained moisture may produce dust or loose soil; 10 days since measurable precipitation,153,15
2026-10-08,Gap Loop,Deer Valley,WG028,40.6409109833561,-111.47399614902376,7445.8,3,70.6,55.1,60.7,0.0,0.0,0.0,0.0,0.0,0.0,61.26666666666667,62.3,0,0.0,0.0,0.0,0.0,0.0,10,1.9,7303.7,7618.9,7445.8,23.3,24.7,35.9,8.4,27.1,40.4,24.1,0.0,DUSTY,67,FAIR,low retained moisture may produce dust or loose soil; 10 days since measurable precipitation,153,15
2026-10-08,Glenwild Loop / Wasatch,Jeremy Ranch / Glenwild,WG074,40.74589846722535,-111.509614206256,6451.3,3,74.8,49.3,60.6,0.0,0.0,0.0,0.0,0.0,0.0,60.53333333333333,61.1,0,0.0,0.0,0.0,0.0,0.0,10,0.2,6444.0,6454.5,6451.3,3.4,1.7,9.0,57.1,0.0,0.0,42.9,0.0,DUSTY,67,FAIR,low retained moisture may produce dust or loose soil; 10 days since measurable precipitation,153,30
2026-10-08,Gorgoza Park,Pinebrook,WG089,40.75144469967726,-111.581432624726,6619.5,3,74.5,52.2,61.5,0.0,0.0,0.0,0.0,0.0,0.0,61.43333333333334,61.5,0,0.0,0.0,0.0,0.0,0.0,10,1.6,6378.8,6831.0,6619.5,13.6,13.9,25.2,2.2,1.5,87.5,8.8,0.0,DUSTY,67,FAIR,low retained moisture may produce dust or loose soil; 10 days since measurable precipitation,153,11
2026-10-08,Grave Digger,Deer Valley,WG032,40.62962271716946,-111.50201210924322,7682.6,3,68.9,53.4,58.9,0.0,0.0,0.0,0.0,0.0,0.0,59.5,60.57142857142857,0,0.0,0.0,0.0,0.0,0.0,10,0.5,7659.8,7734.0,7682.6,24.7,26.7,36.3,10.5,0.0,2.6,86.8,0.0,DUSTY,67,FAIR,low retained moisture may produce dust or loose soil; 10 days since measurable precipitation,153,15
2026-10-08,Great Western Trail,Wasatch Crest / Millcreek,WG092,40.77286580912175,-111.6406537725031,7571.3,3,71.1,49.4,58.7,0.0,0.0,0.0,0.0,0.0,0.0,58.5,58.41428571428571,0,0.0,0.0,0.0,0.0,0.0,10,4.1,7338.2,7867.0,7571.3,11.5,10.4,34.6,44.7,31.4,10.3,13.6,0.0,DUSTY,67,FAIR,low retained moisture may produce dust or loose soil; 10 days since measurable precipitation,153,1
2026-10-08,Great Western Trail / Great Western Trail bypass,Wasatch Crest / Millcreek,WG091,40.7535574542296,-111.6313027356856,7111.8,3,72.2,52.9,61.1,0.0,0.0,0.0,0.0,0.0,0.0,60.93333333333334,61.24285714285714,0,0.0,0.0,0.0,0.0,0.0,10,1.4,6865.3,7548.3,7111.8,13.7,13.4,22.9,68.4,22.8,0.0,8.8,0.0,DUSTY,67,FAIR,low retained moisture may produce dust or loose soil; 10 days since measurable precipitation,153,1
2026-10-08,Hang Time South,Park City / PCMR,WG046,40.65853660632904,-111.49606808644194,6970.8,3,72.7,53.4,61.4,0.0,0.0,0.0,0.0,0.0,0.0,61.7,62.04285714285714,0,0.0,0.0,0.0,0.0,0.0,10,0.3,6861.7,7117.7,6970.8,12.7,12.3,19.7,0.0,33.3,66.7,0.0,0.0,DUSTY,67,FAIR,low retained moisture may produce dust or loose soil; 10 days since measurable precipitation,153,53
2026-10-08,Hat Trick Trail,Round Valley,WG055,40.678830976721535,-111.47596646172724,6757.0,3,74.2,49.4,60.6,0.0,0.0,0.0,0.0,0.0,0.0,60.06666666666666,60.35714285714285,0,0.0,0.0,0.0,0.0,0.0,10,1.3,6681.3,6803.8,6757.0,5.6,5.1,13.8,7.1,1.8,39.3,51.8,0.0,DUSTY,67,FAIR,low retained moisture may produce dust or loose soil; 10 days since measurable precipitation,153,48
2026-10-08,Heard It Both Ways Trail,Deer Valley,WG004,40.593082879194085,-111.49125770411068,8855.0,3,63.6,50.3,54.7,0.0,0.0,0.0,0.0,0.0,0.0,55.03333333333334,55.98571428571428,0,0.0,0.0,0.0,0.0,0.0,10,3.6,8658.9,9073.5,8855.0,15.0,14.9,30.6,38.3,18.2,15.2,28.4,0.0,DUSTY,67,FAIR,low retained moisture may produce dust or loose soil; 10 days since measurable precipitation,153,15
2026-10-08,Hidden Cove,Summit Park,WG089,40.756655895607175,-111.597334386164,6686.2,3,74.5,52.2,61.5,0.0,0.0,0.0,0.0,0.0,0.0,61.43333333333334,61.5,0,0.0,0.0,0.0,0.0,0.0,10,0.2,6655.0,6725.6,6686.2,13.1,11.4,26.6,0.0,0.0,62.5,37.5,0.0,DUSTY,67,FAIR,low retained moisture may produce dust or loose soil; 10 days since measurable precipitation,153,1
2026-10-08,High Side,Round Valley,WG055,40.69388247977245,-111.4770589235944,6909.3,3,74.2,49.4,60.6,0.0,0.0,0.0,0.0,0.0,0.0,60.06666666666666,60.35714285714285,0,0.0,0.0,0.0,0.0,0.0,10,0.6,6857.9,6929.0,6909.3,14.8,13.7,25.3,8.7,0.0,39.1,52.2,0.0,DUSTY,67,FAIR,low retained moisture may produce dust or loose soil; 10 days since measurable precipitation,153,48
2026-10-08,Holy Roller,Deer Valley,WG013,40.6113609111251,-111.48708066137604,8716.2,3,63.2,49.6,54.4,0.0,0.0,0.0,0.0,0.0,0.0,54.9,55.72857142857142,0,0.0,0.0,0.0,0.0,0.0,10,4.2,8121.6,9298.2,8716.2,17.9,17.7,32.1,20.8,29.4,36.0,13.9,0.0,DUSTY,67,FAIR,low retained moisture may produce dust or loose soil; 10 days since measurable precipitation,153,15
2026-10-08,Humdinger,Deer Valley,WG029,40.626356336628135,-111.46720603877804,7537.3,3,69.2,53.8,59.3,0.0,0.0,0.0,0.0,0.0,0.0,59.86666666666667,60.942857142857136,0,0.0,0.0,0.0,0.0,0.0,10,3.2,7250.4,7937.0,7537.3,23.0,24.0,33.5,25.1,0.0,45.2,29.7,0.0,DUSTY,67,FAIR,low retained moisture may produce dust or loose soil; 10 days since measurable precipitation,153,15
2026-10-08,Izzy's Inferno (Dog Pound),Deer Valley,WG012,40.619811878384205,-111.48856422719636,8193.5,3,65.8,52.9,57.5,0.0,0.0,0.0,0.0,0.0,0.0,57.9,58.642857142857146,0,0.0,0.0,0.0,0.0,0.0,10,0.1,8143.3,8219.5,8193.5,12.8,13.0,23.6,0.0,0.0,85.7,14.3,0.0,DUSTY,67,FAIR,low retained moisture may produce dust or loose soil; 10 days since measurable precipitation,153,15
2026-10-08,Jailbreak,Jeremy Ranch / Glenwild,WG085,40.75712939272894,-111.56214780445411,6277.4,3,75.8,53.5,63.2,0.0,0.0,0.0,0.0,0.0,0.0,62.8,62.82857142857144,0,0.0,0.0,0.0,0.0,0.0,10,0.5,6261.8,6299.2,6277.4,10.6,8.6,29.3,18.0,60.0,22.0,0.0,0.0,DUSTY,67,FAIR,low retained moisture may produce dust or loose soil; 10 days since measurable precipitation,153,30
2026-10-08,Jeep Hill (Safety Coridoor),Deer Valley,WG013,40.60451306969404,-111.50923514571896,8820.6,3,63.2,49.6,54.4,0.0,0.0,0.0,0.0,0.0,0.0,54.9,55.72857142857142,0,0.0,0.0,0.0,0.0,0.0,10,0.2,8699.5,8951.8,8820.6,12.6,13.1,16.8,100.0,0.0,0.0,0.0,0.0,DUSTY,67,FAIR,low retained moisture may produce dust or loose soil; 10 days since measurable precipitation,153,15
2026-10-08,Jordanelle (West Bank) Trail,Jordanelle,WG026,40.63639192686843,-111.4311179892118,6210.9,3,76.9,55.3,64.0,0.0,0.0,0.0,0.0,0.0,0.0,63.1,63.71428571428572,0,0.0,0.0,0.0,0.0,0.0,10,2.3,6170.8,6291.4,6210.9,9.7,9.2,24.7,24.1,2.0,42.2,31.7,0.0,DUSTY,67,FAIR,low retained moisture may produce dust or loose soil; 10 days since measurable precipitation,153,1
2026-10-08,Jordanelle Perimeter Trail,Jordanelle,WG024,40.633349610731685,-111.4121970547725,6216.7,3,77.1,55.5,64.3,0.0,0.0,0.0,0.0,0.0,0.0,63.20000000000001,63.85714285714285,0,0.0,0.0,0.0,0.0,0.0,10,9.3,6169.9,6411.7,6216.7,15.2,14.7,34.0,30.5,40.5,11.2,17.8,0.0,DUSTY,67,FAIR,low retained moisture may produce dust or loose soil; 10 days since measurable precipitation,153,1
2026-10-08,Jupiter Peak,Park City / PCMR,WG021,40.610319419324455,-111.54904593331813,9871.3,3,57.8,46.5,49.8,0.0,0.0,0.0,0.0,0.0,0.0,50.5,51.58571428571428,0,0.0,0.0,0.0,0.0,0.0,10,1.2,9729.6,9994.3,9871.3,14.3,12.7,30.3,26.2,39.3,21.5,13.1,0.0,DUSTY,67,FAIR,low retained moisture may produce dust or loose soil; 10 days since measurable precipitation,153,53
2026-10-08,Jupiter Ridge,Park City / PCMR,WG018,40.61268065771163,-111.53867835914352,9869.4,3,57.9,46.7,50.0,0.0,0.0,0.0,0.0,0.0,0.0,50.7,51.75714285714286,0,0.0,0.0,0.0,0.0,0.0,10,0.2,9741.8,9992.4,9869.4,16.9,16.3,26.1,12.5,0.0,6.2,81.2,0.0,DUSTY,67,FAIR,low retained moisture may produce dust or loose soil; 10 days since measurable precipitation,153,53
2026-10-08,Kaboom Trail / Call Sign Casa Trail,Jordanelle,WG027,40.62794719612903,-111.45468580169128,6888.6,3,73.5,53.2,61.9,0.0,0.0,0.0,0.0,0.0,0.0,61.5,61.785714285714285,0,0.0,0.0,0.0,0.0,0.0,10,1.1,6791.2,7063.8,6888.6,22.7,22.4,32.9,0.0,0.0,35.5,64.5,0.0,DUSTY,67,FAIR,low retained moisture may produce dust or loose soil; 10 days since measurable precipitation,153,1
2026-10-08,Kari's,Round Valley,WG055,40.69160040530727,-111.47515847036864,6850.2,3,74.2,49.4,60.6,0.0,0.0,0.0,0.0,0.0,0.0,60.06666666666666,60.35714285714285,0,0.0,0.0,0.0,0.0,0.0,10,0.8,6807.2,6882.7,6850.2,12.1,11.6,20.1,4.3,0.0,17.4,78.3,0.0,DUSTY,67,FAIR,low retained moisture may produce dust or loose soil; 10 days since measurable precipitation,153,48
2026-10-08,Keetley,Jordanelle,WG024,40.6438983646529,-111.4097274639112,6255.4,3,77.1,55.5,64.3,0.0,0.0,0.0,0.0,0.0,0.0,63.20000000000001,63.85714285714285,0,0.0,0.0,0.0,0.0,0.0,10,0.9,6176.9,6309.9,6255.4,5.8,5.5,11.3,36.8,59.2,3.9,0.0,0.0,DUSTY,67,FAIR,low retained moisture may produce dust or loose soil; 10 days since measurable precipitation,153,1
2026-10-08,Lavina,Deer Valley,WG006,40.58376333945228,-111.52567195673171,8621.7,3,64.0,50.4,55.1,0.0,0.0,0.0,0.0,0.0,0.0,55.63333333333333,56.47142857142857,0,0.0,0.0,0.0,0.0,0.0,10,1.0,8267.0,8818.5,8621.7,13.7,12.4,29.5,68.3,13.4,9.8,8.5,0.0,DUSTY,67,FAIR,low retained moisture may produce dust or loose soil; 10 days since measurable precipitation,153,15
2026-10-08,Little Engine Trail,Summit Park,WG089,40.756690732809,-111.59562244098744,6709.3,3,74.5,52.2,61.5,0.0,0.0,0.0,0.0,0.0,0.0,61.43333333333334,61.5,0,0.0,0.0,0.0,0.0,0.0,10,0.3,6693.2,6736.7,6709.3,9.5,10.2,17.8,4.3,0.0,82.6,13.0,0.0,DUSTY,67,FAIR,low retained moisture may produce dust or loose soil; 10 days since measurable precipitation,153,1
2026-10-08,Little Stick,Deer Valley,WG028,40.63409637421967,-111.478301770839,7464.6,3,70.6,55.1,60.7,0.0,0.0,0.0,0.0,0.0,0.0,61.26666666666667,62.3,0,0.0,0.0,0.0,0.0,0.0,10,0.3,7332.1,7603.8,7464.6,17.1,14.2,26.8,0.0,48.4,51.6,0.0,0.0,DUSTY,67,FAIR,low retained moisture may produce dust or loose soil; 10 days since measurable precipitation,153,15
2026-10-08,Longview,Jordanelle,WG040,40.65785550770212,-111.4151527495857,6299.6,3,76.9,55.3,64.0,0.0,0.0,0.0,0.0,0.0,0.0,63.1,63.7,0,0.0,0.0,0.0,0.0,0.0,10,0.3,6286.3,6315.8,6299.6,9.2,8.1,22.1,26.9,69.2,3.8,0.0,0.0,DUSTY,67,FAIR,low retained moisture may produce dust or loose soil; 10 days since measurable precipitation,153,1
2026-10-08,Looney Tunes Trail,Jordanelle,WG002,40.58370423178651,-111.40605522395904,7149.3,3,72.9,51.4,60.8,0.0,0.0,0.0,0.0,0.0,0.0,60.06666666666666,60.8,0,0.0,0.0,0.0,0.0,0.0,10,1.2,6976.5,7255.9,7149.3,12.9,13.2,21.5,0.0,3.0,78.8,18.2,0.0,DUSTY,67,FAIR,low retained moisture may produce dust or loose soil; 10 days since measurable precipitation,153,1
2026-10-08,Loose Moose,Park City / PCMR,WG031,40.64358346695202,-111.50940341630726,7446.3,3,70.2,54.7,60.3,0.0,0.0,0.0,0.0,0.0,0.0,60.86666666666665,61.89999999999999,0,0.0,0.0,0.0,0.0,0.0,10,0.8,7294.0,7580.3,7446.3,22.5,23.8,36.4,0.0,77.1,22.9,0.0,0.0,DUSTY,67,FAIR,low retained moisture may produce dust or loose soil; 10 days since measurable precipitation,153,53
2026-10-08,Lost Prospector,Park City / PCMR,WG047,40.659849225736586,-111.4888557229514,7044.5,3,71.6,52.4,60.4,0.0,0.0,0.0,0.0,0.0,0.0,60.7,60.98571428571429,0,0.0,0.0,0.0,0.0,0.0,10,3.2,6865.2,7153.9,7044.5,19.8,20.1,32.6,5.5,42.2,46.5,5.8,0.0,DUSTY,67,FAIR,low retained moisture may produce dust or loose soil; 10 days since measurable precipitation,153,53
2026-10-08,Lower Devo Trail,Deer Valley,WG032,40.63290230557317,-111.48205615844142,7656.5,3,68.9,53.4,58.9,0.0,0.0,0.0,0.0,0.0,0.0,59.5,60.57142857142857,0,0.0,0.0,0.0,0.0,0.0,10,1.1,7249.7,8016.5,7656.5,19.4,18.7,30.6,0.0,0.0,27.6,72.4,0.0,DUSTY,67,FAIR,low retained moisture may produce dust or loose soil; 10 days since measurable precipitation,153,15
2026-10-08,Lower Masonic,Park City / PCMR,WG047,40.65358630670372,-111.49972319928794,7113.0,3,71.6,52.4,60.4,0.0,0.0,0.0,0.0,0.0,0.0,60.7,60.98571428571429,0,0.0,0.0,0.0,0.0,0.0,10,0.6,7070.4,7149.0,7113.0,21.2,21.4,30.9,27.8,63.0,9.3,0.0,0.0,DUSTY,67,FAIR,low retained moisture may produce dust or loose soil; 10 days since measurable precipitation,153,53
2026-10-08,Lower Sparky Trail,Clark Ranch,WG044,40.66761130235187,-111.4559551589961,6689.8,3,73.2,51.0,61.0,0.0,0.0,0.0,0.0,0.0,0.0,60.333333333333336,60.62857142857143,0,0.0,0.0,0.0,0.0,0.0,10,1.5,6645.8,6769.7,6689.8,4.2,3.5,14.5,0.0,7.0,36.7,56.2,0.0,DUSTY,67,FAIR,low retained moisture may produce dust or loose soil; 10 days since measurable precipitation,153,1
2026-10-08,Lower Village,Deer Valley,WG028,40.64043848354113,-111.46360640728942,7008.1,3,70.6,55.1,60.7,0.0,0.0,0.0,0.0,0.0,0.0,61.26666666666667,62.3,0,0.0,0.0,0.0,0.0,0.0,10,0.3,6930.4,7071.0,7008.1,23.1,24.2,29.4,0.0,0.0,69.2,30.8,0.0,DUSTY,67,FAIR,low retained moisture may produce dust or loose soil; 10 days since measurable precipitation,153,15
2026-10-08,Lynx #2,Round Valley,WG044,40.66734087696376,-111.46694625830712,6898.8,3,73.2,51.0,61.0,0.0,0.0,0.0,0.0,0.0,0.0,60.333333333333336,60.62857142857143,0,0.0,0.0,0.0,0.0,0.0,10,1.6,6672.4,7099.9,6898.8,15.2,14.6,28.9,0.0,8.4,72.5,19.1,0.0,DUSTY,67,FAIR,low retained moisture may produce dust or loose soil; 10 days since measurable precipitation,153,48
2026-10-08,Masonic,Park City / PCMR,WG047,40.65628760128763,-111.48965728213436,7283.0,3,71.6,52.4,60.4,0.0,0.0,0.0,0.0,0.0,0.0,60.7,60.98571428571429,0,0.0,0.0,0.0,0.0,0.0,10,1.3,7131.6,7508.3,7283.0,18.7,18.8,28.4,0.0,9.4,72.6,17.9,0.0,DUSTY,67,FAIR,low retained moisture may produce dust or loose soil; 10 days since measurable precipitation,153,53
2026-10-08,McConkeys,Park City / PCMR,WG016,40.617956923480186,-111.52625119796232,8958.8,3,63.1,49.5,54.3,0.0,0.0,0.0,0.0,0.0,0.0,54.76666666666666,55.614285714285714,0,0.0,0.0,0.0,0.0,0.0,10,2.1,8486.4,9586.3,8958.8,14.0,13.8,26.4,1.1,3.2,40.3,55.4,0.0,DUSTY,67,FAIR,low retained moisture may produce dust or loose soil; 10 days since measurable precipitation,153,53
2026-10-08,McConkeys / Io Trail (Middle),Park City / PCMR,WG018,40.61168680632571,-111.53326494678502,9588.6,3,57.9,46.7,50.0,0.0,0.0,0.0,0.0,0.0,0.0,50.7,51.75714285714286,0,0.0,0.0,0.0,0.0,0.0,10,0.6,9432.6,9692.2,9588.6,19.8,24.9,29.9,72.5,0.0,7.8,19.6,0.0,DUSTY,67,FAIR,low retained moisture may produce dust or loose soil; 10 days since measurable precipitation,153,53
2026-10-08,McHenry Avenue,Deer Valley,WG031,40.640126864152855,-111.49219625319049,7274.9,3,70.2,54.7,60.3,0.0,0.0,0.0,0.0,0.0,0.0,60.86666666666665,61.89999999999999,0,0.0,0.0,0.0,0.0,0.0,10,0.3,7264.9,7287.3,7274.9,23.9,24.5,32.6,0.0,100.0,0.0,0.0,0.0,DUSTY,67,FAIR,low retained moisture may produce dust or loose soil; 10 days since measurable precipitation,153,15
2026-10-08,Milky Way,Jordanelle,WG042,40.65767372971338,-111.43373089841624,6795.1,3,74.3,53.6,62.2,0.0,0.0,0.0,0.0,0.0,0.0,61.26666666666666,61.87142857142857,0,0.0,0.0,0.0,0.0,0.0,10,1.2,6613.3,6963.5,6795.1,20.9,21.0,24.9,78.8,7.1,0.0,14.1,0.0,DUSTY,67,FAIR,low retained moisture may produce dust or loose soil; 10 days since measurable precipitation,153,1
2026-10-08,Milky Way / Two Rocks,Jordanelle,WG042,40.66056479638159,-111.42608338059031,6558.6,3,74.3,53.6,62.2,0.0,0.0,0.0,0.0,0.0,0.0,61.26666666666666,61.87142857142857,0,0.0,0.0,0.0,0.0,0.0,10,0.5,6482.8,6616.9,6558.6,17.8,17.5,24.0,64.3,0.0,0.0,35.7,0.0,DUSTY,67,FAIR,low retained moisture may produce dust or loose soil; 10 days since measurable precipitation,153,1
2026-10-08,Moose Hollow,Summit Park,WG088,40.76397899834495,-111.58866445905328,6467.6,3,75.2,52.9,62.6,0.0,0.0,0.0,0.0,0.0,0.0,62.26666666666667,62.271428571428565,0,0.0,0.0,0.0,0.0,0.0,10,1.0,6221.3,6678.6,6467.6,17.4,18.6,25.5,25.0,0.0,2.5,72.5,0.0,DUSTY,67,FAIR,low retained moisture may produce dust or loose soil; 10 days since measurable precipitation,153,1
2026-10-08,Moose Poop,Deer Valley,WG032,40.633538239133244,-111.50120248027572,7607.1,3,68.9,53.4,58.9,0.0,0.0,0.0,0.0,0.0,0.0,59.5,60.57142857142857,0,0.0,0.0,0.0,0.0,0.0,10,0.2,7512.7,7714.9,7607.1,15.5,14.9,25.8,20.0,0.0,5.0,75.0,0.0,DUSTY,67,FAIR,low retained moisture may produce dust or loose soil; 10 days since measurable precipitation,153,15
2026-10-08,Moose Tracks Trail,Park City / PCMR,WG009,40.59516414126596,-111.57427709390586,9258.1,3,59.0,48.5,51.8,0.0,0.0,0.0,0.0,0.0,0.0,52.7,54.0,0,0.0,0.0,0.0,0.0,0.0,10,0.9,9081.2,9389.1,9258.1,16.5,15.7,26.8,14.6,78.0,7.3,0.0,0.0,DUSTY,67,FAIR,low retained moisture may produce dust or loose soil; 10 days since measurable precipitation,153,53
2026-10-08,Moosebones,Deer Valley,WG013,40.61167254823319,-111.50326786094648,8857.2,3,63.2,49.6,54.4,0.0,0.0,0.0,0.0,0.0,0.0,54.9,55.72857142857142,0,0.0,0.0,0.0,0.0,0.0,10,0.9,8763.2,8943.9,8857.2,15.8,17.3,22.9,0.0,52.5,46.2,1.2,0.0,DUSTY,67,FAIR,low retained moisture may produce dust or loose soil; 10 days since measurable precipitation,153,15
2026-10-08,Moosehouse,Park City / PCMR,WG032,40.63204398195126,-111.5038481086022,7902.6,3,68.9,53.4,58.9,0.0,0.0,0.0,0.0,0.0,0.0,59.5,60.57142857142857,0,0.0,0.0,0.0,0.0,0.0,10,0.3,7714.9,8073.3,7902.6,16.2,18.9,24.8,7.7,0.0,65.4,26.9,0.0,DUSTY,67,FAIR,low retained moisture may produce dust or loose soil; 10 days since measurable precipitation,153,53
2026-10-08,Mother Urban,Deer Valley,WG032,40.63167066031289,-111.5034058570439,7904.1,3,68.9,53.4,58.9,0.0,0.0,0.0,0.0,0.0,0.0,59.5,60.57142857142857,0,0.0,0.0,0.0,0.0,0.0,10,2.4,7668.3,8272.5,7904.1,21.4,20.4,38.1,14.1,0.0,29.6,56.3,0.0,DUSTY,67,FAIR,low retained moisture may produce dust or loose soil; 10 days since measurable precipitation,153,15
2026-10-08,NCS,Deer Valley,WG032,40.62911396321707,-111.4803727621932,7992.5,3,68.9,53.4,58.9,0.0,0.0,0.0,0.0,0.0,0.0,59.5,60.57142857142857,0,0.0,0.0,0.0,0.0,0.0,10,0.7,7538.6,8347.5,7992.5,21.0,19.3,37.7,0.0,6.2,70.3,23.4,0.0,DUSTY,67,FAIR,low retained moisture may produce dust or loose soil; 10 days since measurable precipitation,153,15
2026-10-08,No Worries,Summit Park,WG081,40.73716048778493,-111.60234213265907,7289.1,3,70.9,54.0,61.1,0.0,0.0,0.0,0.0,0.0,0.0,61.2,62.285714285714285,0,0.0,0.0,0.0,0.0,0.0,10,2.1,6892.9,7679.1,7289.1,24.7,24.9,33.3,2.3,0.0,63.2,34.5,0.0,DUSTY,67,FAIR,low retained moisture may produce dust or loose soil; 10 days since measurable precipitation,153,1
2026-10-08,North Ross Creek Trail,Jordanelle,WG041,40.66585897507511,-111.42082357173696,6405.0,3,76.5,54.9,63.7,0.0,0.0,0.0,0.0,0.0,0.0,62.6,63.25714285714286,0,0.0,0.0,0.0,0.0,0.0,10,0.8,6296.2,6565.5,6405.0,11.7,9.8,33.0,31.4,12.9,15.7,40.0,0.0,DUSTY,67,FAIR,low retained moisture may produce dust or loose soil; 10 days since measurable precipitation,153,1
2026-10-08,OMG,Deer Valley,WG032,40.631226274970665,-111.4973428195913,7571.3,3,68.9,53.4,58.9,0.0,0.0,0.0,0.0,0.0,0.0,59.5,60.57142857142857,0,0.0,0.0,0.0,0.0,0.0,10,0.3,7486.1,7662.1,7571.3,27.8,29.0,32.3,0.0,72.0,28.0,0.0,0.0,DUSTY,67,FAIR,low retained moisture may produce dust or loose soil; 10 days since measurable precipitation,153,15
2026-10-08,Oh Deer Flow,Jordanelle,WG041,40.66237367218405,-111.42118550237925,6403.1,3,76.5,54.9,63.7,0.0,0.0,0.0,0.0,0.0,0.0,62.6,63.25714285714286,0,0.0,0.0,0.0,0.0,0.0,10,0.6,6282.9,6510.0,6403.1,14.6,15.3,20.1,7.8,0.0,0.0,92.2,0.0,DUSTY,67,FAIR,low retained moisture may produce dust or loose soil; 10 days since measurable precipitation,153,1
2026-10-08,Old Homeward Bound,Deer Valley,WG012,40.61357496233911,-111.48964629692756,8441.1,3,65.8,52.9,57.5,0.0,0.0,0.0,0.0,0.0,0.0,57.9,58.642857142857146,0,0.0,0.0,0.0,0.0,0.0,10,0.7,8264.5,8597.2,8441.1,23.2,23.8,29.4,0.0,71.2,28.8,0.0,0.0,DUSTY,67,FAIR,low retained moisture may produce dust or loose soil; 10 days since measurable precipitation,153,15
2026-10-08,Old Skool,Deer Valley,WG032,40.631898683587,-111.48423208918877,7827.2,3,68.9,53.4,58.9,0.0,0.0,0.0,0.0,0.0,0.0,59.5,60.57142857142857,0,0.0,0.0,0.0,0.0,0.0,10,0.4,7642.0,7986.8,7827.2,13.0,12.6,19.9,0.0,2.8,91.7,5.6,0.0,DUSTY,67,FAIR,low retained moisture may produce dust or loose soil; 10 days since measurable precipitation,153,15
2026-10-08,Ontario Canyon,Deer Valley,WG013,40.61130277448227,-111.48755898005427,8755.1,3,63.2,49.6,54.4,0.0,0.0,0.0,0.0,0.0,0.0,54.9,55.72857142857142,0,0.0,0.0,0.0,0.0,0.0,10,2.0,8138.9,9327.9,8755.1,12.1,11.9,26.1,7.9,28.4,56.8,6.8,0.0,DUSTY,67,FAIR,low retained moisture may produce dust or loose soil; 10 days since measurable precipitation,153,15
2026-10-08,Ontario Ridge,Deer Valley,WG032,40.62821582013441,-111.49780973717266,7815.3,3,68.9,53.4,58.9,0.0,0.0,0.0,0.0,0.0,0.0,59.5,60.57142857142857,0,0.0,0.0,0.0,0.0,0.0,10,0.2,7722.8,7903.4,7815.3,9.9,9.9,15.1,0.0,0.0,57.1,42.9,0.0,DUSTY,67,FAIR,low retained moisture may produce dust or loose soil; 10 days since measurable precipitation,153,15
2026-10-08,Outlook,Deer Valley,WG029,40.63657831428653,-111.4685462481628,7646.2,3,69.2,53.8,59.3,0.0,0.0,0.0,0.0,0.0,0.0,59.86666666666667,60.942857142857136,0,0.0,0.0,0.0,0.0,0.0,10,0.5,7621.6,7707.0,7646.2,21.5,20.9,30.1,0.0,13.3,51.1,35.6,0.0,DUSTY,67,FAIR,low retained moisture may produce dust or loose soil; 10 days since measurable precipitation,153,15
2026-10-08,Pale Green Dot,Summit Park,WG078,40.74689592786439,-111.59182437672968,6802.1,3,74.2,51.9,61.2,0.0,0.0,0.0,0.0,0.0,0.0,61.13333333333333,61.2,0,0.0,0.0,0.0,0.0,0.0,10,1.0,6633.4,6985.9,6802.1,16.5,16.0,25.2,0.0,69.6,27.8,2.5,0.0,DUSTY,67,FAIR,low retained moisture may produce dust or loose soil; 10 days since measurable precipitation,153,1
2026-10-08,Parley's Lane,Summit Park,WG089,40.75375624958085,-111.59849347383722,6719.0,3,74.5,52.2,61.5,0.0,0.0,0.0,0.0,0.0,0.0,61.43333333333334,61.5,0,0.0,0.0,0.0,0.0,0.0,10,1.0,6641.6,6766.5,6719.0,9.3,8.9,19.0,33.7,2.3,19.8,44.2,0.0,DUSTY,67,FAIR,low retained moisture may produce dust or loose soil; 10 days since measurable precipitation,153,1
2026-10-08,Payroll,Deer Valley,WG013,40.61095393430099,-111.5094443089702,8630.4,3,63.2,49.6,54.4,0.0,0.0,0.0,0.0,0.0,0.0,54.9,55.72857142857142,0,0.0,0.0,0.0,0.0,0.0,10,0.3,8529.1,8727.3,8630.4,18.9,19.2,27.9,0.0,3.4,13.8,82.8,0.0,DUSTY,67,FAIR,low retained moisture may produce dust or loose soil; 10 days since measurable precipitation,153,15
2026-10-08,Pedalers Inn,Deer Valley,WG012,40.61923438649311,-111.4865707901735,8286.8,3,65.8,52.9,57.5,0.0,0.0,0.0,0.0,0.0,0.0,57.9,58.642857142857146,0,0.0,0.0,0.0,0.0,0.0,10,0.3,8165.9,8405.8,8286.8,16.8,17.9,22.3,0.0,8.3,91.7,0.0,0.0,DUSTY,67,FAIR,low retained moisture may produce dust or loose soil; 10 days since measurable precipitation,153,15
2026-10-08,Pinebrook Point,Pinebrook,WG089,40.75079411917499,-111.57994193527573,6623.3,3,74.5,52.2,61.5,0.0,0.0,0.0,0.0,0.0,0.0,61.43333333333334,61.5,0,0.0,0.0,0.0,0.0,0.0,10,0.3,6553.0,6684.0,6623.3,12.0,11.9,19.3,0.0,0.0,11.5,88.5,0.0,DUSTY,67,FAIR,low retained moisture may produce dust or loose soil; 10 days since measurable precipitation,153,11
2026-10-08,Pinebrook Pointe South,Pinebrook,WG078,40.74959135152933,-111.5795998040212,6632.5,3,74.2,51.9,61.2,0.0,0.0,0.0,0.0,0.0,0.0,61.13333333333333,61.2,0,0.0,0.0,0.0,0.0,0.0,10,0.1,6602.3,6649.2,6632.5,13.9,11.6,22.3,0.0,0.0,54.5,45.5,0.0,DUSTY,67,FAIR,low retained moisture may produce dust or loose soil; 10 days since measurable precipitation,153,11
2026-10-08,Pinebrook Southeast Perimeter / Hunter's Trail of the Mid Mountain,Pinebrook,WG072,40.71419878562093,-111.5896757552273,7875.5,3,69.5,52.5,59.6,0.0,0.0,0.0,0.0,0.0,0.0,59.70000000000001,60.8,0,0.0,0.0,0.0,0.0,0.0,10,4.5,7281.3,8136.4,7875.5,23.6,23.4,40.6,8.7,12.8,35.0,43.4,0.0,DUSTY,67,FAIR,low retained moisture may produce dust or loose soil; 10 days since measurable precipitation,153,11
2026-10-08,Pinebrook Southeast Perimeter Trail,Pinebrook,WG078,40.73058687532795,-111.57244227312069,6947.5,3,74.2,51.9,61.2,0.0,0.0,0.0,0.0,0.0,0.0,61.13333333333333,61.2,0,0.0,0.0,0.0,0.0,0.0,10,3.9,6418.7,7454.2,6947.5,22.5,22.0,36.2,48.1,1.6,18.4,31.9,0.0,DUSTY,67,FAIR,low retained moisture may produce dust or loose soil; 10 days since measurable precipitation,153,11
2026-10-08,Pioneer Ridge,Park City / PCMR,WG018,40.61649374604546,-111.53892521633333,9598.5,3,57.9,46.7,50.0,0.0,0.0,0.0,0.0,0.0,0.0,50.7,51.75714285714286,0,0.0,0.0,0.0,0.0,0.0,10,0.8,9398.0,9865.2,9598.5,17.9,16.4,31.7,2.9,10.0,58.6,28.6,0.0,DUSTY,67,FAIR,low retained moisture may produce dust or loose soil; 10 days since measurable precipitation,153,53
2026-10-08,Pipeline,Deer Valley,WG028,40.63885618836171,-111.46966538134832,7356.9,3,70.6,55.1,60.7,0.0,0.0,0.0,0.0,0.0,0.0,61.26666666666667,62.3,0,0.0,0.0,0.0,0.0,0.0,10,1.7,7071.0,7635.0,7356.9,21.4,21.4,30.9,0.0,18.4,81.6,0.0,0.0,DUSTY,67,FAIR,low retained moisture may produce dust or loose soil; 10 days since measurable precipitation,153,15
2026-10-08,Pointy Rocks,Deer Valley,WG031,40.63679995846106,-111.48172224533342,7428.0,3,70.2,54.7,60.3,0.0,0.0,0.0,0.0,0.0,0.0,60.86666666666665,61.89999999999999,0,0.0,0.0,0.0,0.0,0.0,10,0.2,7323.2,7519.3,7428.0,22.1,22.9,31.8,0.0,0.0,11.1,88.9,0.0,DUSTY,67,FAIR,low retained moisture may produce dust or loose soil; 10 days since measurable precipitation,153,15
2026-10-08,Powerline,Pinebrook,WG078,40.74237998272819,-111.5716363238219,6548.4,3,74.2,51.9,61.2,0.0,0.0,0.0,0.0,0.0,0.0,61.13333333333333,61.2,0,0.0,0.0,0.0,0.0,0.0,10,0.3,6493.6,6609.7,6548.4,15.7,15.5,21.0,0.0,0.0,25.8,74.2,0.0,DUSTY,67,FAIR,low retained moisture may produce dust or loose soil; 10 days since measurable precipitation,153,11
2026-10-08,Powerline Connector,Pinebrook,WG078,40.74298978990414,-111.5728828415412,6585.6,3,74.2,51.9,61.2,0.0,0.0,0.0,0.0,0.0,0.0,61.13333333333333,61.2,0,0.0,0.0,0.0,0.0,0.0,10,0.1,6554.5,6626.1,6585.6,17.9,18.6,21.5,0.0,0.0,46.2,53.8,0.0,DUSTY,67,FAIR,low retained moisture may produce dust or loose soil; 10 days since measurable precipitation,153,11
2026-10-08,Practice Loops,Round Valley,WG055,40.68336469607561,-111.47532267974417,6752.0,3,74.2,49.4,60.6,0.0,0.0,0.0,0.0,0.0,0.0,60.06666666666666,60.35714285714285,0,0.0,0.0,0.0,0.0,0.0,10,0.6,6717.5,6795.3,6752.0,6.6,6.5,8.7,76.5,0.0,0.0,23.5,0.0,DUSTY,67,FAIR,low retained moisture may produce dust or loose soil; 10 days since measurable precipitation,153,48
2026-10-08,Preserve Connector,Jeremy Ranch / Glenwild,WG087,40.76330147562161,-111.54585203221042,7230.0,3,71.9,53.0,60.7,0.0,0.0,0.0,0.0,0.0,0.0,60.66666666666666,61.1,0,0.0,0.0,0.0,0.0,0.0,10,0.9,7066.5,7395.2,7230.0,18.8,19.4,29.7,28.9,68.4,1.3,1.3,0.0,DUSTY,67,FAIR,low retained moisture may produce dust or loose soil; 10 days since measurable precipitation,153,30
2026-10-08,Princess Di's,Clark Ranch,WG083,40.751465442037045,-111.43628535405452,6858.8,3,73.7,52.3,61.7,0.0,0.0,0.0,0.0,0.0,0.0,61.23333333333333,61.4,0,0.0,0.0,0.0,0.0,0.0,10,2.9,6662.7,7029.2,6858.8,17.2,17.8,28.0,32.1,1.3,27.8,38.9,0.0,DUSTY,67,FAIR,low retained moisture may produce dust or loose soil; 10 days since measurable precipitation,153,1
2026-10-08,Prospect,Deer Valley,WG031,40.63405408516434,-111.49547333835608,7482.8,3,70.2,54.7,60.3,0.0,0.0,0.0,0.0,0.0,0.0,60.86666666666665,61.89999999999999,0,0.0,0.0,0.0,0.0,0.0,10,0.6,7306.8,7711.1,7482.8,11.0,10.3,21.4,0.0,19.2,78.8,1.9,0.0,DUSTY,67,FAIR,low retained moisture may produce dust or loose soil; 10 days since measurable precipitation,153,15
2026-10-08,Putty Tat Trail,Jordanelle,WG001,40.59267845848291,-111.40267007297948,6514.0,3,74.5,53.0,62.1,0.0,0.0,0.0,0.0,0.0,0.0,61.6,62.371428571428574,0,0.0,0.0,0.0,0.0,0.0,10,0.6,6468.3,6590.1,6514.0,10.5,9.5,25.2,0.0,30.6,59.2,10.2,0.0,DUSTY,67,FAIR,low retained moisture may produce dust or loose soil; 10 days since measurable precipitation,153,1
2026-10-08,Quinn's Connect,Round Valley,WG055,40.68185946906874,-111.4726829059293,6720.8,3,74.2,49.4,60.6,0.0,0.0,0.0,0.0,0.0,0.0,60.06666666666666,60.35714285714285,0,0.0,0.0,0.0,0.0,0.0,10,0.5,6686.8,6763.4,6720.8,8.1,6.3,17.0,34.8,28.3,23.9,13.0,0.0,DUSTY,67,FAIR,low retained moisture may produce dust or loose soil; 10 days since measurable precipitation,153,48
2026-10-08,Rinse Cycle Trail,Deer Valley,WG028,40.62990230274806,-111.45944053119273,7191.1,3,70.6,55.1,60.7,0.0,0.0,0.0,0.0,0.0,0.0,61.26666666666667,62.3,0,0.0,0.0,0.0,0.0,0.0,10,2.6,6863.6,7603.9,7191.1,21.5,21.4,33.6,18.3,0.0,16.4,65.3,0.0,DUSTY,67,FAIR,low retained moisture may produce dust or loose soil; 10 days since measurable precipitation,153,15
2026-10-08,Ripple Trail,Deer Valley,WG029,40.63554405253732,-111.47490110184252,7588.0,3,69.2,53.8,59.3,0.0,0.0,0.0,0.0,0.0,0.0,59.86666666666667,60.942857142857136,0,0.0,0.0,0.0,0.0,0.0,10,2.6,7239.4,7945.4,7588.0,19.9,19.6,34.1,0.0,28.5,45.5,26.0,0.0,DUSTY,67,FAIR,low retained moisture may produce dust or loose soil; 10 days since measurable precipitation,153,15
2026-10-08,Riverview West Trail,Jordanelle,WG001,40.58565113588149,-111.41386481977428,6730.6,3,74.5,53.0,62.1,0.0,0.0,0.0,0.0,0.0,0.0,61.6,62.371428571428574,0,0.0,0.0,0.0,0.0,0.0,10,1.8,6501.9,6978.6,6730.6,18.7,20.9,27.7,11.7,51.9,33.1,3.2,0.0,DUSTY,67,FAIR,low retained moisture may produce dust or loose soil; 10 days since measurable precipitation,153,1
2026-10-08,Road to WOS,Summit Park,WG082,40.73344363030311,-111.61407104321202,7712.2,3,69.5,52.6,59.7,0.0,0.0,0.0,0.0,0.0,0.0,59.8,60.885714285714286,0,0.0,0.0,0.0,0.0,0.0,10,2.8,7391.3,7924.7,7712.2,25.7,27.6,35.9,0.0,13.6,79.2,7.2,0.0,DUSTY,67,FAIR,low retained moisture may produce dust or loose soil; 10 days since measurable precipitation,153,1
2026-10-08,RocMon,Round Valley,WG055,40.68788668982749,-111.4548390225179,6677.5,3,74.2,49.4,60.6,0.0,0.0,0.0,0.0,0.0,0.0,60.06666666666666,60.35714285714285,0,0.0,0.0,0.0,0.0,0.0,10,0.6,6571.6,6786.6,6677.5,15.4,14.0,24.5,10.9,89.1,0.0,0.0,0.0,DUSTY,67,FAIR,low retained moisture may produce dust or loose soil; 10 days since measurable precipitation,153,48
2026-10-08,Rossi Hill Trail,Deer Valley,WG031,40.63808222920599,-111.4919292526201,7341.8,3,70.2,54.7,60.3,0.0,0.0,0.0,0.0,0.0,0.0,60.86666666666665,61.89999999999999,0,0.0,0.0,0.0,0.0,0.0,10,1.5,7288.7,7458.0,7341.8,18.8,19.8,32.7,0.0,56.0,41.0,3.0,0.0,DUSTY,67,FAIR,low retained moisture may produce dust or loose soil; 10 days since measurable precipitation,153,15
2026-10-08,Rusty Spur,Round Valley,WG065,40.70159189598121,-111.4765958017646,6731.2,3,73.7,48.8,60.7,0.0,0.0,0.0,0.0,0.0,0.0,60.0,60.114285714285714,0,0.0,0.0,0.0,0.0,0.0,10,0.1,6714.0,6747.5,6731.2,10.1,10.0,11.8,0.0,0.0,0.0,100.0,0.0,DUSTY,67,FAIR,low retained moisture may produce dust or loose soil; 10 days since measurable precipitation,153,48
2026-10-08,SOS,Park City / PCMR,WG046,40.666448184385416,-111.48116864087982,6803.8,3,72.7,53.4,61.4,0.0,0.0,0.0,0.0,0.0,0.0,61.7,62.04285714285714,0,0.0,0.0,0.0,0.0,0.0,10,0.3,6720.9,6916.3,6803.8,13.6,14.3,26.1,0.0,8.7,78.3,13.0,0.0,DUSTY,67,FAIR,low retained moisture may produce dust or loose soil; 10 days since measurable precipitation,153,53
2026-10-08,SQ Connector Trail,Round Valley,WG055,40.68949659271035,-111.47067515084642,6728.8,3,74.2,49.4,60.6,0.0,0.0,0.0,0.0,0.0,0.0,60.06666666666666,60.35714285714285,0,0.0,0.0,0.0,0.0,0.0,10,0.3,6689.9,6760.9,6728.8,6.3,5.8,15.7,15.4,0.0,0.0,84.6,0.0,DUSTY,67,FAIR,low retained moisture may produce dust or loose soil; 10 days since measurable precipitation,153,48
2026-10-08,Sam's Trail,Deer Valley,WG012,40.61912724197413,-111.50964994268364,8145.3,3,65.8,52.9,57.5,0.0,0.0,0.0,0.0,0.0,0.0,57.9,58.642857142857146,0,0.0,0.0,0.0,0.0,0.0,10,0.9,8032.3,8261.1,8145.3,21.8,22.0,27.6,0.0,47.5,13.8,38.8,0.0,DUSTY,67,FAIR,low retained moisture may produce dust or loose soil; 10 days since measurable precipitation,153,15
2026-10-08,Scott's Bypass,Park City / PCMR,WG021,40.612047856355446,-111.55918064050742,9658.7,3,57.8,46.5,49.8,0.0,0.0,0.0,0.0,0.0,0.0,50.5,51.58571428571428,0,0.0,0.0,0.0,0.0,0.0,10,1.4,9481.4,9770.8,9658.7,20.2,20.1,35.8,21.1,69.3,9.6,0.0,0.0,DUSTY,67,FAIR,low retained moisture may produce dust or loose soil; 10 days since measurable precipitation,153,53
2026-10-08,Shenanigans,Deer Valley,WG012,40.62034189886961,-111.49849814997506,8237.7,3,65.8,52.9,57.5,0.0,0.0,0.0,0.0,0.0,0.0,57.9,58.642857142857146,0,0.0,0.0,0.0,0.0,0.0,10,0.2,8225.2,8255.4,8237.7,16.3,16.2,19.8,0.0,0.0,85.7,14.3,0.0,DUSTY,67,FAIR,low retained moisture may produce dust or loose soil; 10 days since measurable precipitation,153,15
2026-10-08,Short Ribs,Summit Park,WG082,40.7348537895427,-111.62048055745409,7705.3,3,69.5,52.6,59.7,0.0,0.0,0.0,0.0,0.0,0.0,59.8,60.885714285714286,0,0.0,0.0,0.0,0.0,0.0,10,0.2,7670.7,7741.2,7705.3,24.0,23.9,30.9,0.0,0.0,0.0,100.0,0.0,DUSTY,67,FAIR,low retained moisture may produce dust or loose soil; 10 days since measurable precipitation,153,1
2026-10-08,Short Stack,Summit Park,WG082,40.73936874753804,-111.6200542747078,7652.8,3,69.5,52.6,59.7,0.0,0.0,0.0,0.0,0.0,0.0,59.8,60.885714285714286,0,0.0,0.0,0.0,0.0,0.0,10,1.5,7374.7,7830.5,7652.8,26.7,26.7,36.8,7.1,0.0,43.3,49.6,0.0,DUSTY,67,FAIR,low retained moisture may produce dust or loose soil; 10 days since measurable precipitation,153,1
2026-10-08,Silver Creek Trail,Round Valley,WG074,40.728195917662575,-111.48449884114967,6494.3,3,74.8,49.3,60.6,0.0,0.0,0.0,0.0,0.0,0.0,60.53333333333333,61.1,0,0.0,0.0,0.0,0.0,0.0,10,1.5,6472.0,6522.3,6494.3,3.4,3.1,9.1,28.0,14.4,15.2,42.4,0.0,DUSTY,67,FAIR,low retained moisture may produce dust or loose soil; 10 days since measurable precipitation,153,48
2026-10-08,Silver Gate,Round Valley,WG073,40.72728013881357,-111.46748664430804,6513.4,3,74.5,49.6,61.5,0.0,0.0,0.0,0.0,0.0,0.0,60.8,60.89999999999999,0,0.0,0.0,0.0,0.0,0.0,10,0.4,6510.4,6517.6,6513.4,1.6,1.5,3.8,20.9,62.8,16.3,0.0,0.0,DUSTY,67,FAIR,low retained moisture may produce dust or loose soil; 10 days since measurable precipitation,153,48
2026-10-08,Silver Spur,Park City / PCMR,WG049,40.65266965116334,-111.5117818738982,6980.8,3,72.3,53.1,61.4,0.0,0.0,0.0,0.0,0.0,0.0,61.53333333333333,61.74285714285714,0,0.0,0.0,0.0,0.0,0.0,10,0.7,6926.4,7004.9,6980.8,13.8,13.5,24.9,0.0,7.6,60.6,31.8,0.0,DUSTY,67,FAIR,low retained moisture may produce dust or loose soil; 10 days since measurable precipitation,153,53
2026-10-08,Skid Row,Park City / PCMR,WG044,40.66845831872771,-111.47381352761975,6920.8,3,73.2,51.0,61.0,0.0,0.0,0.0,0.0,0.0,0.0,60.333333333333336,60.62857142857143,0,0.0,0.0,0.0,0.0,0.0,10,1.2,6678.1,7107.5,6920.8,17.9,17.4,29.9,0.0,1.9,96.1,1.9,0.0,DUSTY,67,FAIR,low retained moisture may produce dust or loose soil; 10 days since measurable precipitation,153,53
2026-10-08,Skyridge Peak Trail / Milky Way,Jordanelle,WG043,40.65984634182248,-111.4368345884266,7139.2,3,72.9,52.2,61.0,0.0,0.0,0.0,0.0,0.0,0.0,59.93333333333334,60.55714285714286,0,0.0,0.0,0.0,0.0,0.0,10,1.2,6963.5,7331.5,7139.2,22.4,23.3,33.7,59.8,28.9,0.0,11.3,0.0,DUSTY,67,FAIR,low retained moisture may produce dust or loose soil; 10 days since measurable precipitation,153,1
2026-10-08,Snake Pit Trail,Park City / PCMR,WG010,40.58750533085767,-111.57189033610032,9625.4,3,57.1,46.6,49.9,0.0,0.0,0.0,0.0,0.0,0.0,50.8,52.1,0,0.0,0.0,0.0,0.0,0.0,10,1.1,9378.6,9871.8,9625.4,15.8,14.9,33.7,0.0,46.3,53.7,0.0,0.0,DUSTY,67,FAIR,low retained moisture may produce dust or loose soil; 10 days since measurable precipitation,153,53
2026-10-08,Snowtop,Deer Valley,WG028,40.64752229561398,-111.4705824068134,7443.3,3,70.6,55.1,60.7,0.0,0.0,0.0,0.0,0.0,0.0,61.26666666666667,62.3,0,0.0,0.0,0.0,0.0,0.0,10,1.7,7307.2,7590.1,7443.3,19.4,21.1,29.7,41.6,14.6,19.7,24.1,0.0,DUSTY,67,FAIR,low retained moisture may produce dust or loose soil; 10 days since measurable precipitation,153,15
2026-10-08,Solamere,Deer Valley,WG045,40.65168830951934,-111.47267426337083,7304.0,3,71.4,52.1,60.1,0.0,0.0,0.0,0.0,0.0,0.0,60.4,60.74285714285714,0,0.0,0.0,0.0,0.0,0.0,10,2.3,7128.6,7460.6,7304.0,20.7,21.1,32.5,14.8,80.3,3.0,2.0,0.0,DUSTY,67,FAIR,low retained moisture may produce dust or loose soil; 10 days since measurable precipitation,153,15
2026-10-08,Solamere Connector,Deer Valley,WG045,40.651338463153365,-111.4797751905619,7331.1,3,71.4,52.1,60.1,0.0,0.0,0.0,0.0,0.0,0.0,60.4,60.74285714285714,0,0.0,0.0,0.0,0.0,0.0,10,1.0,7128.4,7532.8,7331.1,18.6,20.2,27.4,0.0,0.0,15.1,84.9,0.0,DUSTY,67,FAIR,low retained moisture may produce dust or loose soil; 10 days since measurable precipitation,153,15
2026-10-08,Somewhere Elks,Round Valley,WG055,40.68702802029736,-111.47813858810876,6977.4,3,74.2,49.4,60.6,0.0,0.0,0.0,0.0,0.0,0.0,60.06666666666666,60.35714285714285,0,0.0,0.0,0.0,0.0,0.0,10,1.0,6796.2,7145.1,6977.4,10.8,11.0,23.8,84.6,6.4,0.0,9.0,0.0,DUSTY,67,FAIR,low retained moisture may produce dust or loose soil; 10 days since measurable precipitation,153,48
2026-10-08,South Canyon,Round Valley,WG055,40.697084178294816,-111.45372200426904,6732.0,3,74.2,49.4,60.6,0.0,0.0,0.0,0.0,0.0,0.0,60.06666666666666,60.35714285714285,0,0.0,0.0,0.0,0.0,0.0,10,4.0,6549.1,6909.1,6732.0,10.4,10.8,23.6,28.3,69.6,1.9,0.3,0.0,DUSTY,67,FAIR,low retained moisture may produce dust or loose soil; 10 days since measurable precipitation,153,48
2026-10-08,South Sweeney,Park City / PCMR,WG031,40.64194117786604,-111.49870009761844,7400.1,3,70.2,54.7,60.3,0.0,0.0,0.0,0.0,0.0,0.0,60.86666666666665,61.89999999999999,0,0.0,0.0,0.0,0.0,0.0,10,0.7,7257.8,7492.4,7400.1,24.7,25.3,32.1,0.0,0.0,22.6,77.4,0.0,DUSTY,67,FAIR,low retained moisture may produce dust or loose soil; 10 days since measurable precipitation,153,53
2026-10-08,Spare Change,Summit Park,WG080,40.74164553017363,-111.60031464541484,6827.9,3,73.3,53.9,62.2,0.0,0.0,0.0,0.0,0.0,0.0,61.96666666666668,62.25714285714286,0,0.0,0.0,0.0,0.0,0.0,10,0.3,6772.5,6883.6,6827.9,23.6,25.8,34.2,0.0,0.0,25.0,75.0,0.0,DUSTY,67,FAIR,low retained moisture may produce dust or loose soil; 10 days since measurable precipitation,153,1
2026-10-08,Sparky's Return,Clark Ranch,WG044,40.6617858998794,-111.45698342605078,6783.6,3,73.2,51.0,61.0,0.0,0.0,0.0,0.0,0.0,0.0,60.333333333333336,60.62857142857143,0,0.0,0.0,0.0,0.0,0.0,10,0.4,6750.7,6826.6,6783.6,11.3,11.6,16.9,0.0,15.6,21.9,62.5,0.0,DUSTY,67,FAIR,low retained moisture may produce dust or loose soil; 10 days since measurable precipitation,153,1
2026-10-08,Spin Cycle Trail,Deer Valley,WG028,40.63411801502942,-111.46082430079326,7178.8,3,70.6,55.1,60.7,0.0,0.0,0.0,0.0,0.0,0.0,61.26666666666667,62.3,0,0.0,0.0,0.0,0.0,0.0,10,1.8,6835.8,7600.6,7178.8,21.4,21.1,31.7,2.8,0.0,51.0,46.2,0.0,DUSTY,67,FAIR,low retained moisture may produce dust or loose soil; 10 days since measurable precipitation,153,15
2026-10-08,St. Regis Trail,Deer Valley,WG028,40.639112933407205,-111.47591481144916,7383.3,3,70.6,55.1,60.7,0.0,0.0,0.0,0.0,0.0,0.0,61.26666666666667,62.3,0,0.0,0.0,0.0,0.0,0.0,10,0.3,7301.5,7454.4,7383.3,24.3,27.6,31.8,0.0,91.2,8.8,0.0,0.0,DUSTY,67,FAIR,low retained moisture may produce dust or loose soil; 10 days since measurable precipitation,153,15
2026-10-08,Sunset,Deer Valley,WG013,40.61222429898699,-111.48546906629171,8777.5,3,63.2,49.6,54.4,0.0,0.0,0.0,0.0,0.0,0.0,54.9,55.72857142857142,0,0.0,0.0,0.0,0.0,0.0,10,1.2,8436.0,9053.2,8777.5,15.2,14.9,28.2,0.0,51.4,45.9,2.7,0.0,DUSTY,67,FAIR,low retained moisture may produce dust or loose soil; 10 days since measurable precipitation,153,15
2026-10-08,Super G,Deer Valley,WG013,40.6078734147108,-111.486644562986,8939.8,3,63.2,49.6,54.4,0.0,0.0,0.0,0.0,0.0,0.0,54.9,55.72857142857142,0,0.0,0.0,0.0,0.0,0.0,10,0.4,8867.6,8997.5,8939.8,15.7,15.0,27.9,5.9,94.1,0.0,0.0,0.0,DUSTY,67,FAIR,low retained moisture may produce dust or loose soil; 10 days since measurable precipitation,153,15
2026-10-08,Sven,Jordanelle,WG040,40.66216079919324,-111.41880056586604,6299.4,3,76.9,55.3,64.0,0.0,0.0,0.0,0.0,0.0,0.0,63.1,63.7,0,0.0,0.0,0.0,0.0,0.0,10,0.1,6282.2,6318.4,6299.4,11.9,10.3,19.9,13.3,86.7,0.0,0.0,0.0,DUSTY,67,FAIR,low retained moisture may produce dust or loose soil; 10 days since measurable precipitation,153,1
2026-10-08,Sweeney Switchbacks,Park City / PCMR,WG031,40.64428684826398,-111.50263935593632,7442.9,3,70.2,54.7,60.3,0.0,0.0,0.0,0.0,0.0,0.0,60.86666666666665,61.89999999999999,0,0.0,0.0,0.0,0.0,0.0,10,1.0,7261.1,7656.2,7442.9,19.7,19.5,30.8,0.0,0.0,61.6,38.4,0.0,DUSTY,67,FAIR,low retained moisture may produce dust or loose soil; 10 days since measurable precipitation,153,53
2026-10-08,Sweeneys,Park City / PCMR,WG032,40.6416793962084,-111.50380066992643,7712.4,3,68.9,53.4,58.9,0.0,0.0,0.0,0.0,0.0,0.0,59.5,60.57142857142857,0,0.0,0.0,0.0,0.0,0.0,10,0.3,7656.2,7764.1,7712.4,17.7,17.3,23.8,0.0,0.0,96.9,3.1,0.0,DUSTY,67,FAIR,low retained moisture may produce dust or loose soil; 10 days since measurable precipitation,153,53
2026-10-08,T&G,Deer Valley,WG016,40.611941402305575,-111.51506977898008,8673.3,3,63.1,49.5,54.3,0.0,0.0,0.0,0.0,0.0,0.0,54.76666666666666,55.614285714285714,0,0.0,0.0,0.0,0.0,0.0,10,1.2,8586.9,8760.0,8673.3,16.7,19.3,29.1,19.0,9.5,34.3,37.1,0.0,DUSTY,67,FAIR,low retained moisture may produce dust or loose soil; 10 days since measurable precipitation,153,15
2026-10-08,T&G 2,Deer Valley,WG016,40.62089143656375,-111.51568549288604,8599.5,3,63.1,49.5,54.3,0.0,0.0,0.0,0.0,0.0,0.0,54.76666666666666,55.614285714285714,0,0.0,0.0,0.0,0.0,0.0,10,0.9,8357.2,8729.4,8599.5,20.7,23.5,35.6,2.6,0.0,42.1,55.3,0.0,DUSTY,67,FAIR,low retained moisture may produce dust or loose soil; 10 days since measurable precipitation,153,15
2026-10-08,TDS Ontario Bypass,Deer Valley,WG032,40.62591563844938,-111.49801252893096,7889.0,3,68.9,53.4,58.9,0.0,0.0,0.0,0.0,0.0,0.0,59.5,60.57142857142857,0,0.0,0.0,0.0,0.0,0.0,10,1.0,7719.2,8043.7,7889.0,16.0,15.1,26.9,0.0,2.1,35.4,62.5,0.0,DUSTY,67,FAIR,low retained moisture may produce dust or loose soil; 10 days since measurable precipitation,153,15
2026-10-08,Tall Oaks Circle,Pinebrook,WG078,40.73938310561022,-111.57541687830556,6961.5,3,74.2,51.9,61.2,0.0,0.0,0.0,0.0,0.0,0.0,61.13333333333333,61.2,0,0.0,0.0,0.0,0.0,0.0,10,0.3,6901.0,7028.0,6961.5,12.3,12.6,19.5,47.8,47.8,4.3,0.0,0.0,DUSTY,67,FAIR,low retained moisture may produce dust or loose soil; 10 days since measurable precipitation,153,11
2026-10-08,Tall T Trail,Deer Valley,WG007,40.59029104976929,-111.52734087474852,9033.3,3,62.3,49.1,53.5,0.0,0.0,0.0,0.0,0.0,0.0,53.833333333333336,54.75714285714285,0,0.0,0.0,0.0,0.0,0.0,10,4.4,8733.0,9353.0,9033.3,18.9,19.0,34.3,27.0,2.8,28.7,41.5,0.0,DUSTY,67,FAIR,low retained moisture may produce dust or loose soil; 10 days since measurable precipitation,153,15
2026-10-08,Team Big Bear,Deer Valley,WG013,40.61639926546102,-111.50010669410356,8610.0,3,63.2,49.6,54.4,0.0,0.0,0.0,0.0,0.0,0.0,54.9,55.72857142857142,0,0.0,0.0,0.0,0.0,0.0,10,1.3,8332.9,8855.8,8610.0,15.5,15.9,23.1,0.0,13.8,68.8,17.4,0.0,DUSTY,67,FAIR,low retained moisture may produce dust or loose soil; 10 days since measurable precipitation,153,15
2026-10-08,The Avenues,Summit Park,WG090,40.75998198374273,-111.6028265058925,7081.5,3,71.7,52.4,60.6,0.0,0.0,0.0,0.0,0.0,0.0,60.43333333333334,60.74285714285714,0,0.0,0.0,0.0,0.0,0.0,10,1.7,6907.1,7241.2,7081.5,20.5,20.6,30.1,62.7,0.0,0.0,37.3,0.0,DUSTY,67,FAIR,low retained moisture may produce dust or loose soil; 10 days since measurable precipitation,153,1
2026-10-08,The Graduate,Jeremy Ranch / Glenwild,WG085,40.7534431855279,-111.56237742796368,6343.1,3,75.8,53.5,63.2,0.0,0.0,0.0,0.0,0.0,0.0,62.8,62.82857142857144,0,0.0,0.0,0.0,0.0,0.0,10,0.7,6257.5,6445.1,6343.1,13.1,11.3,30.2,17.2,50.0,28.1,4.7,0.0,DUSTY,67,FAIR,low retained moisture may produce dust or loose soil; 10 days since measurable precipitation,153,30
2026-10-08,The Lookout,Deer Valley,WG032,40.62921554675458,-111.4942829189022,7693.2,3,68.9,53.4,58.9,0.0,0.0,0.0,0.0,0.0,0.0,59.5,60.57142857142857,0,0.0,0.0,0.0,0.0,0.0,10,1.7,7338.4,8054.6,7693.2,27.6,27.5,44.1,0.0,87.3,12.7,0.0,0.0,DUSTY,67,FAIR,low retained moisture may produce dust or loose soil; 10 days since measurable precipitation,153,15
2026-10-08,The Sheep Trail,Summit Park,WG094,40.75746633469589,-111.667341513995,6217.2,3,76.3,58.5,66.6,0.0,0.0,0.0,0.0,0.0,0.0,65.93333333333332,66.45714285714286,0,0.0,0.0,0.0,0.0,0.0,10,2.2,5959.2,6672.0,6217.2,14.8,14.0,28.0,44.8,39.2,14.4,1.7,0.0,DUSTY,67,FAIR,low retained moisture may produce dust or loose soil; 10 days since measurable precipitation,153,1
2026-10-08,The Up Trail,Summit Park,WG078,40.74822119025095,-111.58934600493023,6821.1,3,74.2,51.9,61.2,0.0,0.0,0.0,0.0,0.0,0.0,61.13333333333333,61.2,0,0.0,0.0,0.0,0.0,0.0,10,1.0,6646.9,6985.9,6821.1,16.2,16.0,24.4,0.0,5.7,94.3,0.0,0.0,DUSTY,67,FAIR,low retained moisture may produce dust or loose soil; 10 days since measurable precipitation,153,1
2026-10-08,The Upper Avenues,Summit Park,WG090,40.75942210135698,-111.60997791538348,7425.0,3,71.7,52.4,60.6,0.0,0.0,0.0,0.0,0.0,0.0,60.43333333333334,60.74285714285714,0,0.0,0.0,0.0,0.0,0.0,10,1.5,7235.4,7548.3,7425.0,12.4,12.1,27.0,56.3,8.4,16.0,19.3,0.0,DUSTY,67,FAIR,low retained moisture may produce dust or loose soil; 10 days since measurable precipitation,153,1
2026-10-08,Thieves Forest,Deer Valley,WG013,40.61553068086176,-111.48245627012813,8597.7,3,63.2,49.6,54.4,0.0,0.0,0.0,0.0,0.0,0.0,54.9,55.72857142857142,0,0.0,0.0,0.0,0.0,0.0,10,0.5,8441.5,8810.3,8597.7,19.6,20.1,27.0,0.0,2.5,90.0,7.5,0.0,DUSTY,67,FAIR,low retained moisture may produce dust or loose soil; 10 days since measurable precipitation,153,15
2026-10-08,Thieves Forrest,Deer Valley,WG014,40.611364491739,-111.4804590615015,9072.7,3,62.3,49.1,53.5,0.0,0.0,0.0,0.0,0.0,0.0,53.79999999999999,54.72857142857142,0,0.0,0.0,0.0,0.0,0.0,10,0.3,8820.3,9276.0,9072.7,18.5,18.9,29.1,0.0,0.0,89.7,10.3,0.0,DUSTY,67,FAIR,low retained moisture may produce dust or loose soil; 10 days since measurable precipitation,153,15
2026-10-08,Tidal Wave,Deer Valley,WG013,40.610548014761406,-111.48897388892838,8737.9,3,63.2,49.6,54.4,0.0,0.0,0.0,0.0,0.0,0.0,54.9,55.72857142857142,0,0.0,0.0,0.0,0.0,0.0,10,2.7,8128.2,9286.4,8737.9,20.0,21.7,33.5,3.3,55.8,23.1,17.8,0.0,DUSTY,67,FAIR,low retained moisture may produce dust or loose soil; 10 days since measurable precipitation,153,15
2026-10-08,Tideline,Jordanelle,WG025,40.64171272429878,-111.40053564270964,6530.0,3,76.0,54.4,63.2,0.0,0.0,0.0,0.0,0.0,0.0,62.13333333333333,62.8,0,0.0,0.0,0.0,0.0,0.0,10,0.1,6521.2,6544.8,6530.0,15.1,14.5,25.1,91.7,8.3,0.0,0.0,0.0,DUSTY,67,FAIR,low retained moisture may produce dust or loose soil; 10 days since measurable precipitation,153,1
2026-10-08,Tour De Homes,Deer Valley,WG032,40.63205110837411,-111.48826887414292,7813.1,3,68.9,53.4,58.9,0.0,0.0,0.0,0.0,0.0,0.0,59.5,60.57142857142857,0,0.0,0.0,0.0,0.0,0.0,10,1.4,7579.1,8120.3,7813.1,12.5,12.9,23.4,0.9,36.3,58.4,4.4,0.0,DUSTY,67,FAIR,low retained moisture may produce dust or loose soil; 10 days since measurable precipitation,153,15
2026-10-08,Tour De Suds (Upper),Deer Valley,WG013,40.614682713092186,-111.50609195133156,8563.5,3,63.2,49.6,54.4,0.0,0.0,0.0,0.0,0.0,0.0,54.9,55.72857142857142,0,0.0,0.0,0.0,0.0,0.0,10,0.7,8407.1,8694.1,8563.5,17.1,16.8,24.3,0.0,74.6,25.4,0.0,0.0,DUSTY,67,FAIR,low retained moisture may produce dust or loose soil; 10 days since measurable precipitation,153,15
2026-10-08,Town,Park City / PCMR,WG030,40.64755940729975,-111.49861999854691,6988.0,3,72.3,53.1,61.4,0.0,0.0,0.0,0.0,0.0,0.0,61.5,61.72857142857142,0,0.0,0.0,0.0,0.0,0.0,10,0.1,6981.2,7008.8,6988.0,4.7,3.6,14.7,0.0,50.0,41.7,8.3,0.0,DUSTY,67,FAIR,low retained moisture may produce dust or loose soil; 10 days since measurable precipitation,153,53
2026-10-08,Trappers Gate,Deer Valley,WG031,40.63197509989361,-111.497026036245,7462.8,3,70.2,54.7,60.3,0.0,0.0,0.0,0.0,0.0,0.0,60.86666666666665,61.89999999999999,0,0.0,0.0,0.0,0.0,0.0,10,0.5,7434.8,7486.1,7462.8,27.4,30.8,36.0,0.0,50.0,20.5,29.5,0.0,DUSTY,67,FAIR,low retained moisture may produce dust or loose soil; 10 days since measurable precipitation,153,15
2026-10-08,Tricky Pickle Trail,Deer Valley,WG004,40.59197973531048,-111.49789592532872,8532.5,3,63.6,50.3,54.7,0.0,0.0,0.0,0.0,0.0,0.0,55.03333333333334,55.98571428571428,0,0.0,0.0,0.0,0.0,0.0,10,2.6,8268.2,8873.6,8532.5,20.0,22.3,31.9,21.7,70.8,0.9,6.6,0.0,DUSTY,67,FAIR,low retained moisture may produce dust or loose soil; 10 days since measurable precipitation,153,15
2026-10-08,Trump,Deer Valley,WG013,40.60903529522874,-111.4964159868453,8771.6,3,63.2,49.6,54.4,0.0,0.0,0.0,0.0,0.0,0.0,54.9,55.72857142857142,0,0.0,0.0,0.0,0.0,0.0,10,0.6,8585.9,8974.3,8771.6,9.3,8.1,20.4,1.7,0.0,26.7,71.7,0.0,DUSTY,67,FAIR,low retained moisture may produce dust or loose soil; 10 days since measurable precipitation,153,15
2026-10-08,Tsunami,Deer Valley,WG013,40.61166268615432,-111.48706860055302,8747.8,3,63.2,49.6,54.4,0.0,0.0,0.0,0.0,0.0,0.0,54.9,55.72857142857142,0,0.0,0.0,0.0,0.0,0.0,10,1.2,8508.1,8991.5,8747.8,18.1,17.6,28.8,0.0,72.8,27.2,0.0,0.0,DUSTY,67,FAIR,low retained moisture may produce dust or loose soil; 10 days since measurable precipitation,153,15
2026-10-08,Tug of War Trail,Deer Valley,WG013,40.60218815889535,-111.4963014769127,8962.3,3,63.2,49.6,54.4,0.0,0.0,0.0,0.0,0.0,0.0,54.9,55.72857142857142,0,0.0,0.0,0.0,0.0,0.0,10,1.4,8867.6,9065.0,8962.3,16.3,16.3,25.0,52.5,23.3,23.3,0.8,0.0,DUSTY,67,FAIR,low retained moisture may produce dust or loose soil; 10 days since measurable precipitation,153,15
2026-10-08,Tweety Bird Trail,Jordanelle,WG001,40.59084253440856,-111.40816741687898,6568.1,3,74.5,53.0,62.1,0.0,0.0,0.0,0.0,0.0,0.0,61.6,62.371428571428574,0,0.0,0.0,0.0,0.0,0.0,10,0.7,6477.2,6665.7,6568.1,10.6,10.3,18.3,0.0,20.0,80.0,0.0,0.0,DUSTY,67,FAIR,low retained moisture may produce dust or loose soil; 10 days since measurable precipitation,153,1
2026-10-08,Twist & Shout,Deer Valley,WG012,40.61590669002216,-111.48826576454944,8415.6,3,65.8,52.9,57.5,0.0,0.0,0.0,0.0,0.0,0.0,57.9,58.642857142857146,0,0.0,0.0,0.0,0.0,0.0,10,0.2,8324.5,8505.1,8415.6,26.0,26.7,29.2,0.0,100.0,0.0,0.0,0.0,DUSTY,67,FAIR,low retained moisture may produce dust or loose soil; 10 days since measurable precipitation,153,15
2026-10-08,Twist and Shout,Deer Valley,WG013,40.61146669404505,-111.486662413967,8799.9,3,63.2,49.6,54.4,0.0,0.0,0.0,0.0,0.0,0.0,54.9,55.72857142857142,0,0.0,0.0,0.0,0.0,0.0,10,1.0,8512.5,9065.3,8799.9,17.9,18.6,28.0,0.0,81.3,18.7,0.0,0.0,DUSTY,67,FAIR,low retained moisture may produce dust or loose soil; 10 days since measurable precipitation,153,15
2026-10-08,Undertow Trail,Deer Valley,WG029,40.63057046785135,-111.47858549886824,7937.9,3,69.2,53.8,59.3,0.0,0.0,0.0,0.0,0.0,0.0,59.86666666666667,60.942857142857136,0,0.0,0.0,0.0,0.0,0.0,10,1.9,7530.0,8350.2,7937.9,21.8,23.2,30.8,0.0,38.8,57.0,4.2,0.0,DUSTY,67,FAIR,low retained moisture may produce dust or loose soil; 10 days since measurable precipitation,153,15
2026-10-08,Upper Loose,Park City / PCMR,WG032,40.64060205866311,-111.5081407284332,7678.0,3,68.9,53.4,58.9,0.0,0.0,0.0,0.0,0.0,0.0,59.5,60.57142857142857,0,0.0,0.0,0.0,0.0,0.0,10,0.3,7581.2,7789.4,7678.0,17.3,17.6,23.5,0.0,92.9,7.1,0.0,0.0,DUSTY,67,FAIR,low retained moisture may produce dust or loose soil; 10 days since measurable precipitation,153,53
2026-10-08,Upper Loose Moose,Park City / PCMR,WG032,40.64060459750891,-111.5062344507794,7788.9,3,68.9,53.4,58.9,0.0,0.0,0.0,0.0,0.0,0.0,59.5,60.57142857142857,0,0.0,0.0,0.0,0.0,0.0,10,0.2,7764.1,7798.8,7788.9,13.5,16.8,20.8,0.0,50.0,50.0,0.0,0.0,DUSTY,67,FAIR,low retained moisture may produce dust or loose soil; 10 days since measurable precipitation,153,53
2026-10-08,Upper Sparky Trail,Clark Ranch,WG044,40.6599723509711,-111.45534390616216,6878.4,3,73.2,51.0,61.0,0.0,0.0,0.0,0.0,0.0,0.0,60.333333333333336,60.62857142857143,0,0.0,0.0,0.0,0.0,0.0,10,1.9,6752.0,6971.6,6878.4,13.5,12.2,28.4,0.6,54.7,25.2,19.5,0.0,DUSTY,67,FAIR,low retained moisture may produce dust or loose soil; 10 days since measurable precipitation,153,1
2026-10-08,Village Pipeline Connector,Deer Valley,WG028,40.6391093200599,-111.472490526811,7336.8,3,70.6,55.1,60.7,0.0,0.0,0.0,0.0,0.0,0.0,61.26666666666667,62.3,0,0.0,0.0,0.0,0.0,0.0,10,0.2,7292.7,7375.4,7336.8,22.1,23.7,27.5,6.7,0.0,20.0,73.3,0.0,DUSTY,67,FAIR,low retained moisture may produce dust or loose soil; 10 days since measurable precipitation,153,15
2026-10-08,Village Trail,Deer Valley,WG028,40.64077448423082,-111.47113665558776,7315.2,3,70.6,55.1,60.7,0.0,0.0,0.0,0.0,0.0,0.0,61.26666666666667,62.3,0,0.0,0.0,0.0,0.0,0.0,10,0.2,7292.7,7333.1,7315.2,22.8,24.0,27.5,21.4,0.0,0.0,78.6,0.0,DUSTY,67,FAIR,low retained moisture may produce dust or loose soil; 10 days since measurable precipitation,153,15
2026-10-08,Village Trail / Pipeline,Deer Valley,WG028,40.64110752434245,-111.46934147070748,7182.6,3,70.6,55.1,60.7,0.0,0.0,0.0,0.0,0.0,0.0,61.26666666666667,62.3,0,0.0,0.0,0.0,0.0,0.0,10,0.5,7071.0,7292.7,7182.6,17.4,17.6,27.5,9.3,0.0,25.6,65.1,0.0,DUSTY,67,FAIR,low retained moisture may produce dust or loose soil; 10 days since measurable precipitation,153,15
2026-10-08,Wada Way,Jordanelle,WG040,40.65139897157171,-111.41292348157292,6267.2,3,76.9,55.3,64.0,0.0,0.0,0.0,0.0,0.0,0.0,63.1,63.7,0,0.0,0.0,0.0,0.0,0.0,10,1.7,6181.8,6350.5,6267.2,6.6,6.2,14.8,23.2,76.1,0.7,0.0,0.0,DUSTY,67,FAIR,low retained moisture may produce dust or loose soil; 10 days since measurable precipitation,153,1
2026-10-08,Wasatch,Round Valley,WG074,40.742724215036304,-111.49568804225927,6475.9,3,74.8,49.3,60.6,0.0,0.0,0.0,0.0,0.0,0.0,60.53333333333333,61.1,0,0.0,0.0,0.0,0.0,0.0,10,1.6,6451.9,6521.0,6475.9,3.4,3.0,9.7,60.3,36.9,1.4,1.4,0.0,DUSTY,67,FAIR,low retained moisture may produce dust or loose soil; 10 days since measurable precipitation,153,48
2026-10-08,Wasatch Wiggle Trail,Park City / PCMR,WG010,40.58570056880523,-111.57390345809982,9702.8,3,57.1,46.6,49.9,0.0,0.0,0.0,0.0,0.0,0.0,50.8,52.1,0,0.0,0.0,0.0,0.0,0.0,10,1.8,9472.6,9972.8,9702.8,13.0,13.0,32.2,0.0,5.2,87.7,7.1,0.0,DUSTY,67,FAIR,low retained moisture may produce dust or loose soil; 10 days since measurable precipitation,153,53
2026-10-08,We'll Go From There,Jordanelle,WG027,40.633559740125165,-111.4528915193202,6692.5,3,73.5,53.2,61.9,0.0,0.0,0.0,0.0,0.0,0.0,61.5,61.785714285714285,0,0.0,0.0,0.0,0.0,0.0,10,0.1,6666.1,6712.9,6692.5,10.7,9.9,18.4,0.0,0.0,23.1,76.9,0.0,DUSTY,67,FAIR,low retained moisture may produce dust or loose soil; 10 days since measurable precipitation,153,1
2026-10-08,Woodside Gulch,Deer Valley,WG032,40.63428272582461,-111.50200856347875,7635.5,3,68.9,53.4,58.9,0.0,0.0,0.0,0.0,0.0,0.0,59.5,60.57142857142857,0,0.0,0.0,0.0,0.0,0.0,10,0.8,7305.3,7977.5,7635.5,22.8,24.0,31.3,46.5,0.0,2.8,50.7,0.0,DUSTY,67,FAIR,low retained moisture may produce dust or loose soil; 10 days since measurable precipitation,153,15
2026-10-08,Wowza Downhill Trail,Deer Valley,WG006,40.58677474689952,-111.51626735679228,8564.8,3,64.0,50.4,55.1,0.0,0.0,0.0,0.0,0.0,0.0,55.63333333333333,56.47142857142857,0,0.0,0.0,0.0,0.0,0.0,10,0.9,8378.1,8738.8,8564.8,10.4,10.8,21.9,55.1,10.3,1.3,33.3,0.0,DUSTY,67,FAIR,low retained moisture may produce dust or loose soil; 10 days since measurable precipitation,153,15
2026-10-08,Wowza Trail,Deer Valley,WG006,40.58754867198866,-111.51557993987645,8552.8,3,64.0,50.4,55.1,0.0,0.0,0.0,0.0,0.0,0.0,55.63333333333333,56.47142857142857,0,0.0,0.0,0.0,0.0,0.0,10,1.2,8375.1,8733.0,8552.8,12.1,11.9,25.4,10.4,1.0,31.2,57.3,0.0,DUSTY,67,FAIR,low retained moisture may produce dust or loose soil; 10 days since measurable precipitation,153,15
2026-10-08,Yeti's,Pinebrook,WG072,40.70910944007779,-111.57083697014414,7539.3,3,69.5,52.5,59.6,0.0,0.0,0.0,0.0,0.0,0.0,59.70000000000001,60.8,0,0.0,0.0,0.0,0.0,0.0,10,3.0,6939.0,8064.3,7539.3,21.9,21.9,36.4,0.4,11.6,54.7,33.3,0.0,DUSTY,67,FAIR,low retained moisture may produce dust or loose soil; 10 days since measurable precipitation,153,11
2026-10-08,You Get It,Jordanelle,WG027,40.63417280890808,-111.45447628262694,6774.5,3,73.5,53.2,61.9,0.0,0.0,0.0,0.0,0.0,0.0,61.5,61.785714285714285,0,0.0,0.0,0.0,0.0,0.0,10,0.5,6702.7,6863.6,6774.5,14.4,14.5,21.0,4.8,0.0,4.8,90.5,0.0,DUSTY,67,FAIR,low retained moisture may produce dust or loose soil; 10 days since measurable precipitation,153,1
2026-10-09,Forest Glen Trail,Park City / PCMR,WG022,40.61089948644494,-111.5784844905115,8765.8,3,63.9,45.4,54.1,0.0,0.0,0.0,0.0,0.087,0.087,53.7,55.04285714285714,0,0.0,0.0,0.0,0.0,0.0,1,0.2,8661.3,8874.6,8765.8,24.6,26.4,35.4,0.0,95.2,4.8,0.0,0.06,DRY,86,GOOD,surface likely dry but still firm,1,1
2026-10-09,East Fallen Pines Lane,Park City / PCMR,WG022,40.61551642366452,-111.57912837068116,8712.4,3,63.9,45.4,54.1,0.0,0.0,0.0,0.0,0.087,0.087,53.7,55.04285714285714,0,0.0,0.0,0.0,0.0,0.0,1,0.6,8602.1,8801.9,8712.4,12.6,12.9,19.7,0.0,2.0,72.0,26.0,0.056,DUSTY,78,GOOD,low retained moisture may produce dust or loose soil,2,2
2026-10-09,Abilene Way,Jeremy Ranch / Glenwild,WG068,40.705162592888,-111.52848253655898,6454.0,3,74.3,51.2,62.4,0.0,0.0,0.0,0.0,0.071,0.071,61.333333333333336,60.81428571428571,0,0.0,0.0,0.0,0.0,0.0,1,0.5,6439.2,6463.1,6454.0,1.2,1.0,2.4,0.0,0.0,56.1,43.9,0.04,DUSTY,77,FAIR,low retained moisture may produce dust or loose soil,3,1
2026-10-09,Cutter Lane,Jeremy Ranch / Glenwild,WG068,40.7083260127391,-111.53140227257067,6437.7,3,74.3,51.2,62.4,0.0,0.0,0.0,0.0,0.071,0.071,61.333333333333336,60.81428571428571,0,0.0,0.0,0.0,0.0,0.0,1,0.2,6431.6,6445.1,6437.7,2.1,2.0,3.3,0.0,33.3,66.7,0.0,0.039,DUSTY,77,FAIR,low retained moisture may produce dust or loose soil,3,1
2026-10-09,Dubois,Jeremy Ranch / Glenwild,WG059,40.698630398586985,-111.55581872982933,6878.9,3,73.2,50.1,61.3,0.0,0.0,0.0,0.0,0.071,0.071,60.26666666666667,59.75714285714286,0,0.0,0.0,0.0,0.0,0.0,1,1.4,6622.8,7164.4,6878.9,16.3,18.1,32.1,24.8,1.7,34.7,38.8,0.042,DUSTY,77,FAIR,low retained moisture may produce dust or loose soil,3,1
2026-10-09,Miss Billy's,Jeremy Ranch / Glenwild,WG059,40.69127466685039,-111.54016400735836,6614.6,3,73.2,50.1,61.3,0.0,0.0,0.0,0.0,0.071,0.071,60.26666666666667,59.75714285714286,0,0.0,0.0,0.0,0.0,0.0,1,1.1,6557.2,6663.6,6614.6,2.9,2.6,7.1,0.0,1.9,67.3,30.8,0.039,DUSTY,77,FAIR,low retained moisture may produce dust or loose soil,3,1
2026-10-09,North 400 West,Jeremy Ranch / Glenwild,WG068,40.70279368500318,-111.51897621463831,6441.4,3,74.3,51.2,62.4,0.0,0.0,0.0,0.0,0.071,0.071,61.333333333333336,60.81428571428571,0,0.0,0.0,0.0,0.0,0.0,1,0.5,6427.3,6455.3,6441.4,1.2,1.0,3.2,0.0,7.3,53.7,39.0,0.04,DUSTY,77,FAIR,low retained moisture may produce dust or loose soil,3,1
2026-10-09,Winchester Trail,Jeremy Ranch / Glenwild,WG069,40.71094932830698,-111.54449441430567,6453.0,3,74.2,51.1,62.4,0.0,0.0,0.0,0.0,0.071,0.071,61.29999999999999,60.785714285714285,0,0.0,0.0,0.0,0.0,0.0,1,0.2,6433.3,6465.9,6453.0,7.5,7.9,12.5,0.0,0.0,0.0,100.0,0.042,DUSTY,77,FAIR,low retained moisture may produce dust or loose soil,3,1
2026-10-09,Ambush,Jeremy Ranch / Glenwild,WG063,40.694225906082366,-111.58181443950004,7757.7,3,69.6,50.3,59.2,0.0,0.0,0.0,0.0,0.043,0.043,59.13333333333333,60.75714285714286,0,0.0,0.0,0.0,0.0,0.0,1,1.6,7418.5,8136.4,7757.7,25.9,26.8,35.6,21.2,0.0,24.8,54.0,0.027,DUSTY,76,FAIR,low retained moisture may produce dust or loose soil,9,7
2026-10-09,Armstrong,Park City / PCMR,WG051,40.65248508262897,-111.52994268919429,7566.3,3,70.2,51.0,60.2,0.0,0.0,0.0,0.0,0.059,0.059,60.0,61.32857142857143,0,0.0,0.0,0.0,0.0,0.0,1,3.8,6958.3,8237.6,7566.3,20.8,21.5,33.2,0.0,8.3,30.4,61.2,0.036,DUSTY,76,FAIR,low retained moisture may produce dust or loose soil,9,3
2026-10-09,CMG,Park City / PCMR,WG035,40.645848884326966,-111.51679268892973,7606.5,3,67.6,50.7,59.1,0.0,0.0,0.0,0.0,0.059,0.059,59.26666666666667,60.785714285714285,0,0.0,0.0,0.0,0.0,0.0,1,2.9,7010.6,8231.6,7606.5,21.0,21.5,38.4,0.0,36.1,41.0,22.9,0.036,DUSTY,76,FAIR,low retained moisture may produce dust or loose soil,9,3
2026-10-09,Canyons Downhill,Pinebrook,WG061,40.68430916809496,-111.56849091879047,7666.2,3,69.9,50.6,59.6,0.0,0.0,0.0,0.0,0.043,0.043,59.5,61.1,0,0.0,0.0,0.0,0.0,0.0,1,1.2,7182.1,8294.1,7666.2,26.4,27.3,37.8,17.8,0.0,64.4,17.8,0.026,DUSTY,76,FAIR,low retained moisture may produce dust or loose soil,9,1
2026-10-09,Colony Mid Mountain Connector,Park City / PCMR,WG052,40.65011049975458,-111.53932673410868,8429.2,3,65.0,48.1,55.9,0.0,0.0,0.0,0.0,0.055,0.055,55.96666666666666,57.62857142857143,0,0.0,0.0,0.0,0.0,0.0,1,0.5,8408.0,8464.3,8429.2,26.1,29.3,34.9,0.0,0.0,17.9,82.1,0.035,DUSTY,76,FAIR,low retained moisture may produce dust or loose soil,9,3
2026-10-09,Dawns Trail,Park City / PCMR,WG051,40.65039115727101,-111.52578815180028,7505.7,3,70.2,51.0,60.2,0.0,0.0,0.0,0.0,0.059,0.059,60.0,61.32857142857143,0,0.0,0.0,0.0,0.0,0.0,1,0.9,7415.0,7576.9,7505.7,21.9,20.3,35.0,0.0,46.5,31.0,22.5,0.035,DUSTY,76,FAIR,low retained moisture may produce dust or loose soil,9,3
2026-10-09,Eagle Trail,Park City / PCMR,WG051,40.65138382915936,-111.51929067308184,7664.9,3,70.2,51.0,60.2,0.0,0.0,0.0,0.0,0.059,0.059,60.0,61.32857142857143,0,0.0,0.0,0.0,0.0,0.0,1,0.5,7477.4,7838.4,7664.9,22.7,23.0,32.0,0.0,0.0,95.7,4.3,0.034,DUSTY,76,FAIR,low retained moisture may produce dust or loose soil,9,3
2026-10-09,Gold Finger,Park City / PCMR,WG053,40.65997467243904,-111.55431689925648,8081.9,3,68.0,48.8,57.5,0.0,0.0,0.0,0.0,0.055,0.055,57.1,58.58571428571429,0,0.0,0.0,0.0,0.0,0.0,1,1.1,7876.6,8290.6,8081.9,25.9,25.7,31.6,0.0,100.0,0.0,0.0,0.036,DUSTY,76,FAIR,low retained moisture may produce dust or loose soil,9,3
2026-10-09,Golden Needle,Park City / PCMR,WG008,40.59452078975266,-111.56725110409884,9811.4,3,60.3,43.4,51.0,0.0,0.0,0.0,0.0,0.043,0.043,50.53333333333333,51.58571428571429,0,0.0,0.0,0.0,0.0,0.0,2,0.8,9288.1,10347.8,9811.4,17.7,17.1,28.2,2.9,95.7,1.4,0.0,0.028,DUSTY,76,FAIR,low retained moisture may produce dust or loose soil,9,3
2026-10-09,Gotcha Cuttoff,Park City / PCMR,WG035,40.64587964864319,-111.5166123821088,7673.2,3,67.6,50.7,59.1,0.0,0.0,0.0,0.0,0.059,0.059,59.26666666666667,60.785714285714285,0,0.0,0.0,0.0,0.0,0.0,1,1.5,7178.9,8078.5,7673.2,20.8,21.4,35.8,0.8,0.0,3.1,96.2,0.037,DUSTY,76,FAIR,low retained moisture may produce dust or loose soil,9,3
2026-10-09,H.A.M.,Park City / PCMR,WG035,40.64547382276132,-111.53139851516626,7780.5,3,67.6,50.7,59.1,0.0,0.0,0.0,0.0,0.059,0.059,59.26666666666667,60.785714285714285,0,0.0,0.0,0.0,0.0,0.0,1,0.8,7699.4,7896.1,7780.5,25.5,24.6,37.0,1.4,15.9,36.2,46.4,0.036,DUSTY,76,FAIR,low retained moisture may produce dust or loose soil,9,3
2026-10-09,Holly's,Pinebrook,WG063,40.68604417524608,-111.57782170773478,7824.2,3,69.6,50.3,59.2,0.0,0.0,0.0,0.0,0.043,0.043,59.13333333333333,60.75714285714286,0,0.0,0.0,0.0,0.0,0.0,1,2.2,7520.7,8241.4,7824.2,27.2,28.3,42.4,12.1,1.6,67.0,19.2,0.026,DUSTY,76,FAIR,low retained moisture may produce dust or loose soil,9,1
2026-10-09,Insurgent,Jeremy Ranch / Glenwild,WG063,40.68610182305705,-111.58195303109213,7873.2,3,69.6,50.3,59.2,0.0,0.0,0.0,0.0,0.043,0.043,59.13333333333333,60.75714285714286,0,0.0,0.0,0.0,0.0,0.0,1,0.6,7618.3,8148.8,7873.2,21.7,22.6,32.5,0.0,0.0,74.0,26.0,0.025,DUSTY,76,FAIR,low retained moisture may produce dust or loose soil,9,7
2026-10-09,Iron Man,Park City / PCMR,WG053,40.6585520468376,-111.5452566956134,8305.8,3,68.0,48.8,57.5,0.0,0.0,0.0,0.0,0.055,0.055,57.1,58.58571428571429,0,0.0,0.0,0.0,0.0,0.0,1,2.9,7976.8,8555.0,8305.8,25.4,25.4,36.0,9.5,45.9,16.5,28.1,0.035,DUSTY,76,FAIR,low retained moisture may produce dust or loose soil,9,3
2026-10-09,Iron Mountain Trail,Park City / PCMR,WG054,40.65649532455427,-111.54475504732362,8753.8,3,66.0,46.8,55.5,0.0,0.0,0.0,0.0,0.055,0.055,55.1,56.58571428571429,0,0.0,0.0,0.0,0.0,0.0,1,0.5,8553.9,9013.4,8753.8,19.3,20.1,26.2,26.7,53.3,15.6,4.4,0.036,DUSTY,76,FAIR,low retained moisture may produce dust or loose soil,9,3
2026-10-09,Jenni's Trail,Park City / PCMR,WG034,40.64869166733497,-111.51220769740809,7207.7,3,69.0,52.0,60.4,0.0,0.0,0.0,0.0,0.059,0.059,60.7,62.15714285714286,0,0.0,0.0,0.0,0.0,0.0,1,1.4,6966.1,7501.1,7207.7,15.8,15.8,25.3,1.6,8.9,35.5,54.0,0.035,DUSTY,76,FAIR,low retained moisture may produce dust or loose soil,9,3
2026-10-09,Jenni's Trail upper,Park City / PCMR,WG035,40.63937813819639,-111.5112423147728,7789.7,3,67.6,50.7,59.1,0.0,0.0,0.0,0.0,0.059,0.059,59.26666666666667,60.785714285714285,0,0.0,0.0,0.0,0.0,0.0,1,3.1,7487.3,8174.7,7789.7,20.5,20.2,38.0,0.0,22.6,47.4,30.1,0.035,DUSTY,76,FAIR,low retained moisture may produce dust or loose soil,9,3
2026-10-09,Old Stage Crest Connect,Park City / PCMR,WG023,40.61247305094488,-111.5715274805363,9057.3,3,62.8,45.3,53.2,0.0,0.0,0.0,0.0,0.032,0.032,53.06666666666666,54.52857142857143,0,0.0,0.0,0.0,0.0,0.0,1,0.3,8989.0,9157.0,9057.3,21.7,19.4,31.0,10.7,75.0,14.3,0.0,0.023,DUSTY,76,FAIR,low retained moisture may produce dust or loose soil,9,3
2026-10-09,Payday,Park City / PCMR,WG035,40.64053545819342,-111.51124538504462,7598.1,3,67.6,50.7,59.1,0.0,0.0,0.0,0.0,0.059,0.059,59.26666666666667,60.785714285714285,0,0.0,0.0,0.0,0.0,0.0,1,1.7,7139.7,8117.7,7598.1,11.4,11.3,22.6,0.0,16.6,75.9,7.6,0.034,DUSTY,76,FAIR,low retained moisture may produce dust or loose soil,9,3
2026-10-09,Red Bull,Park City / PCMR,WG035,40.63958635838598,-111.51326842477698,7769.0,3,67.6,50.7,59.1,0.0,0.0,0.0,0.0,0.059,0.059,59.26666666666667,60.785714285714285,0,0.0,0.0,0.0,0.0,0.0,1,1.2,7139.7,8293.6,7769.0,19.0,20.4,29.9,0.0,0.0,48.6,51.4,0.035,DUSTY,76,FAIR,low retained moisture may produce dust or loose soil,9,3
2026-10-09,Richochet,Park City / PCMR,WG062,40.68638148266805,-111.57139393545772,7468.3,3,70.6,51.3,60.3,0.0,0.0,0.0,0.0,0.043,0.043,60.20000000000001,61.82857142857143,0,0.0,0.0,0.0,0.0,0.0,1,2.5,6918.4,8101.8,7468.3,22.5,22.8,36.7,0.0,1.4,60.1,38.5,0.025,DUSTY,76,FAIR,low retained moisture may produce dust or loose soil,9,3
2026-10-09,Rob's Trail,Pinebrook,WG063,40.69704664952428,-111.5702364046946,7584.0,3,69.6,50.3,59.2,0.0,0.0,0.0,0.0,0.043,0.043,59.13333333333333,60.75714285714286,0,0.0,0.0,0.0,0.0,0.0,1,2.1,7146.5,7923.4,7584.0,25.6,26.0,35.1,18.2,1.1,75.0,5.7,0.026,DUSTY,76,FAIR,low retained moisture may produce dust or loose soil,9,1
2026-10-09,Rock Chuck Trail,Park City / PCMR,WG008,40.58874474594925,-111.56839301918852,9680.6,3,60.3,43.4,51.0,0.0,0.0,0.0,0.0,0.043,0.043,50.53333333333333,51.58571428571429,0,0.0,0.0,0.0,0.0,0.0,2,1.0,9377.3,9855.0,9680.6,12.5,11.5,28.4,0.0,47.1,52.9,0.0,0.026,DUSTY,76,FAIR,low retained moisture may produce dust or loose soil,9,3
2026-10-09,Seldom Seen,Park City / PCMR,WG034,40.64892938917546,-111.51571616491609,7435.6,3,69.0,52.0,60.4,0.0,0.0,0.0,0.0,0.059,0.059,60.7,62.15714285714286,0,0.0,0.0,0.0,0.0,0.0,1,1.9,7104.9,7720.5,7435.6,20.5,19.1,37.4,0.6,9.2,19.0,71.2,0.035,DUSTY,76,FAIR,low retained moisture may produce dust or loose soil,9,3
2026-10-09,Spiro Trail,Park City / PCMR,WG035,40.64755384631944,-111.52407012433112,7617.4,3,67.6,50.7,59.1,0.0,0.0,0.0,0.0,0.059,0.059,59.26666666666667,60.785714285714285,0,0.0,0.0,0.0,0.0,0.0,1,3.1,6934.7,8185.7,7617.4,21.4,21.5,33.5,0.0,37.4,43.9,18.7,0.036,DUSTY,76,FAIR,low retained moisture may produce dust or loose soil,9,3
2026-10-09,24-7,Jeremy Ranch / Glenwild,WG086,40.7580938928905,-111.55747502780672,6689.5,3,73.6,51.4,62.0,0.0,0.0,0.0,0.0,0.016,0.016,61.20000000000001,61.31428571428571,0,0.0,0.0,0.0,0.0,0.0,1,5.1,6216.2,6897.6,6689.5,17.7,17.7,33.3,43.4,37.0,19.4,0.2,0.01,DUSTY,75,FAIR,low retained moisture may produce dust or loose soil,34,9
2026-10-09,9K Trail,Park City / PCMR,WG017,40.61454424262402,-111.5340694590712,9222.8,3,62.2,44.7,52.5,0.0,0.0,0.0,0.0,0.016,0.016,52.53333333333333,53.92857142857143,0,0.0,0.0,0.0,0.0,0.0,1,5.8,8959.5,9439.0,9222.8,20.4,21.0,37.9,18.4,9.7,46.2,25.8,0.011,DUSTY,75,FAIR,low retained moisture may produce dust or loose soil,34,23
2026-10-09,Amenti,Round Valley,WG067,40.71749758221375,-111.50096260266577,6526.6,3,74.2,49.9,60.5,0.0,0.0,0.0,0.0,0.028,0.028,59.93333333333333,59.971428571428575,0,0.0,0.0,0.0,0.0,0.0,1,0.6,6473.3,6585.7,6526.6,5.3,4.8,12.4,12.5,82.1,3.6,1.8,0.017,DUSTY,75,FAIR,low retained moisture may produce dust or loose soil,34,1
2026-10-09,Ant Farm,Jeremy Ranch / Glenwild,WG077,40.74632495230274,-111.55092174051572,6629.0,3,73.7,51.6,62.2,0.0,0.0,0.0,0.0,0.016,0.016,61.23333333333333,61.42857142857143,0,0.0,0.0,0.0,0.0,0.0,1,0.5,6534.5,6747.2,6629.0,11.9,12.8,18.9,0.0,6.8,93.2,0.0,0.009,DUSTY,75,FAIR,low retained moisture may produce dust or loose soil,34,9
2026-10-09,Apex,Park City / PCMR,WG038,40.62520958876211,-111.53395003281469,9146.4,3,62.5,45.0,52.8,0.0,0.0,0.0,0.0,0.032,0.032,52.73333333333333,54.18571428571429,0,0.0,0.0,0.0,0.0,0.0,1,2.2,8755.5,9591.9,9146.4,18.6,17.3,36.0,0.0,34.4,65.1,0.5,0.022,DUSTY,75,FAIR,low retained moisture may produce dust or loose soil,34,23
2026-10-09,Ashley Avenue,Round Valley,WG057,40.68155854272997,-111.50389122653404,6794.6,3,73.4,49.1,60.2,0.0,0.0,0.0,0.0,0.016,0.016,60.26666666666667,60.54285714285714,0,0.0,0.0,0.0,0.0,0.0,1,0.4,6774.5,6825.2,6794.6,11.9,14.5,19.8,21.2,0.0,0.0,78.8,0.01,DUSTY,75,FAIR,low retained moisture may produce dust or loose soil,34,1
2026-10-09,BLT,Jeremy Ranch / Glenwild,WG070,40.71492142685356,-111.56084442077211,6927.9,3,73.3,51.1,61.7,0.0,0.0,0.0,0.0,0.016,0.016,60.76666666666667,60.957142857142856,0,0.0,0.0,0.0,0.0,0.0,1,0.8,6827.5,6989.0,6927.9,17.6,17.3,29.1,23.5,8.8,0.0,67.6,0.01,DUSTY,75,FAIR,low retained moisture may produce dust or loose soil,34,9
2026-10-09,BYOB,Pinebrook,WG070,40.718283985000745,-111.55661288864135,6639.8,3,73.3,51.1,61.7,0.0,0.0,0.0,0.0,0.016,0.016,60.76666666666667,60.957142857142856,0,0.0,0.0,0.0,0.0,0.0,1,0.7,6545.0,6701.6,6639.8,15.6,15.9,25.8,5.0,0.0,16.7,78.3,0.009,DUSTY,75,FAIR,low retained moisture may produce dust or loose soil,34,4
2026-10-09,Backslide,Round Valley,WG057,40.686236769495366,-111.49111386346571,6972.4,3,73.4,49.1,60.2,0.0,0.0,0.0,0.0,0.016,0.016,60.26666666666667,60.54285714285714,0,0.0,0.0,0.0,0.0,0.0,1,1.0,6860.3,7059.5,6972.4,10.2,8.7,22.4,2.3,19.3,34.1,44.3,0.009,DUSTY,75,FAIR,low retained moisture may produce dust or loose soil,34,1
2026-10-09,Bad Apple,Jeremy Ranch / Glenwild,WG076,40.74937514368386,-111.56017979748744,6367.9,3,74.5,52.3,62.9,0.0,0.0,0.0,0.0,0.016,0.016,61.96666666666667,62.15714285714286,0,0.0,0.0,0.0,0.0,0.0,1,0.7,6279.5,6445.1,6367.9,14.4,13.4,26.1,15.3,32.2,44.1,8.5,0.009,DUSTY,75,FAIR,low retained moisture may produce dust or loose soil,34,9
2026-10-09,Bamm Bamm,Round Valley,WG067,40.71001316656963,-111.50256230173504,6667.3,3,74.2,49.9,60.5,0.0,0.0,0.0,0.0,0.028,0.028,59.93333333333333,59.971428571428575,0,0.0,0.0,0.0,0.0,0.0,1,0.4,6610.1,6731.1,6667.3,9.9,9.9,16.2,2.9,35.3,61.8,0.0,0.016,DUSTY,75,FAIR,low retained moisture may produce dust or loose soil,34,1
2026-10-09,Barrel Roll,Round Valley,WG058,40.69153134198254,-111.48458530535574,7017.0,3,72.8,48.5,59.6,0.0,0.0,0.0,0.0,0.016,0.016,59.900000000000006,60.04285714285714,0,0.0,0.0,0.0,0.0,0.0,1,0.4,6940.9,7091.2,7017.0,7.0,6.7,14.7,34.4,65.6,0.0,0.0,0.01,DUSTY,75,FAIR,low retained moisture may produce dust or loose soil,34,1
2026-10-09,Big Easy,Round Valley,WG057,40.696128326880846,-111.48285293654745,6776.5,3,73.4,49.1,60.2,0.0,0.0,0.0,0.0,0.016,0.016,60.26666666666667,60.54285714285714,0,0.0,0.0,0.0,0.0,0.0,1,4.8,6685.3,6939.8,6776.5,10.0,9.0,19.4,19.7,6.2,21.4,52.7,0.009,DUSTY,75,FAIR,low retained moisture may produce dust or loose soil,34,1
2026-10-09,Blackhawk Trail,Jeremy Ranch / Glenwild,WG075,40.73111252615939,-111.53542276920604,6536.5,3,73.6,51.5,62.1,0.0,0.0,0.0,0.0,0.016,0.016,61.29999999999999,61.41428571428571,0,0.0,0.0,0.0,0.0,0.0,1,2.5,6347.6,6739.8,6536.5,16.6,16.7,28.9,74.3,21.4,0.0,4.3,0.01,DUSTY,75,FAIR,low retained moisture may produce dust or loose soil,34,9
2026-10-09,Blazing Saddle,Park City / PCMR,WG020,40.61652898868821,-111.55635878361066,9384.9,3,61.9,44.4,52.3,0.0,0.0,0.0,0.0,0.016,0.016,52.26666666666667,53.67142857142857,0,0.0,0.0,0.0,0.0,0.0,1,0.7,9295.6,9481.6,9384.9,18.3,19.7,28.9,51.7,0.0,0.0,48.3,0.012,DUSTY,75,FAIR,low retained moisture may produce dust or loose soil,34,23
2026-10-09,Bonanza Flat Overlook,Deer Valley,WG017,40.60116766018752,-111.5344182482656,9112.3,3,62.2,44.7,52.5,0.0,0.0,0.0,0.0,0.016,0.016,52.53333333333333,53.92857142857143,0,0.0,0.0,0.0,0.0,0.0,1,0.1,9086.5,9126.7,9112.3,13.8,14.1,20.1,70.0,0.0,10.0,20.0,0.012,DUSTY,75,FAIR,low retained moisture may produce dust or loose soil,34,1
2026-10-09,Bourbon Street,Round Valley,WG067,40.70798253656,-111.48164466049944,6673.3,3,74.2,49.9,60.5,0.0,0.0,0.0,0.0,0.028,0.028,59.93333333333333,59.971428571428575,0,0.0,0.0,0.0,0.0,0.0,1,0.3,6651.3,6703.8,6673.3,8.6,8.9,15.2,0.0,18.2,31.8,50.0,0.016,DUSTY,75,FAIR,low retained moisture may produce dust or loose soil,34,1
2026-10-09,Bronto Jam,Round Valley,WG067,40.71004954775594,-111.501977414722,6672.8,3,74.2,49.9,60.5,0.0,0.0,0.0,0.0,0.028,0.028,59.93333333333333,59.971428571428575,0,0.0,0.0,0.0,0.0,0.0,1,0.5,6604.0,6731.1,6672.8,10.2,10.4,15.6,2.6,0.0,89.7,7.7,0.015,DUSTY,75,FAIR,low retained moisture may produce dust or loose soil,34,1
2026-10-09,Cammy's,Round Valley,WG057,40.69072662264133,-111.49673800313964,6953.5,3,73.4,49.1,60.2,0.0,0.0,0.0,0.0,0.016,0.016,60.26666666666667,60.54285714285714,0,0.0,0.0,0.0,0.0,0.0,1,0.2,6937.8,6961.6,6953.5,5.2,4.3,11.3,3.8,7.7,69.2,19.2,0.009,DUSTY,75,FAIR,low retained moisture may produce dust or loose soil,34,1
2026-10-09,Claim Jumper,Park City / PCMR,WG036,40.63958065995946,-111.52518162563226,8147.6,3,65.4,48.4,56.7,0.0,0.0,0.0,0.0,0.016,0.016,56.833333333333336,58.32857142857143,0,0.0,0.0,0.0,0.0,0.0,1,1.4,7689.3,8633.5,8147.6,17.2,19.1,28.0,2.3,66.9,21.1,9.8,0.01,DUSTY,75,FAIR,low retained moisture may produce dust or loose soil,34,23
2026-10-09,Colin's Trail,Jeremy Ranch / Glenwild,WG060,40.69629937433107,-111.55671582168428,7029.9,3,71.6,52.4,61.5,0.0,0.0,0.0,0.0,0.016,0.044,61.2,61.92857142857143,0,0.0,0.0,0.0,0.0,0.0,1,1.8,6641.1,7390.4,7029.9,21.7,22.5,34.0,3.3,0.0,53.9,42.8,0.013,DUSTY,75,FAIR,low retained moisture may produce dust or loose soil,34,9
2026-10-09,Comstock Mine Trail,Park City / PCMR,WG019,40.62270505527668,-111.54357954562096,8723.6,3,64.0,46.5,54.3,0.0,0.0,0.0,0.0,0.032,0.032,54.23333333333334,55.7,0,0.0,0.0,0.0,0.0,0.0,1,0.6,8545.6,8846.5,8723.6,13.4,13.2,25.9,0.0,0.0,13.5,86.5,0.022,DUSTY,75,FAIR,low retained moisture may produce dust or loose soil,34,23
2026-10-09,Crazy Eights,Jeremy Ranch / Glenwild,WG077,40.74908550583131,-111.55291850861556,6580.7,3,73.7,51.6,62.2,0.0,0.0,0.0,0.0,0.016,0.016,61.23333333333333,61.42857142857143,0,0.0,0.0,0.0,0.0,0.0,1,0.8,6460.7,6726.9,6580.7,11.1,11.4,14.2,7.6,72.7,19.7,0.0,0.009,DUSTY,75,FAIR,low retained moisture may produce dust or loose soil,34,9
2026-10-09,Crescent Ridge,Park City / PCMR,WG036,40.64328062856461,-111.5205999025961,8289.2,3,65.4,48.4,56.7,0.0,0.0,0.0,0.0,0.016,0.016,56.833333333333336,58.32857142857143,0,0.0,0.0,0.0,0.0,0.0,1,1.0,7832.5,8633.9,8289.2,11.1,10.8,16.6,1.1,23.2,75.8,0.0,0.01,DUSTY,75,FAIR,low retained moisture may produce dust or loose soil,34,23
2026-10-09,Daly Canyon,Deer Valley,WG011,40.620194319264456,-111.50922727258838,7986.4,3,66.9,50.0,58.2,0.0,0.0,0.0,0.0,0.016,0.016,58.36666666666667,59.85714285714285,0,0.0,0.0,0.0,0.0,0.0,1,0.4,7856.6,8124.1,7986.4,10.4,9.7,18.5,0.0,17.5,55.0,27.5,0.01,DUSTY,75,FAIR,low retained moisture may produce dust or loose soil,34,1
2026-10-09,Daly Grind,Deer Valley,WG011,40.62436395642222,-111.5065519695764,7745.3,3,66.9,50.0,58.2,0.0,0.0,0.0,0.0,0.016,0.016,58.36666666666667,59.85714285714285,0,0.0,0.0,0.0,0.0,0.0,1,0.3,7630.5,7856.6,7745.3,10.8,9.8,18.2,0.0,0.0,14.3,85.7,0.01,DUSTY,75,FAIR,low retained moisture may produce dust or loose soil,34,1
2026-10-09,Downward Dog,Round Valley,WG057,40.68865758594976,-111.48489883261024,6958.5,3,73.4,49.1,60.2,0.0,0.0,0.0,0.0,0.016,0.016,60.26666666666667,60.54285714285714,0,0.0,0.0,0.0,0.0,0.0,1,1.6,6818.7,7089.6,6958.5,8.2,7.9,14.2,35.1,59.5,5.3,0.0,0.01,DUSTY,75,FAIR,low retained moisture may produce dust or loose soil,34,1
2026-10-09,Dropout,Jeremy Ranch / Glenwild,WG077,40.74673233142679,-111.55449028155309,6576.0,3,73.7,51.6,62.2,0.0,0.0,0.0,0.0,0.016,0.016,61.23333333333333,61.42857142857143,0,0.0,0.0,0.0,0.0,0.0,1,0.9,6420.7,6743.0,6576.0,8.2,7.7,12.5,0.0,16.5,83.5,0.0,0.009,DUSTY,75,FAIR,low retained moisture may produce dust or loose soil,34,9
2026-10-09,Eagle Cove,Round Valley,WG057,40.68665016051084,-111.49786169389527,6799.6,3,73.4,49.1,60.2,0.0,0.0,0.0,0.0,0.016,0.016,60.26666666666667,60.54285714285714,0,0.0,0.0,0.0,0.0,0.0,1,0.1,6777.6,6823.9,6799.6,10.3,9.1,16.6,33.3,66.7,0.0,0.0,0.01,DUSTY,75,FAIR,low retained moisture may produce dust or loose soil,34,1
2026-10-09,Ecker Hill Trail,Pinebrook,WG076,40.740364526144575,-111.5667817840803,6401.3,3,74.5,52.3,62.9,0.0,0.0,0.0,0.0,0.016,0.016,61.96666666666667,62.15714285714286,0,0.0,0.0,0.0,0.0,0.0,1,0.5,6356.3,6420.5,6401.3,8.7,8.9,14.0,0.0,0.0,22.2,77.8,0.009,DUSTY,75,FAIR,low retained moisture may produce dust or loose soil,34,4
2026-10-09,Empire Lodge,Deer Valley,WG015,40.61442062316093,-111.51298418240138,8439.2,3,65.5,48.5,56.8,0.0,0.0,0.0,0.0,0.016,0.016,56.93333333333334,58.42857142857143,0,0.0,0.0,0.0,0.0,0.0,1,0.4,8326.0,8614.8,8439.2,13.0,12.8,26.8,28.2,0.0,5.1,66.7,0.011,DUSTY,75,FAIR,low retained moisture may produce dust or loose soil,34,1
2026-10-09,Equestrian,Round Valley,WG067,40.70215181343843,-111.50219785223597,6719.1,3,74.2,49.9,60.5,0.0,0.0,0.0,0.0,0.028,0.028,59.93333333333333,59.971428571428575,0,0.0,0.0,0.0,0.0,0.0,1,0.7,6462.5,6858.9,6719.1,7.8,7.4,19.2,8.1,79.0,0.0,12.9,0.017,DUSTY,75,FAIR,low retained moisture may produce dust or loose soil,34,1
2026-10-09,Field Stone,Round Valley,WG067,40.71706243943152,-111.49059329339536,6526.3,3,74.2,49.9,60.5,0.0,0.0,0.0,0.0,0.028,0.028,59.93333333333333,59.971428571428575,0,0.0,0.0,0.0,0.0,0.0,1,0.4,6512.5,6549.9,6526.3,5.5,5.6,8.4,9.1,72.7,3.0,15.2,0.017,DUSTY,75,FAIR,low retained moisture may produce dust or loose soil,34,1
2026-10-09,Fink Again,Jeremy Ranch / Glenwild,WG086,40.75125285000831,-111.55541181172696,6586.2,3,73.6,51.4,62.0,0.0,0.0,0.0,0.0,0.016,0.016,61.20000000000001,61.31428571428571,0,0.0,0.0,0.0,0.0,0.0,1,0.9,6445.1,6727.8,6586.2,11.7,11.8,14.8,66.2,33.8,0.0,0.0,0.01,DUSTY,75,FAIR,low retained moisture may produce dust or loose soil,34,9
2026-10-09,Flat Iron,Park City / PCMR,WG036,40.62696082564811,-111.51719430456902,8393.5,3,65.4,48.4,56.7,0.0,0.0,0.0,0.0,0.016,0.016,56.833333333333336,58.32857142857143,0,0.0,0.0,0.0,0.0,0.0,1,0.6,8260.7,8492.0,8393.5,15.3,14.7,28.6,19.2,0.0,15.4,65.4,0.01,DUSTY,75,FAIR,low retained moisture may produce dust or loose soil,34,23
2026-10-09,Glenwild Loop,Jeremy Ranch / Glenwild,WG075,40.73989427988239,-111.52813430357229,6701.6,3,73.6,51.5,62.1,0.0,0.0,0.0,0.0,0.016,0.016,61.29999999999999,61.41428571428571,0,0.0,0.0,0.0,0.0,0.0,1,5.9,6431.8,7136.4,6701.6,11.6,10.8,29.7,35.1,19.3,6.4,39.1,0.01,DUSTY,75,FAIR,low retained moisture may produce dust or loose soil,34,9
2026-10-09,Happy Gilmor,Round Valley,WG067,40.70712360033319,-111.5014684546231,6569.0,3,74.2,49.9,60.5,0.0,0.0,0.0,0.0,0.028,0.028,59.93333333333333,59.971428571428575,0,0.0,0.0,0.0,0.0,0.0,1,2.0,6488.3,6651.3,6569.0,9.1,8.8,21.8,27.0,27.6,39.5,5.9,0.016,DUSTY,75,FAIR,low retained moisture may produce dust or loose soil,34,1
2026-10-09,Happy Trailside,Round Valley,WG067,40.708413441306845,-111.50471867526606,6595.6,3,74.2,49.9,60.5,0.0,0.0,0.0,0.0,0.028,0.028,59.93333333333333,59.971428571428575,0,0.0,0.0,0.0,0.0,0.0,1,0.1,6570.7,6621.7,6595.6,11.4,12.6,15.0,80.0,0.0,0.0,20.0,0.018,DUSTY,75,FAIR,low retained moisture may produce dust or loose soil,34,1
2026-10-09,High Meadows Connector,Pinebrook,WG076,40.74134938710701,-111.56847869190176,6429.9,3,74.5,52.3,62.9,0.0,0.0,0.0,0.0,0.016,0.016,61.96666666666667,62.15714285714286,0,0.0,0.0,0.0,0.0,0.0,1,0.2,6418.7,6445.0,6429.9,8.6,9.1,12.6,0.0,0.0,14.3,85.7,0.009,DUSTY,75,FAIR,low retained moisture may produce dust or loose soil,34,4
2026-10-09,Io Trail (Middle),Deer Valley,WG017,40.61025792344493,-111.52770861008732,9342.5,3,62.2,44.7,52.5,0.0,0.0,0.0,0.0,0.016,0.016,52.53333333333333,53.92857142857143,0,0.0,0.0,0.0,0.0,0.0,1,0.3,9253.3,9432.7,9342.5,18.6,22.1,28.2,92.3,0.0,0.0,7.7,0.013,DUSTY,75,FAIR,low retained moisture may produce dust or loose soil,34,1
2026-10-09,Iron Bill,Jeremy Ranch / Glenwild,WG071,40.70817834974828,-111.55726593666238,7034.2,3,71.1,51.8,61.0,0.0,0.0,0.0,0.0,0.016,0.044,60.63333333333333,61.371428571428574,0,0.0,0.0,0.0,0.0,0.0,1,2.0,6718.2,7267.2,7034.2,19.0,19.1,32.3,16.6,0.0,29.0,54.4,0.014,DUSTY,75,FAIR,low retained moisture may produce dust or loose soil,34,9
2026-10-09,Johns '99,Park City / PCMR,WG033,40.62911828578874,-111.50998374795329,8128.2,3,66.1,49.2,57.5,0.0,0.0,0.0,0.0,0.016,0.016,57.63333333333333,59.12857142857143,0,0.0,0.0,0.0,0.0,0.0,1,1.1,8080.5,8193.1,8128.2,19.7,20.3,35.7,43.8,0.0,38.5,17.7,0.01,DUSTY,75,FAIR,low retained moisture may produce dust or loose soil,34,23
2026-10-09,Johns 99,Deer Valley,WG015,40.62450457371346,-111.51231498110546,8231.6,3,65.5,48.5,56.8,0.0,0.0,0.0,0.0,0.016,0.016,56.93333333333334,58.42857142857143,0,0.0,0.0,0.0,0.0,0.0,1,0.6,8182.7,8279.9,8231.6,22.2,21.3,31.9,26.9,0.0,36.5,36.5,0.01,DUSTY,75,FAIR,low retained moisture may produce dust or loose soil,34,1
2026-10-09,Johns Trail,Park City / PCMR,WG033,40.63760825426597,-111.50539626371148,8041.4,3,66.1,49.2,57.5,0.0,0.0,0.0,0.0,0.016,0.016,57.63333333333333,59.12857142857143,0,0.0,0.0,0.0,0.0,0.0,1,1.8,7711.1,8249.6,8041.4,13.1,13.9,25.5,8.2,3.8,53.5,34.6,0.01,DUSTY,75,FAIR,low retained moisture may produce dust or loose soil,34,23
2026-10-09,Keystone Trail,Park City / PCMR,WG037,40.62506440637064,-111.53055382777043,8890.7,3,64.2,47.3,55.6,0.0,0.0,0.0,0.0,0.016,0.016,55.73333333333333,57.22857142857144,0,0.0,0.0,0.0,0.0,0.0,1,2.6,8572.7,9030.6,8890.7,17.5,17.7,34.7,19.5,26.7,25.8,28.1,0.01,DUSTY,75,FAIR,low retained moisture may produce dust or loose soil,34,23
2026-10-09,La Dee Duh,Round Valley,WG057,40.69261799590889,-111.5001632592338,6864.5,3,73.4,49.1,60.2,0.0,0.0,0.0,0.0,0.016,0.016,60.26666666666667,60.54285714285714,0,0.0,0.0,0.0,0.0,0.0,1,0.9,6814.7,6919.2,6864.5,11.9,12.5,21.3,2.4,80.5,17.1,0.0,0.009,DUSTY,75,FAIR,low retained moisture may produce dust or loose soil,34,1
2026-10-09,Legacy Loop,Jeremy Ranch / Glenwild,WG071,40.705995804360256,-111.55961886682412,7342.6,3,71.1,51.8,61.0,0.0,0.0,0.0,0.0,0.016,0.044,60.63333333333333,61.371428571428574,0,0.0,0.0,0.0,0.0,0.0,1,0.7,7260.5,7397.4,7342.6,17.1,16.5,26.3,25.0,30.0,1.7,43.3,0.015,DUSTY,75,FAIR,low retained moisture may produce dust or loose soil,34,9
2026-10-09,Legacy Ridge,Jeremy Ranch / Glenwild,WG071,40.70648419743829,-111.5603960205038,7414.3,3,71.1,51.8,61.0,0.0,0.0,0.0,0.0,0.016,0.044,60.63333333333333,61.371428571428574,0,0.0,0.0,0.0,0.0,0.0,1,0.5,7364.1,7451.5,7414.3,10.3,9.7,21.0,2.4,43.9,12.2,41.5,0.014,DUSTY,75,FAIR,low retained moisture may produce dust or loose soil,34,9
2026-10-09,Legacy. Loop,Jeremy Ranch / Glenwild,WG071,40.70737188748682,-111.5599210439625,7363.1,3,71.1,51.8,61.0,0.0,0.0,0.0,0.0,0.016,0.044,60.63333333333333,61.371428571428574,0,0.0,0.0,0.0,0.0,0.0,1,0.4,7345.2,7385.4,7363.1,15.4,15.0,20.8,0.0,29.4,38.2,32.4,0.014,DUSTY,75,FAIR,low retained moisture may produce dust or loose soil,34,9
2026-10-09,Link,Deer Valley,WG015,40.624117394272574,-111.51614328186776,8385.3,3,65.5,48.5,56.8,0.0,0.0,0.0,0.0,0.016,0.016,56.93333333333334,58.42857142857143,0,0.0,0.0,0.0,0.0,0.0,1,0.7,8257.2,8456.8,8385.3,21.9,23.1,32.9,1.6,0.0,67.7,30.6,0.01,DUSTY,75,FAIR,low retained moisture may produce dust or loose soil,34,1
2026-10-09,Little Chief,Deer Valley,WG015,40.61872839208637,-111.51243052868438,8322.6,3,65.5,48.5,56.8,0.0,0.0,0.0,0.0,0.016,0.016,56.93333333333334,58.42857142857143,0,0.0,0.0,0.0,0.0,0.0,1,0.7,8247.5,8462.5,8322.6,21.5,20.5,33.1,0.0,0.0,3.1,96.9,0.01,DUSTY,75,FAIR,low retained moisture may produce dust or loose soil,34,1
2026-10-09,Matt's Flat,Round Valley,WG057,40.68924275786925,-111.49221205396208,6921.6,3,73.4,49.1,60.2,0.0,0.0,0.0,0.0,0.016,0.016,60.26666666666667,60.54285714285714,0,0.0,0.0,0.0,0.0,0.0,1,1.0,6842.3,6958.4,6921.6,6.5,5.2,15.4,21.8,57.4,8.9,11.9,0.01,DUSTY,75,FAIR,low retained moisture may produce dust or loose soil,34,1
2026-10-09,Mid-Mountain Connect,Park City / PCMR,WG036,40.63223012461414,-111.51309555497544,8201.7,3,65.4,48.4,56.7,0.0,0.0,0.0,0.0,0.016,0.016,56.833333333333336,58.32857142857143,0,0.0,0.0,0.0,0.0,0.0,1,0.1,8162.9,8233.9,8201.7,12.6,11.6,20.5,18.2,0.0,18.2,63.6,0.01,DUSTY,75,FAIR,low retained moisture may produce dust or loose soil,34,23
2026-10-09,Mid-Mountain Trail,Park City / PCMR,WG036,40.64534582424172,-111.53118141177607,8168.3,3,65.4,48.4,56.7,0.0,0.0,0.0,0.0,0.016,0.016,56.833333333333336,58.32857142857143,0,0.0,0.0,0.0,0.0,0.0,1,18.5,7828.1,8515.6,8168.3,22.2,22.8,43.0,9.3,15.6,32.0,43.0,0.01,DUSTY,75,FAIR,low retained moisture may produce dust or loose soil,34,23
2026-10-09,Miner's Mile,Park City / PCMR,WG036,40.62728968091632,-111.51804021102016,8457.0,3,65.4,48.4,56.7,0.0,0.0,0.0,0.0,0.016,0.016,56.833333333333336,58.32857142857143,0,0.0,0.0,0.0,0.0,0.0,1,0.4,8340.5,8549.3,8457.0,7.8,7.9,11.2,0.0,0.0,21.6,78.4,0.01,DUSTY,75,FAIR,low retained moisture may produce dust or loose soil,34,23
2026-10-09,Mojave,Park City / PCMR,WG037,40.634971780917176,-111.5211432294971,8540.4,3,64.2,47.3,55.6,0.0,0.0,0.0,0.0,0.016,0.016,55.73333333333333,57.22857142857144,0,0.0,0.0,0.0,0.0,0.0,1,0.9,8364.7,8732.7,8540.4,18.7,19.2,30.2,0.0,86.7,13.3,0.0,0.01,DUSTY,75,FAIR,low retained moisture may produce dust or loose soil,34,23
2026-10-09,Moose Puddle,Pinebrook,WG071,40.70548588260783,-111.56718578772085,7487.6,3,71.1,51.8,61.0,0.0,0.0,0.0,0.0,0.016,0.044,60.63333333333333,61.371428571428574,0,0.0,0.0,0.0,0.0,0.0,1,3.4,6993.8,8052.9,7487.6,23.4,24.1,33.7,6.4,0.0,55.0,38.6,0.014,DUSTY,75,FAIR,low retained moisture may produce dust or loose soil,34,4
2026-10-09,Mountain Ranch,Jeremy Ranch / Glenwild,WG066,40.719482563829935,-111.5082007499112,6453.3,3,74.2,51.7,62.4,0.0,0.0,0.0,0.0,0.028,0.028,61.2,60.85714285714285,0,0.0,0.0,0.0,0.0,0.0,1,0.2,6438.4,6472.3,6453.3,4.0,3.4,7.0,0.0,29.4,70.6,0.0,0.015,DUSTY,75,FAIR,low retained moisture may produce dust or loose soil,34,9
2026-10-09,Mountain Ranch Estates,Round Valley,WG067,40.7173985998433,-111.50812726137713,6520.0,3,74.2,49.9,60.5,0.0,0.0,0.0,0.0,0.028,0.028,59.93333333333333,59.971428571428575,0,0.0,0.0,0.0,0.0,0.0,1,1.4,6426.1,6632.7,6520.0,5.2,4.4,19.0,6.8,30.8,50.4,12.0,0.016,DUSTY,75,FAIR,low retained moisture may produce dust or loose soil,34,1
2026-10-09,Mountain Willow,Round Valley,WG067,40.71402930681007,-111.48565937361776,6571.7,3,74.2,49.9,60.5,0.0,0.0,0.0,0.0,0.028,0.028,59.93333333333333,59.971428571428575,0,0.0,0.0,0.0,0.0,0.0,1,0.4,6544.8,6592.9,6571.7,5.3,3.4,18.2,3.3,46.7,50.0,0.0,0.016,DUSTY,75,FAIR,low retained moisture may produce dust or loose soil,34,1
2026-10-09,Mr Muchrocks,Round Valley,WG067,40.70904482572548,-111.50323360919846,6653.2,3,74.2,49.9,60.5,0.0,0.0,0.0,0.0,0.028,0.028,59.93333333333333,59.971428571428575,0,0.0,0.0,0.0,0.0,0.0,1,0.5,6604.6,6731.1,6653.2,11.8,11.9,20.3,52.7,43.6,0.0,3.6,0.017,DUSTY,75,FAIR,low retained moisture may produce dust or loose soil,34,1
2026-10-09,Nick NAC,Round Valley,WG057,40.69210865876878,-111.490120990647,6959.3,3,73.4,49.1,60.2,0.0,0.0,0.0,0.0,0.016,0.016,60.26666666666667,60.54285714285714,0,0.0,0.0,0.0,0.0,0.0,1,0.1,6953.7,6971.6,6959.3,5.2,3.8,10.1,0.0,100.0,0.0,0.0,0.009,DUSTY,75,FAIR,low retained moisture may produce dust or loose soil,34,1
2026-10-09,Nowhere Elks,Round Valley,WG058,40.69018989582584,-111.48311322310164,7036.6,3,72.8,48.5,59.6,0.0,0.0,0.0,0.0,0.016,0.016,59.900000000000006,60.04285714285714,0,0.0,0.0,0.0,0.0,0.0,1,1.3,6851.7,7128.6,7036.6,9.1,9.2,16.7,35.3,51.3,8.4,5.0,0.01,DUSTY,75,FAIR,low retained moisture may produce dust or loose soil,34,1
2026-10-09,OMH,Pinebrook,WG070,40.71997692753587,-111.55773747935044,6677.5,3,73.3,51.1,61.7,0.0,0.0,0.0,0.0,0.016,0.016,60.76666666666667,60.957142857142856,0,0.0,0.0,0.0,0.0,0.0,1,0.9,6531.5,6827.5,6677.5,14.7,15.1,23.3,8.2,0.0,30.1,61.6,0.009,DUSTY,75,FAIR,low retained moisture may produce dust or loose soil,34,4
2026-10-09,Olympic,Pinebrook,WG064,40.69996684096533,-111.57868853500152,8004.0,3,68.6,49.3,58.6,0.0,0.0,0.0,0.0,0.016,0.032,58.46666666666667,59.67142857142858,0,0.0,0.0,0.0,0.0,0.0,1,1.2,7911.4,8056.5,8004.0,21.3,23.7,31.0,5.1,23.5,63.3,8.2,0.012,DUSTY,75,FAIR,low retained moisture may produce dust or loose soil,34,4
2026-10-09,Ore Cart,Deer Valley,WG015,40.621755910380834,-111.51139929264724,8146.4,3,65.5,48.5,56.8,0.0,0.0,0.0,0.0,0.016,0.016,56.93333333333334,58.42857142857143,0,0.0,0.0,0.0,0.0,0.0,1,0.3,8064.8,8251.4,8146.4,22.7,23.7,28.3,25.0,0.0,0.0,75.0,0.011,DUSTY,75,FAIR,low retained moisture may produce dust or loose soil,34,1
2026-10-09,Perrier Pass,Park City / PCMR,WG017,40.61814002894983,-111.53826776190397,9445.9,3,62.2,44.7,52.5,0.0,0.0,0.0,0.0,0.016,0.016,52.53333333333333,53.92857142857143,0,0.0,0.0,0.0,0.0,0.0,1,0.1,9397.1,9469.1,9445.9,21.9,24.1,25.7,0.0,0.0,90.9,9.1,0.01,DUSTY,75,FAIR,low retained moisture may produce dust or loose soil,34,23
2026-10-09,Pinebrook Southeast Perimeter / Pinebrook SE Perimeter,Pinebrook,WG079,40.72863077219642,-111.58102679054537,7392.0,3,70.9,51.6,60.8,0.0,0.0,0.0,0.0,0.016,0.044,60.5,61.18571428571428,0,0.0,0.0,0.0,0.0,0.0,1,1.7,7120.0,7559.3,7392.0,19.9,21.5,33.8,20.3,36.2,6.5,37.0,0.014,DUSTY,75,FAIR,low retained moisture may produce dust or loose soil,34,4
2026-10-09,Pinecone Ridge,Park City / PCMR,WG039,40.63337906740186,-111.54644099265712,9084.9,3,62.7,45.2,53.1,0.0,0.0,0.0,0.0,0.032,0.032,52.96666666666667,54.42857142857143,0,0.0,0.0,0.0,0.0,0.0,1,3.9,8421.5,9841.4,9084.9,22.7,23.0,32.2,6.2,20.0,35.6,38.1,0.022,DUSTY,75,FAIR,low retained moisture may produce dust or loose soil,34,23
2026-10-09,PorcUclimb,Round Valley,WG058,40.69402326414524,-111.48517031749344,7064.7,3,72.8,48.5,59.6,0.0,0.0,0.0,0.0,0.016,0.016,59.900000000000006,60.04285714285714,0,0.0,0.0,0.0,0.0,0.0,1,0.8,7000.3,7127.6,7064.7,6.1,5.6,12.3,21.7,75.4,2.9,0.0,0.01,DUSTY,75,FAIR,low retained moisture may produce dust or loose soil,34,1
2026-10-09,Powerline Trail,Park City / PCMR,WG036,40.63015217582808,-111.53743024085954,8362.6,3,65.4,48.4,56.7,0.0,0.0,0.0,0.0,0.016,0.016,56.833333333333336,58.32857142857143,0,0.0,0.0,0.0,0.0,0.0,1,0.6,8185.7,8545.6,8362.6,13.0,13.1,19.1,0.0,3.6,7.3,89.1,0.01,DUSTY,75,FAIR,low retained moisture may produce dust or loose soil,34,23
2026-10-09,Pulp Friction,Round Valley,WG057,40.69884233324062,-111.50344523686547,6681.3,3,73.4,49.1,60.2,0.0,0.0,0.0,0.0,0.016,0.016,60.26666666666667,60.54285714285714,0,0.0,0.0,0.0,0.0,0.0,1,1.4,6472.9,6878.8,6681.3,15.2,16.9,28.3,11.4,76.3,11.4,0.9,0.009,DUSTY,75,FAIR,low retained moisture may produce dust or loose soil,34,1
2026-10-09,RTS,Jeremy Ranch / Glenwild,WG070,40.71664642216084,-111.55523569599896,6598.1,3,73.3,51.1,61.7,0.0,0.0,0.0,0.0,0.016,0.016,60.76666666666667,60.957142857142856,0,0.0,0.0,0.0,0.0,0.0,1,2.6,6478.1,6718.6,6598.1,7.8,7.2,18.3,2.1,0.0,22.3,75.5,0.009,DUSTY,75,FAIR,low retained moisture may produce dust or loose soil,34,9
2026-10-09,RTS / BLT,Jeremy Ranch / Glenwild,WG070,40.71544842193981,-111.5580228733734,6768.3,3,73.3,51.1,61.7,0.0,0.0,0.0,0.0,0.016,0.016,60.76666666666667,60.957142857142856,0,0.0,0.0,0.0,0.0,0.0,1,0.4,6711.6,6827.5,6768.3,17.1,17.3,28.4,10.0,0.0,6.7,83.3,0.01,DUSTY,75,FAIR,low retained moisture may produce dust or loose soil,34,9
2026-10-09,Rademan Ridge,Round Valley,WG057,40.69522706920315,-111.49835765815162,6895.6,3,73.4,49.1,60.2,0.0,0.0,0.0,0.0,0.016,0.016,60.26666666666667,60.54285714285714,0,0.0,0.0,0.0,0.0,0.0,1,1.3,6783.4,6991.2,6895.6,6.0,4.0,15.0,38.5,27.0,26.2,8.2,0.01,DUSTY,75,FAIR,low retained moisture may produce dust or loose soil,34,1
2026-10-09,Ramble On,Round Valley,WG067,40.70159467934347,-111.48028465593316,6781.5,3,74.2,49.9,60.5,0.0,0.0,0.0,0.0,0.028,0.028,59.93333333333333,59.971428571428575,0,0.0,0.0,0.0,0.0,0.0,1,2.8,6720.6,6841.6,6781.5,11.0,10.2,23.4,0.0,6.4,48.9,44.7,0.016,DUSTY,75,FAIR,low retained moisture may produce dust or loose soil,34,1
2026-10-09,Rambler,Round Valley,WG057,40.69772226627651,-111.49065578495473,6809.2,3,73.4,49.1,60.2,0.0,0.0,0.0,0.0,0.016,0.016,60.26666666666667,60.54285714285714,0,0.0,0.0,0.0,0.0,0.0,1,5.4,6468.6,7063.9,6809.2,10.5,9.3,23.6,8.4,41.3,24.2,26.1,0.009,DUSTY,75,FAIR,low retained moisture may produce dust or loose soil,34,1
2026-10-09,Rambler DT,Round Valley,WG056,40.699080350519786,-111.50674680507665,6485.7,3,74.1,51.7,62.3,0.0,0.0,0.0,0.0,0.028,0.028,61.16666666666666,60.8,0,0.0,0.0,0.0,0.0,0.0,1,0.2,6470.0,6508.3,6485.7,12.3,12.3,16.9,0.0,100.0,0.0,0.0,0.017,DUSTY,75,FAIR,low retained moisture may produce dust or loose soil,34,1
2026-10-09,Regulator Trail,Deer Valley,WG033,40.62910164594688,-111.48142418804063,8033.8,3,66.1,49.2,57.5,0.0,0.0,0.0,0.0,0.016,0.016,57.63333333333333,59.12857142857143,0,0.0,0.0,0.0,0.0,0.0,1,1.4,7733.1,8330.3,8033.8,22.2,21.4,35.8,0.0,25.0,66.7,8.3,0.01,DUSTY,75,FAIR,low retained moisture may produce dust or loose soil,34,1
2026-10-09,Rogue Rider Trail,Park City / PCMR,WG020,40.60699361060532,-111.56187339427328,9423.9,3,61.9,44.4,52.3,0.0,0.0,0.0,0.0,0.016,0.016,52.26666666666667,53.67142857142857,0,0.0,0.0,0.0,0.0,0.0,1,2.2,9049.7,9871.9,9423.9,16.5,15.5,29.0,0.5,27.8,71.7,0.0,0.011,DUSTY,75,FAIR,low retained moisture may produce dust or loose soil,34,23
2026-10-09,Rosebud,Park City / PCMR,WG036,40.63966083548988,-111.52257618003053,8390.4,3,65.4,48.4,56.7,0.0,0.0,0.0,0.0,0.016,0.016,56.833333333333336,58.32857142857143,0,0.0,0.0,0.0,0.0,0.0,1,0.4,8315.5,8439.7,8390.4,17.4,16.4,24.9,0.0,75.7,24.3,0.0,0.01,DUSTY,75,FAIR,low retained moisture may produce dust or loose soil,34,23
2026-10-09,Rosebud's Heaven,Park City / PCMR,WG060,40.69195554103422,-111.5659528759652,7326.9,3,71.6,52.4,61.5,0.0,0.0,0.0,0.0,0.016,0.044,61.2,61.92857142857143,0,0.0,0.0,0.0,0.0,0.0,1,2.1,7148.5,7503.1,7326.9,26.9,26.5,39.8,55.5,2.3,4.6,37.6,0.015,DUSTY,75,FAIR,low retained moisture may produce dust or loose soil,34,23
2026-10-09,Round Valley Connect,Round Valley,WG067,40.70875221615484,-111.50427592382064,6606.7,3,74.2,49.9,60.5,0.0,0.0,0.0,0.0,0.028,0.028,59.93333333333333,59.971428571428575,0,0.0,0.0,0.0,0.0,0.0,1,0.1,6573.7,6646.8,6606.7,9.1,9.4,12.2,81.2,6.2,0.0,12.5,0.018,DUSTY,75,FAIR,low retained moisture may produce dust or loose soil,34,1
2026-10-09,Round Valley Connector,Round Valley,WG067,40.709506874143365,-111.48774034228174,6611.3,3,74.2,49.9,60.5,0.0,0.0,0.0,0.0,0.028,0.028,59.93333333333333,59.971428571428575,0,0.0,0.0,0.0,0.0,0.0,1,1.9,6533.0,6760.4,6611.3,4.1,2.8,11.2,1.7,59.1,38.1,1.1,0.016,DUSTY,75,FAIR,low retained moisture may produce dust or loose soil,34,1
2026-10-09,Round Valley Express,Round Valley,WG057,40.69308554123404,-111.4897696424948,6812.1,3,73.4,49.1,60.2,0.0,0.0,0.0,0.0,0.016,0.016,60.26666666666667,60.54285714285714,0,0.0,0.0,0.0,0.0,0.0,1,3.7,6624.2,6963.0,6812.1,5.9,5.2,20.9,29.7,16.3,32.9,21.1,0.009,DUSTY,75,FAIR,low retained moisture may produce dust or loose soil,34,1
2026-10-09,Rusty Shovel,Round Valley,WG057,40.69776625143012,-111.4804885556652,6868.8,3,73.4,49.1,60.2,0.0,0.0,0.0,0.0,0.016,0.016,60.26666666666667,60.54285714285714,0,0.0,0.0,0.0,0.0,0.0,1,1.7,6727.2,7062.5,6868.8,10.0,9.9,18.9,8.9,0.0,54.8,36.3,0.009,DUSTY,75,FAIR,low retained moisture may produce dust or loose soil,34,1
2026-10-09,Saved By The Bell,Round Valley,WG067,40.71689792497153,-111.49958806368429,6568.5,3,74.2,49.9,60.5,0.0,0.0,0.0,0.0,0.028,0.028,59.93333333333333,59.971428571428575,0,0.0,0.0,0.0,0.0,0.0,1,1.3,6511.5,6665.6,6568.5,9.7,10.4,18.0,15.0,85.0,0.0,0.0,0.017,DUSTY,75,FAIR,low retained moisture may produce dust or loose soil,34,1
2026-10-09,Secret of My Success Trail,Deer Valley,WG033,40.62597453280468,-111.48566192002252,8293.6,3,66.1,49.2,57.5,0.0,0.0,0.0,0.0,0.016,0.016,57.63333333333333,59.12857142857143,0,0.0,0.0,0.0,0.0,0.0,1,0.4,8228.9,8353.6,8293.6,19.1,20.0,25.2,0.0,59.5,40.5,0.0,0.01,DUSTY,75,FAIR,low retained moisture may produce dust or loose soil,34,1
2026-10-09,Seventy 101,Round Valley,WG057,40.68968411592925,-111.49103639156762,6974.3,3,73.4,49.1,60.2,0.0,0.0,0.0,0.0,0.016,0.016,60.26666666666667,60.54285714285714,0,0.0,0.0,0.0,0.0,0.0,1,0.4,6955.8,7036.1,6974.3,3.6,2.9,8.3,23.1,17.9,46.2,12.8,0.009,DUSTY,75,FAIR,low retained moisture may produce dust or loose soil,34,1
2026-10-09,Shadow Lake,Park City / PCMR,WG020,40.61596037279941,-111.55009628848111,9179.4,3,61.9,44.4,52.3,0.0,0.0,0.0,0.0,0.016,0.016,52.26666666666667,53.67142857142857,0,0.0,0.0,0.0,0.0,0.0,1,0.8,9037.5,9310.6,9179.4,15.7,14.4,34.6,8.3,15.3,41.7,34.7,0.011,DUSTY,75,FAIR,low retained moisture may produce dust or loose soil,34,23
2026-10-09,Short Cut,Jeremy Ranch / Glenwild,WG064,40.68025862222409,-111.57883598783349,8081.5,3,68.6,49.3,58.6,0.0,0.0,0.0,0.0,0.016,0.032,58.46666666666667,59.67142857142858,0,0.0,0.0,0.0,0.0,0.0,1,0.9,7945.4,8245.4,8081.5,19.6,23.0,31.3,28.9,0.0,47.4,23.7,0.013,DUSTY,75,FAIR,low retained moisture may produce dust or loose soil,34,9
2026-10-09,Short Fuse,Park City / PCMR,WG036,40.6346970517688,-111.52339576593836,8439.4,3,65.4,48.4,56.7,0.0,0.0,0.0,0.0,0.016,0.016,56.833333333333336,58.32857142857143,0,0.0,0.0,0.0,0.0,0.0,1,0.3,8340.4,8526.1,8439.4,19.4,21.8,26.7,0.0,3.7,77.8,18.5,0.01,DUSTY,75,FAIR,low retained moisture may produce dust or loose soil,34,23
2026-10-09,Silver Queen,Park City / PCMR,WG037,40.63391819864852,-111.51755091640152,8558.9,3,64.2,47.3,55.6,0.0,0.0,0.0,0.0,0.016,0.016,55.73333333333333,57.22857142857144,0,0.0,0.0,0.0,0.0,0.0,1,1.0,8376.5,8720.1,8558.9,22.5,23.1,30.5,2.5,0.0,0.0,97.5,0.01,DUSTY,75,FAIR,low retained moisture may produce dust or loose soil,34,23
2026-10-09,Sloppy Joe,Round Valley,WG067,40.71599935057343,-111.49742827056478,6658.4,3,74.2,49.9,60.5,0.0,0.0,0.0,0.0,0.028,0.028,59.93333333333333,59.971428571428575,0,0.0,0.0,0.0,0.0,0.0,1,0.3,6616.1,6684.3,6658.4,10.1,10.4,19.5,10.7,75.0,14.3,0.0,0.017,DUSTY,75,FAIR,low retained moisture may produce dust or loose soil,34,1
2026-10-09,Speedbag,Deer Valley,WG011,40.624406811076895,-111.50919273225593,7987.6,3,66.9,50.0,58.2,0.0,0.0,0.0,0.0,0.016,0.016,58.36666666666667,59.85714285714285,0,0.0,0.0,0.0,0.0,0.0,1,0.8,7729.6,8257.2,7987.6,24.5,24.9,33.1,22.1,0.0,19.1,58.8,0.01,DUSTY,75,FAIR,low retained moisture may produce dust or loose soil,34,1
2026-10-09,Stealth Connector / Pheasant Way,Jeremy Ranch / Glenwild,WG076,40.73167942348123,-111.54708752211994,6361.5,3,74.5,52.3,62.9,0.0,0.0,0.0,0.0,0.016,0.016,61.96666666666667,62.15714285714286,0,0.0,0.0,0.0,0.0,0.0,1,0.3,6330.9,6398.1,6361.5,5.3,4.7,14.3,59.1,9.1,27.3,4.5,0.01,DUSTY,75,FAIR,low retained moisture may produce dust or loose soil,34,9
2026-10-09,Stealth Trail,Jeremy Ranch / Glenwild,WG077,40.73631275924013,-111.5447596003018,6560.0,3,73.7,51.6,62.2,0.0,0.0,0.0,0.0,0.016,0.016,61.23333333333333,61.42857142857143,0,0.0,0.0,0.0,0.0,0.0,1,2.3,6346.1,6903.5,6560.0,15.2,16.1,27.2,66.5,32.0,0.5,1.0,0.01,DUSTY,75,FAIR,low retained moisture may produce dust or loose soil,34,9
2026-10-09,Steps,Park City / PCMR,WG037,40.63116043759045,-111.5173271228493,8520.8,3,64.2,47.3,55.6,0.0,0.0,0.0,0.0,0.016,0.016,55.73333333333333,57.22857142857144,0,0.0,0.0,0.0,0.0,0.0,1,1.0,8366.1,8730.0,8520.8,24.0,25.7,34.0,18.0,0.0,0.0,82.0,0.011,DUSTY,75,FAIR,low retained moisture may produce dust or loose soil,34,23
2026-10-09,Stiff Upper Lip,Park City / PCMR,WG017,40.61611691879028,-111.52987009616064,9025.4,3,62.2,44.7,52.5,0.0,0.0,0.0,0.0,0.016,0.016,52.53333333333333,53.92857142857143,0,0.0,0.0,0.0,0.0,0.0,1,0.5,8926.8,9139.2,9025.4,16.3,16.1,27.9,0.0,0.0,33.3,66.7,0.011,DUSTY,75,FAIR,low retained moisture may produce dust or loose soil,34,23
2026-10-09,Sunny Slopes Trail,Round Valley,WG057,40.68377753714063,-111.48540217687854,6826.8,3,73.4,49.1,60.2,0.0,0.0,0.0,0.0,0.016,0.016,60.26666666666667,60.54285714285714,0,0.0,0.0,0.0,0.0,0.0,1,0.1,6823.0,6832.1,6826.8,2.4,2.3,3.7,14.3,0.0,14.3,71.4,0.009,DUSTY,75,FAIR,low retained moisture may produce dust or loose soil,34,1
2026-10-09,TSP Skils Area,Round Valley,WG067,40.70929244417837,-111.50545423904256,6671.9,3,74.2,49.9,60.5,0.0,0.0,0.0,0.0,0.028,0.028,59.93333333333333,59.971428571428575,0,0.0,0.0,0.0,0.0,0.0,1,0.3,6646.3,6691.8,6671.9,8.0,8.2,14.7,30.2,0.0,4.7,65.1,0.017,DUSTY,75,FAIR,low retained moisture may produce dust or loose soil,34,1
2026-10-09,Tar Pits Jump Line,Round Valley,WG067,40.70948336187246,-111.50501444482678,6663.3,3,74.2,49.9,60.5,0.0,0.0,0.0,0.0,0.028,0.028,59.93333333333333,59.971428571428575,0,0.0,0.0,0.0,0.0,0.0,1,0.1,6650.4,6685.4,6663.3,4.8,4.2,11.8,8.3,0.0,16.7,75.0,0.016,DUSTY,75,FAIR,low retained moisture may produce dust or loose soil,34,1
2026-10-09,Team Cutthroat Downhill,Jeremy Ranch / Glenwild,WG077,40.74619331694971,-111.55242052130288,6618.0,3,73.7,51.6,62.2,0.0,0.0,0.0,0.0,0.016,0.016,61.23333333333333,61.42857142857143,0,0.0,0.0,0.0,0.0,0.0,1,0.3,6546.5,6754.3,6618.0,12.4,12.3,17.8,0.0,0.0,100.0,0.0,0.009,DUSTY,75,FAIR,low retained moisture may produce dust or loose soil,34,9
2026-10-09,Thaynes Canyon,Park City / PCMR,WG037,40.62644528922062,-111.539067377105,8520.6,3,64.2,47.3,55.6,0.0,0.0,0.0,0.0,0.016,0.016,55.73333333333333,57.22857142857144,0,0.0,0.0,0.0,0.0,0.0,1,1.2,8185.7,8832.6,8520.6,11.3,10.7,22.7,1.0,13.1,81.8,4.0,0.01,DUSTY,75,FAIR,low retained moisture may produce dust or loose soil,34,23
2026-10-09,The Great Gazoo,Round Valley,WG067,40.70997890100696,-111.50140660314835,6662.9,3,74.2,49.9,60.5,0.0,0.0,0.0,0.0,0.028,0.028,59.93333333333333,59.971428571428575,0,0.0,0.0,0.0,0.0,0.0,1,0.5,6602.3,6731.1,6662.9,11.1,11.7,16.5,5.0,0.0,52.5,42.5,0.016,DUSTY,75,FAIR,low retained moisture may produce dust or loose soil,34,1
2026-10-09,Three Candles,Park City / PCMR,WG037,40.62931137475258,-111.52248914366156,8843.3,3,64.2,47.3,55.6,0.0,0.0,0.0,0.0,0.016,0.016,55.73333333333333,57.22857142857144,0,0.0,0.0,0.0,0.0,0.0,1,0.7,8739.8,8959.2,8843.3,10.2,9.4,21.3,0.0,0.0,55.7,44.3,0.01,DUSTY,75,FAIR,low retained moisture may produce dust or loose soil,34,23
2026-10-09,Tim Man,Round Valley,WG067,40.70348842863846,-111.50080894755244,6766.9,3,74.2,49.9,60.5,0.0,0.0,0.0,0.0,0.028,0.028,59.93333333333333,59.971428571428575,0,0.0,0.0,0.0,0.0,0.0,1,1.4,6648.4,6875.3,6766.9,7.3,6.8,15.0,0.8,59.8,38.5,0.8,0.016,DUSTY,75,FAIR,low retained moisture may produce dust or loose soil,34,1
2026-10-09,Tommys Two Step,Park City / PCMR,WG036,40.629024211109055,-111.51829238121942,8474.2,3,65.4,48.4,56.7,0.0,0.0,0.0,0.0,0.016,0.016,56.833333333333336,58.32857142857143,0,0.0,0.0,0.0,0.0,0.0,1,1.5,8250.0,8718.0,8474.2,21.9,22.0,33.1,13.6,0.0,31.1,55.3,0.01,DUSTY,75,FAIR,low retained moisture may produce dust or loose soil,34,23
2026-10-09,Trailside,Round Valley,WG066,40.71864159830864,-111.50336949570412,6480.1,3,74.2,51.7,62.4,0.0,0.0,0.0,0.0,0.028,0.028,61.2,60.85714285714285,0,0.0,0.0,0.0,0.0,0.0,1,0.1,6473.9,6486.7,6480.1,3.6,3.6,5.7,0.0,0.0,28.6,71.4,0.016,DUSTY,75,FAIR,low retained moisture may produce dust or loose soil,34,1
2026-10-09,Trailside Connector,Round Valley,WG067,40.71611276967259,-111.5017965665912,6504.2,3,74.2,49.9,60.5,0.0,0.0,0.0,0.0,0.028,0.028,59.93333333333333,59.971428571428575,0,0.0,0.0,0.0,0.0,0.0,1,0.1,6498.8,6512.4,6504.2,2.6,2.8,4.3,10.0,60.0,30.0,0.0,0.016,DUSTY,75,FAIR,low retained moisture may produce dust or loose soil,34,1
2026-10-09,Trailside Loop,Round Valley,WG067,40.71199117049012,-111.50483999800892,6609.7,3,74.2,49.9,60.5,0.0,0.0,0.0,0.0,0.028,0.028,59.93333333333333,59.971428571428575,0,0.0,0.0,0.0,0.0,0.0,1,1.2,6532.2,6679.2,6609.7,7.7,7.4,17.1,0.0,0.0,42.2,57.8,0.016,DUSTY,75,FAIR,low retained moisture may produce dust or loose soil,34,1
2026-10-09,Trestle,Park City / PCMR,WG033,40.63650074050743,-111.50791633233914,8071.5,3,66.1,49.2,57.5,0.0,0.0,0.0,0.0,0.016,0.016,57.63333333333333,59.12857142857143,0,0.0,0.0,0.0,0.0,0.0,1,1.3,7656.2,8253.4,8071.5,17.4,18.3,30.5,0.0,46.6,48.3,5.1,0.01,DUSTY,75,FAIR,low retained moisture may produce dust or loose soil,34,23
2026-10-09,Truckhole,Round Valley,WG067,40.704351116822174,-111.50022157042804,6773.9,3,74.2,49.9,60.5,0.0,0.0,0.0,0.0,0.028,0.028,59.93333333333333,59.971428571428575,0,0.0,0.0,0.0,0.0,0.0,1,0.7,6641.4,6877.9,6773.9,6.7,6.0,15.2,13.8,37.9,48.3,0.0,0.016,DUSTY,75,FAIR,low retained moisture may produce dust or loose soil,34,1
2026-10-09,Unga Bunga Skills and Pump Tradk,Round Valley,WG067,40.71158064400824,-111.50217787755837,6590.1,3,74.2,49.9,60.5,0.0,0.0,0.0,0.0,0.028,0.028,59.93333333333333,59.971428571428575,0,0.0,0.0,0.0,0.0,0.0,1,0.2,6579.8,6601.1,6590.1,5.9,5.5,12.3,0.0,2.9,94.1,2.9,0.015,DUSTY,75,FAIR,low retained moisture may produce dust or loose soil,34,1
2026-10-09,Up Track,Round Valley,WG067,40.71007968280768,-111.50314659118624,6643.1,3,74.2,49.9,60.5,0.0,0.0,0.0,0.0,0.028,0.028,59.93333333333333,59.971428571428575,0,0.0,0.0,0.0,0.0,0.0,1,0.5,6566.9,6731.1,6643.1,6.8,5.8,16.9,1.5,22.7,60.6,15.2,0.016,DUSTY,75,FAIR,low retained moisture may produce dust or loose soil,34,1
2026-10-09,Upper Devo Trail,Deer Valley,WG033,40.62826200901757,-111.4850494481263,8097.8,3,66.1,49.2,57.5,0.0,0.0,0.0,0.0,0.016,0.016,57.63333333333333,59.12857142857143,0,0.0,0.0,0.0,0.0,0.0,1,0.2,8012.6,8210.0,8097.8,15.1,15.6,18.3,0.0,0.0,100.0,0.0,0.009,DUSTY,75,FAIR,low retained moisture may produce dust or loose soil,34,1
2026-10-09,WOW (Wasatch Over Wasatch) Trail,Deer Valley,WG003,40.585198990338895,-111.50729227137398,8248.2,3,65.7,48.7,56.6,0.0,0.0,0.0,0.0,0.031,0.031,57.2,58.05714285714286,0,0.0,0.0,0.0,0.0,0.0,2,2.7,8125.9,8428.2,8248.2,11.4,10.0,31.9,57.1,9.7,5.3,27.9,0.019,DUSTY,75,FAIR,low retained moisture may produce dust or loose soil,34,1
2026-10-09,Wasatch Crest Connect,Park City / PCMR,WG020,40.616974136223725,-111.55736099806312,9245.9,3,61.9,44.4,52.3,0.0,0.0,0.0,0.0,0.016,0.016,52.26666666666667,53.67142857142857,0,0.0,0.0,0.0,0.0,0.0,1,1.7,8958.2,9481.6,9245.9,17.1,17.3,33.0,12.9,15.5,34.2,37.4,0.011,DUSTY,75,FAIR,low retained moisture may produce dust or loose soil,34,23
2026-10-09,Yabba Dabba Doo,Round Valley,WG067,40.71031601545331,-111.5039304608668,6636.2,3,74.2,49.9,60.5,0.0,0.0,0.0,0.0,0.028,0.028,59.93333333333333,59.971428571428575,0,0.0,0.0,0.0,0.0,0.0,1,0.3,6613.2,6659.8,6636.2,6.5,6.8,9.5,0.0,0.0,90.9,9.1,0.015,DUSTY,75,FAIR,low retained moisture may produce dust or loose soil,34,1
2026-10-09,4:20,Deer Valley,WG032,40.63850725810498,-111.5016215026881,7810.7,3,69.5,46.4,58.1,0.0,0.0,0.0,0.0,0.0,0.0,59.0,60.41428571428571,0,0.0,0.0,0.0,0.0,0.0,11,0.4,7754.7,7849.9,7810.7,17.8,17.9,26.6,0.0,0.0,22.2,77.8,0.0,DUSTY,67,FAIR,low retained moisture may produce dust or loose soil; 11 days since measurable precipitation,153,15
2026-10-09,A Toll New World,Summit Park,WG078,40.74525880222984,-111.59660432287036,6843.1,3,73.1,53.7,62.1,0.0,0.0,0.0,0.0,0.0,0.0,61.46666666666667,61.67142857142857,0,0.0,0.0,0.0,0.0,0.0,11,1.3,6620.4,7055.3,6843.1,16.3,16.7,26.9,1.9,40.7,53.7,3.7,0.0,DUSTY,67,FAIR,low retained moisture may produce dust or loose soil; 11 days since measurable precipitation,153,1
2026-10-09,Agitator Trail,Deer Valley,WG028,40.62594479567907,-111.46053082324435,7171.6,3,71.2,48.1,59.8,0.0,0.0,0.0,0.0,0.0,0.0,60.73333333333334,62.14285714285715,0,0.0,0.0,0.0,0.0,0.0,11,1.2,7047.5,7374.2,7171.6,24.5,24.5,33.9,22.8,0.0,42.6,34.7,0.0,DUSTY,67,FAIR,low retained moisture may produce dust or loose soil; 11 days since measurable precipitation,153,15
2026-10-09,Alexander Creek Trail,Summit Park,WG093,40.75856130522611,-111.67962308025976,5873.5,51,78.3,61.7,69.7,0.004,0.0,0.0,0.004,0.004,0.004,68.23333333333333,68.35714285714286,0,0.0,0.0,0.0,0.0,0.0,11,0.8,5784.7,5966.1,5873.5,8.7,7.0,24.8,66.1,14.5,19.4,0.0,0.002,DUSTY,67,FAIR,low retained moisture may produce dust or loose soil; 11 days since measurable precipitation,153,1
2026-10-09,Alta-Brighton Trail,Park City / PCMR,WG009,40.59874189108338,-111.5904390735144,9081.0,3,62.3,45.4,53.1,0.0,0.0,0.0,0.0,0.0,0.0,52.79999999999999,54.08571428571429,0,0.0,0.0,0.0,0.0,0.0,11,0.9,8748.9,9462.1,9081.0,12.4,11.7,28.0,13.5,2.7,25.7,58.1,0.0,DUSTY,67,FAIR,low retained moisture may produce dust or loose soil; 11 days since measurable precipitation,153,53
2026-10-09,An Unexpected Journey Trail,Jordanelle,WG001,40.584095263003086,-111.41492155800285,6731.9,3,73.3,50.3,61.5,0.0,0.0,0.0,0.0,0.0,0.0,61.86666666666667,62.471428571428575,0,0.0,0.0,0.0,0.0,0.0,11,0.6,6708.3,6758.4,6731.9,21.3,22.6,26.9,13.7,86.3,0.0,0.0,0.0,DUSTY,67,FAIR,low retained moisture may produce dust or loose soil; 11 days since measurable precipitation,153,1
2026-10-09,Ancient Forest Loop,Round Valley,WG074,40.7314260153664,-111.49224006112888,6485.8,3,74.8,50.5,61.3,0.0,0.0,0.0,0.0,0.0,0.0,60.93333333333334,61.471428571428575,0,0.0,0.0,0.0,0.0,0.0,11,1.0,6455.0,6516.1,6485.8,4.0,3.9,10.5,8.4,60.2,27.7,3.6,0.0,DUSTY,67,FAIR,low retained moisture may produce dust or loose soil; 11 days since measurable precipitation,153,48
2026-10-09,April Mountain Trail,Deer Valley,WG047,40.650711302598815,-111.4870593388075,7472.0,3,72.3,48.0,59.7,0.0,0.0,0.0,0.0,0.0,0.0,60.400000000000006,61.12857142857143,0,0.0,0.0,0.0,0.0,0.0,11,0.6,7336.4,7548.4,7472.0,12.0,11.8,23.4,46.4,35.7,5.4,12.5,0.0,DUSTY,67,FAIR,low retained moisture may produce dust or loose soil; 11 days since measurable precipitation,153,15
2026-10-09,Aspen Slalom,Deer Valley,WG013,40.61311265842392,-111.48457791355952,8816.9,3,63.8,46.8,54.5,0.0,0.0,0.0,0.0,0.0,0.0,54.76666666666667,55.84285714285714,0,0.0,0.0,0.0,0.0,0.0,11,1.4,8481.2,9250.5,8816.9,18.7,18.5,29.6,0.0,39.7,59.5,0.8,0.0,DUSTY,67,FAIR,low retained moisture may produce dust or loose soil; 11 days since measurable precipitation,153,15
2026-10-09,Beep Beep Trail,Jordanelle,WG001,40.59039066618902,-111.4033797731244,6670.3,3,73.3,50.3,61.5,0.0,0.0,0.0,0.0,0.0,0.0,61.86666666666667,62.471428571428575,0,0.0,0.0,0.0,0.0,0.0,11,1.5,6583.6,6771.5,6670.3,16.3,16.1,26.5,0.0,20.2,66.7,13.2,0.0,DUSTY,67,FAIR,low retained moisture may produce dust or loose soil; 11 days since measurable precipitation,153,1
2026-10-09,Big Dipper,Jordanelle,WG042,40.66018548005414,-111.43175307695702,6961.2,3,73.7,49.4,60.9,0.0,0.0,0.0,0.0,0.0,0.0,61.53333333333333,62.02857142857143,0,0.0,0.0,0.0,0.0,0.0,11,2.2,6614.9,7331.5,6961.2,21.1,21.2,34.9,39.4,0.0,4.0,56.6,0.0,DUSTY,67,FAIR,low retained moisture may produce dust or loose soil; 11 days since measurable precipitation,153,1
2026-10-09,Black Forest,Deer Valley,WG016,40.61940428916709,-111.52036519166067,8929.3,3,63.7,46.7,54.4,0.0,0.0,0.0,0.0,0.0,0.0,54.66666666666666,55.72857142857142,0,0.0,0.0,0.0,0.0,0.0,11,0.8,8567.5,9099.9,8929.3,15.9,16.4,31.7,3.0,9.1,77.3,10.6,0.0,DUSTY,67,FAIR,low retained moisture may produce dust or loose soil; 11 days since measurable precipitation,153,15
2026-10-09,Bonanza Loop Trail,Deer Valley,WG016,40.60282163896819,-111.52815381158308,8908.5,3,63.7,46.7,54.4,0.0,0.0,0.0,0.0,0.0,0.0,54.66666666666666,55.72857142857142,0,0.0,0.0,0.0,0.0,0.0,11,4.8,8695.4,9086.5,8908.5,11.5,11.2,26.8,44.0,4.9,11.1,40.0,0.0,DUSTY,67,FAIR,low retained moisture may produce dust or loose soil; 11 days since measurable precipitation,153,15
2026-10-09,Bonanza Trail,Deer Valley,WG046,40.661614248984336,-111.49584605339936,6814.3,3,73.3,49.0,60.7,0.0,0.0,0.0,0.0,0.0,0.0,61.400000000000006,62.17142857142857,0,0.0,0.0,0.0,0.0,0.0,11,0.3,6806.6,6827.9,6814.3,16.8,16.8,23.7,0.0,4.5,95.5,0.0,0.0,DUSTY,67,FAIR,low retained moisture may produce dust or loose soil; 11 days since measurable precipitation,153,15
2026-10-09,Boot Hill,Park City / PCMR,WG046,40.66311538182378,-111.50841776480048,6853.1,3,73.3,49.0,60.7,0.0,0.0,0.0,0.0,0.0,0.0,61.400000000000006,62.17142857142857,0,0.0,0.0,0.0,0.0,0.0,11,0.3,6805.1,6895.8,6853.1,16.2,16.7,22.9,46.2,50.0,3.8,0.0,0.0,DUSTY,67,FAIR,low retained moisture may produce dust or loose soil; 11 days since measurable precipitation,153,53
2026-10-09,Boot Hill Connect,Park City / PCMR,WG046,40.66384832032967,-111.50809692977944,6921.4,3,73.3,49.0,60.7,0.0,0.0,0.0,0.0,0.0,0.0,61.400000000000006,62.17142857142857,0,0.0,0.0,0.0,0.0,0.0,11,0.2,6895.8,6941.9,6921.4,11.7,12.5,16.7,20.0,45.0,30.0,5.0,0.0,DUSTY,67,FAIR,low retained moisture may produce dust or loose soil; 11 days since measurable precipitation,153,53
2026-10-09,Boulder,Deer Valley,WG013,40.61539223980999,-111.50399769475118,8635.0,3,63.8,46.8,54.5,0.0,0.0,0.0,0.0,0.0,0.0,54.76666666666667,55.84285714285714,0,0.0,0.0,0.0,0.0,0.0,11,1.4,8415.7,8851.3,8635.0,15.8,15.5,21.0,0.0,19.7,80.3,0.0,0.0,DUSTY,67,FAIR,low retained moisture may produce dust or loose soil; 11 days since measurable precipitation,153,15
2026-10-09,Boulder / Trump,Deer Valley,WG013,40.610998229404565,-111.50208555144307,8996.4,3,63.8,46.8,54.5,0.0,0.0,0.0,0.0,0.0,0.0,54.76666666666667,55.84285714285714,0,0.0,0.0,0.0,0.0,0.0,11,0.4,8942.9,9037.1,8996.4,12.9,12.6,22.7,0.0,8.6,60.0,31.4,0.0,DUSTY,67,FAIR,low retained moisture may produce dust or loose soil; 11 days since measurable precipitation,153,15
2026-10-09,Bow Hunter,Deer Valley,WG014,40.60108596513679,-111.48484426536052,9020.3,3,62.8,45.9,53.6,0.0,0.0,0.0,0.0,0.0,0.0,53.7,54.84285714285714,0,0.0,0.0,0.0,0.0,0.0,11,0.7,8978.5,9076.6,9020.3,21.4,21.6,33.7,28.6,0.0,0.0,71.4,0.0,DUSTY,67,FAIR,low retained moisture may produce dust or loose soil; 11 days since measurable precipitation,153,15
2026-10-09,Bow Hunter Extension,Deer Valley,WG005,40.59796119210968,-111.4848069886625,9014.7,3,62.9,46.0,53.7,0.0,0.0,0.0,0.0,0.0,0.0,53.8,54.957142857142856,0,0.0,0.0,0.0,0.0,0.0,11,0.2,8991.5,9031.2,9014.7,17.1,20.8,26.6,28.6,9.5,19.0,42.9,0.0,DUSTY,67,FAIR,low retained moisture may produce dust or loose soil; 11 days since measurable precipitation,153,15
2026-10-09,Brighton Lakes Trail,Park City / PCMR,WG009,40.59287052758444,-111.58751257009568,9276.0,3,62.3,45.4,53.1,0.0,0.0,0.0,0.0,0.0,0.0,52.79999999999999,54.08571428571429,0,0.0,0.0,0.0,0.0,0.0,11,1.9,8827.7,9547.3,9276.0,15.1,13.7,36.8,6.5,16.0,50.9,26.6,0.0,DUSTY,67,FAIR,low retained moisture may produce dust or loose soil; 11 days since measurable precipitation,153,53
2026-10-09,Catherine's Pass Trail,Park City / PCMR,WG010,40.585096359880005,-111.59078643106362,9753.9,3,60.4,43.5,51.2,0.0,0.0,0.0,0.0,0.0,0.0,50.9,52.18571428571429,0,0.0,0.0,0.0,0.0,0.0,11,1.5,9379.6,10222.3,9753.9,16.9,17.1,36.8,16.9,39.5,16.9,26.6,0.0,DUSTY,67,FAIR,low retained moisture may produce dust or loose soil; 11 days since measurable precipitation,153,53
2026-10-09,Clayton Peak Trail,Park City / PCMR,WG010,40.58693552999217,-111.57085635011327,9813.5,3,60.4,43.5,51.2,0.0,0.0,0.0,0.0,0.0,0.0,50.9,52.18571428571429,0,0.0,0.0,0.0,0.0,0.0,11,2.0,9358.3,10347.8,9813.5,19.0,18.5,35.6,1.1,38.3,54.3,6.3,0.0,DUSTY,67,FAIR,low retained moisture may produce dust or loose soil; 11 days since measurable precipitation,153,53
2026-10-09,Cobblestone Loop,Jeremy Ranch / Glenwild,WG084,40.75845647840704,-111.52582619388934,6805.4,3,73.1,53.9,62.9,0.0,0.0,0.0,0.0,0.0,0.0,62.66666666666666,63.114285714285714,0,0.0,0.0,0.0,0.0,0.0,11,0.8,6740.4,6867.4,6805.4,15.5,17.3,28.1,26.5,4.4,0.0,69.1,0.0,DUSTY,67,FAIR,low retained moisture may produce dust or loose soil; 11 days since measurable precipitation,153,30
2026-10-09,Cobblestone Trail,Jeremy Ranch / Glenwild,WG084,40.75512641497514,-111.52744418745776,6723.8,3,73.1,53.9,62.9,0.0,0.0,0.0,0.0,0.0,0.0,62.66666666666666,63.114285714285714,0,0.0,0.0,0.0,0.0,0.0,11,1.7,6505.3,6938.7,6723.8,11.4,10.3,28.4,25.5,10.6,8.5,55.3,0.0,DUSTY,67,FAIR,low retained moisture may produce dust or loose soil; 11 days since measurable precipitation,153,30
2026-10-09,Constellation Trail,Jordanelle,WG026,40.6428753631073,-111.43505033038012,6261.6,3,74.8,51.7,62.5,0.0,0.0,0.0,0.0,0.0,0.0,63.26666666666667,63.84285714285715,0,0.0,0.0,0.0,0.0,0.0,11,0.7,6191.6,6323.4,6261.6,9.0,8.6,16.7,5.2,0.0,10.3,84.5,0.0,DUSTY,67,FAIR,low retained moisture may produce dust or loose soil; 11 days since measurable precipitation,153,1
2026-10-09,Corvair,Deer Valley,WG016,40.61099169805087,-111.51230389508405,8648.6,3,63.7,46.7,54.4,0.0,0.0,0.0,0.0,0.0,0.0,54.66666666666666,55.72857142857142,0,0.0,0.0,0.0,0.0,0.0,11,1.3,8388.6,8848.4,8648.6,19.4,19.3,30.4,0.0,7.1,73.5,19.5,0.0,DUSTY,67,FAIR,low retained moisture may produce dust or loose soil; 11 days since measurable precipitation,153,15
2026-10-09,Corvair (Upper),Deer Valley,WG016,40.60840912265719,-111.51090449857222,8883.3,3,63.7,46.7,54.4,0.0,0.0,0.0,0.0,0.0,0.0,54.66666666666666,55.72857142857142,0,0.0,0.0,0.0,0.0,0.0,11,0.7,8839.3,8949.2,8883.3,19.9,19.0,29.7,0.0,0.0,43.5,56.5,0.0,DUSTY,67,FAIR,low retained moisture may produce dust or loose soil; 11 days since measurable precipitation,153,15
2026-10-09,Corvair Connector,Deer Valley,WG016,40.61070239150149,-111.5115633319795,8812.1,3,63.7,46.7,54.4,0.0,0.0,0.0,0.0,0.0,0.0,54.66666666666666,55.72857142857142,0,0.0,0.0,0.0,0.0,0.0,11,0.1,8779.5,8843.9,8812.1,12.3,11.4,17.1,0.0,0.0,80.0,20.0,0.0,DUSTY,67,FAIR,low retained moisture may produce dust or loose soil; 11 days since measurable precipitation,153,15
2026-10-09,Cousin Eddy Trail,Clark Ranch,WG044,40.66170094764518,-111.45386933866466,6817.2,3,73.5,49.2,60.3,0.0,0.0,0.0,0.0,0.0,0.0,60.66666666666666,60.885714285714286,0,0.0,0.0,0.0,0.0,0.0,11,0.5,6718.9,6929.3,6817.2,12.7,12.6,22.5,0.0,0.0,29.5,70.5,0.0,DUSTY,67,FAIR,low retained moisture may produce dust or loose soil; 11 days since measurable precipitation,153,1
2026-10-09,Coyote Loop Trail,Jordanelle,WG001,40.58676467246392,-111.40272629625528,6895.7,3,73.3,50.3,61.5,0.0,0.0,0.0,0.0,0.0,0.0,61.86666666666667,62.471428571428575,0,0.0,0.0,0.0,0.0,0.0,11,0.8,6834.6,6980.4,6895.7,11.1,10.1,26.7,9.7,6.5,58.1,25.8,0.0,DUSTY,67,FAIR,low retained moisture may produce dust or loose soil; 11 days since measurable precipitation,153,1
2026-10-09,Cyn City,Park City / PCMR,WG016,40.62106458390316,-111.52108056020784,8700.1,3,63.7,46.7,54.4,0.0,0.0,0.0,0.0,0.0,0.0,54.66666666666666,55.72857142857142,0,0.0,0.0,0.0,0.0,0.0,11,2.6,8372.6,9048.5,8700.1,21.1,21.0,34.1,1.4,7.0,85.5,6.1,0.0,DUSTY,67,FAIR,low retained moisture may produce dust or loose soil; 11 days since measurable precipitation,153,53
2026-10-09,Daily Overlook,Deer Valley,WG031,40.631723443280656,-111.4987920660294,7430.4,3,70.8,47.8,59.4,0.0,0.0,0.0,0.0,0.0,0.0,60.33333333333332,61.74285714285714,0,0.0,0.0,0.0,0.0,0.0,11,0.3,7365.3,7455.3,7430.4,30.3,31.4,34.2,0.0,0.0,0.0,100.0,0.0,DUSTY,67,FAIR,low retained moisture may produce dust or loose soil; 11 days since measurable precipitation,153,15
2026-10-09,Daly Avenue,Deer Valley,WG031,40.63079192228995,-111.49966938212476,7430.3,3,70.8,47.8,59.4,0.0,0.0,0.0,0.0,0.0,0.0,60.33333333333332,61.74285714285714,0,0.0,0.0,0.0,0.0,0.0,11,0.8,7254.7,7610.0,7430.3,10.6,9.1,24.0,0.0,6.0,10.4,83.6,0.0,DUSTY,67,FAIR,low retained moisture may produce dust or loose soil; 11 days since measurable precipitation,153,15
2026-10-09,Daly Bypass,Deer Valley,WG031,40.63469577874592,-111.4972952534869,7351.3,3,70.8,47.8,59.4,0.0,0.0,0.0,0.0,0.0,0.0,60.33333333333332,61.74285714285714,0,0.0,0.0,0.0,0.0,0.0,11,0.3,7324.2,7370.0,7351.3,30.0,33.0,38.7,0.0,0.0,3.3,96.7,0.0,DUSTY,67,FAIR,low retained moisture may produce dust or loose soil; 11 days since measurable precipitation,153,15
2026-10-09,Dead Reckoning,Summit Park,WG078,40.74804102527887,-111.5901705440554,6808.0,3,73.1,53.7,62.1,0.0,0.0,0.0,0.0,0.0,0.0,61.46666666666667,61.67142857142857,0,0.0,0.0,0.0,0.0,0.0,11,0.6,6646.9,6981.7,6808.0,16.5,16.1,22.7,0.0,16.7,83.3,0.0,0.0,DUSTY,67,FAIR,low retained moisture may produce dust or loose soil; 11 days since measurable precipitation,153,1
2026-10-09,Dead Tree,Park City / PCMR,WG021,40.611358588022426,-111.54588982448988,9653.6,3,60.4,43.5,51.1,0.0,0.0,0.0,0.0,0.0,0.0,50.7,51.7,0,0.0,0.0,0.0,0.0,0.0,11,0.8,9569.8,9775.6,9653.6,26.5,27.5,37.8,35.4,21.5,43.1,0.0,0.0,DUSTY,67,FAIR,low retained moisture may produce dust or loose soil; 11 days since measurable precipitation,153,53
2026-10-09,Deep Park Circle,Jordanelle,WG026,40.626894083286025,-111.43587347972714,6383.2,3,74.8,51.7,62.5,0.0,0.0,0.0,0.0,0.0,0.0,63.26666666666667,63.84285714285715,0,0.0,0.0,0.0,0.0,0.0,11,0.2,6368.7,6401.6,6383.2,7.2,6.4,17.5,0.0,0.0,50.0,50.0,0.0,DUSTY,67,FAIR,low retained moisture may produce dust or loose soil; 11 days since measurable precipitation,153,1
2026-10-09,Deer Camp,Deer Valley,WG013,40.60519585339864,-111.4911066437841,8920.6,3,63.8,46.8,54.5,0.0,0.0,0.0,0.0,0.0,0.0,54.76666666666667,55.84285714285714,0,0.0,0.0,0.0,0.0,0.0,11,0.7,8822.7,8995.5,8920.6,10.1,10.4,15.8,0.0,69.2,18.5,12.3,0.0,DUSTY,67,FAIR,low retained moisture may produce dust or loose soil; 11 days since measurable precipitation,153,15
2026-10-09,Deer Crest,Deer Valley,WG029,40.63553157935396,-111.47424740401932,7612.2,3,69.8,46.8,58.5,0.0,0.0,0.0,0.0,0.0,0.0,59.36666666666667,60.785714285714285,0,0.0,0.0,0.0,0.0,0.0,11,2.0,7265.1,7950.3,7612.2,21.7,21.4,38.3,0.0,50.3,49.1,0.6,0.0,DUSTY,67,FAIR,low retained moisture may produce dust or loose soil; 11 days since measurable precipitation,153,15
2026-10-09,Devo,Deer Valley,WG032,40.6296740826892,-111.48374523511592,7963.4,3,69.5,46.4,58.1,0.0,0.0,0.0,0.0,0.0,0.0,59.0,60.41428571428571,0,0.0,0.0,0.0,0.0,0.0,11,0.2,7893.9,8016.5,7963.4,11.3,9.9,17.7,0.0,0.0,47.1,52.9,0.0,DUSTY,67,FAIR,low retained moisture may produce dust or loose soil; 11 days since measurable precipitation,153,15
2026-10-09,Discovery,Summit Park,WG078,40.74903521550762,-111.59463162387972,6614.4,3,73.1,53.7,62.1,0.0,0.0,0.0,0.0,0.0,0.0,61.46666666666667,61.67142857142857,0,0.0,0.0,0.0,0.0,0.0,11,0.4,6578.7,6650.0,6614.4,11.5,10.0,24.8,0.0,20.9,46.5,32.6,0.0,DUSTY,67,FAIR,low retained moisture may produce dust or loose soil; 11 days since measurable precipitation,153,1
2026-10-09,Eagle Way,Park City / PCMR,WG048,40.65295946154777,-111.48775315119684,7538.9,3,71.0,46.7,59.1,0.0,0.0,0.0,0.0,0.0,0.0,59.93333333333334,61.285714285714285,0,0.0,0.0,0.0,0.0,0.0,11,0.9,7416.7,7660.5,7538.9,11.8,11.7,19.5,21.3,25.3,40.0,13.3,0.0,DUSTY,67,FAIR,low retained moisture may produce dust or loose soil; 11 days since measurable precipitation,153,53
2026-10-09,Easy Rider,Park City / PCMR,WG009,40.59580193116481,-111.57632308440664,9141.3,3,62.3,45.4,53.1,0.0,0.0,0.0,0.0,0.0,0.0,52.79999999999999,54.08571428571429,0,0.0,0.0,0.0,0.0,0.0,11,2.3,8764.0,9471.9,9141.3,14.6,13.4,33.3,0.5,82.3,16.1,1.0,0.0,DUSTY,67,FAIR,low retained moisture may produce dust or loose soil; 11 days since measurable precipitation,153,53
2026-10-09,Empire Alternate,Deer Valley,WG032,40.62635819528807,-111.50016350153602,7943.1,3,69.5,46.4,58.1,0.0,0.0,0.0,0.0,0.0,0.0,59.0,60.41428571428571,0,0.0,0.0,0.0,0.0,0.0,11,0.1,7918.3,7974.4,7943.1,16.3,16.4,21.6,0.0,0.0,100.0,0.0,0.0,DUSTY,67,FAIR,low retained moisture may produce dust or loose soil; 11 days since measurable precipitation,153,15
2026-10-09,Empire Link,Deer Valley,WG012,40.62422557470265,-111.50748256286928,8022.2,3,65.7,48.7,56.9,0.0,0.0,0.0,0.0,0.0,0.0,57.6,58.72857142857144,0,0.0,0.0,0.0,0.0,0.0,11,2.2,7856.6,8281.6,8022.2,22.6,23.7,35.5,4.7,19.4,50.3,25.7,0.0,DUSTY,67,FAIR,low retained moisture may produce dust or loose soil; 11 days since measurable precipitation,153,15
2026-10-09,Empire Pass Connector,Deer Valley,WG016,40.60627316294136,-111.51481095351645,8948.4,3,63.7,46.7,54.4,0.0,0.0,0.0,0.0,0.0,0.0,54.66666666666666,55.72857142857142,0,0.0,0.0,0.0,0.0,0.0,11,0.4,8924.0,8965.9,8948.4,12.8,13.4,22.3,87.8,2.4,0.0,9.8,0.0,DUSTY,67,FAIR,low retained moisture may produce dust or loose soil; 11 days since measurable precipitation,153,15
2026-10-09,Euston,Round Valley,WG047,40.65772556817424,-111.48315877249176,7062.9,3,72.3,48.0,59.7,0.0,0.0,0.0,0.0,0.0,0.0,60.400000000000006,61.12857142857143,0,0.0,0.0,0.0,0.0,0.0,11,0.4,6904.9,7228.8,7062.9,12.2,12.4,19.9,0.0,31.2,68.8,0.0,0.0,DUSTY,67,FAIR,low retained moisture may produce dust or loose soil; 11 days since measurable precipitation,153,48
2026-10-09,Evil Empire,Park City / PCMR,WG016,40.61923823662483,-111.52513988679308,8746.8,3,63.7,46.7,54.4,0.0,0.0,0.0,0.0,0.0,0.0,54.66666666666666,55.72857142857142,0,0.0,0.0,0.0,0.0,0.0,11,0.9,8443.1,9143.3,8746.8,13.8,14.4,22.8,0.0,0.0,68.0,32.0,0.0,DUSTY,67,FAIR,low retained moisture may produce dust or loose soil; 11 days since measurable precipitation,153,53
2026-10-09,Fairway Hills Trail,Round Valley,WG055,40.67853348641883,-111.47699791832557,6747.4,3,73.7,49.4,60.4,0.0,0.0,0.0,0.0,0.0,0.0,60.43333333333334,60.68571428571428,0,0.0,0.0,0.0,0.0,0.0,11,0.3,6716.2,6779.8,6747.4,2.3,2.2,3.5,0.0,0.0,44.8,55.2,0.0,DUSTY,67,FAIR,low retained moisture may produce dust or loose soil; 11 days since measurable precipitation,153,48
2026-10-09,Family Truckster Trail,Clark Ranch,WG044,40.66038172048119,-111.452885753204,6847.4,3,73.5,49.2,60.3,0.0,0.0,0.0,0.0,0.0,0.0,60.66666666666666,60.885714285714286,0,0.0,0.0,0.0,0.0,0.0,11,0.7,6733.2,6970.1,6847.4,11.5,11.2,18.1,0.0,0.0,30.5,69.5,0.0,DUSTY,67,FAIR,low retained moisture may produce dust or loose soil; 11 days since measurable precipitation,153,1
2026-10-09,Fast Pitch Trail,Round Valley,WG055,40.6798165110769,-111.47671870073196,6759.1,3,73.7,49.4,60.4,0.0,0.0,0.0,0.0,0.0,0.0,60.43333333333334,60.68571428571428,0,0.0,0.0,0.0,0.0,0.0,11,1.3,6689.0,6826.1,6759.1,5.6,4.8,14.7,16.2,0.9,40.2,42.7,0.0,DUSTY,67,FAIR,low retained moisture may produce dust or loose soil; 11 days since measurable precipitation,153,48
2026-10-09,Fat Lip,Park City / PCMR,WG016,40.62192963761681,-111.5279713594279,8931.1,3,63.7,46.7,54.4,0.0,0.0,0.0,0.0,0.0,0.0,54.66666666666666,55.72857142857142,0,0.0,0.0,0.0,0.0,0.0,11,1.0,8870.4,8982.9,8931.1,20.9,20.7,36.0,34.9,0.0,6.0,59.0,0.0,DUSTY,67,FAIR,low retained moisture may produce dust or loose soil; 11 days since measurable precipitation,153,53
2026-10-09,Finns,Deer Valley,WG028,40.640763495812735,-111.47689190658058,7214.2,3,71.2,48.1,59.8,0.0,0.0,0.0,0.0,0.0,0.0,60.73333333333334,62.14285714285715,0,0.0,0.0,0.0,0.0,0.0,11,0.3,7140.8,7279.6,7214.2,24.0,24.7,36.1,0.0,96.3,3.7,0.0,0.0,DUSTY,67,FAIR,low retained moisture may produce dust or loose soil; 11 days since measurable precipitation,153,15
2026-10-09,Fireswamp,Deer Valley,WG013,40.61340925382439,-111.48239833860336,8873.0,3,63.8,46.8,54.5,0.0,0.0,0.0,0.0,0.0,0.0,54.76666666666667,55.84285714285714,0,0.0,0.0,0.0,0.0,0.0,11,0.7,8482.6,9273.9,8873.0,18.8,19.8,25.9,0.0,0.0,100.0,0.0,0.0,DUSTY,67,FAIR,low retained moisture may produce dust or loose soil; 11 days since measurable precipitation,153,15
2026-10-09,First Time,Park City / PCMR,WG050,40.65050878239233,-111.51048291433958,7041.1,3,72.0,49.0,60.0,0.0,0.0,0.0,0.0,0.0,0.0,60.9,61.614285714285714,0,0.0,0.0,0.0,0.0,0.0,11,0.5,6905.7,7178.9,7041.1,8.6,8.6,19.4,0.0,3.6,57.1,39.3,0.0,DUSTY,67,FAIR,low retained moisture may produce dust or loose soil; 11 days since measurable precipitation,153,53
2026-10-09,First Time Return,Park City / PCMR,WG050,40.65021414919943,-111.51090683334832,7073.8,3,72.0,49.0,60.0,0.0,0.0,0.0,0.0,0.0,0.0,60.9,61.614285714285714,0,0.0,0.0,0.0,0.0,0.0,11,0.7,6953.0,7139.2,7073.8,15.6,15.9,24.7,0.0,0.0,22.4,77.6,0.0,DUSTY,67,FAIR,low retained moisture may produce dust or loose soil; 11 days since measurable precipitation,153,53
2026-10-09,Flagstaff Loop,Deer Valley,WG013,40.60758047007656,-111.496735533601,8898.0,3,63.8,46.8,54.5,0.0,0.0,0.0,0.0,0.0,0.0,54.76666666666667,55.84285714285714,0,0.0,0.0,0.0,0.0,0.0,11,3.0,8785.5,9010.6,8898.0,10.1,10.0,23.7,8.7,13.0,40.1,38.3,0.0,DUSTY,67,FAIR,low retained moisture may produce dust or loose soil; 11 days since measurable precipitation,153,15
2026-10-09,Flat Cable,Park City / PCMR,WG032,40.644102718034645,-111.505628746172,7565.4,3,69.5,46.4,58.1,0.0,0.0,0.0,0.0,0.0,0.0,59.0,60.41428571428571,0,0.0,0.0,0.0,0.0,0.0,11,1.0,7399.9,7706.1,7565.4,13.5,12.9,28.3,0.0,37.0,51.1,12.0,0.0,DUSTY,67,FAIR,low retained moisture may produce dust or loose soil; 11 days since measurable precipitation,153,53
2026-10-09,Flying Dog,Jeremy Ranch / Glenwild,WG087,40.77237660098178,-111.54161762597796,7321.2,3,71.3,52.0,61.1,0.0,0.0,0.0,0.0,0.0,0.0,60.8,61.44285714285714,0,0.0,0.0,0.0,0.0,0.0,11,6.1,6867.4,7759.1,7321.2,17.8,17.6,31.1,54.3,26.7,9.5,9.5,0.0,DUSTY,67,FAIR,low retained moisture may produce dust or loose soil; 11 days since measurable precipitation,153,30
2026-10-09,Fox Tail Trail,Round Valley,WG045,40.66564803508002,-111.47503092801368,7133.0,3,72.0,47.7,59.4,0.0,0.0,0.0,0.0,0.0,0.0,60.1,60.87142857142857,0,0.0,0.0,0.0,0.0,0.0,11,0.8,7077.6,7206.1,7133.0,12.0,12.3,18.5,10.0,24.3,52.9,12.9,0.0,DUSTY,67,FAIR,low retained moisture may produce dust or loose soil; 11 days since measurable precipitation,153,48
2026-10-09,Freemason,Park City / PCMR,WG046,40.65768683021079,-111.49819012622744,6949.6,3,73.3,49.0,60.7,0.0,0.0,0.0,0.0,0.0,0.0,61.400000000000006,62.17142857142857,0,0.0,0.0,0.0,0.0,0.0,11,1.5,6779.4,7074.6,6949.6,21.4,21.4,30.0,5.4,40.3,54.3,0.0,0.0,DUSTY,67,FAIR,low retained moisture may produce dust or loose soil; 11 days since measurable precipitation,153,53
2026-10-09,Full Steam Billy,Park City / PCMR,WG031,40.64842922650065,-111.4945100220623,7246.4,3,70.8,47.8,59.4,0.0,0.0,0.0,0.0,0.0,0.0,60.33333333333332,61.74285714285714,0,0.0,0.0,0.0,0.0,0.0,11,0.3,7161.5,7277.5,7246.4,14.8,15.0,18.5,27.6,72.4,0.0,0.0,0.0,DUSTY,67,FAIR,low retained moisture may produce dust or loose soil; 11 days since measurable precipitation,153,53
2026-10-09,Gambel Oak Cut,Round Valley,WG045,40.65967079074984,-111.47871602858976,7240.9,3,72.0,47.7,59.4,0.0,0.0,0.0,0.0,0.0,0.0,60.1,60.87142857142857,0,0.0,0.0,0.0,0.0,0.0,11,0.3,7160.2,7299.6,7240.9,14.9,14.8,20.3,0.0,8.3,79.2,12.5,0.0,DUSTY,67,FAIR,low retained moisture may produce dust or loose soil; 11 days since measurable precipitation,153,48
2026-10-09,Gambel Oak North,Park City / PCMR,WG047,40.65915752473873,-111.48180315635692,7112.6,3,72.3,48.0,59.7,0.0,0.0,0.0,0.0,0.0,0.0,60.400000000000006,61.12857142857143,0,0.0,0.0,0.0,0.0,0.0,11,0.3,7038.2,7171.9,7112.6,14.8,14.6,18.8,0.0,92.9,7.1,0.0,0.0,DUSTY,67,FAIR,low retained moisture may produce dust or loose soil; 11 days since measurable precipitation,153,53
2026-10-09,Gambel Oak Trail,Park City / PCMR,WG031,40.64847351910524,-111.48419757905585,7408.0,3,70.8,47.8,59.4,0.0,0.0,0.0,0.0,0.0,0.0,60.33333333333332,61.74285714285714,0,0.0,0.0,0.0,0.0,0.0,11,1.0,7205.8,7543.6,7408.0,12.0,14.4,18.4,71.9,0.0,12.4,15.7,0.0,DUSTY,67,FAIR,low retained moisture may produce dust or loose soil; 11 days since measurable precipitation,153,53
2026-10-09,Gap Bypass Trail,Deer Valley,WG028,40.64123747413292,-111.47577580871994,7306.6,3,71.2,48.1,59.8,0.0,0.0,0.0,0.0,0.0,0.0,60.73333333333334,62.14285714285715,0,0.0,0.0,0.0,0.0,0.0,11,0.4,7278.0,7326.5,7306.6,24.8,27.1,36.1,0.0,64.1,35.9,0.0,0.0,DUSTY,67,FAIR,low retained moisture may produce dust or loose soil; 11 days since measurable precipitation,153,15
2026-10-09,Gap Loop,Deer Valley,WG028,40.6409109833561,-111.47399614902376,7445.8,3,71.2,48.1,59.8,0.0,0.0,0.0,0.0,0.0,0.0,60.73333333333334,62.14285714285715,0,0.0,0.0,0.0,0.0,0.0,11,1.9,7303.7,7618.9,7445.8,23.3,24.7,35.9,8.4,27.1,40.4,24.1,0.0,DUSTY,67,FAIR,low retained moisture may produce dust or loose soil; 11 days since measurable precipitation,153,15
2026-10-09,Glenwild Loop / Wasatch,Jeremy Ranch / Glenwild,WG074,40.74589846722535,-111.509614206256,6451.3,3,74.8,50.5,61.3,0.0,0.0,0.0,0.0,0.0,0.0,60.93333333333334,61.471428571428575,0,0.0,0.0,0.0,0.0,0.0,11,0.2,6444.0,6454.5,6451.3,3.4,1.7,9.0,57.1,0.0,0.0,42.9,0.0,DUSTY,67,FAIR,low retained moisture may produce dust or loose soil; 11 days since measurable precipitation,153,30
2026-10-09,Gorgoza Park,Pinebrook,WG089,40.75144469967726,-111.581432624726,6619.5,3,73.4,54.0,62.4,0.0,0.0,0.0,0.0,0.0,0.0,61.76666666666667,61.971428571428575,0,0.0,0.0,0.0,0.0,0.0,11,1.6,6378.8,6831.0,6619.5,13.6,13.9,25.2,2.2,1.5,87.5,8.8,0.0,DUSTY,67,FAIR,low retained moisture may produce dust or loose soil; 11 days since measurable precipitation,153,11
2026-10-09,Grave Digger,Deer Valley,WG032,40.62962271716946,-111.50201210924322,7682.6,3,69.5,46.4,58.1,0.0,0.0,0.0,0.0,0.0,0.0,59.0,60.41428571428571,0,0.0,0.0,0.0,0.0,0.0,11,0.5,7659.8,7734.0,7682.6,24.7,26.7,36.3,10.5,0.0,2.6,86.8,0.0,DUSTY,67,FAIR,low retained moisture may produce dust or loose soil; 11 days since measurable precipitation,153,15
2026-10-09,Great Western Trail,Wasatch Crest / Millcreek,WG092,40.77286580912175,-111.6406537725031,7571.3,3,70.7,48.7,59.1,0.0,0.0,0.0,0.0,0.0,0.0,58.73333333333333,58.871428571428574,0,0.0,0.0,0.0,0.0,0.0,11,4.1,7338.2,7867.0,7571.3,11.5,10.4,34.6,44.7,31.4,10.3,13.6,0.0,DUSTY,67,FAIR,low retained moisture may produce dust or loose soil; 11 days since measurable precipitation,153,1
2026-10-09,Great Western Trail / Great Western Trail bypass,Wasatch Crest / Millcreek,WG091,40.7535574542296,-111.6313027356856,7111.8,51,71.6,52.5,61.4,0.004,0.0,0.0,0.004,0.004,0.004,61.06666666666666,61.57142857142857,0,0.0,0.0,0.0,0.0,0.0,11,1.4,6865.3,7548.3,7111.8,13.7,13.4,22.9,68.4,22.8,0.0,8.8,0.003,DUSTY,67,FAIR,low retained moisture may produce dust or loose soil; 11 days since measurable precipitation,153,1
2026-10-09,Hang Time South,Park City / PCMR,WG046,40.65853660632904,-111.49606808644194,6970.8,3,73.3,49.0,60.7,0.0,0.0,0.0,0.0,0.0,0.0,61.400000000000006,62.17142857142857,0,0.0,0.0,0.0,0.0,0.0,11,0.3,6861.7,7117.7,6970.8,12.7,12.3,19.7,0.0,33.3,66.7,0.0,0.0,DUSTY,67,FAIR,low retained moisture may produce dust or loose soil; 11 days since measurable precipitation,153,53
2026-10-09,Hat Trick Trail,Round Valley,WG055,40.678830976721535,-111.47596646172724,6757.0,3,73.7,49.4,60.4,0.0,0.0,0.0,0.0,0.0,0.0,60.43333333333334,60.68571428571428,0,0.0,0.0,0.0,0.0,0.0,11,1.3,6681.3,6803.8,6757.0,5.6,5.1,13.8,7.1,1.8,39.3,51.8,0.0,DUSTY,67,FAIR,low retained moisture may produce dust or loose soil; 11 days since measurable precipitation,153,48
2026-10-09,Heard It Both Ways Trail,Deer Valley,WG004,40.593082879194085,-111.49125770411068,8855.0,3,64.1,47.2,54.8,0.0,0.0,0.0,0.0,0.0,0.0,54.9,56.08571428571429,0,0.0,0.0,0.0,0.0,0.0,11,3.6,8658.9,9073.5,8855.0,15.0,14.9,30.6,38.3,18.2,15.2,28.4,0.0,DUSTY,67,FAIR,low retained moisture may produce dust or loose soil; 11 days since measurable precipitation,153,15
2026-10-09,Hidden Cove,Summit Park,WG089,40.756655895607175,-111.597334386164,6686.2,3,73.4,54.0,62.4,0.0,0.0,0.0,0.0,0.0,0.0,61.76666666666667,61.971428571428575,0,0.0,0.0,0.0,0.0,0.0,11,0.2,6655.0,6725.6,6686.2,13.1,11.4,26.6,0.0,0.0,62.5,37.5,0.0,DUSTY,67,FAIR,low retained moisture may produce dust or loose soil; 11 days since measurable precipitation,153,1
2026-10-09,High Side,Round Valley,WG055,40.69388247977245,-111.4770589235944,6909.3,3,73.7,49.4,60.4,0.0,0.0,0.0,0.0,0.0,0.0,60.43333333333334,60.68571428571428,0,0.0,0.0,0.0,0.0,0.0,11,0.6,6857.9,6929.0,6909.3,14.8,13.7,25.3,8.7,0.0,39.1,52.2,0.0,DUSTY,67,FAIR,low retained moisture may produce dust or loose soil; 11 days since measurable precipitation,153,48
2026-10-09,Holy Roller,Deer Valley,WG013,40.6113609111251,-111.48708066137604,8716.2,3,63.8,46.8,54.5,0.0,0.0,0.0,0.0,0.0,0.0,54.76666666666667,55.84285714285714,0,0.0,0.0,0.0,0.0,0.0,11,4.2,8121.6,9298.2,8716.2,17.9,17.7,32.1,20.8,29.4,36.0,13.9,0.0,DUSTY,67,FAIR,low retained moisture may produce dust or loose soil; 11 days since measurable precipitation,153,15
2026-10-09,Humdinger,Deer Valley,WG029,40.626356336628135,-111.46720603877804,7537.3,3,69.8,46.8,58.5,0.0,0.0,0.0,0.0,0.0,0.0,59.36666666666667,60.785714285714285,0,0.0,0.0,0.0,0.0,0.0,11,3.2,7250.4,7937.0,7537.3,23.0,24.0,33.5,25.1,0.0,45.2,29.7,0.0,DUSTY,67,FAIR,low retained moisture may produce dust or loose soil; 11 days since measurable precipitation,153,15
2026-10-09,Izzy's Inferno (Dog Pound),Deer Valley,WG012,40.619811878384205,-111.48856422719636,8193.5,3,65.7,48.7,56.9,0.0,0.0,0.0,0.0,0.0,0.0,57.6,58.72857142857144,0,0.0,0.0,0.0,0.0,0.0,11,0.1,8143.3,8219.5,8193.5,12.8,13.0,23.6,0.0,0.0,85.7,14.3,0.0,DUSTY,67,FAIR,low retained moisture may produce dust or loose soil; 11 days since measurable precipitation,153,15
2026-10-09,Jailbreak,Jeremy Ranch / Glenwild,WG085,40.75712939272894,-111.56214780445411,6277.4,3,74.7,55.3,63.7,0.0,0.0,0.0,0.0,0.0,0.0,63.13333333333333,63.3,0,0.0,0.0,0.0,0.0,0.0,11,0.5,6261.8,6299.2,6277.4,10.6,8.6,29.3,18.0,60.0,22.0,0.0,0.0,DUSTY,67,FAIR,low retained moisture may produce dust or loose soil; 11 days since measurable precipitation,153,30
2026-10-09,Jeep Hill (Safety Coridoor),Deer Valley,WG013,40.60451306969404,-111.50923514571896,8820.6,3,63.8,46.8,54.5,0.0,0.0,0.0,0.0,0.0,0.0,54.76666666666667,55.84285714285714,0,0.0,0.0,0.0,0.0,0.0,11,0.2,8699.5,8951.8,8820.6,12.6,13.1,16.8,100.0,0.0,0.0,0.0,0.0,DUSTY,67,FAIR,low retained moisture may produce dust or loose soil; 11 days since measurable precipitation,153,15
2026-10-09,Jordanelle (West Bank) Trail,Jordanelle,WG026,40.63639192686843,-111.4311179892118,6210.9,3,74.8,51.7,62.5,0.0,0.0,0.0,0.0,0.0,0.0,63.26666666666667,63.84285714285715,0,0.0,0.0,0.0,0.0,0.0,11,2.3,6170.8,6291.4,6210.9,9.7,9.2,24.7,24.1,2.0,42.2,31.7,0.0,DUSTY,67,FAIR,low retained moisture may produce dust or loose soil; 11 days since measurable precipitation,153,1
2026-10-09,Jordanelle Perimeter Trail,Jordanelle,WG024,40.633349610731685,-111.4121970547725,6216.7,3,74.9,51.9,62.6,0.0,0.0,0.0,0.0,0.0,0.0,63.366666666666674,63.971428571428575,0,0.0,0.0,0.0,0.0,0.0,11,9.3,6169.9,6411.7,6216.7,15.2,14.7,34.0,30.5,40.5,11.2,17.8,0.0,DUSTY,67,FAIR,low retained moisture may produce dust or loose soil; 11 days since measurable precipitation,153,1
2026-10-09,Jupiter Peak,Park City / PCMR,WG021,40.610319419324455,-111.54904593331813,9871.3,3,60.4,43.5,51.1,0.0,0.0,0.0,0.0,0.0,0.0,50.7,51.7,0,0.0,0.0,0.0,0.0,0.0,11,1.2,9729.6,9994.3,9871.3,14.3,12.7,30.3,26.2,39.3,21.5,13.1,0.0,DUSTY,67,FAIR,low retained moisture may produce dust or loose soil; 11 days since measurable precipitation,153,53
2026-10-09,Jupiter Ridge,Park City / PCMR,WG018,40.61268065771163,-111.53867835914352,9869.4,3,60.5,43.6,51.3,0.0,0.0,0.0,0.0,0.0,0.0,50.9,51.87142857142857,0,0.0,0.0,0.0,0.0,0.0,11,0.2,9741.8,9992.4,9869.4,16.9,16.3,26.1,12.5,0.0,6.2,81.2,0.0,DUSTY,67,FAIR,low retained moisture may produce dust or loose soil; 11 days since measurable precipitation,153,53
2026-10-09,Kaboom Trail / Call Sign Casa Trail,Jordanelle,WG027,40.62794719612903,-111.45468580169128,6888.6,3,73.0,49.9,60.8,0.0,0.0,0.0,0.0,0.0,0.0,61.63333333333333,61.91428571428571,0,0.0,0.0,0.0,0.0,0.0,11,1.1,6791.2,7063.8,6888.6,22.7,22.4,32.9,0.0,0.0,35.5,64.5,0.0,DUSTY,67,FAIR,low retained moisture may produce dust or loose soil; 11 days since measurable precipitation,153,1
2026-10-09,Kari's,Round Valley,WG055,40.69160040530727,-111.47515847036864,6850.2,3,73.7,49.4,60.4,0.0,0.0,0.0,0.0,0.0,0.0,60.43333333333334,60.68571428571428,0,0.0,0.0,0.0,0.0,0.0,11,0.8,6807.2,6882.7,6850.2,12.1,11.6,20.1,4.3,0.0,17.4,78.3,0.0,DUSTY,67,FAIR,low retained moisture may produce dust or loose soil; 11 days since measurable precipitation,153,48
2026-10-09,Keetley,Jordanelle,WG024,40.6438983646529,-111.4097274639112,6255.4,3,74.9,51.9,62.6,0.0,0.0,0.0,0.0,0.0,0.0,63.366666666666674,63.971428571428575,0,0.0,0.0,0.0,0.0,0.0,11,0.9,6176.9,6309.9,6255.4,5.8,5.5,11.3,36.8,59.2,3.9,0.0,0.0,DUSTY,67,FAIR,low retained moisture may produce dust or loose soil; 11 days since measurable precipitation,153,1
2026-10-09,Lavina,Deer Valley,WG006,40.58376333945228,-111.52567195673171,8621.7,3,64.5,47.6,55.2,0.0,0.0,0.0,0.0,0.0,0.0,55.5,56.57142857142857,0,0.0,0.0,0.0,0.0,0.0,11,1.0,8267.0,8818.5,8621.7,13.7,12.4,29.5,68.3,13.4,9.8,8.5,0.0,DUSTY,67,FAIR,low retained moisture may produce dust or loose soil; 11 days since measurable precipitation,153,15
2026-10-09,Little Engine Trail,Summit Park,WG089,40.756690732809,-111.59562244098744,6709.3,3,73.4,54.0,62.4,0.0,0.0,0.0,0.0,0.0,0.0,61.76666666666667,61.971428571428575,0,0.0,0.0,0.0,0.0,0.0,11,0.3,6693.2,6736.7,6709.3,9.5,10.2,17.8,4.3,0.0,82.6,13.0,0.0,DUSTY,67,FAIR,low retained moisture may produce dust or loose soil; 11 days since measurable precipitation,153,1
2026-10-09,Little Stick,Deer Valley,WG028,40.63409637421967,-111.478301770839,7464.6,3,71.2,48.1,59.8,0.0,0.0,0.0,0.0,0.0,0.0,60.73333333333334,62.14285714285715,0,0.0,0.0,0.0,0.0,0.0,11,0.3,7332.1,7603.8,7464.6,17.1,14.2,26.8,0.0,48.4,51.6,0.0,0.0,DUSTY,67,FAIR,low retained moisture may produce dust or loose soil; 11 days since measurable precipitation,153,15
2026-10-09,Longview,Jordanelle,WG040,40.65785550770212,-111.4151527495857,6299.6,3,75.4,51.1,62.6,0.0,0.0,0.0,0.0,0.0,0.0,63.3,63.84285714285714,0,0.0,0.0,0.0,0.0,0.0,11,0.3,6286.3,6315.8,6299.6,9.2,8.1,22.1,26.9,69.2,3.8,0.0,0.0,DUSTY,67,FAIR,low retained moisture may produce dust or loose soil; 11 days since measurable precipitation,153,1
2026-10-09,Looney Tunes Trail,Jordanelle,WG002,40.58370423178651,-111.40605522395904,7149.3,3,71.7,48.6,59.8,0.0,0.0,0.0,0.0,0.0,0.0,60.29999999999999,60.885714285714286,0,0.0,0.0,0.0,0.0,0.0,11,1.2,6976.5,7255.9,7149.3,12.9,13.2,21.5,0.0,3.0,78.8,18.2,0.0,DUSTY,67,FAIR,low retained moisture may produce dust or loose soil; 11 days since measurable precipitation,153,1
2026-10-09,Loose Moose,Park City / PCMR,WG031,40.64358346695202,-111.50940341630726,7446.3,3,70.8,47.8,59.4,0.0,0.0,0.0,0.0,0.0,0.0,60.33333333333332,61.74285714285714,0,0.0,0.0,0.0,0.0,0.0,11,0.8,7294.0,7580.3,7446.3,22.5,23.8,36.4,0.0,77.1,22.9,0.0,0.0,DUSTY,67,FAIR,low retained moisture may produce dust or loose soil; 11 days since measurable precipitation,153,53
2026-10-09,Lost Prospector,Park City / PCMR,WG047,40.659849225736586,-111.4888557229514,7044.5,3,72.3,48.0,59.7,0.0,0.0,0.0,0.0,0.0,0.0,60.400000000000006,61.12857142857143,0,0.0,0.0,0.0,0.0,0.0,11,3.2,6865.2,7153.9,7044.5,19.8,20.1,32.6,5.5,42.2,46.5,5.8,0.0,DUSTY,67,FAIR,low retained moisture may produce dust or loose soil; 11 days since measurable precipitation,153,53
2026-10-09,Lower Devo Trail,Deer Valley,WG032,40.63290230557317,-111.48205615844142,7656.5,3,69.5,46.4,58.1,0.0,0.0,0.0,0.0,0.0,0.0,59.0,60.41428571428571,0,0.0,0.0,0.0,0.0,0.0,11,1.1,7249.7,8016.5,7656.5,19.4,18.7,30.6,0.0,0.0,27.6,72.4,0.0,DUSTY,67,FAIR,low retained moisture may produce dust or loose soil; 11 days since measurable precipitation,153,15
2026-10-09,Lower Masonic,Park City / PCMR,WG047,40.65358630670372,-111.49972319928794,7113.0,3,72.3,48.0,59.7,0.0,0.0,0.0,0.0,0.0,0.0,60.400000000000006,61.12857142857143,0,0.0,0.0,0.0,0.0,0.0,11,0.6,7070.4,7149.0,7113.0,21.2,21.4,30.9,27.8,63.0,9.3,0.0,0.0,DUSTY,67,FAIR,low retained moisture may produce dust or loose soil; 11 days since measurable precipitation,153,53
2026-10-09,Lower Sparky Trail,Clark Ranch,WG044,40.66761130235187,-111.4559551589961,6689.8,3,73.5,49.2,60.3,0.0,0.0,0.0,0.0,0.0,0.0,60.66666666666666,60.885714285714286,0,0.0,0.0,0.0,0.0,0.0,11,1.5,6645.8,6769.7,6689.8,4.2,3.5,14.5,0.0,7.0,36.7,56.2,0.0,DUSTY,67,FAIR,low retained moisture may produce dust or loose soil; 11 days since measurable precipitation,153,1
2026-10-09,Lower Village,Deer Valley,WG028,40.64043848354113,-111.46360640728942,7008.1,3,71.2,48.1,59.8,0.0,0.0,0.0,0.0,0.0,0.0,60.73333333333334,62.14285714285715,0,0.0,0.0,0.0,0.0,0.0,11,0.3,6930.4,7071.0,7008.1,23.1,24.2,29.4,0.0,0.0,69.2,30.8,0.0,DUSTY,67,FAIR,low retained moisture may produce dust or loose soil; 11 days since measurable precipitation,153,15
2026-10-09,Lynx #2,Round Valley,WG044,40.66734087696376,-111.46694625830712,6898.8,3,73.5,49.2,60.3,0.0,0.0,0.0,0.0,0.0,0.0,60.66666666666666,60.885714285714286,0,0.0,0.0,0.0,0.0,0.0,11,1.6,6672.4,7099.9,6898.8,15.2,14.6,28.9,0.0,8.4,72.5,19.1,0.0,DUSTY,67,FAIR,low retained moisture may produce dust or loose soil; 11 days since measurable precipitation,153,48
2026-10-09,Masonic,Park City / PCMR,WG047,40.65628760128763,-111.48965728213436,7283.0,3,72.3,48.0,59.7,0.0,0.0,0.0,0.0,0.0,0.0,60.400000000000006,61.12857142857143,0,0.0,0.0,0.0,0.0,0.0,11,1.3,7131.6,7508.3,7283.0,18.7,18.8,28.4,0.0,9.4,72.6,17.9,0.0,DUSTY,67,FAIR,low retained moisture may produce dust or loose soil; 11 days since measurable precipitation,153,53
2026-10-09,McConkeys,Park City / PCMR,WG016,40.617956923480186,-111.52625119796232,8958.8,3,63.7,46.7,54.4,0.0,0.0,0.0,0.0,0.0,0.0,54.66666666666666,55.72857142857142,0,0.0,0.0,0.0,0.0,0.0,11,2.1,8486.4,9586.3,8958.8,14.0,13.8,26.4,1.1,3.2,40.3,55.4,0.0,DUSTY,67,FAIR,low retained moisture may produce dust or loose soil; 11 days since measurable precipitation,153,53
2026-10-09,McConkeys / Io Trail (Middle),Park City / PCMR,WG018,40.61168680632571,-111.53326494678502,9588.6,3,60.5,43.6,51.3,0.0,0.0,0.0,0.0,0.0,0.0,50.9,51.87142857142857,0,0.0,0.0,0.0,0.0,0.0,11,0.6,9432.6,9692.2,9588.6,19.8,24.9,29.9,72.5,0.0,7.8,19.6,0.0,DUSTY,67,FAIR,low retained moisture may produce dust or loose soil; 11 days since measurable precipitation,153,53
2026-10-09,McHenry Avenue,Deer Valley,WG031,40.640126864152855,-111.49219625319049,7274.9,3,70.8,47.8,59.4,0.0,0.0,0.0,0.0,0.0,0.0,60.33333333333332,61.74285714285714,0,0.0,0.0,0.0,0.0,0.0,11,0.3,7264.9,7287.3,7274.9,23.9,24.5,32.6,0.0,100.0,0.0,0.0,0.0,DUSTY,67,FAIR,low retained moisture may produce dust or loose soil; 11 days since measurable precipitation,153,15
2026-10-09,Milky Way,Jordanelle,WG042,40.65767372971338,-111.43373089841624,6795.1,3,73.7,49.4,60.9,0.0,0.0,0.0,0.0,0.0,0.0,61.53333333333333,62.02857142857143,0,0.0,0.0,0.0,0.0,0.0,11,1.2,6613.3,6963.5,6795.1,20.9,21.0,24.9,78.8,7.1,0.0,14.1,0.0,DUSTY,67,FAIR,low retained moisture may produce dust or loose soil; 11 days since measurable precipitation,153,1
2026-10-09,Milky Way / Two Rocks,Jordanelle,WG042,40.66056479638159,-111.42608338059031,6558.6,3,73.7,49.4,60.9,0.0,0.0,0.0,0.0,0.0,0.0,61.53333333333333,62.02857142857143,0,0.0,0.0,0.0,0.0,0.0,11,0.5,6482.8,6616.9,6558.6,17.8,17.5,24.0,64.3,0.0,0.0,35.7,0.0,DUSTY,67,FAIR,low retained moisture may produce dust or loose soil; 11 days since measurable precipitation,153,1
2026-10-09,Moose Hollow,Summit Park,WG088,40.76397899834495,-111.58866445905328,6467.6,3,74.2,54.7,63.2,0.0,0.0,0.0,0.0,0.0,0.0,62.6,62.75714285714286,0,0.0,0.0,0.0,0.0,0.0,11,1.0,6221.3,6678.6,6467.6,17.4,18.6,25.5,25.0,0.0,2.5,72.5,0.0,DUSTY,67,FAIR,low retained moisture may produce dust or loose soil; 11 days since measurable precipitation,153,1
2026-10-09,Moose Poop,Deer Valley,WG032,40.633538239133244,-111.50120248027572,7607.1,3,69.5,46.4,58.1,0.0,0.0,0.0,0.0,0.0,0.0,59.0,60.41428571428571,0,0.0,0.0,0.0,0.0,0.0,11,0.2,7512.7,7714.9,7607.1,15.5,14.9,25.8,20.0,0.0,5.0,75.0,0.0,DUSTY,67,FAIR,low retained moisture may produce dust or loose soil; 11 days since measurable precipitation,153,15
2026-10-09,Moose Tracks Trail,Park City / PCMR,WG009,40.59516414126596,-111.57427709390586,9258.1,3,62.3,45.4,53.1,0.0,0.0,0.0,0.0,0.0,0.0,52.79999999999999,54.08571428571429,0,0.0,0.0,0.0,0.0,0.0,11,0.9,9081.2,9389.1,9258.1,16.5,15.7,26.8,14.6,78.0,7.3,0.0,0.0,DUSTY,67,FAIR,low retained moisture may produce dust or loose soil; 11 days since measurable precipitation,153,53
2026-10-09,Moosebones,Deer Valley,WG013,40.61167254823319,-111.50326786094648,8857.2,3,63.8,46.8,54.5,0.0,0.0,0.0,0.0,0.0,0.0,54.76666666666667,55.84285714285714,0,0.0,0.0,0.0,0.0,0.0,11,0.9,8763.2,8943.9,8857.2,15.8,17.3,22.9,0.0,52.5,46.2,1.2,0.0,DUSTY,67,FAIR,low retained moisture may produce dust or loose soil; 11 days since measurable precipitation,153,15
2026-10-09,Moosehouse,Park City / PCMR,WG032,40.63204398195126,-111.5038481086022,7902.6,3,69.5,46.4,58.1,0.0,0.0,0.0,0.0,0.0,0.0,59.0,60.41428571428571,0,0.0,0.0,0.0,0.0,0.0,11,0.3,7714.9,8073.3,7902.6,16.2,18.9,24.8,7.7,0.0,65.4,26.9,0.0,DUSTY,67,FAIR,low retained moisture may produce dust or loose soil; 11 days since measurable precipitation,153,53
2026-10-09,Mother Urban,Deer Valley,WG032,40.63167066031289,-111.5034058570439,7904.1,3,69.5,46.4,58.1,0.0,0.0,0.0,0.0,0.0,0.0,59.0,60.41428571428571,0,0.0,0.0,0.0,0.0,0.0,11,2.4,7668.3,8272.5,7904.1,21.4,20.4,38.1,14.1,0.0,29.6,56.3,0.0,DUSTY,67,FAIR,low retained moisture may produce dust or loose soil; 11 days since measurable precipitation,153,15
2026-10-09,NCS,Deer Valley,WG032,40.62911396321707,-111.4803727621932,7992.5,3,69.5,46.4,58.1,0.0,0.0,0.0,0.0,0.0,0.0,59.0,60.41428571428571,0,0.0,0.0,0.0,0.0,0.0,11,0.7,7538.6,8347.5,7992.5,21.0,19.3,37.7,0.0,6.2,70.3,23.4,0.0,DUSTY,67,FAIR,low retained moisture may produce dust or loose soil; 11 days since measurable precipitation,153,15
2026-10-09,No Worries,Summit Park,WG081,40.73716048778493,-111.60234213265907,7289.1,3,71.2,52.0,61.2,0.0,0.0,0.0,0.0,0.0,0.0,61.16666666666666,62.35714285714285,0,0.0,0.0,0.0,0.0,0.0,11,2.1,6892.9,7679.1,7289.1,24.7,24.9,33.3,2.3,0.0,63.2,34.5,0.0,DUSTY,67,FAIR,low retained moisture may produce dust or loose soil; 11 days since measurable precipitation,153,1
2026-10-09,North Ross Creek Trail,Jordanelle,WG041,40.66585897507511,-111.42082357173696,6405.0,3,75.0,50.7,62.2,0.0,0.0,0.0,0.0,0.0,0.0,62.833333333333336,63.4,0,0.0,0.0,0.0,0.0,0.0,11,0.8,6296.2,6565.5,6405.0,11.7,9.8,33.0,31.4,12.9,15.7,40.0,0.0,DUSTY,67,FAIR,low retained moisture may produce dust or loose soil; 11 days since measurable precipitation,153,1
2026-10-09,OMG,Deer Valley,WG032,40.631226274970665,-111.4973428195913,7571.3,3,69.5,46.4,58.1,0.0,0.0,0.0,0.0,0.0,0.0,59.0,60.41428571428571,0,0.0,0.0,0.0,0.0,0.0,11,0.3,7486.1,7662.1,7571.3,27.8,29.0,32.3,0.0,72.0,28.0,0.0,0.0,DUSTY,67,FAIR,low retained moisture may produce dust or loose soil; 11 days since measurable precipitation,153,15
2026-10-09,Oh Deer Flow,Jordanelle,WG041,40.66237367218405,-111.42118550237925,6403.1,3,75.0,50.7,62.2,0.0,0.0,0.0,0.0,0.0,0.0,62.833333333333336,63.4,0,0.0,0.0,0.0,0.0,0.0,11,0.6,6282.9,6510.0,6403.1,14.6,15.3,20.1,7.8,0.0,0.0,92.2,0.0,DUSTY,67,FAIR,low retained moisture may produce dust or loose soil; 11 days since measurable precipitation,153,1
2026-10-09,Old Homeward Bound,Deer Valley,WG012,40.61357496233911,-111.48964629692756,8441.1,3,65.7,48.7,56.9,0.0,0.0,0.0,0.0,0.0,0.0,57.6,58.72857142857144,0,0.0,0.0,0.0,0.0,0.0,11,0.7,8264.5,8597.2,8441.1,23.2,23.8,29.4,0.0,71.2,28.8,0.0,0.0,DUSTY,67,FAIR,low retained moisture may produce dust or loose soil; 11 days since measurable precipitation,153,15
2026-10-09,Old Skool,Deer Valley,WG032,40.631898683587,-111.48423208918877,7827.2,3,69.5,46.4,58.1,0.0,0.0,0.0,0.0,0.0,0.0,59.0,60.41428571428571,0,0.0,0.0,0.0,0.0,0.0,11,0.4,7642.0,7986.8,7827.2,13.0,12.6,19.9,0.0,2.8,91.7,5.6,0.0,DUSTY,67,FAIR,low retained moisture may produce dust or loose soil; 11 days since measurable precipitation,153,15
2026-10-09,Ontario Canyon,Deer Valley,WG013,40.61130277448227,-111.48755898005427,8755.1,3,63.8,46.8,54.5,0.0,0.0,0.0,0.0,0.0,0.0,54.76666666666667,55.84285714285714,0,0.0,0.0,0.0,0.0,0.0,11,2.0,8138.9,9327.9,8755.1,12.1,11.9,26.1,7.9,28.4,56.8,6.8,0.0,DUSTY,67,FAIR,low retained moisture may produce dust or loose soil; 11 days since measurable precipitation,153,15
2026-10-09,Ontario Ridge,Deer Valley,WG032,40.62821582013441,-111.49780973717266,7815.3,3,69.5,46.4,58.1,0.0,0.0,0.0,0.0,0.0,0.0,59.0,60.41428571428571,0,0.0,0.0,0.0,0.0,0.0,11,0.2,7722.8,7903.4,7815.3,9.9,9.9,15.1,0.0,0.0,57.1,42.9,0.0,DUSTY,67,FAIR,low retained moisture may produce dust or loose soil; 11 days since measurable precipitation,153,15
2026-10-09,Outlook,Deer Valley,WG029,40.63657831428653,-111.4685462481628,7646.2,3,69.8,46.8,58.5,0.0,0.0,0.0,0.0,0.0,0.0,59.36666666666667,60.785714285714285,0,0.0,0.0,0.0,0.0,0.0,11,0.5,7621.6,7707.0,7646.2,21.5,20.9,30.1,0.0,13.3,51.1,35.6,0.0,DUSTY,67,FAIR,low retained moisture may produce dust or loose soil; 11 days since measurable precipitation,153,15
2026-10-09,Pale Green Dot,Summit Park,WG078,40.74689592786439,-111.59182437672968,6802.1,3,73.1,53.7,62.1,0.0,0.0,0.0,0.0,0.0,0.0,61.46666666666667,61.67142857142857,0,0.0,0.0,0.0,0.0,0.0,11,1.0,6633.4,6985.9,6802.1,16.5,16.0,25.2,0.0,69.6,27.8,2.5,0.0,DUSTY,67,FAIR,low retained moisture may produce dust or loose soil; 11 days since measurable precipitation,153,1
2026-10-09,Parley's Lane,Summit Park,WG089,40.75375624958085,-111.59849347383722,6719.0,3,73.4,54.0,62.4,0.0,0.0,0.0,0.0,0.0,0.0,61.76666666666667,61.971428571428575,0,0.0,0.0,0.0,0.0,0.0,11,1.0,6641.6,6766.5,6719.0,9.3,8.9,19.0,33.7,2.3,19.8,44.2,0.0,DUSTY,67,FAIR,low retained moisture may produce dust or loose soil; 11 days since measurable precipitation,153,1
2026-10-09,Payroll,Deer Valley,WG013,40.61095393430099,-111.5094443089702,8630.4,3,63.8,46.8,54.5,0.0,0.0,0.0,0.0,0.0,0.0,54.76666666666667,55.84285714285714,0,0.0,0.0,0.0,0.0,0.0,11,0.3,8529.1,8727.3,8630.4,18.9,19.2,27.9,0.0,3.4,13.8,82.8,0.0,DUSTY,67,FAIR,low retained moisture may produce dust or loose soil; 11 days since measurable precipitation,153,15
2026-10-09,Pedalers Inn,Deer Valley,WG012,40.61923438649311,-111.4865707901735,8286.8,3,65.7,48.7,56.9,0.0,0.0,0.0,0.0,0.0,0.0,57.6,58.72857142857144,0,0.0,0.0,0.0,0.0,0.0,11,0.3,8165.9,8405.8,8286.8,16.8,17.9,22.3,0.0,8.3,91.7,0.0,0.0,DUSTY,67,FAIR,low retained moisture may produce dust or loose soil; 11 days since measurable precipitation,153,15
2026-10-09,Pinebrook Point,Pinebrook,WG089,40.75079411917499,-111.57994193527573,6623.3,3,73.4,54.0,62.4,0.0,0.0,0.0,0.0,0.0,0.0,61.76666666666667,61.971428571428575,0,0.0,0.0,0.0,0.0,0.0,11,0.3,6553.0,6684.0,6623.3,12.0,11.9,19.3,0.0,0.0,11.5,88.5,0.0,DUSTY,67,FAIR,low retained moisture may produce dust or loose soil; 11 days since measurable precipitation,153,11
2026-10-09,Pinebrook Pointe South,Pinebrook,WG078,40.74959135152933,-111.5795998040212,6632.5,3,73.1,53.7,62.1,0.0,0.0,0.0,0.0,0.0,0.0,61.46666666666667,61.67142857142857,0,0.0,0.0,0.0,0.0,0.0,11,0.1,6602.3,6649.2,6632.5,13.9,11.6,22.3,0.0,0.0,54.5,45.5,0.0,DUSTY,67,FAIR,low retained moisture may produce dust or loose soil; 11 days since measurable precipitation,153,11
2026-10-09,Pinebrook Southeast Perimeter / Hunter's Trail of the Mid Mountain,Pinebrook,WG072,40.71419878562093,-111.5896757552273,7875.5,3,69.8,50.5,59.8,0.0,0.0,0.0,0.0,0.0,0.0,59.7,60.871428571428574,0,0.0,0.0,0.0,0.0,0.0,11,4.5,7281.3,8136.4,7875.5,23.6,23.4,40.6,8.7,12.8,35.0,43.4,0.0,DUSTY,67,FAIR,low retained moisture may produce dust or loose soil; 11 days since measurable precipitation,153,11
2026-10-09,Pinebrook Southeast Perimeter Trail,Pinebrook,WG078,40.73058687532795,-111.57244227312069,6947.5,3,73.1,53.7,62.1,0.0,0.0,0.0,0.0,0.0,0.0,61.46666666666667,61.67142857142857,0,0.0,0.0,0.0,0.0,0.0,11,3.9,6418.7,7454.2,6947.5,22.5,22.0,36.2,48.1,1.6,18.4,31.9,0.0,DUSTY,67,FAIR,low retained moisture may produce dust or loose soil; 11 days since measurable precipitation,153,11
2026-10-09,Pioneer Ridge,Park City / PCMR,WG018,40.61649374604546,-111.53892521633333,9598.5,3,60.5,43.6,51.3,0.0,0.0,0.0,0.0,0.0,0.0,50.9,51.87142857142857,0,0.0,0.0,0.0,0.0,0.0,11,0.8,9398.0,9865.2,9598.5,17.9,16.4,31.7,2.9,10.0,58.6,28.6,0.0,DUSTY,67,FAIR,low retained moisture may produce dust or loose soil; 11 days since measurable precipitation,153,53
2026-10-09,Pipeline,Deer Valley,WG028,40.63885618836171,-111.46966538134832,7356.9,3,71.2,48.1,59.8,0.0,0.0,0.0,0.0,0.0,0.0,60.73333333333334,62.14285714285715,0,0.0,0.0,0.0,0.0,0.0,11,1.7,7071.0,7635.0,7356.9,21.4,21.4,30.9,0.0,18.4,81.6,0.0,0.0,DUSTY,67,FAIR,low retained moisture may produce dust or loose soil; 11 days since measurable precipitation,153,15
2026-10-09,Pointy Rocks,Deer Valley,WG031,40.63679995846106,-111.48172224533342,7428.0,3,70.8,47.8,59.4,0.0,0.0,0.0,0.0,0.0,0.0,60.33333333333332,61.74285714285714,0,0.0,0.0,0.0,0.0,0.0,11,0.2,7323.2,7519.3,7428.0,22.1,22.9,31.8,0.0,0.0,11.1,88.9,0.0,DUSTY,67,FAIR,low retained moisture may produce dust or loose soil; 11 days since measurable precipitation,153,15
2026-10-09,Powerline,Pinebrook,WG078,40.74237998272819,-111.5716363238219,6548.4,3,73.1,53.7,62.1,0.0,0.0,0.0,0.0,0.0,0.0,61.46666666666667,61.67142857142857,0,0.0,0.0,0.0,0.0,0.0,11,0.3,6493.6,6609.7,6548.4,15.7,15.5,21.0,0.0,0.0,25.8,74.2,0.0,DUSTY,67,FAIR,low retained moisture may produce dust or loose soil; 11 days since measurable precipitation,153,11
2026-10-09,Powerline Connector,Pinebrook,WG078,40.74298978990414,-111.5728828415412,6585.6,3,73.1,53.7,62.1,0.0,0.0,0.0,0.0,0.0,0.0,61.46666666666667,61.67142857142857,0,0.0,0.0,0.0,0.0,0.0,11,0.1,6554.5,6626.1,6585.6,17.9,18.6,21.5,0.0,0.0,46.2,53.8,0.0,DUSTY,67,FAIR,low retained moisture may produce dust or loose soil; 11 days since measurable precipitation,153,11
2026-10-09,Practice Loops,Round Valley,WG055,40.68336469607561,-111.47532267974417,6752.0,3,73.7,49.4,60.4,0.0,0.0,0.0,0.0,0.0,0.0,60.43333333333334,60.68571428571428,0,0.0,0.0,0.0,0.0,0.0,11,0.6,6717.5,6795.3,6752.0,6.6,6.5,8.7,76.5,0.0,0.0,23.5,0.0,DUSTY,67,FAIR,low retained moisture may produce dust or loose soil; 11 days since measurable precipitation,153,48
2026-10-09,Preserve Connector,Jeremy Ranch / Glenwild,WG087,40.76330147562161,-111.54585203221042,7230.0,3,71.3,52.0,61.1,0.0,0.0,0.0,0.0,0.0,0.0,60.8,61.44285714285714,0,0.0,0.0,0.0,0.0,0.0,11,0.9,7066.5,7395.2,7230.0,18.8,19.4,29.7,28.9,68.4,1.3,1.3,0.0,DUSTY,67,FAIR,low retained moisture may produce dust or loose soil; 11 days since measurable precipitation,153,30
2026-10-09,Princess Di's,Clark Ranch,WG083,40.751465442037045,-111.43628535405452,6858.8,3,73.4,49.1,60.5,0.0,0.0,0.0,0.0,0.0,0.0,61.06666666666666,61.642857142857146,0,0.0,0.0,0.0,0.0,0.0,11,2.9,6662.7,7029.2,6858.8,17.2,17.8,28.0,32.1,1.3,27.8,38.9,0.0,DUSTY,67,FAIR,low retained moisture may produce dust or loose soil; 11 days since measurable precipitation,153,1
2026-10-09,Prospect,Deer Valley,WG031,40.63405408516434,-111.49547333835608,7482.8,3,70.8,47.8,59.4,0.0,0.0,0.0,0.0,0.0,0.0,60.33333333333332,61.74285714285714,0,0.0,0.0,0.0,0.0,0.0,11,0.6,7306.8,7711.1,7482.8,11.0,10.3,21.4,0.0,19.2,78.8,1.9,0.0,DUSTY,67,FAIR,low retained moisture may produce dust or loose soil; 11 days since measurable precipitation,153,15
2026-10-09,Putty Tat Trail,Jordanelle,WG001,40.59267845848291,-111.40267007297948,6514.0,3,73.3,50.3,61.5,0.0,0.0,0.0,0.0,0.0,0.0,61.86666666666667,62.471428571428575,0,0.0,0.0,0.0,0.0,0.0,11,0.6,6468.3,6590.1,6514.0,10.5,9.5,25.2,0.0,30.6,59.2,10.2,0.0,DUSTY,67,FAIR,low retained moisture may produce dust or loose soil; 11 days since measurable precipitation,153,1
2026-10-09,Quinn's Connect,Round Valley,WG055,40.68185946906874,-111.4726829059293,6720.8,3,73.7,49.4,60.4,0.0,0.0,0.0,0.0,0.0,0.0,60.43333333333334,60.68571428571428,0,0.0,0.0,0.0,0.0,0.0,11,0.5,6686.8,6763.4,6720.8,8.1,6.3,17.0,34.8,28.3,23.9,13.0,0.0,DUSTY,67,FAIR,low retained moisture may produce dust or loose soil; 11 days since measurable precipitation,153,48
2026-10-09,Rinse Cycle Trail,Deer Valley,WG028,40.62990230274806,-111.45944053119273,7191.1,3,71.2,48.1,59.8,0.0,0.0,0.0,0.0,0.0,0.0,60.73333333333334,62.14285714285715,0,0.0,0.0,0.0,0.0,0.0,11,2.6,6863.6,7603.9,7191.1,21.5,21.4,33.6,18.3,0.0,16.4,65.3,0.0,DUSTY,67,FAIR,low retained moisture may produce dust or loose soil; 11 days since measurable precipitation,153,15
2026-10-09,Ripple Trail,Deer Valley,WG029,40.63554405253732,-111.47490110184252,7588.0,3,69.8,46.8,58.5,0.0,0.0,0.0,0.0,0.0,0.0,59.36666666666667,60.785714285714285,0,0.0,0.0,0.0,0.0,0.0,11,2.6,7239.4,7945.4,7588.0,19.9,19.6,34.1,0.0,28.5,45.5,26.0,0.0,DUSTY,67,FAIR,low retained moisture may produce dust or loose soil; 11 days since measurable precipitation,153,15
2026-10-09,Riverview West Trail,Jordanelle,WG001,40.58565113588149,-111.41386481977428,6730.6,3,73.3,50.3,61.5,0.0,0.0,0.0,0.0,0.0,0.0,61.86666666666667,62.471428571428575,0,0.0,0.0,0.0,0.0,0.0,11,1.8,6501.9,6978.6,6730.6,18.7,20.9,27.7,11.7,51.9,33.1,3.2,0.0,DUSTY,67,FAIR,low retained moisture may produce dust or loose soil; 11 days since measurable precipitation,153,1
2026-10-09,Road to WOS,Summit Park,WG082,40.73344363030311,-111.61407104321202,7712.2,3,69.8,50.6,59.8,0.0,0.0,0.0,0.0,0.0,0.0,59.76666666666667,60.95714285714286,0,0.0,0.0,0.0,0.0,0.0,11,2.8,7391.3,7924.7,7712.2,25.7,27.6,35.9,0.0,13.6,79.2,7.2,0.0,DUSTY,67,FAIR,low retained moisture may produce dust or loose soil; 11 days since measurable precipitation,153,1
2026-10-09,RocMon,Round Valley,WG055,40.68788668982749,-111.4548390225179,6677.5,3,73.7,49.4,60.4,0.0,0.0,0.0,0.0,0.0,0.0,60.43333333333334,60.68571428571428,0,0.0,0.0,0.0,0.0,0.0,11,0.6,6571.6,6786.6,6677.5,15.4,14.0,24.5,10.9,89.1,0.0,0.0,0.0,DUSTY,67,FAIR,low retained moisture may produce dust or loose soil; 11 days since measurable precipitation,153,48
2026-10-09,Rossi Hill Trail,Deer Valley,WG031,40.63808222920599,-111.4919292526201,7341.8,3,70.8,47.8,59.4,0.0,0.0,0.0,0.0,0.0,0.0,60.33333333333332,61.74285714285714,0,0.0,0.0,0.0,0.0,0.0,11,1.5,7288.7,7458.0,7341.8,18.8,19.8,32.7,0.0,56.0,41.0,3.0,0.0,DUSTY,67,FAIR,low retained moisture may produce dust or loose soil; 11 days since measurable precipitation,153,15
2026-10-09,Rusty Spur,Round Valley,WG065,40.70159189598121,-111.4765958017646,6731.2,3,73.9,49.6,60.4,0.0,0.0,0.0,0.0,0.0,0.0,60.4,60.51428571428571,0,0.0,0.0,0.0,0.0,0.0,11,0.1,6714.0,6747.5,6731.2,10.1,10.0,11.8,0.0,0.0,0.0,100.0,0.0,DUSTY,67,FAIR,low retained moisture may produce dust or loose soil; 11 days since measurable precipitation,153,48
2026-10-09,SOS,Park City / PCMR,WG046,40.666448184385416,-111.48116864087982,6803.8,3,73.3,49.0,60.7,0.0,0.0,0.0,0.0,0.0,0.0,61.400000000000006,62.17142857142857,0,0.0,0.0,0.0,0.0,0.0,11,0.3,6720.9,6916.3,6803.8,13.6,14.3,26.1,0.0,8.7,78.3,13.0,0.0,DUSTY,67,FAIR,low retained moisture may produce dust or loose soil; 11 days since measurable precipitation,153,53
2026-10-09,SQ Connector Trail,Round Valley,WG055,40.68949659271035,-111.47067515084642,6728.8,3,73.7,49.4,60.4,0.0,0.0,0.0,0.0,0.0,0.0,60.43333333333334,60.68571428571428,0,0.0,0.0,0.0,0.0,0.0,11,0.3,6689.9,6760.9,6728.8,6.3,5.8,15.7,15.4,0.0,0.0,84.6,0.0,DUSTY,67,FAIR,low retained moisture may produce dust or loose soil; 11 days since measurable precipitation,153,48
2026-10-09,Sam's Trail,Deer Valley,WG012,40.61912724197413,-111.50964994268364,8145.3,3,65.7,48.7,56.9,0.0,0.0,0.0,0.0,0.0,0.0,57.6,58.72857142857144,0,0.0,0.0,0.0,0.0,0.0,11,0.9,8032.3,8261.1,8145.3,21.8,22.0,27.6,0.0,47.5,13.8,38.8,0.0,DUSTY,67,FAIR,low retained moisture may produce dust or loose soil; 11 days since measurable precipitation,153,15
2026-10-09,Scott's Bypass,Park City / PCMR,WG021,40.612047856355446,-111.55918064050742,9658.7,3,60.4,43.5,51.1,0.0,0.0,0.0,0.0,0.0,0.0,50.7,51.7,0,0.0,0.0,0.0,0.0,0.0,11,1.4,9481.4,9770.8,9658.7,20.2,20.1,35.8,21.1,69.3,9.6,0.0,0.0,DUSTY,67,FAIR,low retained moisture may produce dust or loose soil; 11 days since measurable precipitation,153,53
2026-10-09,Shenanigans,Deer Valley,WG012,40.62034189886961,-111.49849814997506,8237.7,3,65.7,48.7,56.9,0.0,0.0,0.0,0.0,0.0,0.0,57.6,58.72857142857144,0,0.0,0.0,0.0,0.0,0.0,11,0.2,8225.2,8255.4,8237.7,16.3,16.2,19.8,0.0,0.0,85.7,14.3,0.0,DUSTY,67,FAIR,low retained moisture may produce dust or loose soil; 11 days since measurable precipitation,153,15
2026-10-09,Short Ribs,Summit Park,WG082,40.7348537895427,-111.62048055745409,7705.3,3,69.8,50.6,59.8,0.0,0.0,0.0,0.0,0.0,0.0,59.76666666666667,60.95714285714286,0,0.0,0.0,0.0,0.0,0.0,11,0.2,7670.7,7741.2,7705.3,24.0,23.9,30.9,0.0,0.0,0.0,100.0,0.0,DUSTY,67,FAIR,low retained moisture may produce dust or loose soil; 11 days since measurable precipitation,153,1
2026-10-09,Short Stack,Summit Park,WG082,40.73936874753804,-111.6200542747078,7652.8,3,69.8,50.6,59.8,0.0,0.0,0.0,0.0,0.0,0.0,59.76666666666667,60.95714285714286,0,0.0,0.0,0.0,0.0,0.0,11,1.5,7374.7,7830.5,7652.8,26.7,26.7,36.8,7.1,0.0,43.3,49.6,0.0,DUSTY,67,FAIR,low retained moisture may produce dust or loose soil; 11 days since measurable precipitation,153,1
2026-10-09,Silver Creek Trail,Round Valley,WG074,40.728195917662575,-111.48449884114967,6494.3,3,74.8,50.5,61.3,0.0,0.0,0.0,0.0,0.0,0.0,60.93333333333334,61.471428571428575,0,0.0,0.0,0.0,0.0,0.0,11,1.5,6472.0,6522.3,6494.3,3.4,3.1,9.1,28.0,14.4,15.2,42.4,0.0,DUSTY,67,FAIR,low retained moisture may produce dust or loose soil; 11 days since measurable precipitation,153,48
2026-10-09,Silver Gate,Round Valley,WG073,40.72728013881357,-111.46748664430804,6513.4,3,74.6,50.3,61.1,0.0,0.0,0.0,0.0,0.0,0.0,61.16666666666666,61.285714285714285,0,0.0,0.0,0.0,0.0,0.0,11,0.4,6510.4,6517.6,6513.4,1.6,1.5,3.8,20.9,62.8,16.3,0.0,0.0,DUSTY,67,FAIR,low retained moisture may produce dust or loose soil; 11 days since measurable precipitation,153,48
2026-10-09,Silver Spur,Park City / PCMR,WG049,40.65266965116334,-111.5117818738982,6980.8,3,72.3,53.1,61.7,0.0,0.0,0.0,0.0,0.0,0.0,61.66666666666666,62.07142857142857,0,0.0,0.0,0.0,0.0,0.0,11,0.7,6926.4,7004.9,6980.8,13.8,13.5,24.9,0.0,7.6,60.6,31.8,0.0,DUSTY,67,FAIR,low retained moisture may produce dust or loose soil; 11 days since measurable precipitation,153,53
2026-10-09,Skid Row,Park City / PCMR,WG044,40.66845831872771,-111.47381352761975,6920.8,3,73.5,49.2,60.3,0.0,0.0,0.0,0.0,0.0,0.0,60.66666666666666,60.885714285714286,0,0.0,0.0,0.0,0.0,0.0,11,1.2,6678.1,7107.5,6920.8,17.9,17.4,29.9,0.0,1.9,96.1,1.9,0.0,DUSTY,67,FAIR,low retained moisture may produce dust or loose soil; 11 days since measurable precipitation,153,53
2026-10-09,Skyridge Peak Trail / Milky Way,Jordanelle,WG043,40.65984634182248,-111.4368345884266,7139.2,3,72.4,48.1,59.6,0.0,0.0,0.0,0.0,0.0,0.0,60.23333333333333,60.71428571428572,0,0.0,0.0,0.0,0.0,0.0,11,1.2,6963.5,7331.5,7139.2,22.4,23.3,33.7,59.8,28.9,0.0,11.3,0.0,DUSTY,67,FAIR,low retained moisture may produce dust or loose soil; 11 days since measurable precipitation,153,1
2026-10-09,Snake Pit Trail,Park City / PCMR,WG010,40.58750533085767,-111.57189033610032,9625.4,3,60.4,43.5,51.2,0.0,0.0,0.0,0.0,0.0,0.0,50.9,52.18571428571429,0,0.0,0.0,0.0,0.0,0.0,11,1.1,9378.6,9871.8,9625.4,15.8,14.9,33.7,0.0,46.3,53.7,0.0,0.0,DUSTY,67,FAIR,low retained moisture may produce dust or loose soil; 11 days since measurable precipitation,153,53
2026-10-09,Snowtop,Deer Valley,WG028,40.64752229561398,-111.4705824068134,7443.3,3,71.2,48.1,59.8,0.0,0.0,0.0,0.0,0.0,0.0,60.73333333333334,62.14285714285715,0,0.0,0.0,0.0,0.0,0.0,11,1.7,7307.2,7590.1,7443.3,19.4,21.1,29.7,41.6,14.6,19.7,24.1,0.0,DUSTY,67,FAIR,low retained moisture may produce dust or loose soil; 11 days since measurable precipitation,153,15
2026-10-09,Solamere,Deer Valley,WG045,40.65168830951934,-111.47267426337083,7304.0,3,72.0,47.7,59.4,0.0,0.0,0.0,0.0,0.0,0.0,60.1,60.87142857142857,0,0.0,0.0,0.0,0.0,0.0,11,2.3,7128.6,7460.6,7304.0,20.7,21.1,32.5,14.8,80.3,3.0,2.0,0.0,DUSTY,67,FAIR,low retained moisture may produce dust or loose soil; 11 days since measurable precipitation,153,15
2026-10-09,Solamere Connector,Deer Valley,WG045,40.651338463153365,-111.4797751905619,7331.1,3,72.0,47.7,59.4,0.0,0.0,0.0,0.0,0.0,0.0,60.1,60.87142857142857,0,0.0,0.0,0.0,0.0,0.0,11,1.0,7128.4,7532.8,7331.1,18.6,20.2,27.4,0.0,0.0,15.1,84.9,0.0,DUSTY,67,FAIR,low retained moisture may produce dust or loose soil; 11 days since measurable precipitation,153,15
2026-10-09,Somewhere Elks,Round Valley,WG055,40.68702802029736,-111.47813858810876,6977.4,3,73.7,49.4,60.4,0.0,0.0,0.0,0.0,0.0,0.0,60.43333333333334,60.68571428571428,0,0.0,0.0,0.0,0.0,0.0,11,1.0,6796.2,7145.1,6977.4,10.8,11.0,23.8,84.6,6.4,0.0,9.0,0.0,DUSTY,67,FAIR,low retained moisture may produce dust or loose soil; 11 days since measurable precipitation,153,48
2026-10-09,South Canyon,Round Valley,WG055,40.697084178294816,-111.45372200426904,6732.0,3,73.7,49.4,60.4,0.0,0.0,0.0,0.0,0.0,0.0,60.43333333333334,60.68571428571428,0,0.0,0.0,0.0,0.0,0.0,11,4.0,6549.1,6909.1,6732.0,10.4,10.8,23.6,28.3,69.6,1.9,0.3,0.0,DUSTY,67,FAIR,low retained moisture may produce dust or loose soil; 11 days since measurable precipitation,153,48
2026-10-09,South Sweeney,Park City / PCMR,WG031,40.64194117786604,-111.49870009761844,7400.1,3,70.8,47.8,59.4,0.0,0.0,0.0,0.0,0.0,0.0,60.33333333333332,61.74285714285714,0,0.0,0.0,0.0,0.0,0.0,11,0.7,7257.8,7492.4,7400.1,24.7,25.3,32.1,0.0,0.0,22.6,77.4,0.0,DUSTY,67,FAIR,low retained moisture may produce dust or loose soil; 11 days since measurable precipitation,153,53
2026-10-09,Spare Change,Summit Park,WG080,40.74164553017363,-111.60031464541484,6827.9,3,72.9,53.6,62.1,0.0,0.0,0.0,0.0,0.0,0.0,62.00000000000001,62.54285714285714,0,0.0,0.0,0.0,0.0,0.0,11,0.3,6772.5,6883.6,6827.9,23.6,25.8,34.2,0.0,0.0,25.0,75.0,0.0,DUSTY,67,FAIR,low retained moisture may produce dust or loose soil; 11 days since measurable precipitation,153,1
2026-10-09,Sparky's Return,Clark Ranch,WG044,40.6617858998794,-111.45698342605078,6783.6,3,73.5,49.2,60.3,0.0,0.0,0.0,0.0,0.0,0.0,60.66666666666666,60.885714285714286,0,0.0,0.0,0.0,0.0,0.0,11,0.4,6750.7,6826.6,6783.6,11.3,11.6,16.9,0.0,15.6,21.9,62.5,0.0,DUSTY,67,FAIR,low retained moisture may produce dust or loose soil; 11 days since measurable precipitation,153,1
2026-10-09,Spin Cycle Trail,Deer Valley,WG028,40.63411801502942,-111.46082430079326,7178.8,3,71.2,48.1,59.8,0.0,0.0,0.0,0.0,0.0,0.0,60.73333333333334,62.14285714285715,0,0.0,0.0,0.0,0.0,0.0,11,1.8,6835.8,7600.6,7178.8,21.4,21.1,31.7,2.8,0.0,51.0,46.2,0.0,DUSTY,67,FAIR,low retained moisture may produce dust or loose soil; 11 days since measurable precipitation,153,15
2026-10-09,St. Regis Trail,Deer Valley,WG028,40.639112933407205,-111.47591481144916,7383.3,3,71.2,48.1,59.8,0.0,0.0,0.0,0.0,0.0,0.0,60.73333333333334,62.14285714285715,0,0.0,0.0,0.0,0.0,0.0,11,0.3,7301.5,7454.4,7383.3,24.3,27.6,31.8,0.0,91.2,8.8,0.0,0.0,DUSTY,67,FAIR,low retained moisture may produce dust or loose soil; 11 days since measurable precipitation,153,15
2026-10-09,Sunset,Deer Valley,WG013,40.61222429898699,-111.48546906629171,8777.5,3,63.8,46.8,54.5,0.0,0.0,0.0,0.0,0.0,0.0,54.76666666666667,55.84285714285714,0,0.0,0.0,0.0,0.0,0.0,11,1.2,8436.0,9053.2,8777.5,15.2,14.9,28.2,0.0,51.4,45.9,2.7,0.0,DUSTY,67,FAIR,low retained moisture may produce dust or loose soil; 11 days since measurable precipitation,153,15
2026-10-09,Super G,Deer Valley,WG013,40.6078734147108,-111.486644562986,8939.8,3,63.8,46.8,54.5,0.0,0.0,0.0,0.0,0.0,0.0,54.76666666666667,55.84285714285714,0,0.0,0.0,0.0,0.0,0.0,11,0.4,8867.6,8997.5,8939.8,15.7,15.0,27.9,5.9,94.1,0.0,0.0,0.0,DUSTY,67,FAIR,low retained moisture may produce dust or loose soil; 11 days since measurable precipitation,153,15
2026-10-09,Sven,Jordanelle,WG040,40.66216079919324,-111.41880056586604,6299.4,3,75.4,51.1,62.6,0.0,0.0,0.0,0.0,0.0,0.0,63.3,63.84285714285714,0,0.0,0.0,0.0,0.0,0.0,11,0.1,6282.2,6318.4,6299.4,11.9,10.3,19.9,13.3,86.7,0.0,0.0,0.0,DUSTY,67,FAIR,low retained moisture may produce dust or loose soil; 11 days since measurable precipitation,153,1
2026-10-09,Sweeney Switchbacks,Park City / PCMR,WG031,40.64428684826398,-111.50263935593632,7442.9,3,70.8,47.8,59.4,0.0,0.0,0.0,0.0,0.0,0.0,60.33333333333332,61.74285714285714,0,0.0,0.0,0.0,0.0,0.0,11,1.0,7261.1,7656.2,7442.9,19.7,19.5,30.8,0.0,0.0,61.6,38.4,0.0,DUSTY,67,FAIR,low retained moisture may produce dust or loose soil; 11 days since measurable precipitation,153,53
2026-10-09,Sweeneys,Park City / PCMR,WG032,40.6416793962084,-111.50380066992643,7712.4,3,69.5,46.4,58.1,0.0,0.0,0.0,0.0,0.0,0.0,59.0,60.41428571428571,0,0.0,0.0,0.0,0.0,0.0,11,0.3,7656.2,7764.1,7712.4,17.7,17.3,23.8,0.0,0.0,96.9,3.1,0.0,DUSTY,67,FAIR,low retained moisture may produce dust or loose soil; 11 days since measurable precipitation,153,53
2026-10-09,T&G,Deer Valley,WG016,40.611941402305575,-111.51506977898008,8673.3,3,63.7,46.7,54.4,0.0,0.0,0.0,0.0,0.0,0.0,54.66666666666666,55.72857142857142,0,0.0,0.0,0.0,0.0,0.0,11,1.2,8586.9,8760.0,8673.3,16.7,19.3,29.1,19.0,9.5,34.3,37.1,0.0,DUSTY,67,FAIR,low retained moisture may produce dust or loose soil; 11 days since measurable precipitation,153,15
2026-10-09,T&G 2,Deer Valley,WG016,40.62089143656375,-111.51568549288604,8599.5,3,63.7,46.7,54.4,0.0,0.0,0.0,0.0,0.0,0.0,54.66666666666666,55.72857142857142,0,0.0,0.0,0.0,0.0,0.0,11,0.9,8357.2,8729.4,8599.5,20.7,23.5,35.6,2.6,0.0,42.1,55.3,0.0,DUSTY,67,FAIR,low retained moisture may produce dust or loose soil; 11 days since measurable precipitation,153,15
2026-10-09,TDS Ontario Bypass,Deer Valley,WG032,40.62591563844938,-111.49801252893096,7889.0,3,69.5,46.4,58.1,0.0,0.0,0.0,0.0,0.0,0.0,59.0,60.41428571428571,0,0.0,0.0,0.0,0.0,0.0,11,1.0,7719.2,8043.7,7889.0,16.0,15.1,26.9,0.0,2.1,35.4,62.5,0.0,DUSTY,67,FAIR,low retained moisture may produce dust or loose soil; 11 days since measurable precipitation,153,15
2026-10-09,Tall Oaks Circle,Pinebrook,WG078,40.73938310561022,-111.57541687830556,6961.5,3,73.1,53.7,62.1,0.0,0.0,0.0,0.0,0.0,0.0,61.46666666666667,61.67142857142857,0,0.0,0.0,0.0,0.0,0.0,11,0.3,6901.0,7028.0,6961.5,12.3,12.6,19.5,47.8,47.8,4.3,0.0,0.0,DUSTY,67,FAIR,low retained moisture may produce dust or loose soil; 11 days since measurable precipitation,153,11
2026-10-09,Tall T Trail,Deer Valley,WG007,40.59029104976929,-111.52734087474852,9033.3,3,62.9,45.9,53.6,0.0,0.0,0.0,0.0,0.0,0.0,53.7,54.871428571428574,0,0.0,0.0,0.0,0.0,0.0,11,4.4,8733.0,9353.0,9033.3,18.9,19.0,34.3,27.0,2.8,28.7,41.5,0.0,DUSTY,67,FAIR,low retained moisture may produce dust or loose soil; 11 days since measurable precipitation,153,15
2026-10-09,Team Big Bear,Deer Valley,WG013,40.61639926546102,-111.50010669410356,8610.0,3,63.8,46.8,54.5,0.0,0.0,0.0,0.0,0.0,0.0,54.76666666666667,55.84285714285714,0,0.0,0.0,0.0,0.0,0.0,11,1.3,8332.9,8855.8,8610.0,15.5,15.9,23.1,0.0,13.8,68.8,17.4,0.0,DUSTY,67,FAIR,low retained moisture may produce dust or loose soil; 11 days since measurable precipitation,153,15
2026-10-09,The Avenues,Summit Park,WG090,40.75998198374273,-111.6028265058925,7081.5,3,71.4,52.1,60.6,0.0,0.0,0.0,0.0,0.0,0.0,60.46666666666667,61.02857142857143,0,0.0,0.0,0.0,0.0,0.0,11,1.7,6907.1,7241.2,7081.5,20.5,20.6,30.1,62.7,0.0,0.0,37.3,0.0,DUSTY,67,FAIR,low retained moisture may produce dust or loose soil; 11 days since measurable precipitation,153,1
2026-10-09,The Graduate,Jeremy Ranch / Glenwild,WG085,40.7534431855279,-111.56237742796368,6343.1,3,74.7,55.3,63.7,0.0,0.0,0.0,0.0,0.0,0.0,63.13333333333333,63.3,0,0.0,0.0,0.0,0.0,0.0,11,0.7,6257.5,6445.1,6343.1,13.1,11.3,30.2,17.2,50.0,28.1,4.7,0.0,DUSTY,67,FAIR,low retained moisture may produce dust or loose soil; 11 days since measurable precipitation,153,30
2026-10-09,The Lookout,Deer Valley,WG032,40.62921554675458,-111.4942829189022,7693.2,3,69.5,46.4,58.1,0.0,0.0,0.0,0.0,0.0,0.0,59.0,60.41428571428571,0,0.0,0.0,0.0,0.0,0.0,11,1.7,7338.4,8054.6,7693.2,27.6,27.5,44.1,0.0,87.3,12.7,0.0,0.0,DUSTY,67,FAIR,low retained moisture may produce dust or loose soil; 11 days since measurable precipitation,153,15
2026-10-09,The Sheep Trail,Summit Park,WG094,40.75746633469589,-111.667341513995,6217.2,51,74.8,55.7,65.3,0.004,0.0,0.0,0.004,0.004,0.004,65.93333333333334,66.67142857142856,0,0.0,0.0,0.0,0.0,0.0,11,2.2,5959.2,6672.0,6217.2,14.8,14.0,28.0,44.8,39.2,14.4,1.7,0.002,DUSTY,67,FAIR,low retained moisture may produce dust or loose soil; 11 days since measurable precipitation,153,1
2026-10-09,The Up Trail,Summit Park,WG078,40.74822119025095,-111.58934600493023,6821.1,3,73.1,53.7,62.1,0.0,0.0,0.0,0.0,0.0,0.0,61.46666666666667,61.67142857142857,0,0.0,0.0,0.0,0.0,0.0,11,1.0,6646.9,6985.9,6821.1,16.2,16.0,24.4,0.0,5.7,94.3,0.0,0.0,DUSTY,67,FAIR,low retained moisture may produce dust or loose soil; 11 days since measurable precipitation,153,1
2026-10-09,The Upper Avenues,Summit Park,WG090,40.75942210135698,-111.60997791538348,7425.0,3,71.4,52.1,60.6,0.0,0.0,0.0,0.0,0.0,0.0,60.46666666666667,61.02857142857143,0,0.0,0.0,0.0,0.0,0.0,11,1.5,7235.4,7548.3,7425.0,12.4,12.1,27.0,56.3,8.4,16.0,19.3,0.0,DUSTY,67,FAIR,low retained moisture may produce dust or loose soil; 11 days since measurable precipitation,153,1
2026-10-09,Thieves Forest,Deer Valley,WG013,40.61553068086176,-111.48245627012813,8597.7,3,63.8,46.8,54.5,0.0,0.0,0.0,0.0,0.0,0.0,54.76666666666667,55.84285714285714,0,0.0,0.0,0.0,0.0,0.0,11,0.5,8441.5,8810.3,8597.7,19.6,20.1,27.0,0.0,2.5,90.0,7.5,0.0,DUSTY,67,FAIR,low retained moisture may produce dust or loose soil; 11 days since measurable precipitation,153,15
2026-10-09,Thieves Forrest,Deer Valley,WG014,40.611364491739,-111.4804590615015,9072.7,3,62.8,45.9,53.6,0.0,0.0,0.0,0.0,0.0,0.0,53.7,54.84285714285714,0,0.0,0.0,0.0,0.0,0.0,11,0.3,8820.3,9276.0,9072.7,18.5,18.9,29.1,0.0,0.0,89.7,10.3,0.0,DUSTY,67,FAIR,low retained moisture may produce dust or loose soil; 11 days since measurable precipitation,153,15
2026-10-09,Tidal Wave,Deer Valley,WG013,40.610548014761406,-111.48897388892838,8737.9,3,63.8,46.8,54.5,0.0,0.0,0.0,0.0,0.0,0.0,54.76666666666667,55.84285714285714,0,0.0,0.0,0.0,0.0,0.0,11,2.7,8128.2,9286.4,8737.9,20.0,21.7,33.5,3.3,55.8,23.1,17.8,0.0,DUSTY,67,FAIR,low retained moisture may produce dust or loose soil; 11 days since measurable precipitation,153,15
2026-10-09,Tideline,Jordanelle,WG025,40.64171272429878,-111.40053564270964,6530.0,3,73.9,50.8,61.6,0.0,0.0,0.0,0.0,0.0,0.0,62.3,62.92857142857143,0,0.0,0.0,0.0,0.0,0.0,11,0.1,6521.2,6544.8,6530.0,15.1,14.5,25.1,91.7,8.3,0.0,0.0,0.0,DUSTY,67,FAIR,low retained moisture may produce dust or loose soil; 11 days since measurable precipitation,153,1
2026-10-09,Tour De Homes,Deer Valley,WG032,40.63205110837411,-111.48826887414292,7813.1,3,69.5,46.4,58.1,0.0,0.0,0.0,0.0,0.0,0.0,59.0,60.41428571428571,0,0.0,0.0,0.0,0.0,0.0,11,1.4,7579.1,8120.3,7813.1,12.5,12.9,23.4,0.9,36.3,58.4,4.4,0.0,DUSTY,67,FAIR,low retained moisture may produce dust or loose soil; 11 days since measurable precipitation,153,15
2026-10-09,Tour De Suds (Upper),Deer Valley,WG013,40.614682713092186,-111.50609195133156,8563.5,3,63.8,46.8,54.5,0.0,0.0,0.0,0.0,0.0,0.0,54.76666666666667,55.84285714285714,0,0.0,0.0,0.0,0.0,0.0,11,0.7,8407.1,8694.1,8563.5,17.1,16.8,24.3,0.0,74.6,25.4,0.0,0.0,DUSTY,67,FAIR,low retained moisture may produce dust or loose soil; 11 days since measurable precipitation,153,15
2026-10-09,Town,Park City / PCMR,WG030,40.64755940729975,-111.49861999854691,6988.0,3,72.3,49.2,60.2,0.0,0.0,0.0,0.0,0.0,0.0,61.13333333333333,61.84285714285714,0,0.0,0.0,0.0,0.0,0.0,11,0.1,6981.2,7008.8,6988.0,4.7,3.6,14.7,0.0,50.0,41.7,8.3,0.0,DUSTY,67,FAIR,low retained moisture may produce dust or loose soil; 11 days since measurable precipitation,153,53
2026-10-09,Trappers Gate,Deer Valley,WG031,40.63197509989361,-111.497026036245,7462.8,3,70.8,47.8,59.4,0.0,0.0,0.0,0.0,0.0,0.0,60.33333333333332,61.74285714285714,0,0.0,0.0,0.0,0.0,0.0,11,0.5,7434.8,7486.1,7462.8,27.4,30.8,36.0,0.0,50.0,20.5,29.5,0.0,DUSTY,67,FAIR,low retained moisture may produce dust or loose soil; 11 days since measurable precipitation,153,15
2026-10-09,Tricky Pickle Trail,Deer Valley,WG004,40.59197973531048,-111.49789592532872,8532.5,3,64.1,47.2,54.8,0.0,0.0,0.0,0.0,0.0,0.0,54.9,56.08571428571429,0,0.0,0.0,0.0,0.0,0.0,11,2.6,8268.2,8873.6,8532.5,20.0,22.3,31.9,21.7,70.8,0.9,6.6,0.0,DUSTY,67,FAIR,low retained moisture may produce dust or loose soil; 11 days since measurable precipitation,153,15
2026-10-09,Trump,Deer Valley,WG013,40.60903529522874,-111.4964159868453,8771.6,3,63.8,46.8,54.5,0.0,0.0,0.0,0.0,0.0,0.0,54.76666666666667,55.84285714285714,0,0.0,0.0,0.0,0.0,0.0,11,0.6,8585.9,8974.3,8771.6,9.3,8.1,20.4,1.7,0.0,26.7,71.7,0.0,DUSTY,67,FAIR,low retained moisture may produce dust or loose soil; 11 days since measurable precipitation,153,15
2026-10-09,Tsunami,Deer Valley,WG013,40.61166268615432,-111.48706860055302,8747.8,3,63.8,46.8,54.5,0.0,0.0,0.0,0.0,0.0,0.0,54.76666666666667,55.84285714285714,0,0.0,0.0,0.0,0.0,0.0,11,1.2,8508.1,8991.5,8747.8,18.1,17.6,28.8,0.0,72.8,27.2,0.0,0.0,DUSTY,67,FAIR,low retained moisture may produce dust or loose soil; 11 days since measurable precipitation,153,15
2026-10-09,Tug of War Trail,Deer Valley,WG013,40.60218815889535,-111.4963014769127,8962.3,3,63.8,46.8,54.5,0.0,0.0,0.0,0.0,0.0,0.0,54.76666666666667,55.84285714285714,0,0.0,0.0,0.0,0.0,0.0,11,1.4,8867.6,9065.0,8962.3,16.3,16.3,25.0,52.5,23.3,23.3,0.8,0.0,DUSTY,67,FAIR,low retained moisture may produce dust or loose soil; 11 days since measurable precipitation,153,15
2026-10-09,Tweety Bird Trail,Jordanelle,WG001,40.59084253440856,-111.40816741687898,6568.1,3,73.3,50.3,61.5,0.0,0.0,0.0,0.0,0.0,0.0,61.86666666666667,62.471428571428575,0,0.0,0.0,0.0,0.0,0.0,11,0.7,6477.2,6665.7,6568.1,10.6,10.3,18.3,0.0,20.0,80.0,0.0,0.0,DUSTY,67,FAIR,low retained moisture may produce dust or loose soil; 11 days since measurable precipitation,153,1
2026-10-09,Twist & Shout,Deer Valley,WG012,40.61590669002216,-111.48826576454944,8415.6,3,65.7,48.7,56.9,0.0,0.0,0.0,0.0,0.0,0.0,57.6,58.72857142857144,0,0.0,0.0,0.0,0.0,0.0,11,0.2,8324.5,8505.1,8415.6,26.0,26.7,29.2,0.0,100.0,0.0,0.0,0.0,DUSTY,67,FAIR,low retained moisture may produce dust or loose soil; 11 days since measurable precipitation,153,15
2026-10-09,Twist and Shout,Deer Valley,WG013,40.61146669404505,-111.486662413967,8799.9,3,63.8,46.8,54.5,0.0,0.0,0.0,0.0,0.0,0.0,54.76666666666667,55.84285714285714,0,0.0,0.0,0.0,0.0,0.0,11,1.0,8512.5,9065.3,8799.9,17.9,18.6,28.0,0.0,81.3,18.7,0.0,0.0,DUSTY,67,FAIR,low retained moisture may produce dust or loose soil; 11 days since measurable precipitation,153,15
2026-10-09,Undertow Trail,Deer Valley,WG029,40.63057046785135,-111.47858549886824,7937.9,3,69.8,46.8,58.5,0.0,0.0,0.0,0.0,0.0,0.0,59.36666666666667,60.785714285714285,0,0.0,0.0,0.0,0.0,0.0,11,1.9,7530.0,8350.2,7937.9,21.8,23.2,30.8,0.0,38.8,57.0,4.2,0.0,DUSTY,67,FAIR,low retained moisture may produce dust or loose soil; 11 days since measurable precipitation,153,15
2026-10-09,Upper Loose,Park City / PCMR,WG032,40.64060205866311,-111.5081407284332,7678.0,3,69.5,46.4,58.1,0.0,0.0,0.0,0.0,0.0,0.0,59.0,60.41428571428571,0,0.0,0.0,0.0,0.0,0.0,11,0.3,7581.2,7789.4,7678.0,17.3,17.6,23.5,0.0,92.9,7.1,0.0,0.0,DUSTY,67,FAIR,low retained moisture may produce dust or loose soil; 11 days since measurable precipitation,153,53
2026-10-09,Upper Loose Moose,Park City / PCMR,WG032,40.64060459750891,-111.5062344507794,7788.9,3,69.5,46.4,58.1,0.0,0.0,0.0,0.0,0.0,0.0,59.0,60.41428571428571,0,0.0,0.0,0.0,0.0,0.0,11,0.2,7764.1,7798.8,7788.9,13.5,16.8,20.8,0.0,50.0,50.0,0.0,0.0,DUSTY,67,FAIR,low retained moisture may produce dust or loose soil; 11 days since measurable precipitation,153,53
2026-10-09,Upper Sparky Trail,Clark Ranch,WG044,40.6599723509711,-111.45534390616216,6878.4,3,73.5,49.2,60.3,0.0,0.0,0.0,0.0,0.0,0.0,60.66666666666666,60.885714285714286,0,0.0,0.0,0.0,0.0,0.0,11,1.9,6752.0,6971.6,6878.4,13.5,12.2,28.4,0.6,54.7,25.2,19.5,0.0,DUSTY,67,FAIR,low retained moisture may produce dust or loose soil; 11 days since measurable precipitation,153,1
2026-10-09,Village Pipeline Connector,Deer Valley,WG028,40.6391093200599,-111.472490526811,7336.8,3,71.2,48.1,59.8,0.0,0.0,0.0,0.0,0.0,0.0,60.73333333333334,62.14285714285715,0,0.0,0.0,0.0,0.0,0.0,11,0.2,7292.7,7375.4,7336.8,22.1,23.7,27.5,6.7,0.0,20.0,73.3,0.0,DUSTY,67,FAIR,low retained moisture may produce dust or loose soil; 11 days since measurable precipitation,153,15
2026-10-09,Village Trail,Deer Valley,WG028,40.64077448423082,-111.47113665558776,7315.2,3,71.2,48.1,59.8,0.0,0.0,0.0,0.0,0.0,0.0,60.73333333333334,62.14285714285715,0,0.0,0.0,0.0,0.0,0.0,11,0.2,7292.7,7333.1,7315.2,22.8,24.0,27.5,21.4,0.0,0.0,78.6,0.0,DUSTY,67,FAIR,low retained moisture may produce dust or loose soil; 11 days since measurable precipitation,153,15
2026-10-09,Village Trail / Pipeline,Deer Valley,WG028,40.64110752434245,-111.46934147070748,7182.6,3,71.2,48.1,59.8,0.0,0.0,0.0,0.0,0.0,0.0,60.73333333333334,62.14285714285715,0,0.0,0.0,0.0,0.0,0.0,11,0.5,7071.0,7292.7,7182.6,17.4,17.6,27.5,9.3,0.0,25.6,65.1,0.0,DUSTY,67,FAIR,low retained moisture may produce dust or loose soil; 11 days since measurable precipitation,153,15
2026-10-09,Wada Way,Jordanelle,WG040,40.65139897157171,-111.41292348157292,6267.2,3,75.4,51.1,62.6,0.0,0.0,0.0,0.0,0.0,0.0,63.3,63.84285714285714,0,0.0,0.0,0.0,0.0,0.0,11,1.7,6181.8,6350.5,6267.2,6.6,6.2,14.8,23.2,76.1,0.7,0.0,0.0,DUSTY,67,FAIR,low retained moisture may produce dust or loose soil; 11 days since measurable precipitation,153,1
2026-10-09,Wasatch,Round Valley,WG074,40.742724215036304,-111.49568804225927,6475.9,3,74.8,50.5,61.3,0.0,0.0,0.0,0.0,0.0,0.0,60.93333333333334,61.471428571428575,0,0.0,0.0,0.0,0.0,0.0,11,1.6,6451.9,6521.0,6475.9,3.4,3.0,9.7,60.3,36.9,1.4,1.4,0.0,DUSTY,67,FAIR,low retained moisture may produce dust or loose soil; 11 days since measurable precipitation,153,48
2026-10-09,Wasatch Wiggle Trail,Park City / PCMR,WG010,40.58570056880523,-111.57390345809982,9702.8,3,60.4,43.5,51.2,0.0,0.0,0.0,0.0,0.0,0.0,50.9,52.18571428571429,0,0.0,0.0,0.0,0.0,0.0,11,1.8,9472.6,9972.8,9702.8,13.0,13.0,32.2,0.0,5.2,87.7,7.1,0.0,DUSTY,67,FAIR,low retained moisture may produce dust or loose soil; 11 days since measurable precipitation,153,53
2026-10-09,We'll Go From There,Jordanelle,WG027,40.633559740125165,-111.4528915193202,6692.5,3,73.0,49.9,60.8,0.0,0.0,0.0,0.0,0.0,0.0,61.63333333333333,61.91428571428571,0,0.0,0.0,0.0,0.0,0.0,11,0.1,6666.1,6712.9,6692.5,10.7,9.9,18.4,0.0,0.0,23.1,76.9,0.0,DUSTY,67,FAIR,low retained moisture may produce dust or loose soil; 11 days since measurable precipitation,153,1
2026-10-09,Woodside Gulch,Deer Valley,WG032,40.63428272582461,-111.50200856347875,7635.5,3,69.5,46.4,58.1,0.0,0.0,0.0,0.0,0.0,0.0,59.0,60.41428571428571,0,0.0,0.0,0.0,0.0,0.0,11,0.8,7305.3,7977.5,7635.5,22.8,24.0,31.3,46.5,0.0,2.8,50.7,0.0,DUSTY,67,FAIR,low retained moisture may produce dust or loose soil; 11 days since measurable precipitation,153,15
2026-10-09,Wowza Downhill Trail,Deer Valley,WG006,40.58677474689952,-111.51626735679228,8564.8,3,64.5,47.6,55.2,0.0,0.0,0.0,0.0,0.0,0.0,55.5,56.57142857142857,0,0.0,0.0,0.0,0.0,0.0,11,0.9,8378.1,8738.8,8564.8,10.4,10.8,21.9,55.1,10.3,1.3,33.3,0.0,DUSTY,67,FAIR,low retained moisture may produce dust or loose soil; 11 days since measurable precipitation,153,15
2026-10-09,Wowza Trail,Deer Valley,WG006,40.58754867198866,-111.51557993987645,8552.8,3,64.5,47.6,55.2,0.0,0.0,0.0,0.0,0.0,0.0,55.5,56.57142857142857,0,0.0,0.0,0.0,0.0,0.0,11,1.2,8375.1,8733.0,8552.8,12.1,11.9,25.4,10.4,1.0,31.2,57.3,0.0,DUSTY,67,FAIR,low retained moisture may produce dust or loose soil; 11 days since measurable precipitation,153,15
2026-10-09,Yeti's,Pinebrook,WG072,40.70910944007779,-111.57083697014414,7539.3,3,69.8,50.5,59.8,0.0,0.0,0.0,0.0,0.0,0.0,59.7,60.871428571428574,0,0.0,0.0,0.0,0.0,0.0,11,3.0,6939.0,8064.3,7539.3,21.9,21.9,36.4,0.4,11.6,54.7,33.3,0.0,DUSTY,67,FAIR,low retained moisture may produce dust or loose soil; 11 days since measurable precipitation,153,11
2026-10-09,You Get It,Jordanelle,WG027,40.63417280890808,-111.45447628262694,6774.5,3,73.0,49.9,60.8,0.0,0.0,0.0,0.0,0.0,0.0,61.63333333333333,61.91428571428571,0,0.0,0.0,0.0,0.0,0.0,11,0.5,6702.7,6863.6,6774.5,14.4,14.5,21.0,4.8,0.0,4.8,90.5,0.0,DUSTY,67,FAIR,low retained moisture may produce dust or loose soil; 11 days since measurable precipitation,153,1
2026-10-10,CMG,Park City / PCMR,WG035,40.645848884326966,-111.51679268892973,7606.5,51,64.6,48.4,56.3,0.012,0.004,0.0,0.012,0.071,0.071,58.0,60.05714285714286,0,0.0,0.0,0.0,0.0,0.0,0,2.9,7010.6,8231.6,7606.5,21.0,21.5,38.4,0.0,36.1,41.0,22.9,0.055,DUSTY,78,GOOD,low retained moisture may produce dust or loose soil,1,1
2026-10-10,Colony Mid Mountain Connector,Park City / PCMR,WG052,40.65011049975458,-111.53932673410868,8429.2,51,62.0,45.8,53.7,0.012,0.004,0.0,0.012,0.067,0.067,54.96666666666667,56.871428571428574,0,0.0,0.0,0.0,0.0,0.0,0,0.5,8408.0,8464.3,8429.2,26.1,29.3,34.9,0.0,0.0,17.9,82.1,0.059,DUSTY,78,GOOD,low retained moisture may produce dust or loose soil,1,1
2026-10-10,Gotcha Cuttoff,Park City / PCMR,WG035,40.64587964864319,-111.5166123821088,7673.2,51,64.6,48.4,56.3,0.012,0.004,0.0,0.012,0.071,0.071,58.0,60.05714285714286,0,0.0,0.0,0.0,0.0,0.0,0,1.5,7178.9,8078.5,7673.2,20.8,21.4,35.8,0.8,0.0,3.1,96.2,0.057,DUSTY,78,GOOD,low retained moisture may produce dust or loose soil,1,1
2026-10-10,H.A.M.,Park City / PCMR,WG035,40.64547382276132,-111.53139851516626,7780.5,51,64.6,48.4,56.3,0.012,0.004,0.0,0.012,0.071,0.071,58.0,60.05714285714286,0,0.0,0.0,0.0,0.0,0.0,0,0.8,7699.4,7896.1,7780.5,25.5,24.6,37.0,1.4,15.9,36.2,46.4,0.055,DUSTY,78,GOOD,low retained moisture may produce dust or loose soil,1,1
2026-10-10,Jenni's Trail,Park City / PCMR,WG034,40.64869166733497,-111.51220769740809,7207.7,51,65.9,49.7,57.7,0.012,0.004,0.0,0.012,0.071,0.071,59.43333333333334,61.442857142857136,0,0.0,0.0,0.0,0.0,0.0,0,1.4,6966.1,7501.1,7207.7,15.8,15.8,25.3,1.6,8.9,35.5,54.0,0.054,DUSTY,78,GOOD,low retained moisture may produce dust or loose soil,1,1
2026-10-10,Jenni's Trail upper,Park City / PCMR,WG035,40.63937813819639,-111.5112423147728,7789.7,51,64.6,48.4,56.3,0.012,0.004,0.0,0.012,0.071,0.071,58.0,60.05714285714286,0,0.0,0.0,0.0,0.0,0.0,0,3.1,7487.3,8174.7,7789.7,20.5,20.2,38.0,0.0,22.6,47.4,30.1,0.055,DUSTY,78,GOOD,low retained moisture may produce dust or loose soil,1,1
2026-10-10,Payday,Park City / PCMR,WG035,40.64053545819342,-111.51124538504462,7598.1,51,64.6,48.4,56.3,0.012,0.004,0.0,0.012,0.071,0.071,58.0,60.05714285714286,0,0.0,0.0,0.0,0.0,0.0,0,1.7,7139.7,8117.7,7598.1,11.4,11.3,22.6,0.0,16.6,75.9,7.6,0.053,DUSTY,78,GOOD,low retained moisture may produce dust or loose soil,1,1
2026-10-10,Red Bull,Park City / PCMR,WG035,40.63958635838598,-111.51326842477698,7769.0,51,64.6,48.4,56.3,0.012,0.004,0.0,0.012,0.071,0.071,58.0,60.05714285714286,0,0.0,0.0,0.0,0.0,0.0,0,1.2,7139.7,8293.6,7769.0,19.0,20.4,29.9,0.0,0.0,48.6,51.4,0.055,DUSTY,78,GOOD,low retained moisture may produce dust or loose soil,1,1
2026-10-10,Seldom Seen,Park City / PCMR,WG034,40.64892938917546,-111.51571616491609,7435.6,51,65.9,49.7,57.7,0.012,0.004,0.0,0.012,0.071,0.071,59.43333333333334,61.442857142857136,0,0.0,0.0,0.0,0.0,0.0,0,1.9,7104.9,7720.5,7435.6,20.5,19.1,37.4,0.6,9.2,19.0,71.2,0.055,DUSTY,78,GOOD,low retained moisture may produce dust or loose soil,1,1
2026-10-10,Spiro Trail,Park City / PCMR,WG035,40.64755384631944,-111.52407012433112,7617.4,51,64.6,48.4,56.3,0.012,0.004,0.0,0.012,0.071,0.071,58.0,60.05714285714286,0,0.0,0.0,0.0,0.0,0.0,0,3.1,6934.7,8185.7,7617.4,21.4,21.5,33.5,0.0,37.4,43.9,18.7,0.055,DUSTY,78,GOOD,low retained moisture may produce dust or loose soil,1,1
2026-10-10,Abilene Way,Jeremy Ranch / Glenwild,WG068,40.705162592888,-111.52848253655898,6454.0,51,70.5,53.6,61.9,0.008,0.0,0.0,0.008,0.0789999999999999,0.0789999999999999,61.56666666666666,61.142857142857146,0,0.0,0.0,0.0,0.0,0.0,2,0.5,6439.2,6463.1,6454.0,1.2,1.0,2.4,0.0,0.0,56.1,43.9,0.044,DUSTY,77,FAIR,low retained moisture may produce dust or loose soil,11,1
2026-10-10,Armstrong,Park City / PCMR,WG051,40.65248508262897,-111.52994268919429,7566.3,51,66.4,49.5,57.8,0.008,0.0,0.0,0.008,0.067,0.067,59.1,60.75714285714286,0,0.0,0.0,0.0,0.0,0.0,2,3.8,6958.3,8237.6,7566.3,20.8,21.5,33.2,0.0,8.3,30.4,61.2,0.041,DUSTY,77,FAIR,low retained moisture may produce dust or loose soil,11,11
2026-10-10,Cutter Lane,Jeremy Ranch / Glenwild,WG068,40.7083260127391,-111.53140227257067,6437.7,51,70.5,53.6,61.9,0.008,0.0,0.0,0.008,0.0789999999999999,0.0789999999999999,61.56666666666666,61.142857142857146,0,0.0,0.0,0.0,0.0,0.0,2,0.2,6431.6,6445.1,6437.7,2.1,2.0,3.3,0.0,33.3,66.7,0.0,0.043,DUSTY,77,FAIR,low retained moisture may produce dust or loose soil,11,1
2026-10-10,Dawns Trail,Park City / PCMR,WG051,40.65039115727101,-111.52578815180028,7505.7,51,66.4,49.5,57.8,0.008,0.0,0.0,0.008,0.067,0.067,59.1,60.75714285714286,0,0.0,0.0,0.0,0.0,0.0,2,0.9,7415.0,7576.9,7505.7,21.9,20.3,35.0,0.0,46.5,31.0,22.5,0.04,DUSTY,77,FAIR,low retained moisture may produce dust or loose soil,11,11
2026-10-10,Dubois,Jeremy Ranch / Glenwild,WG059,40.698630398586985,-111.55581872982933,6878.9,51,69.4,52.5,60.8,0.008,0.0,0.0,0.008,0.0789999999999999,0.0789999999999999,60.5,60.07142857142857,0,0.0,0.0,0.0,0.0,0.0,2,1.4,6622.8,7164.4,6878.9,16.3,18.1,32.1,24.8,1.7,34.7,38.8,0.046,DUSTY,77,FAIR,low retained moisture may produce dust or loose soil,11,1
2026-10-10,Eagle Trail,Park City / PCMR,WG051,40.65138382915936,-111.51929067308184,7664.9,51,66.4,49.5,57.8,0.008,0.0,0.0,0.008,0.067,0.067,59.1,60.75714285714286,0,0.0,0.0,0.0,0.0,0.0,2,0.5,7477.4,7838.4,7664.9,22.7,23.0,32.0,0.0,0.0,95.7,4.3,0.038,DUSTY,77,FAIR,low retained moisture may produce dust or loose soil,11,11
2026-10-10,East Fallen Pines Lane,Park City / PCMR,WG022,40.61551642366452,-111.57912837068116,8712.4,51,60.8,44.6,52.6,0.012,0.004,0.0,0.012,0.028,0.0989999999999999,53.20000000000001,54.51428571428571,0,0.0,0.0,0.0,0.0,0.0,0,0.6,8602.1,8801.9,8712.4,12.6,12.9,19.7,0.0,2.0,72.0,26.0,0.041,DUSTY,77,FAIR,low retained moisture may produce dust or loose soil,11,11
2026-10-10,Forest Glen Trail,Park City / PCMR,WG022,40.61089948644494,-111.5784844905115,8765.8,51,60.8,44.6,52.6,0.012,0.004,0.0,0.012,0.028,0.0989999999999999,53.20000000000001,54.51428571428571,0,0.0,0.0,0.0,0.0,0.0,0,0.2,8661.3,8874.6,8765.8,24.6,26.4,35.4,0.0,95.2,4.8,0.0,0.044,DUSTY,77,FAIR,low retained moisture may produce dust or loose soil,11,11
2026-10-10,Gold Finger,Park City / PCMR,WG053,40.65997467243904,-111.55431689925648,8081.9,51,64.2,47.3,55.7,0.008,0.0,0.0,0.008,0.063,0.063,56.46666666666667,58.0,0,0.0,0.0,0.0,0.0,0.0,2,1.1,7876.6,8290.6,8081.9,25.9,25.7,31.6,0.0,100.0,0.0,0.0,0.041,DUSTY,77,FAIR,low retained moisture may produce dust or loose soil,11,11
2026-10-10,Iron Man,Park City / PCMR,WG053,40.6585520468376,-111.5452566956134,8305.8,51,64.2,47.3,55.7,0.008,0.0,0.0,0.008,0.063,0.063,56.46666666666667,58.0,0,0.0,0.0,0.0,0.0,0.0,2,2.9,7976.8,8555.0,8305.8,25.4,25.4,36.0,9.5,45.9,16.5,28.1,0.041,DUSTY,77,FAIR,low retained moisture may produce dust or loose soil,11,11
2026-10-10,Iron Mountain Trail,Park City / PCMR,WG054,40.65649532455427,-111.54475504732362,8753.8,51,62.2,45.3,53.7,0.008,0.0,0.0,0.008,0.063,0.063,54.46666666666667,56.0,0,0.0,0.0,0.0,0.0,0.0,2,0.5,8553.9,9013.4,8753.8,19.3,20.1,26.2,26.7,53.3,15.6,4.4,0.045,DUSTY,77,FAIR,low retained moisture may produce dust or loose soil,11,11
2026-10-10,Miss Billy's,Jeremy Ranch / Glenwild,WG059,40.69127466685039,-111.54016400735836,6614.6,51,69.4,52.5,60.8,0.008,0.0,0.0,0.008,0.0789999999999999,0.0789999999999999,60.5,60.07142857142857,0,0.0,0.0,0.0,0.0,0.0,2,1.1,6557.2,6663.6,6614.6,2.9,2.6,7.1,0.0,1.9,67.3,30.8,0.043,DUSTY,77,FAIR,low retained moisture may produce dust or loose soil,11,1
2026-10-10,North 400 West,Jeremy Ranch / Glenwild,WG068,40.70279368500318,-111.51897621463831,6441.4,51,70.5,53.6,61.9,0.008,0.0,0.0,0.008,0.0789999999999999,0.0789999999999999,61.56666666666666,61.142857142857146,0,0.0,0.0,0.0,0.0,0.0,2,0.5,6427.3,6455.3,6441.4,1.2,1.0,3.2,0.0,7.3,53.7,39.0,0.044,DUSTY,77,FAIR,low retained moisture may produce dust or loose soil,11,1
2026-10-10,Winchester Trail,Jeremy Ranch / Glenwild,WG069,40.71094932830698,-111.54449441430567,6453.0,51,70.4,53.5,61.9,0.008,0.0,0.0,0.008,0.0789999999999999,0.0789999999999999,61.56666666666666,61.114285714285714,0,0.0,0.0,0.0,0.0,0.0,2,0.2,6433.3,6465.9,6453.0,7.5,7.9,12.5,0.0,0.0,0.0,100.0,0.046,DUSTY,77,FAIR,low retained moisture may produce dust or loose soil,11,1
2026-10-10,9K Trail,Park City / PCMR,WG017,40.61454424262402,-111.5340694590712,9222.8,51,59.1,42.9,50.9,0.012,0.004,0.0,0.012,0.028,0.028,51.73333333333333,53.34285714285714,0,0.0,0.0,0.0,0.0,0.0,0,5.8,8959.5,9439.0,9222.8,20.4,21.0,37.9,18.4,9.7,46.2,25.8,0.03,DUSTY,76,FAIR,low retained moisture may produce dust or loose soil,25,19
2026-10-10,Alexander Creek Trail,Summit Park,WG093,40.75856130522611,-111.67962308025976,5873.5,51,75.8,63.5,69.3,0.02,0.0,0.0,0.02,0.024,0.024,68.96666666666667,68.54285714285714,0,0.0,0.0,0.0,0.0,0.0,0,0.8,5784.7,5966.1,5873.5,8.7,7.0,24.8,66.1,14.5,19.4,0.0,0.027,DUSTY,76,FAIR,low retained moisture may produce dust or loose soil,25,1
2026-10-10,Ambush,Jeremy Ranch / Glenwild,WG063,40.694225906082366,-111.58181443950004,7757.7,51,65.8,48.9,57.2,0.008,0.0,0.0,0.008,0.051,0.051,58.3,60.15714285714286,0,0.0,0.0,0.0,0.0,0.0,2,1.6,7418.5,8136.4,7757.7,25.9,26.8,35.6,21.2,0.0,24.8,54.0,0.033,DUSTY,76,FAIR,low retained moisture may produce dust or loose soil,25,7
2026-10-10,Amenti,Round Valley,WG067,40.71749758221375,-111.50096260266577,6526.6,51,71.0,50.6,60.4,0.012,0.0,0.0,0.012,0.04,0.04,60.1,60.08571428571429,0,0.0,0.0,0.0,0.0,0.0,0,0.6,6473.3,6585.7,6526.6,5.3,4.8,12.4,12.5,82.1,3.6,1.8,0.034,DUSTY,76,FAIR,low retained moisture may produce dust or loose soil,25,1
2026-10-10,Apex,Park City / PCMR,WG038,40.62520958876211,-111.53395003281469,9146.4,51,59.4,43.2,51.2,0.012,0.004,0.0,0.012,0.028,0.044,52.06666666666666,53.60000000000001,0,0.0,0.0,0.0,0.0,0.0,0,2.2,8755.5,9591.9,9146.4,18.6,17.3,36.0,0.0,34.4,65.1,0.5,0.032,DUSTY,76,FAIR,low retained moisture may produce dust or loose soil,25,19
2026-10-10,Ashley Avenue,Round Valley,WG057,40.68155854272997,-111.50389122653404,6794.6,51,70.1,49.8,59.6,0.012,0.0,0.0,0.012,0.028,0.028,59.9,60.41428571428572,0,0.0,0.0,0.0,0.0,0.0,0,0.4,6774.5,6825.2,6794.6,11.9,14.5,19.8,21.2,0.0,0.0,78.8,0.026,DUSTY,76,FAIR,low retained moisture may produce dust or loose soil,25,1
2026-10-10,Backslide,Round Valley,WG057,40.686236769495366,-111.49111386346571,6972.4,51,70.1,49.8,59.6,0.012,0.0,0.0,0.012,0.028,0.028,59.9,60.41428571428572,0,0.0,0.0,0.0,0.0,0.0,0,1.0,6860.3,7059.5,6972.4,10.2,8.7,22.4,2.3,19.3,34.1,44.3,0.025,DUSTY,76,FAIR,low retained moisture may produce dust or loose soil,25,1
2026-10-10,Bamm Bamm,Round Valley,WG067,40.71001316656963,-111.50256230173504,6667.3,51,71.0,50.6,60.4,0.012,0.0,0.0,0.012,0.04,0.04,60.1,60.08571428571429,0,0.0,0.0,0.0,0.0,0.0,0,0.4,6610.1,6731.1,6667.3,9.9,9.9,16.2,2.9,35.3,61.8,0.0,0.032,DUSTY,76,FAIR,low retained moisture may produce dust or loose soil,25,1
2026-10-10,Barrel Roll,Round Valley,WG058,40.69153134198254,-111.48458530535574,7017.0,51,69.5,49.2,58.9,0.012,0.0,0.0,0.012,0.028,0.028,59.46666666666666,59.9,0,0.0,0.0,0.0,0.0,0.0,0,0.4,6940.9,7091.2,7017.0,7.0,6.7,14.7,34.4,65.6,0.0,0.0,0.027,DUSTY,76,FAIR,low retained moisture may produce dust or loose soil,25,1
2026-10-10,Big Easy,Round Valley,WG057,40.696128326880846,-111.48285293654745,6776.5,51,70.1,49.8,59.6,0.012,0.0,0.0,0.012,0.028,0.028,59.9,60.41428571428572,0,0.0,0.0,0.0,0.0,0.0,0,4.8,6685.3,6939.8,6776.5,10.0,9.0,19.4,19.7,6.2,21.4,52.7,0.026,DUSTY,76,FAIR,low retained moisture may produce dust or loose soil,25,1
2026-10-10,Blazing Saddle,Park City / PCMR,WG020,40.61652898868821,-111.55635878361066,9384.9,51,58.8,42.6,50.6,0.012,0.004,0.0,0.012,0.028,0.028,51.46666666666667,53.07142857142857,0,0.0,0.0,0.0,0.0,0.0,0,0.7,9295.6,9481.6,9384.9,18.3,19.7,28.9,51.7,0.0,0.0,48.3,0.033,DUSTY,76,FAIR,low retained moisture may produce dust or loose soil,25,19
2026-10-10,Bonanza Flat Overlook,Deer Valley,WG017,40.60116766018752,-111.5344182482656,9112.3,51,59.1,42.9,50.9,0.012,0.004,0.0,0.012,0.028,0.028,51.73333333333333,53.34285714285714,0,0.0,0.0,0.0,0.0,0.0,0,0.1,9086.5,9126.7,9112.3,13.8,14.1,20.1,70.0,0.0,10.0,20.0,0.033,DUSTY,76,FAIR,low retained moisture may produce dust or loose soil,25,1
2026-10-10,Bourbon Street,Round Valley,WG067,40.70798253656,-111.48164466049944,6673.3,51,71.0,50.6,60.4,0.012,0.0,0.0,0.012,0.04,0.04,60.1,60.08571428571429,0,0.0,0.0,0.0,0.0,0.0,0,0.3,6651.3,6703.8,6673.3,8.6,8.9,15.2,0.0,18.2,31.8,50.0,0.033,DUSTY,76,FAIR,low retained moisture may produce dust or loose soil,25,1
2026-10-10,Bronto Jam,Round Valley,WG067,40.71004954775594,-111.501977414722,6672.8,51,71.0,50.6,60.4,0.012,0.0,0.0,0.012,0.04,0.04,60.1,60.08571428571429,0,0.0,0.0,0.0,0.0,0.0,0,0.5,6604.0,6731.1,6672.8,10.2,10.4,15.6,2.6,0.0,89.7,7.7,0.031,DUSTY,76,FAIR,low retained moisture may produce dust or loose soil,25,1
2026-10-10,Cammy's,Round Valley,WG057,40.69072662264133,-111.49673800313964,6953.5,51,70.1,49.8,59.6,0.012,0.0,0.0,0.012,0.028,0.028,59.9,60.41428571428572,0,0.0,0.0,0.0,0.0,0.0,0,0.2,6937.8,6961.6,6953.5,5.2,4.3,11.3,3.8,7.7,69.2,19.2,0.024,DUSTY,76,FAIR,low retained moisture may produce dust or loose soil,25,1
2026-10-10,Canyons Downhill,Pinebrook,WG061,40.68430916809496,-111.56849091879047,7666.2,51,66.1,49.2,57.5,0.008,0.0,0.0,0.008,0.051,0.051,58.66666666666666,60.48571428571428,0,0.0,0.0,0.0,0.0,0.0,2,1.2,7182.1,8294.1,7666.2,26.4,27.3,37.8,17.8,0.0,64.4,17.8,0.032,DUSTY,76,FAIR,low retained moisture may produce dust or loose soil,25,1
2026-10-10,Claim Jumper,Park City / PCMR,WG036,40.63958065995946,-111.52518162563226,8147.6,51,62.3,46.1,54.1,0.012,0.004,0.0,0.012,0.028,0.028,55.66666666666666,57.54285714285714,0,0.0,0.0,0.0,0.0,0.0,0,1.4,7689.3,8633.5,8147.6,17.2,19.1,28.0,2.3,66.9,21.1,9.8,0.028,DUSTY,76,FAIR,low retained moisture may produce dust or loose soil,25,19
2026-10-10,Comstock Mine Trail,Park City / PCMR,WG019,40.62270505527668,-111.54357954562096,8723.6,51,60.9,44.7,52.7,0.012,0.004,0.0,0.012,0.028,0.044,53.56666666666666,55.114285714285714,0,0.0,0.0,0.0,0.0,0.0,0,0.6,8545.6,8846.5,8723.6,13.4,13.2,25.9,0.0,0.0,13.5,86.5,0.033,DUSTY,76,FAIR,low retained moisture may produce dust or loose soil,25,19
2026-10-10,Crescent Ridge,Park City / PCMR,WG036,40.64328062856461,-111.5205999025961,8289.2,51,62.3,46.1,54.1,0.012,0.004,0.0,0.012,0.028,0.028,55.66666666666666,57.54285714285714,0,0.0,0.0,0.0,0.0,0.0,0,1.0,7832.5,8633.9,8289.2,11.1,10.8,16.6,1.1,23.2,75.8,0.0,0.026,DUSTY,76,FAIR,low retained moisture may produce dust or loose soil,25,19
2026-10-10,Daly Canyon,Deer Valley,WG011,40.620194319264456,-111.50922727258838,7986.4,51,63.8,47.6,55.6,0.012,0.004,0.0,0.012,0.028,0.028,57.2,59.07142857142857,0,0.0,0.0,0.0,0.0,0.0,0,0.4,7856.6,8124.1,7986.4,10.4,9.7,18.5,0.0,17.5,55.0,27.5,0.026,DUSTY,76,FAIR,low retained moisture may produce dust or loose soil,25,1
2026-10-10,Daly Grind,Deer Valley,WG011,40.62436395642222,-111.5065519695764,7745.3,51,63.8,47.6,55.6,0.012,0.004,0.0,0.012,0.028,0.028,57.2,59.07142857142857,0,0.0,0.0,0.0,0.0,0.0,0,0.3,7630.5,7856.6,7745.3,10.8,9.8,18.2,0.0,0.0,14.3,85.7,0.027,DUSTY,76,FAIR,low retained moisture may produce dust or loose soil,25,1
2026-10-10,Downward Dog,Round Valley,WG057,40.68865758594976,-111.48489883261024,6958.5,51,70.1,49.8,59.6,0.012,0.0,0.0,0.012,0.028,0.028,59.9,60.41428571428572,0,0.0,0.0,0.0,0.0,0.0,0,1.6,6818.7,7089.6,6958.5,8.2,7.9,14.2,35.1,59.5,5.3,0.0,0.027,DUSTY,76,FAIR,low retained moisture may produce dust or loose soil,25,1
2026-10-10,Eagle Cove,Round Valley,WG057,40.68665016051084,-111.49786169389527,6799.6,51,70.1,49.8,59.6,0.012,0.0,0.0,0.012,0.028,0.028,59.9,60.41428571428572,0,0.0,0.0,0.0,0.0,0.0,0,0.1,6777.6,6823.9,6799.6,10.3,9.1,16.6,33.3,66.7,0.0,0.0,0.027,DUSTY,76,FAIR,low retained moisture may produce dust or loose soil,25,1
2026-10-10,Empire Lodge,Deer Valley,WG015,40.61442062316093,-111.51298418240138,8439.2,51,62.4,46.2,54.2,0.012,0.004,0.0,0.012,0.028,0.028,55.76666666666667,57.642857142857146,0,0.0,0.0,0.0,0.0,0.0,0,0.4,8326.0,8614.8,8439.2,13.0,12.8,26.8,28.2,0.0,5.1,66.7,0.029,DUSTY,76,FAIR,low retained moisture may produce dust or loose soil,25,1
2026-10-10,Equestrian,Round Valley,WG067,40.70215181343843,-111.50219785223597,6719.1,51,71.0,50.6,60.4,0.012,0.0,0.0,0.012,0.04,0.04,60.1,60.08571428571429,0,0.0,0.0,0.0,0.0,0.0,0,0.7,6462.5,6858.9,6719.1,7.8,7.4,19.2,8.1,79.0,0.0,12.9,0.034,DUSTY,76,FAIR,low retained moisture may produce dust or loose soil,25,1
2026-10-10,Field Stone,Round Valley,WG067,40.71706243943152,-111.49059329339536,6526.3,51,71.0,50.6,60.4,0.012,0.0,0.0,0.012,0.04,0.04,60.1,60.08571428571429,0,0.0,0.0,0.0,0.0,0.0,0,0.4,6512.5,6549.9,6526.3,5.5,5.6,8.4,9.1,72.7,3.0,15.2,0.034,DUSTY,76,FAIR,low retained moisture may produce dust or loose soil,25,1
2026-10-10,Flat Iron,Park City / PCMR,WG036,40.62696082564811,-111.51719430456902,8393.5,51,62.3,46.1,54.1,0.012,0.004,0.0,0.012,0.028,0.028,55.66666666666666,57.54285714285714,0,0.0,0.0,0.0,0.0,0.0,0,0.6,8260.7,8492.0,8393.5,15.3,14.7,28.6,19.2,0.0,15.4,65.4,0.028,DUSTY,76,FAIR,low retained moisture may produce dust or loose soil,25,19
2026-10-10,Golden Needle,Park City / PCMR,WG008,40.59452078975266,-111.56725110409884,9811.4,51,57.3,41.1,49.0,0.012,0.004,0.0,0.012,0.012,0.0549999999999999,49.93333333333334,51.05714285714286,0,0.0,0.0,0.0,0.0,0.0,0,0.8,9288.1,10347.8,9811.4,17.7,17.1,28.2,2.9,95.7,1.4,0.0,0.027,DUSTY,76,FAIR,low retained moisture may produce dust or loose soil,25,19
2026-10-10,Happy Gilmor,Round Valley,WG067,40.70712360033319,-111.5014684546231,6569.0,51,71.0,50.6,60.4,0.012,0.0,0.0,0.012,0.04,0.04,60.1,60.08571428571429,0,0.0,0.0,0.0,0.0,0.0,0,2.0,6488.3,6651.3,6569.0,9.1,8.8,21.8,27.0,27.6,39.5,5.9,0.033,DUSTY,76,FAIR,low retained moisture may produce dust or loose soil,25,1
2026-10-10,Happy Trailside,Round Valley,WG067,40.708413441306845,-111.50471867526606,6595.6,51,71.0,50.6,60.4,0.012,0.0,0.0,0.012,0.04,0.04,60.1,60.08571428571429,0,0.0,0.0,0.0,0.0,0.0,0,0.1,6570.7,6621.7,6595.6,11.4,12.6,15.0,80.0,0.0,0.0,20.0,0.036,DUSTY,76,FAIR,low retained moisture may produce dust or loose soil,25,1
2026-10-10,Holly's,Pinebrook,WG063,40.68604417524608,-111.57782170773478,7824.2,51,65.8,48.9,57.2,0.008,0.0,0.0,0.008,0.051,0.051,58.3,60.15714285714286,0,0.0,0.0,0.0,0.0,0.0,2,2.2,7520.7,8241.4,7824.2,27.2,28.3,42.4,12.1,1.6,67.0,19.2,0.031,DUSTY,76,FAIR,low retained moisture may produce dust or loose soil,25,1
2026-10-10,Insurgent,Jeremy Ranch / Glenwild,WG063,40.68610182305705,-111.58195303109213,7873.2,51,65.8,48.9,57.2,0.008,0.0,0.0,0.008,0.051,0.051,58.3,60.15714285714286,0,0.0,0.0,0.0,0.0,0.0,2,0.6,7618.3,8148.8,7873.2,21.7,22.6,32.5,0.0,0.0,74.0,26.0,0.031,DUSTY,76,FAIR,low retained moisture may produce dust or loose soil,25,7
2026-10-10,Io Trail (Middle),Deer Valley,WG017,40.61025792344493,-111.52770861008732,9342.5,51,59.1,42.9,50.9,0.012,0.004,0.0,0.012,0.028,0.028,51.73333333333333,53.34285714285714,0,0.0,0.0,0.0,0.0,0.0,0,0.3,9253.3,9432.7,9342.5,18.6,22.1,28.2,92.3,0.0,0.0,7.7,0.034,DUSTY,76,FAIR,low retained moisture may produce dust or loose soil,25,1
2026-10-10,Johns '99,Park City / PCMR,WG033,40.62911828578874,-111.50998374795329,8128.2,51,63.1,46.9,54.8,0.012,0.004,0.0,0.012,0.028,0.028,56.43333333333333,58.32857142857142,0,0.0,0.0,0.0,0.0,0.0,0,1.1,8080.5,8193.1,8128.2,19.7,20.3,35.7,43.8,0.0,38.5,17.7,0.028,DUSTY,76,FAIR,low retained moisture may produce dust or loose soil,25,19
2026-10-10,Johns 99,Deer Valley,WG015,40.62450457371346,-111.51231498110546,8231.6,51,62.4,46.2,54.2,0.012,0.004,0.0,0.012,0.028,0.028,55.76666666666667,57.642857142857146,0,0.0,0.0,0.0,0.0,0.0,0,0.6,8182.7,8279.9,8231.6,22.2,21.3,31.9,26.9,0.0,36.5,36.5,0.028,DUSTY,76,FAIR,low retained moisture may produce dust or loose soil,25,1
2026-10-10,Johns Trail,Park City / PCMR,WG033,40.63760825426597,-111.50539626371148,8041.4,51,63.1,46.9,54.8,0.012,0.004,0.0,0.012,0.028,0.028,56.43333333333333,58.32857142857142,0,0.0,0.0,0.0,0.0,0.0,0,1.8,7711.1,8249.6,8041.4,13.1,13.9,25.5,8.2,3.8,53.5,34.6,0.026,DUSTY,76,FAIR,low retained moisture may produce dust or loose soil,25,19
2026-10-10,Keystone Trail,Park City / PCMR,WG037,40.62506440637064,-111.53055382777043,8890.7,51,61.2,45.0,52.9,0.012,0.004,0.0,0.012,0.028,0.028,54.53333333333333,56.42857142857143,0,0.0,0.0,0.0,0.0,0.0,0,2.6,8572.7,9030.6,8890.7,17.5,17.7,34.7,19.5,26.7,25.8,28.1,0.03,DUSTY,76,FAIR,low retained moisture may produce dust or loose soil,25,19
2026-10-10,La Dee Duh,Round Valley,WG057,40.69261799590889,-111.5001632592338,6864.5,51,70.1,49.8,59.6,0.012,0.0,0.0,0.012,0.028,0.028,59.9,60.41428571428572,0,0.0,0.0,0.0,0.0,0.0,0,0.9,6814.7,6919.2,6864.5,11.9,12.5,21.3,2.4,80.5,17.1,0.0,0.025,DUSTY,76,FAIR,low retained moisture may produce dust or loose soil,25,1
2026-10-10,Link,Deer Valley,WG015,40.624117394272574,-111.51614328186776,8385.3,51,62.4,46.2,54.2,0.012,0.004,0.0,0.012,0.028,0.028,55.76666666666667,57.642857142857146,0,0.0,0.0,0.0,0.0,0.0,0,0.7,8257.2,8456.8,8385.3,21.9,23.1,32.9,1.6,0.0,67.7,30.6,0.026,DUSTY,76,FAIR,low retained moisture may produce dust or loose soil,25,1
2026-10-10,Little Chief,Deer Valley,WG015,40.61872839208637,-111.51243052868438,8322.6,51,62.4,46.2,54.2,0.012,0.004,0.0,0.012,0.028,0.028,55.76666666666667,57.642857142857146,0,0.0,0.0,0.0,0.0,0.0,0,0.7,8247.5,8462.5,8322.6,21.5,20.5,33.1,0.0,0.0,3.1,96.9,0.028,DUSTY,76,FAIR,low retained moisture may produce dust or loose soil,25,1
2026-10-10,Matt's Flat,Round Valley,WG057,40.68924275786925,-111.49221205396208,6921.6,51,70.1,49.8,59.6,0.012,0.0,0.0,0.012,0.028,0.028,59.9,60.41428571428572,0,0.0,0.0,0.0,0.0,0.0,0,1.0,6842.3,6958.4,6921.6,6.5,5.2,15.4,21.8,57.4,8.9,11.9,0.026,DUSTY,76,FAIR,low retained moisture may produce dust or loose soil,25,1
2026-10-10,Mid-Mountain Connect,Park City / PCMR,WG036,40.63223012461414,-111.51309555497544,8201.7,51,62.3,46.1,54.1,0.012,0.004,0.0,0.012,0.028,0.028,55.66666666666666,57.54285714285714,0,0.0,0.0,0.0,0.0,0.0,0,0.1,8162.9,8233.9,8201.7,12.6,11.6,20.5,18.2,0.0,18.2,63.6,0.028,DUSTY,76,FAIR,low retained moisture may produce dust or loose soil,25,19
2026-10-10,Mid-Mountain Trail,Park City / PCMR,WG036,40.64534582424172,-111.53118141177607,8168.3,51,62.3,46.1,54.1,0.012,0.004,0.0,0.012,0.028,0.028,55.66666666666666,57.54285714285714,0,0.0,0.0,0.0,0.0,0.0,0,18.5,7828.1,8515.6,8168.3,22.2,22.8,43.0,9.3,15.6,32.0,43.0,0.028,DUSTY,76,FAIR,low retained moisture may produce dust or loose soil,25,19
2026-10-10,Miner's Mile,Park City / PCMR,WG036,40.62728968091632,-111.51804021102016,8457.0,51,62.3,46.1,54.1,0.012,0.004,0.0,0.012,0.028,0.028,55.66666666666666,57.54285714285714,0,0.0,0.0,0.0,0.0,0.0,0,0.4,8340.5,8549.3,8457.0,7.8,7.9,11.2,0.0,0.0,21.6,78.4,0.028,DUSTY,76,FAIR,low retained moisture may produce dust or loose soil,25,19
2026-10-10,Mojave,Park City / PCMR,WG037,40.634971780917176,-111.5211432294971,8540.4,51,61.2,45.0,52.9,0.012,0.004,0.0,0.012,0.028,0.028,54.53333333333333,56.42857142857143,0,0.0,0.0,0.0,0.0,0.0,0,0.9,8364.7,8732.7,8540.4,18.7,19.2,30.2,0.0,86.7,13.3,0.0,0.03,DUSTY,76,FAIR,low retained moisture may produce dust or loose soil,25,19
2026-10-10,Mountain Ranch Estates,Round Valley,WG067,40.7173985998433,-111.50812726137713,6520.0,51,71.0,50.6,60.4,0.012,0.0,0.0,0.012,0.04,0.04,60.1,60.08571428571429,0,0.0,0.0,0.0,0.0,0.0,0,1.4,6426.1,6632.7,6520.0,5.2,4.4,19.0,6.8,30.8,50.4,12.0,0.032,DUSTY,76,FAIR,low retained moisture may produce dust or loose soil,25,1
2026-10-10,Mountain Willow,Round Valley,WG067,40.71402930681007,-111.48565937361776,6571.7,51,71.0,50.6,60.4,0.012,0.0,0.0,0.012,0.04,0.04,60.1,60.08571428571429,0,0.0,0.0,0.0,0.0,0.0,0,0.4,6544.8,6592.9,6571.7,5.3,3.4,18.2,3.3,46.7,50.0,0.0,0.032,DUSTY,76,FAIR,low retained moisture may produce dust or loose soil,25,1
2026-10-10,Mr Muchrocks,Round Valley,WG067,40.70904482572548,-111.50323360919846,6653.2,51,71.0,50.6,60.4,0.012,0.0,0.0,0.012,0.04,0.04,60.1,60.08571428571429,0,0.0,0.0,0.0,0.0,0.0,0,0.5,6604.6,6731.1,6653.2,11.8,11.9,20.3,52.7,43.6,0.0,3.6,0.035,DUSTY,76,FAIR,low retained moisture may produce dust or loose soil,25,1
2026-10-10,Nick NAC,Round Valley,WG057,40.69210865876878,-111.490120990647,6959.3,51,70.1,49.8,59.6,0.012,0.0,0.0,0.012,0.028,0.028,59.9,60.41428571428572,0,0.0,0.0,0.0,0.0,0.0,0,0.1,6953.7,6971.6,6959.3,5.2,3.8,10.1,0.0,100.0,0.0,0.0,0.026,DUSTY,76,FAIR,low retained moisture may produce dust or loose soil,25,1
2026-10-10,Nowhere Elks,Round Valley,WG058,40.69018989582584,-111.48311322310164,7036.6,51,69.5,49.2,58.9,0.012,0.0,0.0,0.012,0.028,0.028,59.46666666666666,59.9,0,0.0,0.0,0.0,0.0,0.0,0,1.3,6851.7,7128.6,7036.6,9.1,9.2,16.7,35.3,51.3,8.4,5.0,0.026,DUSTY,76,FAIR,low retained moisture may produce dust or loose soil,25,1
2026-10-10,Old Stage Crest Connect,Park City / PCMR,WG023,40.61247305094488,-111.5715274805363,9057.3,51,59.7,43.5,51.5,0.012,0.004,0.0,0.012,0.028,0.044,52.4,53.92857142857143,0,0.0,0.0,0.0,0.0,0.0,0,0.3,8989.0,9157.0,9057.3,21.7,19.4,31.0,10.7,75.0,14.3,0.0,0.035,DUSTY,76,FAIR,low retained moisture may produce dust or loose soil,25,19
2026-10-10,Ore Cart,Deer Valley,WG015,40.621755910380834,-111.51139929264724,8146.4,51,62.4,46.2,54.2,0.012,0.004,0.0,0.012,0.028,0.028,55.76666666666667,57.642857142857146,0,0.0,0.0,0.0,0.0,0.0,0,0.3,8064.8,8251.4,8146.4,22.7,23.7,28.3,25.0,0.0,0.0,75.0,0.029,DUSTY,76,FAIR,low retained moisture may produce dust or loose soil,25,1
2026-10-10,Perrier Pass,Park City / PCMR,WG017,40.61814002894983,-111.53826776190397,9445.9,51,59.1,42.9,50.9,0.012,0.004,0.0,0.012,0.028,0.028,51.73333333333333,53.34285714285714,0,0.0,0.0,0.0,0.0,0.0,0,0.1,9397.1,9469.1,9445.9,21.9,24.1,25.7,0.0,0.0,90.9,9.1,0.028,DUSTY,76,FAIR,low retained moisture may produce dust or loose soil,25,19
2026-10-10,Pinecone Ridge,Park City / PCMR,WG039,40.63337906740186,-111.54644099265712,9084.9,51,59.6,43.4,51.4,0.012,0.004,0.0,0.012,0.028,0.044,52.29999999999999,53.82857142857143,0,0.0,0.0,0.0,0.0,0.0,0,3.9,8421.5,9841.4,9084.9,22.7,23.0,32.2,6.2,20.0,35.6,38.1,0.034,DUSTY,76,FAIR,low retained moisture may produce dust or loose soil,25,19
2026-10-10,PorcUclimb,Round Valley,WG058,40.69402326414524,-111.48517031749344,7064.7,51,69.5,49.2,58.9,0.012,0.0,0.0,0.012,0.028,0.028,59.46666666666666,59.9,0,0.0,0.0,0.0,0.0,0.0,0,0.8,7000.3,7127.6,7064.7,6.1,5.6,12.3,21.7,75.4,2.9,0.0,0.027,DUSTY,76,FAIR,low retained moisture may produce dust or loose soil,25,1
2026-10-10,Powerline Trail,Park City / PCMR,WG036,40.63015217582808,-111.53743024085954,8362.6,51,62.3,46.1,54.1,0.012,0.004,0.0,0.012,0.028,0.028,55.66666666666666,57.54285714285714,0,0.0,0.0,0.0,0.0,0.0,0,0.6,8185.7,8545.6,8362.6,13.0,13.1,19.1,0.0,3.6,7.3,89.1,0.028,DUSTY,76,FAIR,low retained moisture may produce dust or loose soil,25,19
2026-10-10,Pulp Friction,Round Valley,WG057,40.69884233324062,-111.50344523686547,6681.3,51,70.1,49.8,59.6,0.012,0.0,0.0,0.012,0.028,0.028,59.9,60.41428571428572,0,0.0,0.0,0.0,0.0,0.0,0,1.4,6472.9,6878.8,6681.3,15.2,16.9,28.3,11.4,76.3,11.4,0.9,0.026,DUSTY,76,FAIR,low retained moisture may produce dust or loose soil,25,1
2026-10-10,Rademan Ridge,Round Valley,WG057,40.69522706920315,-111.49835765815162,6895.6,51,70.1,49.8,59.6,0.012,0.0,0.0,0.012,0.028,0.028,59.9,60.41428571428572,0,0.0,0.0,0.0,0.0,0.0,0,1.3,6783.4,6991.2,6895.6,6.0,4.0,15.0,38.5,27.0,26.2,8.2,0.026,DUSTY,76,FAIR,low retained moisture may produce dust or loose soil,25,1
2026-10-10,Ramble On,Round Valley,WG067,40.70159467934347,-111.48028465593316,6781.5,51,71.0,50.6,60.4,0.012,0.0,0.0,0.012,0.04,0.04,60.1,60.08571428571429,0,0.0,0.0,0.0,0.0,0.0,0,2.8,6720.6,6841.6,6781.5,11.0,10.2,23.4,0.0,6.4,48.9,44.7,0.032,DUSTY,76,FAIR,low retained moisture may produce dust or loose soil,25,1
2026-10-10,Rambler,Round Valley,WG057,40.69772226627651,-111.49065578495473,6809.2,51,70.1,49.8,59.6,0.012,0.0,0.0,0.012,0.028,0.028,59.9,60.41428571428572,0,0.0,0.0,0.0,0.0,0.0,0,5.4,6468.6,7063.9,6809.2,10.5,9.3,23.6,8.4,41.3,24.2,26.1,0.025,DUSTY,76,FAIR,low retained moisture may produce dust or loose soil,25,1
2026-10-10,Rambler DT,Round Valley,WG056,40.699080350519786,-111.50674680507665,6485.7,51,70.3,53.4,61.7,0.008,0.0,0.0,0.008,0.036,0.036,61.53333333333333,61.01428571428571,0,0.0,0.0,0.0,0.0,0.0,2,0.2,6470.0,6508.3,6485.7,12.3,12.3,16.9,0.0,100.0,0.0,0.0,0.023,DUSTY,76,FAIR,low retained moisture may produce dust or loose soil,25,1
2026-10-10,Regulator Trail,Deer Valley,WG033,40.62910164594688,-111.48142418804063,8033.8,51,63.1,46.9,54.8,0.012,0.004,0.0,0.012,0.028,0.028,56.43333333333333,58.32857142857142,0,0.0,0.0,0.0,0.0,0.0,0,1.4,7733.1,8330.3,8033.8,22.2,21.4,35.8,0.0,25.0,66.7,8.3,0.026,DUSTY,76,FAIR,low retained moisture may produce dust or loose soil,25,1
2026-10-10,Richochet,Park City / PCMR,WG062,40.68638148266805,-111.57139393545772,7468.3,51,66.8,49.9,58.2,0.008,0.0,0.0,0.008,0.051,0.051,59.366666666666674,61.21428571428572,0,0.0,0.0,0.0,0.0,0.0,2,2.5,6918.4,8101.8,7468.3,22.5,22.8,36.7,0.0,1.4,60.1,38.5,0.031,DUSTY,76,FAIR,low retained moisture may produce dust or loose soil,25,19
2026-10-10,Rob's Trail,Pinebrook,WG063,40.69704664952428,-111.5702364046946,7584.0,51,65.8,48.9,57.2,0.008,0.0,0.0,0.008,0.051,0.051,58.3,60.15714285714286,0,0.0,0.0,0.0,0.0,0.0,2,2.1,7146.5,7923.4,7584.0,25.6,26.0,35.1,18.2,1.1,75.0,5.7,0.031,DUSTY,76,FAIR,low retained moisture may produce dust or loose soil,25,1
2026-10-10,Rock Chuck Trail,Park City / PCMR,WG008,40.58874474594925,-111.56839301918852,9680.6,51,57.3,41.1,49.0,0.012,0.004,0.0,0.012,0.012,0.0549999999999999,49.93333333333334,51.05714285714286,0,0.0,0.0,0.0,0.0,0.0,0,1.0,9377.3,9855.0,9680.6,12.5,11.5,28.4,0.0,47.1,52.9,0.0,0.026,DUSTY,76,FAIR,low retained moisture may produce dust or loose soil,25,19
2026-10-10,Rogue Rider Trail,Park City / PCMR,WG020,40.60699361060532,-111.56187339427328,9423.9,51,58.8,42.6,50.6,0.012,0.004,0.0,0.012,0.028,0.028,51.46666666666667,53.07142857142857,0,0.0,0.0,0.0,0.0,0.0,0,2.2,9049.7,9871.9,9423.9,16.5,15.5,29.0,0.5,27.8,71.7,0.0,0.029,DUSTY,76,FAIR,low retained moisture may produce dust or loose soil,25,19
2026-10-10,Rosebud,Park City / PCMR,WG036,40.63966083548988,-111.52257618003053,8390.4,51,62.3,46.1,54.1,0.012,0.004,0.0,0.012,0.028,0.028,55.66666666666666,57.54285714285714,0,0.0,0.0,0.0,0.0,0.0,0,0.4,8315.5,8439.7,8390.4,17.4,16.4,24.9,0.0,75.7,24.3,0.0,0.027,DUSTY,76,FAIR,low retained moisture may produce dust or loose soil,25,19
2026-10-10,Round Valley Connect,Round Valley,WG067,40.70875221615484,-111.50427592382064,6606.7,51,71.0,50.6,60.4,0.012,0.0,0.0,0.012,0.04,0.04,60.1,60.08571428571429,0,0.0,0.0,0.0,0.0,0.0,0,0.1,6573.7,6646.8,6606.7,9.1,9.4,12.2,81.2,6.2,0.0,12.5,0.036,DUSTY,76,FAIR,low retained moisture may produce dust or loose soil,25,1
2026-10-10,Round Valley Connector,Round Valley,WG067,40.709506874143365,-111.48774034228174,6611.3,51,71.0,50.6,60.4,0.012,0.0,0.0,0.012,0.04,0.04,60.1,60.08571428571429,0,0.0,0.0,0.0,0.0,0.0,0,1.9,6533.0,6760.4,6611.3,4.1,2.8,11.2,1.7,59.1,38.1,1.1,0.032,DUSTY,76,FAIR,low retained moisture may produce dust or loose soil,25,1
2026-10-10,Round Valley Express,Round Valley,WG057,40.69308554123404,-111.4897696424948,6812.1,51,70.1,49.8,59.6,0.012,0.0,0.0,0.012,0.028,0.028,59.9,60.41428571428572,0,0.0,0.0,0.0,0.0,0.0,0,3.7,6624.2,6963.0,6812.1,5.9,5.2,20.9,29.7,16.3,32.9,21.1,0.026,DUSTY,76,FAIR,low retained moisture may produce dust or loose soil,25,1
2026-10-10,Rusty Shovel,Round Valley,WG057,40.69776625143012,-111.4804885556652,6868.8,51,70.1,49.8,59.6,0.012,0.0,0.0,0.012,0.028,0.028,59.9,60.41428571428572,0,0.0,0.0,0.0,0.0,0.0,0,1.7,6727.2,7062.5,6868.8,10.0,9.9,18.9,8.9,0.0,54.8,36.3,0.025,DUSTY,76,FAIR,low retained moisture may produce dust or loose soil,25,1
2026-10-10,Saved By The Bell,Round Valley,WG067,40.71689792497153,-111.49958806368429,6568.5,51,71.0,50.6,60.4,0.012,0.0,0.0,0.012,0.04,0.04,60.1,60.08571428571429,0,0.0,0.0,0.0,0.0,0.0,0,1.3,6511.5,6665.6,6568.5,9.7,10.4,18.0,15.0,85.0,0.0,0.0,0.034,DUSTY,76,FAIR,low retained moisture may produce dust or loose soil,25,1
2026-10-10,Secret of My Success Trail,Deer Valley,WG033,40.62597453280468,-111.48566192002252,8293.6,51,63.1,46.9,54.8,0.012,0.004,0.0,0.012,0.028,0.028,56.43333333333333,58.32857142857142,0,0.0,0.0,0.0,0.0,0.0,0,0.4,8228.9,8353.6,8293.6,19.1,20.0,25.2,0.0,59.5,40.5,0.0,0.027,DUSTY,76,FAIR,low retained moisture may produce dust or loose soil,25,1
2026-10-10,Seventy 101,Round Valley,WG057,40.68968411592925,-111.49103639156762,6974.3,51,70.1,49.8,59.6,0.012,0.0,0.0,0.012,0.028,0.028,59.9,60.41428571428572,0,0.0,0.0,0.0,0.0,0.0,0,0.4,6955.8,7036.1,6974.3,3.6,2.9,8.3,23.1,17.9,46.2,12.8,0.025,DUSTY,76,FAIR,low retained moisture may produce dust or loose soil,25,1
2026-10-10,Shadow Lake,Park City / PCMR,WG020,40.61596037279941,-111.55009628848111,9179.4,51,58.8,42.6,50.6,0.012,0.004,0.0,0.012,0.028,0.028,51.46666666666667,53.07142857142857,0,0.0,0.0,0.0,0.0,0.0,0,0.8,9037.5,9310.6,9179.4,15.7,14.4,34.6,8.3,15.3,41.7,34.7,0.03,DUSTY,76,FAIR,low retained moisture may produce dust or loose soil,25,19
2026-10-10,Short Fuse,Park City / PCMR,WG036,40.6346970517688,-111.52339576593836,8439.4,51,62.3,46.1,54.1,0.012,0.004,0.0,0.012,0.028,0.028,55.66666666666666,57.54285714285714,0,0.0,0.0,0.0,0.0,0.0,0,0.3,8340.4,8526.1,8439.4,19.4,21.8,26.7,0.0,3.7,77.8,18.5,0.026,DUSTY,76,FAIR,low retained moisture may produce dust or loose soil,25,19
2026-10-10,Silver Queen,Park City / PCMR,WG037,40.63391819864852,-111.51755091640152,8558.9,51,61.2,45.0,52.9,0.012,0.004,0.0,0.012,0.028,0.028,54.53333333333333,56.42857142857143,0,0.0,0.0,0.0,0.0,0.0,0,1.0,8376.5,8720.1,8558.9,22.5,23.1,30.5,2.5,0.0,0.0,97.5,0.03,DUSTY,76,FAIR,low retained moisture may produce dust or loose soil,25,19
2026-10-10,Sloppy Joe,Round Valley,WG067,40.71599935057343,-111.49742827056478,6658.4,51,71.0,50.6,60.4,0.012,0.0,0.0,0.012,0.04,0.04,60.1,60.08571428571429,0,0.0,0.0,0.0,0.0,0.0,0,0.3,6616.1,6684.3,6658.4,10.1,10.4,19.5,10.7,75.0,14.3,0.0,0.034,DUSTY,76,FAIR,low retained moisture may produce dust or loose soil,25,1
2026-10-10,Speedbag,Deer Valley,WG011,40.624406811076895,-111.50919273225593,7987.6,51,63.8,47.6,55.6,0.012,0.004,0.0,0.012,0.028,0.028,57.2,59.07142857142857,0,0.0,0.0,0.0,0.0,0.0,0,0.8,7729.6,8257.2,7987.6,24.5,24.9,33.1,22.1,0.0,19.1,58.8,0.027,DUSTY,76,FAIR,low retained moisture may produce dust or loose soil,25,1
2026-10-10,Steps,Park City / PCMR,WG037,40.63116043759045,-111.5173271228493,8520.8,51,61.2,45.0,52.9,0.012,0.004,0.0,0.012,0.028,0.028,54.53333333333333,56.42857142857143,0,0.0,0.0,0.0,0.0,0.0,0,1.0,8366.1,8730.0,8520.8,24.0,25.7,34.0,18.0,0.0,0.0,82.0,0.031,DUSTY,76,FAIR,low retained moisture may produce dust or loose soil,25,19
2026-10-10,Stiff Upper Lip,Park City / PCMR,WG017,40.61611691879028,-111.52987009616064,9025.4,51,59.1,42.9,50.9,0.012,0.004,0.0,0.012,0.028,0.028,51.73333333333333,53.34285714285714,0,0.0,0.0,0.0,0.0,0.0,0,0.5,8926.8,9139.2,9025.4,16.3,16.1,27.9,0.0,0.0,33.3,66.7,0.03,DUSTY,76,FAIR,low retained moisture may produce dust or loose soil,25,19
2026-10-10,Sunny Slopes Trail,Round Valley,WG057,40.68377753714063,-111.48540217687854,6826.8,51,70.1,49.8,59.6,0.012,0.0,0.0,0.012,0.028,0.028,59.9,60.41428571428572,0,0.0,0.0,0.0,0.0,0.0,0,0.1,6823.0,6832.1,6826.8,2.4,2.3,3.7,14.3,0.0,14.3,71.4,0.026,DUSTY,76,FAIR,low retained moisture may produce dust or loose soil,25,1
2026-10-10,TSP Skils Area,Round Valley,WG067,40.70929244417837,-111.50545423904256,6671.9,51,71.0,50.6,60.4,0.012,0.0,0.0,0.012,0.04,0.04,60.1,60.08571428571429,0,0.0,0.0,0.0,0.0,0.0,0,0.3,6646.3,6691.8,6671.9,8.0,8.2,14.7,30.2,0.0,4.7,65.1,0.035,DUSTY,76,FAIR,low retained moisture may produce dust or loose soil,25,1
2026-10-10,Tar Pits Jump Line,Round Valley,WG067,40.70948336187246,-111.50501444482678,6663.3,51,71.0,50.6,60.4,0.012,0.0,0.0,0.012,0.04,0.04,60.1,60.08571428571429,0,0.0,0.0,0.0,0.0,0.0,0,0.1,6650.4,6685.4,6663.3,4.8,4.2,11.8,8.3,0.0,16.7,75.0,0.033,DUSTY,76,FAIR,low retained moisture may produce dust or loose soil,25,1
2026-10-10,Thaynes Canyon,Park City / PCMR,WG037,40.62644528922062,-111.539067377105,8520.6,51,61.2,45.0,52.9,0.012,0.004,0.0,0.012,0.028,0.028,54.53333333333333,56.42857142857143,0,0.0,0.0,0.0,0.0,0.0,0,1.2,8185.7,8832.6,8520.6,11.3,10.7,22.7,1.0,13.1,81.8,4.0,0.028,DUSTY,76,FAIR,low retained moisture may produce dust or loose soil,25,19
2026-10-10,The Great Gazoo,Round Valley,WG067,40.70997890100696,-111.50140660314835,6662.9,51,71.0,50.6,60.4,0.012,0.0,0.0,0.012,0.04,0.04,60.1,60.08571428571429,0,0.0,0.0,0.0,0.0,0.0,0,0.5,6602.3,6731.1,6662.9,11.1,11.7,16.5,5.0,0.0,52.5,42.5,0.032,DUSTY,76,FAIR,low retained moisture may produce dust or loose soil,25,1
2026-10-10,Three Candles,Park City / PCMR,WG037,40.62931137475258,-111.52248914366156,8843.3,51,61.2,45.0,52.9,0.012,0.004,0.0,0.012,0.028,0.028,54.53333333333333,56.42857142857143,0,0.0,0.0,0.0,0.0,0.0,0,0.7,8739.8,8959.2,8843.3,10.2,9.4,21.3,0.0,0.0,55.7,44.3,0.029,DUSTY,76,FAIR,low retained moisture may produce dust or loose soil,25,19
2026-10-10,Tim Man,Round Valley,WG067,40.70348842863846,-111.50080894755244,6766.9,51,71.0,50.6,60.4,0.012,0.0,0.0,0.012,0.04,0.04,60.1,60.08571428571429,0,0.0,0.0,0.0,0.0,0.0,0,1.4,6648.4,6875.3,6766.9,7.3,6.8,15.0,0.8,59.8,38.5,0.8,0.032,DUSTY,76,FAIR,low retained moisture may produce dust or loose soil,25,1
2026-10-10,Tommys Two Step,Park City / PCMR,WG036,40.629024211109055,-111.51829238121942,8474.2,51,62.3,46.1,54.1,0.012,0.004,0.0,0.012,0.028,0.028,55.66666666666666,57.54285714285714,0,0.0,0.0,0.0,0.0,0.0,0,1.5,8250.0,8718.0,8474.2,21.9,22.0,33.1,13.6,0.0,31.1,55.3,0.028,DUSTY,76,FAIR,low retained moisture may produce dust or loose soil,25,19
2026-10-10,Trailside,Round Valley,WG066,40.71864159830864,-111.50336949570412,6480.1,51,70.4,53.5,61.8,0.008,0.0,0.0,0.008,0.036,0.036,61.6,61.08571428571428,0,0.0,0.0,0.0,0.0,0.0,2,0.1,6473.9,6486.7,6480.1,3.6,3.6,5.7,0.0,0.0,28.6,71.4,0.023,DUSTY,76,FAIR,low retained moisture may produce dust or loose soil,25,1
2026-10-10,Trailside Connector,Round Valley,WG067,40.71611276967259,-111.5017965665912,6504.2,51,71.0,50.6,60.4,0.012,0.0,0.0,0.012,0.04,0.04,60.1,60.08571428571429,0,0.0,0.0,0.0,0.0,0.0,0,0.1,6498.8,6512.4,6504.2,2.6,2.8,4.3,10.0,60.0,30.0,0.0,0.033,DUSTY,76,FAIR,low retained moisture may produce dust or loose soil,25,1
2026-10-10,Trailside Loop,Round Valley,WG067,40.71199117049012,-111.50483999800892,6609.7,51,71.0,50.6,60.4,0.012,0.0,0.0,0.012,0.04,0.04,60.1,60.08571428571429,0,0.0,0.0,0.0,0.0,0.0,0,1.2,6532.2,6679.2,6609.7,7.7,7.4,17.1,0.0,0.0,42.2,57.8,0.032,DUSTY,76,FAIR,low retained moisture may produce dust or loose soil,25,1
2026-10-10,Trestle,Park City / PCMR,WG033,40.63650074050743,-111.50791633233914,8071.5,51,63.1,46.9,54.8,0.012,0.004,0.0,0.012,0.028,0.028,56.43333333333333,58.32857142857142,0,0.0,0.0,0.0,0.0,0.0,0,1.3,7656.2,8253.4,8071.5,17.4,18.3,30.5,0.0,46.6,48.3,5.1,0.026,DUSTY,76,FAIR,low retained moisture may produce dust or loose soil,25,19
2026-10-10,Truckhole,Round Valley,WG067,40.704351116822174,-111.50022157042804,6773.9,51,71.0,50.6,60.4,0.012,0.0,0.0,0.012,0.04,0.04,60.1,60.08571428571429,0,0.0,0.0,0.0,0.0,0.0,0,0.7,6641.4,6877.9,6773.9,6.7,6.0,15.2,13.8,37.9,48.3,0.0,0.033,DUSTY,76,FAIR,low retained moisture may produce dust or loose soil,25,1
2026-10-10,Unga Bunga Skills and Pump Tradk,Round Valley,WG067,40.71158064400824,-111.50217787755837,6590.1,51,71.0,50.6,60.4,0.012,0.0,0.0,0.012,0.04,0.04,60.1,60.08571428571429,0,0.0,0.0,0.0,0.0,0.0,0,0.2,6579.8,6601.1,6590.1,5.9,5.5,12.3,0.0,2.9,94.1,2.9,0.031,DUSTY,76,FAIR,low retained moisture may produce dust or loose soil,25,1
2026-10-10,Up Track,Round Valley,WG067,40.71007968280768,-111.50314659118624,6643.1,51,71.0,50.6,60.4,0.012,0.0,0.0,0.012,0.04,0.04,60.1,60.08571428571429,0,0.0,0.0,0.0,0.0,0.0,0,0.5,6566.9,6731.1,6643.1,6.8,5.8,16.9,1.5,22.7,60.6,15.2,0.032,DUSTY,76,FAIR,low retained moisture may produce dust or loose soil,25,1
2026-10-10,Upper Devo Trail,Deer Valley,WG033,40.62826200901757,-111.4850494481263,8097.8,51,63.1,46.9,54.8,0.012,0.004,0.0,0.012,0.028,0.028,56.43333333333333,58.32857142857142,0,0.0,0.0,0.0,0.0,0.0,0,0.2,8012.6,8210.0,8097.8,15.1,15.6,18.3,0.0,0.0,100.0,0.0,0.025,DUSTY,76,FAIR,low retained moisture may produce dust or loose soil,25,1
2026-10-10,WOW (Wasatch Over Wasatch) Trail,Deer Valley,WG003,40.585198990338895,-111.50729227137398,8248.2,51,62.6,46.4,54.4,0.012,0.004,0.0,0.012,0.012,0.043,56.13333333333333,57.471428571428575,0,0.0,0.0,0.0,0.0,0.0,0,2.7,8125.9,8428.2,8248.2,11.4,10.0,31.9,57.1,9.7,5.3,27.9,0.024,DUSTY,76,FAIR,low retained moisture may produce dust or loose soil,25,1
2026-10-10,Wasatch Crest Connect,Park City / PCMR,WG020,40.616974136223725,-111.55736099806312,9245.9,51,58.8,42.6,50.6,0.012,0.004,0.0,0.012,0.028,0.028,51.46666666666667,53.07142857142857,0,0.0,0.0,0.0,0.0,0.0,0,1.7,8958.2,9481.6,9245.9,17.1,17.3,33.0,12.9,15.5,34.2,37.4,0.031,DUSTY,76,FAIR,low retained moisture may produce dust or loose soil,25,19
2026-10-10,Yabba Dabba Doo,Round Valley,WG067,40.71031601545331,-111.5039304608668,6636.2,51,71.0,50.6,60.4,0.012,0.0,0.0,0.012,0.04,0.04,60.1,60.08571428571429,0,0.0,0.0,0.0,0.0,0.0,0,0.3,6613.2,6659.8,6636.2,6.5,6.8,9.5,0.0,0.0,90.9,9.1,0.031,DUSTY,76,FAIR,low retained moisture may produce dust or loose soil,25,1
2026-10-10,24-7,Jeremy Ranch / Glenwild,WG086,40.7580938928905,-111.55747502780672,6689.5,51,69.8,52.9,61.2,0.008,0.0,0.0,0.008,0.024,0.024,61.3,61.44285714285714,0,0.0,0.0,0.0,0.0,0.0,2,5.1,6216.2,6897.6,6689.5,17.7,17.7,33.3,43.4,37.0,19.4,0.2,0.017,DUSTY,75,FAIR,low retained moisture may produce dust or loose soil,125,9
2026-10-10,Alta-Brighton Trail,Park City / PCMR,WG009,40.59874189108338,-111.5904390735144,9081.0,51,59.2,43.0,51.0,0.012,0.004,0.0,0.012,0.012,0.012,51.96666666666666,53.48571428571428,0,0.0,0.0,0.0,0.0,0.0,0,0.9,8748.9,9462.1,9081.0,12.4,11.7,28.0,13.5,2.7,25.7,58.1,0.018,DUSTY,75,FAIR,low retained moisture may produce dust or loose soil,125,52
2026-10-10,Ancient Forest Loop,Round Valley,WG074,40.7314260153664,-111.49224006112888,6485.8,51,71.5,51.2,60.9,0.012,0.0,0.0,0.012,0.012,0.012,60.93333333333333,61.457142857142856,0,0.0,0.0,0.0,0.0,0.0,0,1.0,6455.0,6516.1,6485.8,4.0,3.9,10.5,8.4,60.2,27.7,3.6,0.015,DUSTY,75,FAIR,low retained moisture may produce dust or loose soil,125,48
2026-10-10,Ant Farm,Jeremy Ranch / Glenwild,WG077,40.74632495230274,-111.55092174051572,6629.0,51,70.0,53.0,61.4,0.008,0.0,0.0,0.008,0.024,0.024,61.3,61.57142857142857,0,0.0,0.0,0.0,0.0,0.0,2,0.5,6534.5,6747.2,6629.0,11.9,12.8,18.9,0.0,6.8,93.2,0.0,0.015,DUSTY,75,FAIR,low retained moisture may produce dust or loose soil,125,9
2026-10-10,April Mountain Trail,Deer Valley,WG047,40.650711302598815,-111.4870593388075,7472.0,51,69.0,48.7,58.4,0.012,0.0,0.0,0.012,0.012,0.012,59.5,60.785714285714285,0,0.0,0.0,0.0,0.0,0.0,0,0.6,7336.4,7548.4,7472.0,12.0,11.8,23.4,46.4,35.7,5.4,12.5,0.016,DUSTY,75,FAIR,low retained moisture may produce dust or loose soil,125,15
2026-10-10,Aspen Slalom,Deer Valley,WG013,40.61311265842392,-111.48457791355952,8816.9,51,60.7,44.5,52.5,0.012,0.004,0.0,0.012,0.012,0.012,53.79999999999999,55.18571428571428,0,0.0,0.0,0.0,0.0,0.0,0,1.4,8481.2,9250.5,8816.9,18.7,18.5,29.6,0.0,39.7,59.5,0.8,0.017,DUSTY,75,FAIR,low retained moisture may produce dust or loose soil,125,15
2026-10-10,BLT,Jeremy Ranch / Glenwild,WG070,40.71492142685356,-111.56084442077211,6927.9,51,69.5,52.6,60.9,0.008,0.0,0.0,0.008,0.024,0.024,60.833333333333336,61.08571428571428,0,0.0,0.0,0.0,0.0,0.0,2,0.8,6827.5,6989.0,6927.9,17.6,17.3,29.1,23.5,8.8,0.0,67.6,0.017,DUSTY,75,FAIR,low retained moisture may produce dust or loose soil,125,9
2026-10-10,BYOB,Pinebrook,WG070,40.718283985000745,-111.55661288864135,6639.8,51,69.5,52.6,60.9,0.008,0.0,0.0,0.008,0.024,0.024,60.833333333333336,61.08571428571428,0,0.0,0.0,0.0,0.0,0.0,2,0.7,6545.0,6701.6,6639.8,15.6,15.9,25.8,5.0,0.0,16.7,78.3,0.017,DUSTY,75,FAIR,low retained moisture may produce dust or loose soil,125,4
2026-10-10,Bad Apple,Jeremy Ranch / Glenwild,WG076,40.74937514368386,-111.56017979748744,6367.9,51,70.7,53.8,62.1,0.008,0.0,0.0,0.008,0.024,0.024,62.03333333333333,62.285714285714285,0,0.0,0.0,0.0,0.0,0.0,2,0.7,6279.5,6445.1,6367.9,14.4,13.4,26.1,15.3,32.2,44.1,8.5,0.016,DUSTY,75,FAIR,low retained moisture may produce dust or loose soil,125,9
2026-10-10,Big Dipper,Jordanelle,WG042,40.66018548005414,-111.43175307695702,6961.2,51,70.5,50.1,59.9,0.012,0.0,0.0,0.012,0.012,0.012,61.0,61.65714285714286,0,0.0,0.0,0.0,0.0,0.0,0,2.2,6614.9,7331.5,6961.2,21.1,21.2,34.9,39.4,0.0,4.0,56.6,0.016,DUSTY,75,FAIR,low retained moisture may produce dust or loose soil,125,1
2026-10-10,Black Forest,Deer Valley,WG016,40.61940428916709,-111.52036519166067,8929.3,51,60.6,44.4,52.3,0.012,0.004,0.0,0.012,0.012,0.012,53.66666666666666,55.05714285714286,0,0.0,0.0,0.0,0.0,0.0,0,0.8,8567.5,9099.9,8929.3,15.9,16.4,31.7,3.0,9.1,77.3,10.6,0.017,DUSTY,75,FAIR,low retained moisture may produce dust or loose soil,125,15
2026-10-10,Blackhawk Trail,Jeremy Ranch / Glenwild,WG075,40.73111252615939,-111.53542276920604,6536.5,51,69.9,52.9,61.3,0.008,0.0,0.0,0.008,0.024,0.024,61.4,61.54285714285714,0,0.0,0.0,0.0,0.0,0.0,2,2.5,6347.6,6739.8,6536.5,16.6,16.7,28.9,74.3,21.4,0.0,4.3,0.018,DUSTY,75,FAIR,low retained moisture may produce dust or loose soil,125,9
2026-10-10,Bonanza Loop Trail,Deer Valley,WG016,40.60282163896819,-111.52815381158308,8908.5,51,60.6,44.4,52.3,0.012,0.004,0.0,0.012,0.012,0.012,53.66666666666666,55.05714285714286,0,0.0,0.0,0.0,0.0,0.0,0,4.8,8695.4,9086.5,8908.5,11.5,11.2,26.8,44.0,4.9,11.1,40.0,0.018,DUSTY,75,FAIR,low retained moisture may produce dust or loose soil,125,15
2026-10-10,Bonanza Trail,Deer Valley,WG046,40.661614248984336,-111.49584605339936,6814.3,51,70.1,49.7,59.5,0.012,0.0,0.0,0.012,0.012,0.012,60.53333333333333,61.82857142857143,0,0.0,0.0,0.0,0.0,0.0,0,0.3,6806.6,6827.9,6814.3,16.8,16.8,23.7,0.0,4.5,95.5,0.0,0.014,DUSTY,75,FAIR,low retained moisture may produce dust or loose soil,125,15
2026-10-10,Boot Hill,Park City / PCMR,WG046,40.66311538182378,-111.50841776480048,6853.1,51,70.1,49.7,59.5,0.012,0.0,0.0,0.012,0.012,0.012,60.53333333333333,61.82857142857143,0,0.0,0.0,0.0,0.0,0.0,0,0.3,6805.1,6895.8,6853.1,16.2,16.7,22.9,46.2,50.0,3.8,0.0,0.016,DUSTY,75,FAIR,low retained moisture may produce dust or loose soil,125,52
2026-10-10,Boot Hill Connect,Park City / PCMR,WG046,40.66384832032967,-111.50809692977944,6921.4,51,70.1,49.7,59.5,0.012,0.0,0.0,0.012,0.012,0.012,60.53333333333333,61.82857142857143,0,0.0,0.0,0.0,0.0,0.0,0,0.2,6895.8,6941.9,6921.4,11.7,12.5,16.7,20.0,45.0,30.0,5.0,0.015,DUSTY,75,FAIR,low retained moisture may produce dust or loose soil,125,52
2026-10-10,Boulder,Deer Valley,WG013,40.61539223980999,-111.50399769475118,8635.0,51,60.7,44.5,52.5,0.012,0.004,0.0,0.012,0.012,0.012,53.79999999999999,55.18571428571428,0,0.0,0.0,0.0,0.0,0.0,0,1.4,8415.7,8851.3,8635.0,15.8,15.5,21.0,0.0,19.7,80.3,0.0,0.016,DUSTY,75,FAIR,low retained moisture may produce dust or loose soil,125,15
2026-10-10,Boulder / Trump,Deer Valley,WG013,40.610998229404565,-111.50208555144307,8996.4,51,60.7,44.5,52.5,0.012,0.004,0.0,0.012,0.012,0.012,53.79999999999999,55.18571428571428,0,0.0,0.0,0.0,0.0,0.0,0,0.4,8942.9,9037.1,8996.4,12.9,12.6,22.7,0.0,8.6,60.0,31.4,0.017,DUSTY,75,FAIR,low retained moisture may produce dust or loose soil,125,15
2026-10-10,Bow Hunter,Deer Valley,WG014,40.60108596513679,-111.48484426536052,9020.3,51,59.8,43.6,51.5,0.012,0.004,0.0,0.012,0.012,0.012,52.86666666666667,54.18571428571429,0,0.0,0.0,0.0,0.0,0.0,0,0.7,8978.5,9076.6,9020.3,21.4,21.6,33.7,28.6,0.0,0.0,71.4,0.019,DUSTY,75,FAIR,low retained moisture may produce dust or loose soil,125,15
2026-10-10,Bow Hunter Extension,Deer Valley,WG005,40.59796119210968,-111.4848069886625,9014.7,51,59.9,43.7,51.6,0.012,0.004,0.0,0.012,0.012,0.012,52.96666666666667,54.285714285714285,0,0.0,0.0,0.0,0.0,0.0,0,0.2,8991.5,9031.2,9014.7,17.1,20.8,26.6,28.6,9.5,19.0,42.9,0.019,DUSTY,75,FAIR,low retained moisture may produce dust or loose soil,125,15
2026-10-10,Brighton Lakes Trail,Park City / PCMR,WG009,40.59287052758444,-111.58751257009568,9276.0,51,59.2,43.0,51.0,0.012,0.004,0.0,0.012,0.012,0.012,51.96666666666666,53.48571428571428,0,0.0,0.0,0.0,0.0,0.0,0,1.9,8827.7,9547.3,9276.0,15.1,13.7,36.8,6.5,16.0,50.9,26.6,0.018,DUSTY,75,FAIR,low retained moisture may produce dust or loose soil,125,52
2026-10-10,Catherine's Pass Trail,Park City / PCMR,WG010,40.585096359880005,-111.59078643106362,9753.9,51,57.3,41.1,49.1,0.012,0.004,0.0,0.012,0.012,0.012,50.06666666666666,51.58571428571429,0,0.0,0.0,0.0,0.0,0.0,0,1.5,9379.6,10222.3,9753.9,16.9,17.1,36.8,16.9,39.5,16.9,26.6,0.019,DUSTY,75,FAIR,low retained moisture may produce dust or loose soil,125,52
2026-10-10,Clayton Peak Trail,Park City / PCMR,WG010,40.58693552999217,-111.57085635011327,9813.5,51,57.3,41.1,49.1,0.012,0.004,0.0,0.012,0.012,0.012,50.06666666666666,51.58571428571429,0,0.0,0.0,0.0,0.0,0.0,0,2.0,9358.3,10347.8,9813.5,19.0,18.5,35.6,1.1,38.3,54.3,6.3,0.018,DUSTY,75,FAIR,low retained moisture may produce dust or loose soil,125,52
2026-10-10,Colin's Trail,Jeremy Ranch / Glenwild,WG060,40.69629937433107,-111.55671582168428,7029.9,51,67.9,50.9,59.3,0.008,0.0,0.0,0.008,0.024,0.052,60.53333333333333,61.54285714285714,0,0.0,0.0,0.0,0.0,0.0,2,1.8,6641.1,7390.4,7029.9,21.7,22.5,34.0,3.3,0.0,53.9,42.8,0.02,DUSTY,75,FAIR,low retained moisture may produce dust or loose soil,125,9
2026-10-10,Corvair,Deer Valley,WG016,40.61099169805087,-111.51230389508405,8648.6,51,60.6,44.4,52.3,0.012,0.004,0.0,0.012,0.012,0.012,53.66666666666666,55.05714285714286,0,0.0,0.0,0.0,0.0,0.0,0,1.3,8388.6,8848.4,8648.6,19.4,19.3,30.4,0.0,7.1,73.5,19.5,0.017,DUSTY,75,FAIR,low retained moisture may produce dust or loose soil,125,15
2026-10-10,Corvair (Upper),Deer Valley,WG016,40.60840912265719,-111.51090449857222,8883.3,51,60.6,44.4,52.3,0.012,0.004,0.0,0.012,0.012,0.012,53.66666666666666,55.05714285714286,0,0.0,0.0,0.0,0.0,0.0,0,0.7,8839.3,8949.2,8883.3,19.9,19.0,29.7,0.0,0.0,43.5,56.5,0.017,DUSTY,75,FAIR,low retained moisture may produce dust or loose soil,125,15
2026-10-10,Corvair Connector,Deer Valley,WG016,40.61070239150149,-111.5115633319795,8812.1,51,60.6,44.4,52.3,0.012,0.004,0.0,0.012,0.012,0.012,53.66666666666666,55.05714285714286,0,0.0,0.0,0.0,0.0,0.0,0,0.1,8779.5,8843.9,8812.1,12.3,11.4,17.1,0.0,0.0,80.0,20.0,0.016,DUSTY,75,FAIR,low retained moisture may produce dust or loose soil,125,15
2026-10-10,Cousin Eddy Trail,Clark Ranch,WG044,40.66170094764518,-111.45386933866466,6817.2,51,70.3,49.9,59.7,0.012,0.0,0.0,0.012,0.012,0.012,60.333333333333336,60.71428571428572,0,0.0,0.0,0.0,0.0,0.0,0,0.5,6718.9,6929.3,6817.2,12.7,12.6,22.5,0.0,0.0,29.5,70.5,0.015,DUSTY,75,FAIR,low retained moisture may produce dust or loose soil,125,1
2026-10-10,Crazy Eights,Jeremy Ranch / Glenwild,WG077,40.74908550583131,-111.55291850861556,6580.7,51,70.0,53.0,61.4,0.008,0.0,0.0,0.008,0.024,0.024,61.3,61.57142857142857,0,0.0,0.0,0.0,0.0,0.0,2,0.8,6460.7,6726.9,6580.7,11.1,11.4,14.2,7.6,72.7,19.7,0.0,0.017,DUSTY,75,FAIR,low retained moisture may produce dust or loose soil,125,9
2026-10-10,Cyn City,Park City / PCMR,WG016,40.62106458390316,-111.52108056020784,8700.1,51,60.6,44.4,52.3,0.012,0.004,0.0,0.012,0.012,0.012,53.66666666666666,55.05714285714286,0,0.0,0.0,0.0,0.0,0.0,0,2.6,8372.6,9048.5,8700.1,21.1,21.0,34.1,1.4,7.0,85.5,6.1,0.016,DUSTY,75,FAIR,low retained moisture may produce dust or loose soil,125,52
2026-10-10,Dead Tree,Park City / PCMR,WG021,40.611358588022426,-111.54588982448988,9653.6,51,57.3,41.1,49.1,0.012,0.004,0.0,0.012,0.012,0.012,50.0,51.17142857142858,0,0.0,0.0,0.0,0.0,0.0,0,0.8,9569.8,9775.6,9653.6,26.5,27.5,37.8,35.4,21.5,43.1,0.0,0.018,DUSTY,75,FAIR,low retained moisture may produce dust or loose soil,125,52
2026-10-10,Deer Camp,Deer Valley,WG013,40.60519585339864,-111.4911066437841,8920.6,51,60.7,44.5,52.5,0.012,0.004,0.0,0.012,0.012,0.012,53.79999999999999,55.18571428571428,0,0.0,0.0,0.0,0.0,0.0,0,0.7,8822.7,8995.5,8920.6,10.1,10.4,15.8,0.0,69.2,18.5,12.3,0.018,DUSTY,75,FAIR,low retained moisture may produce dust or loose soil,125,15
2026-10-10,Dropout,Jeremy Ranch / Glenwild,WG077,40.74673233142679,-111.55449028155309,6576.0,51,70.0,53.0,61.4,0.008,0.0,0.0,0.008,0.024,0.024,61.3,61.57142857142857,0,0.0,0.0,0.0,0.0,0.0,2,0.9,6420.7,6743.0,6576.0,8.2,7.7,12.5,0.0,16.5,83.5,0.0,0.015,DUSTY,75,FAIR,low retained moisture may produce dust or loose soil,125,9
2026-10-10,Eagle Way,Park City / PCMR,WG048,40.65295946154777,-111.48775315119684,7538.9,51,67.7,47.4,57.2,0.012,0.0,0.0,0.012,0.012,0.012,58.76666666666667,60.62857142857143,0,0.0,0.0,0.0,0.0,0.0,0,0.9,7416.7,7660.5,7538.9,11.8,11.7,19.5,21.3,25.3,40.0,13.3,0.016,DUSTY,75,FAIR,low retained moisture may produce dust or loose soil,125,52
2026-10-10,Easy Rider,Park City / PCMR,WG009,40.59580193116481,-111.57632308440664,9141.3,51,59.2,43.0,51.0,0.012,0.004,0.0,0.012,0.012,0.012,51.96666666666666,53.48571428571428,0,0.0,0.0,0.0,0.0,0.0,0,2.3,8764.0,9471.9,9141.3,14.6,13.4,33.3,0.5,82.3,16.1,1.0,0.018,DUSTY,75,FAIR,low retained moisture may produce dust or loose soil,125,52
2026-10-10,Ecker Hill Trail,Pinebrook,WG076,40.740364526144575,-111.5667817840803,6401.3,51,70.7,53.8,62.1,0.008,0.0,0.0,0.008,0.024,0.024,62.03333333333333,62.285714285714285,0,0.0,0.0,0.0,0.0,0.0,2,0.5,6356.3,6420.5,6401.3,8.7,8.9,14.0,0.0,0.0,22.2,77.8,0.016,DUSTY,75,FAIR,low retained moisture may produce dust or loose soil,125,4
2026-10-10,Empire Link,Deer Valley,WG012,40.62422557470265,-111.50748256286928,8022.2,51,62.6,46.4,54.4,0.012,0.004,0.0,0.012,0.012,0.012,56.26666666666667,58.01428571428572,0,0.0,0.0,0.0,0.0,0.0,0,2.2,7856.6,8281.6,8022.2,22.6,23.7,35.5,4.7,19.4,50.3,25.7,0.016,DUSTY,75,FAIR,low retained moisture may produce dust or loose soil,125,15
2026-10-10,Empire Pass Connector,Deer Valley,WG016,40.60627316294136,-111.51481095351645,8948.4,51,60.6,44.4,52.3,0.012,0.004,0.0,0.012,0.012,0.012,53.66666666666666,55.05714285714286,0,0.0,0.0,0.0,0.0,0.0,0,0.4,8924.0,8965.9,8948.4,12.8,13.4,22.3,87.8,2.4,0.0,9.8,0.019,DUSTY,75,FAIR,low retained moisture may produce dust or loose soil,125,15
2026-10-10,Euston,Round Valley,WG047,40.65772556817424,-111.48315877249176,7062.9,51,69.0,48.7,58.4,0.012,0.0,0.0,0.012,0.012,0.012,59.5,60.785714285714285,0,0.0,0.0,0.0,0.0,0.0,0,0.4,6904.9,7228.8,7062.9,12.2,12.4,19.9,0.0,31.2,68.8,0.0,0.015,DUSTY,75,FAIR,low retained moisture may produce dust or loose soil,125,48
2026-10-10,Evil Empire,Park City / PCMR,WG016,40.61923823662483,-111.52513988679308,8746.8,51,60.6,44.4,52.3,0.012,0.004,0.0,0.012,0.012,0.012,53.66666666666666,55.05714285714286,0,0.0,0.0,0.0,0.0,0.0,0,0.9,8443.1,9143.3,8746.8,13.8,14.4,22.8,0.0,0.0,68.0,32.0,0.017,DUSTY,75,FAIR,low retained moisture may produce dust or loose soil,125,52
2026-10-10,Fairway Hills Trail,Round Valley,WG055,40.67853348641883,-111.47699791832557,6747.4,51,70.4,50.1,59.9,0.012,0.0,0.0,0.012,0.012,0.012,60.3,60.54285714285714,0,0.0,0.0,0.0,0.0,0.0,0,0.3,6716.2,6779.8,6747.4,2.3,2.2,3.5,0.0,0.0,44.8,55.2,0.015,DUSTY,75,FAIR,low retained moisture may produce dust or loose soil,125,48
2026-10-10,Family Truckster Trail,Clark Ranch,WG044,40.66038172048119,-111.452885753204,6847.4,51,70.3,49.9,59.7,0.012,0.0,0.0,0.012,0.012,0.012,60.333333333333336,60.71428571428572,0,0.0,0.0,0.0,0.0,0.0,0,0.7,6733.2,6970.1,6847.4,11.5,11.2,18.1,0.0,0.0,30.5,69.5,0.015,DUSTY,75,FAIR,low retained moisture may produce dust or loose soil,125,1
2026-10-10,Fast Pitch Trail,Round Valley,WG055,40.6798165110769,-111.47671870073196,6759.1,51,70.4,50.1,59.9,0.012,0.0,0.0,0.012,0.012,0.012,60.3,60.54285714285714,0,0.0,0.0,0.0,0.0,0.0,0,1.3,6689.0,6826.1,6759.1,5.6,4.8,14.7,16.2,0.9,40.2,42.7,0.015,DUSTY,75,FAIR,low retained moisture may produce dust or loose soil,125,48
2026-10-10,Fat Lip,Park City / PCMR,WG016,40.62192963761681,-111.5279713594279,8931.1,51,60.6,44.4,52.3,0.012,0.004,0.0,0.012,0.012,0.012,53.66666666666666,55.05714285714286,0,0.0,0.0,0.0,0.0,0.0,0,1.0,8870.4,8982.9,8931.1,20.9,20.7,36.0,34.9,0.0,6.0,59.0,0.018,DUSTY,75,FAIR,low retained moisture may produce dust or loose soil,125,52
2026-10-10,Fink Again,Jeremy Ranch / Glenwild,WG086,40.75125285000831,-111.55541181172696,6586.2,51,69.8,52.9,61.2,0.008,0.0,0.0,0.008,0.024,0.024,61.3,61.44285714285714,0,0.0,0.0,0.0,0.0,0.0,2,0.9,6445.1,6727.8,6586.2,11.7,11.8,14.8,66.2,33.8,0.0,0.0,0.018,DUSTY,75,FAIR,low retained moisture may produce dust or loose soil,125,9
2026-10-10,Fireswamp,Deer Valley,WG013,40.61340925382439,-111.48239833860336,8873.0,51,60.7,44.5,52.5,0.012,0.004,0.0,0.012,0.012,0.012,53.79999999999999,55.18571428571428,0,0.0,0.0,0.0,0.0,0.0,0,0.7,8482.6,9273.9,8873.0,18.8,19.8,25.9,0.0,0.0,100.0,0.0,0.016,DUSTY,75,FAIR,low retained moisture may produce dust or loose soil,125,15
2026-10-10,Flagstaff Loop,Deer Valley,WG013,40.60758047007656,-111.496735533601,8898.0,51,60.7,44.5,52.5,0.012,0.004,0.0,0.012,0.012,0.012,53.79999999999999,55.18571428571428,0,0.0,0.0,0.0,0.0,0.0,0,3.0,8785.5,9010.6,8898.0,10.1,10.0,23.7,8.7,13.0,40.1,38.3,0.017,DUSTY,75,FAIR,low retained moisture may produce dust or loose soil,125,15
2026-10-10,Fox Tail Trail,Round Valley,WG045,40.66564803508002,-111.47503092801368,7133.0,51,68.8,48.4,58.2,0.012,0.0,0.0,0.012,0.012,0.012,59.23333333333333,60.52857142857143,0,0.0,0.0,0.0,0.0,0.0,0,0.8,7077.6,7206.1,7133.0,12.0,12.3,18.5,10.0,24.3,52.9,12.9,0.015,DUSTY,75,FAIR,low retained moisture may produce dust or loose soil,125,48
2026-10-10,Freemason,Park City / PCMR,WG046,40.65768683021079,-111.49819012622744,6949.6,51,70.1,49.7,59.5,0.012,0.0,0.0,0.012,0.012,0.012,60.53333333333333,61.82857142857143,0,0.0,0.0,0.0,0.0,0.0,0,1.5,6779.4,7074.6,6949.6,21.4,21.4,30.0,5.4,40.3,54.3,0.0,0.014,DUSTY,75,FAIR,low retained moisture may produce dust or loose soil,125,52
2026-10-10,Gambel Oak Cut,Round Valley,WG045,40.65967079074984,-111.47871602858976,7240.9,51,68.8,48.4,58.2,0.012,0.0,0.0,0.012,0.012,0.012,59.23333333333333,60.52857142857143,0,0.0,0.0,0.0,0.0,0.0,0,0.3,7160.2,7299.6,7240.9,14.9,14.8,20.3,0.0,8.3,79.2,12.5,0.014,DUSTY,75,FAIR,low retained moisture may produce dust or loose soil,125,48
2026-10-10,Gambel Oak North,Park City / PCMR,WG047,40.65915752473873,-111.48180315635692,7112.6,51,69.0,48.7,58.4,0.012,0.0,0.0,0.012,0.012,0.012,59.5,60.785714285714285,0,0.0,0.0,0.0,0.0,0.0,0,0.3,7038.2,7171.9,7112.6,14.8,14.6,18.8,0.0,92.9,7.1,0.0,0.016,DUSTY,75,FAIR,low retained moisture may produce dust or loose soil,125,52
2026-10-10,Glenwild Loop,Jeremy Ranch / Glenwild,WG075,40.73989427988239,-111.52813430357229,6701.6,51,69.9,52.9,61.3,0.008,0.0,0.0,0.008,0.024,0.024,61.4,61.54285714285714,0,0.0,0.0,0.0,0.0,0.0,2,5.9,6431.8,7136.4,6701.6,11.6,10.8,29.7,35.1,19.3,6.4,39.1,0.017,DUSTY,75,FAIR,low retained moisture may produce dust or loose soil,125,9
2026-10-10,Glenwild Loop / Wasatch,Jeremy Ranch / Glenwild,WG074,40.74589846722535,-111.509614206256,6451.3,51,71.5,51.2,60.9,0.012,0.0,0.0,0.012,0.012,0.012,60.93333333333333,61.457142857142856,0,0.0,0.0,0.0,0.0,0.0,0,0.2,6444.0,6454.5,6451.3,3.4,1.7,9.0,57.1,0.0,0.0,42.9,0.016,DUSTY,75,FAIR,low retained moisture may produce dust or loose soil,125,9
2026-10-10,Hang Time South,Park City / PCMR,WG046,40.65853660632904,-111.49606808644194,6970.8,51,70.1,49.7,59.5,0.012,0.0,0.0,0.012,0.012,0.012,60.53333333333333,61.82857142857143,0,0.0,0.0,0.0,0.0,0.0,0,0.3,6861.7,7117.7,6970.8,12.7,12.3,19.7,0.0,33.3,66.7,0.0,0.014,DUSTY,75,FAIR,low retained moisture may produce dust or loose soil,125,52
2026-10-10,Hat Trick Trail,Round Valley,WG055,40.678830976721535,-111.47596646172724,6757.0,51,70.4,50.1,59.9,0.012,0.0,0.0,0.012,0.012,0.012,60.3,60.54285714285714,0,0.0,0.0,0.0,0.0,0.0,0,1.3,6681.3,6803.8,6757.0,5.6,5.1,13.8,7.1,1.8,39.3,51.8,0.015,DUSTY,75,FAIR,low retained moisture may produce dust or loose soil,125,48
2026-10-10,Heard It Both Ways Trail,Deer Valley,WG004,40.593082879194085,-111.49125770411068,8855.0,51,61.0,44.8,52.8,0.012,0.004,0.0,0.012,0.012,0.012,54.1,55.42857142857143,0,0.0,0.0,0.0,0.0,0.0,0,3.6,8658.9,9073.5,8855.0,15.0,14.9,30.6,38.3,18.2,15.2,28.4,0.018,DUSTY,75,FAIR,low retained moisture may produce dust or loose soil,125,15
2026-10-10,High Meadows Connector,Pinebrook,WG076,40.74134938710701,-111.56847869190176,6429.9,51,70.7,53.8,62.1,0.008,0.0,0.0,0.008,0.024,0.024,62.03333333333333,62.285714285714285,0,0.0,0.0,0.0,0.0,0.0,2,0.2,6418.7,6445.0,6429.9,8.6,9.1,12.6,0.0,0.0,14.3,85.7,0.017,DUSTY,75,FAIR,low retained moisture may produce dust or loose soil,125,4
2026-10-10,High Side,Round Valley,WG055,40.69388247977245,-111.4770589235944,6909.3,51,70.4,50.1,59.9,0.012,0.0,0.0,0.012,0.012,0.012,60.3,60.54285714285714,0,0.0,0.0,0.0,0.0,0.0,0,0.6,6857.9,6929.0,6909.3,14.8,13.7,25.3,8.7,0.0,39.1,52.2,0.015,DUSTY,75,FAIR,low retained moisture may produce dust or loose soil,125,48
2026-10-10,Holy Roller,Deer Valley,WG013,40.6113609111251,-111.48708066137604,8716.2,51,60.7,44.5,52.5,0.012,0.004,0.0,0.012,0.012,0.012,53.79999999999999,55.18571428571428,0,0.0,0.0,0.0,0.0,0.0,0,4.2,8121.6,9298.2,8716.2,17.9,17.7,32.1,20.8,29.4,36.0,13.9,0.018,DUSTY,75,FAIR,low retained moisture may produce dust or loose soil,125,15
2026-10-10,Iron Bill,Jeremy Ranch / Glenwild,WG071,40.70817834974828,-111.55726593666238,7034.2,51,67.3,50.4,58.7,0.008,0.0,0.0,0.008,0.024,0.052,59.9,60.971428571428575,0,0.0,0.0,0.0,0.0,0.0,2,2.0,6718.2,7267.2,7034.2,19.0,19.1,32.3,16.6,0.0,29.0,54.4,0.02,DUSTY,75,FAIR,low retained moisture may produce dust or loose soil,125,9
2026-10-10,Izzy's Inferno (Dog Pound),Deer Valley,WG012,40.619811878384205,-111.48856422719636,8193.5,51,62.6,46.4,54.4,0.012,0.004,0.0,0.012,0.012,0.012,56.26666666666667,58.01428571428572,0,0.0,0.0,0.0,0.0,0.0,0,0.1,8143.3,8219.5,8193.5,12.8,13.0,23.6,0.0,0.0,85.7,14.3,0.015,DUSTY,75,FAIR,low retained moisture may produce dust or loose soil,125,15
2026-10-10,Jeep Hill (Safety Coridoor),Deer Valley,WG013,40.60451306969404,-111.50923514571896,8820.6,51,60.7,44.5,52.5,0.012,0.004,0.0,0.012,0.012,0.012,53.79999999999999,55.18571428571428,0,0.0,0.0,0.0,0.0,0.0,0,0.2,8699.5,8951.8,8820.6,12.6,13.1,16.8,100.0,0.0,0.0,0.0,0.02,DUSTY,75,FAIR,low retained moisture may produce dust or loose soil,125,15
2026-10-10,Jupiter Peak,Park City / PCMR,WG021,40.610319419324455,-111.54904593331813,9871.3,51,57.3,41.1,49.1,0.012,0.004,0.0,0.012,0.012,0.012,50.0,51.17142857142858,0,0.0,0.0,0.0,0.0,0.0,0,1.2,9729.6,9994.3,9871.3,14.3,12.7,30.3,26.2,39.3,21.5,13.1,0.019,DUSTY,75,FAIR,low retained moisture may produce dust or loose soil,125,52
2026-10-10,Jupiter Ridge,Park City / PCMR,WG018,40.61268065771163,-111.53867835914352,9869.4,51,57.5,41.3,49.2,0.012,0.004,0.0,0.012,0.012,0.012,50.16666666666666,51.34285714285715,0,0.0,0.0,0.0,0.0,0.0,0,0.2,9741.8,9992.4,9869.4,16.9,16.3,26.1,12.5,0.0,6.2,81.2,0.019,DUSTY,75,FAIR,low retained moisture may produce dust or loose soil,125,52
2026-10-10,Kari's,Round Valley,WG055,40.69160040530727,-111.47515847036864,6850.2,51,70.4,50.1,59.9,0.012,0.0,0.0,0.012,0.012,0.012,60.3,60.54285714285714,0,0.0,0.0,0.0,0.0,0.0,0,0.8,6807.2,6882.7,6850.2,12.1,11.6,20.1,4.3,0.0,17.4,78.3,0.015,DUSTY,75,FAIR,low retained moisture may produce dust or loose soil,125,48
2026-10-10,Lavina,Deer Valley,WG006,40.58376333945228,-111.52567195673171,8621.7,51,61.4,45.2,53.2,0.012,0.004,0.0,0.012,0.012,0.012,54.5,55.91428571428572,0,0.0,0.0,0.0,0.0,0.0,0,1.0,8267.0,8818.5,8621.7,13.7,12.4,29.5,68.3,13.4,9.8,8.5,0.019,DUSTY,75,FAIR,low retained moisture may produce dust or loose soil,125,15
2026-10-10,Legacy Loop,Jeremy Ranch / Glenwild,WG071,40.705995804360256,-111.55961886682412,7342.6,51,67.3,50.4,58.7,0.008,0.0,0.0,0.008,0.024,0.052,59.9,60.971428571428575,0,0.0,0.0,0.0,0.0,0.0,2,0.7,7260.5,7397.4,7342.6,17.1,16.5,26.3,25.0,30.0,1.7,43.3,0.022,DUSTY,75,FAIR,low retained moisture may produce dust or loose soil,125,9
2026-10-10,Legacy Ridge,Jeremy Ranch / Glenwild,WG071,40.70648419743829,-111.5603960205038,7414.3,51,67.3,50.4,58.7,0.008,0.0,0.0,0.008,0.024,0.052,59.9,60.971428571428575,0,0.0,0.0,0.0,0.0,0.0,2,0.5,7364.1,7451.5,7414.3,10.3,9.7,21.0,2.4,43.9,12.2,41.5,0.021,DUSTY,75,FAIR,low retained moisture may produce dust or loose soil,125,9
2026-10-10,Legacy. Loop,Jeremy Ranch / Glenwild,WG071,40.70737188748682,-111.5599210439625,7363.1,51,67.3,50.4,58.7,0.008,0.0,0.0,0.008,0.024,0.052,59.9,60.971428571428575,0,0.0,0.0,0.0,0.0,0.0,2,0.4,7345.2,7385.4,7363.1,15.4,15.0,20.8,0.0,29.4,38.2,32.4,0.02,DUSTY,75,FAIR,low retained moisture may produce dust or loose soil,125,9
2026-10-10,Longview,Jordanelle,WG040,40.65785550770212,-111.4151527495857,6299.6,51,72.2,51.9,61.6,0.012,0.0,0.0,0.012,0.012,0.012,62.73333333333333,63.44285714285714,0,0.0,0.0,0.0,0.0,0.0,0,0.3,6286.3,6315.8,6299.6,9.2,8.1,22.1,26.9,69.2,3.8,0.0,0.016,DUSTY,75,FAIR,low retained moisture may produce dust or loose soil,125,1
2026-10-10,Lost Prospector,Park City / PCMR,WG047,40.659849225736586,-111.4888557229514,7044.5,51,69.0,48.7,58.4,0.012,0.0,0.0,0.012,0.012,0.012,59.5,60.785714285714285,0,0.0,0.0,0.0,0.0,0.0,0,3.2,6865.2,7153.9,7044.5,19.8,20.1,32.6,5.5,42.2,46.5,5.8,0.015,DUSTY,75,FAIR,low retained moisture may produce dust or loose soil,125,52
2026-10-10,Lower Masonic,Park City / PCMR,WG047,40.65358630670372,-111.49972319928794,7113.0,51,69.0,48.7,58.4,0.012,0.0,0.0,0.012,0.012,0.012,59.5,60.785714285714285,0,0.0,0.0,0.0,0.0,0.0,0,0.6,7070.4,7149.0,7113.0,21.2,21.4,30.9,27.8,63.0,9.3,0.0,0.016,DUSTY,75,FAIR,low retained moisture may produce dust or loose soil,125,52
2026-10-10,Lower Sparky Trail,Clark Ranch,WG044,40.66761130235187,-111.4559551589961,6689.8,51,70.3,49.9,59.7,0.012,0.0,0.0,0.012,0.012,0.012,60.333333333333336,60.71428571428572,0,0.0,0.0,0.0,0.0,0.0,0,1.5,6645.8,6769.7,6689.8,4.2,3.5,14.5,0.0,7.0,36.7,56.2,0.015,DUSTY,75,FAIR,low retained moisture may produce dust or loose soil,125,1
2026-10-10,Lynx #2,Round Valley,WG044,40.66734087696376,-111.46694625830712,6898.8,51,70.3,49.9,59.7,0.012,0.0,0.0,0.012,0.012,0.012,60.333333333333336,60.71428571428572,0,0.0,0.0,0.0,0.0,0.0,0,1.6,6672.4,7099.9,6898.8,15.2,14.6,28.9,0.0,8.4,72.5,19.1,0.014,DUSTY,75,FAIR,low retained moisture may produce dust or loose soil,125,48
2026-10-10,Masonic,Park City / PCMR,WG047,40.65628760128763,-111.48965728213436,7283.0,51,69.0,48.7,58.4,0.012,0.0,0.0,0.012,0.012,0.012,59.5,60.785714285714285,0,0.0,0.0,0.0,0.0,0.0,0,1.3,7131.6,7508.3,7283.0,18.7,18.8,28.4,0.0,9.4,72.6,17.9,0.015,DUSTY,75,FAIR,low retained moisture may produce dust or loose soil,125,52
2026-10-10,McConkeys,Park City / PCMR,WG016,40.617956923480186,-111.52625119796232,8958.8,51,60.6,44.4,52.3,0.012,0.004,0.0,0.012,0.012,0.012,53.66666666666666,55.05714285714286,0,0.0,0.0,0.0,0.0,0.0,0,2.1,8486.4,9586.3,8958.8,14.0,13.8,26.4,1.1,3.2,40.3,55.4,0.018,DUSTY,75,FAIR,low retained moisture may produce dust or loose soil,125,52
2026-10-10,McConkeys / Io Trail (Middle),Park City / PCMR,WG018,40.61168680632571,-111.53326494678502,9588.6,51,57.5,41.3,49.2,0.012,0.004,0.0,0.012,0.012,0.012,50.16666666666666,51.34285714285715,0,0.0,0.0,0.0,0.0,0.0,0,0.6,9432.6,9692.2,9588.6,19.8,24.9,29.9,72.5,0.0,7.8,19.6,0.02,DUSTY,75,FAIR,low retained moisture may produce dust or loose soil,125,52
2026-10-10,Milky Way,Jordanelle,WG042,40.65767372971338,-111.43373089841624,6795.1,51,70.5,50.1,59.9,0.012,0.0,0.0,0.012,0.012,0.012,61.0,61.65714285714286,0,0.0,0.0,0.0,0.0,0.0,0,1.2,6613.3,6963.5,6795.1,20.9,21.0,24.9,78.8,7.1,0.0,14.1,0.016,DUSTY,75,FAIR,low retained moisture may produce dust or loose soil,125,1
2026-10-10,Milky Way / Two Rocks,Jordanelle,WG042,40.66056479638159,-111.42608338059031,6558.6,51,70.5,50.1,59.9,0.012,0.0,0.0,0.012,0.012,0.012,61.0,61.65714285714286,0,0.0,0.0,0.0,0.0,0.0,0,0.5,6482.8,6616.9,6558.6,17.8,17.5,24.0,64.3,0.0,0.0,35.7,0.016,DUSTY,75,FAIR,low retained moisture may produce dust or loose soil,125,1
2026-10-10,Moose Puddle,Pinebrook,WG071,40.70548588260783,-111.56718578772085,7487.6,51,67.3,50.4,58.7,0.008,0.0,0.0,0.008,0.024,0.052,59.9,60.971428571428575,0,0.0,0.0,0.0,0.0,0.0,2,3.4,6993.8,8052.9,7487.6,23.4,24.1,33.7,6.4,0.0,55.0,38.6,0.021,DUSTY,75,FAIR,low retained moisture may produce dust or loose soil,125,4
2026-10-10,Moose Tracks Trail,Park City / PCMR,WG009,40.59516414126596,-111.57427709390586,9258.1,51,59.2,43.0,51.0,0.012,0.004,0.0,0.012,0.012,0.012,51.96666666666666,53.48571428571428,0,0.0,0.0,0.0,0.0,0.0,0,0.9,9081.2,9389.1,9258.1,16.5,15.7,26.8,14.6,78.0,7.3,0.0,0.019,DUSTY,75,FAIR,low retained moisture may produce dust or loose soil,125,52
2026-10-10,Moosebones,Deer Valley,WG013,40.61167254823319,-111.50326786094648,8857.2,51,60.7,44.5,52.5,0.012,0.004,0.0,0.012,0.012,0.012,53.79999999999999,55.18571428571428,0,0.0,0.0,0.0,0.0,0.0,0,0.9,8763.2,8943.9,8857.2,15.8,17.3,22.9,0.0,52.5,46.2,1.2,0.017,DUSTY,75,FAIR,low retained moisture may produce dust or loose soil,125,15
2026-10-10,Mountain Ranch,Jeremy Ranch / Glenwild,WG066,40.719482563829935,-111.5082007499112,6453.3,51,70.4,53.5,61.8,0.008,0.0,0.0,0.008,0.036,0.036,61.6,61.08571428571428,0,0.0,0.0,0.0,0.0,0.0,2,0.2,6438.4,6472.3,6453.3,4.0,3.4,7.0,0.0,29.4,70.6,0.0,0.022,DUSTY,75,FAIR,low retained moisture may produce dust or loose soil,125,9
2026-10-10,North Ross Creek Trail,Jordanelle,WG041,40.66585897507511,-111.42082357173696,6405.0,51,71.8,51.4,61.2,0.012,0.0,0.0,0.012,0.012,0.012,62.366666666666674,63.0,0,0.0,0.0,0.0,0.0,0.0,0,0.8,6296.2,6565.5,6405.0,11.7,9.8,33.0,31.4,12.9,15.7,40.0,0.015,DUSTY,75,FAIR,low retained moisture may produce dust or loose soil,125,1
2026-10-10,OMH,Pinebrook,WG070,40.71997692753587,-111.55773747935044,6677.5,51,69.5,52.6,60.9,0.008,0.0,0.0,0.008,0.024,0.024,60.833333333333336,61.08571428571428,0,0.0,0.0,0.0,0.0,0.0,2,0.9,6531.5,6827.5,6677.5,14.7,15.1,23.3,8.2,0.0,30.1,61.6,0.016,DUSTY,75,FAIR,low retained moisture may produce dust or loose soil,125,4
2026-10-10,Oh Deer Flow,Jordanelle,WG041,40.66237367218405,-111.42118550237925,6403.1,51,71.8,51.4,61.2,0.012,0.0,0.0,0.012,0.012,0.012,62.366666666666674,63.0,0,0.0,0.0,0.0,0.0,0.0,0,0.6,6282.9,6510.0,6403.1,14.6,15.3,20.1,7.8,0.0,0.0,92.2,0.015,DUSTY,75,FAIR,low retained moisture may produce dust or loose soil,125,1
2026-10-10,Old Homeward Bound,Deer Valley,WG012,40.61357496233911,-111.48964629692756,8441.1,51,62.6,46.4,54.4,0.012,0.004,0.0,0.012,0.012,0.012,56.26666666666667,58.01428571428572,0,0.0,0.0,0.0,0.0,0.0,0,0.7,8264.5,8597.2,8441.1,23.2,23.8,29.4,0.0,71.2,28.8,0.0,0.016,DUSTY,75,FAIR,low retained moisture may produce dust or loose soil,125,15
2026-10-10,Olympic,Pinebrook,WG064,40.69996684096533,-111.57868853500152,8004.0,51,64.8,47.9,56.2,0.008,0.0,0.0,0.008,0.024,0.04,57.6,59.0,0,0.0,0.0,0.0,0.0,0.0,2,1.2,7911.4,8056.5,8004.0,21.3,23.7,31.0,5.1,23.5,63.3,8.2,0.019,DUSTY,75,FAIR,low retained moisture may produce dust or loose soil,125,4
2026-10-10,Ontario Canyon,Deer Valley,WG013,40.61130277448227,-111.48755898005427,8755.1,51,60.7,44.5,52.5,0.012,0.004,0.0,0.012,0.012,0.012,53.79999999999999,55.18571428571428,0,0.0,0.0,0.0,0.0,0.0,0,2.0,8138.9,9327.9,8755.1,12.1,11.9,26.1,7.9,28.4,56.8,6.8,0.017,DUSTY,75,FAIR,low retained moisture may produce dust or loose soil,125,15
2026-10-10,Payroll,Deer Valley,WG013,40.61095393430099,-111.5094443089702,8630.4,51,60.7,44.5,52.5,0.012,0.004,0.0,0.012,0.012,0.012,53.79999999999999,55.18571428571428,0,0.0,0.0,0.0,0.0,0.0,0,0.3,8529.1,8727.3,8630.4,18.9,19.2,27.9,0.0,3.4,13.8,82.8,0.018,DUSTY,75,FAIR,low retained moisture may produce dust or loose soil,125,15
2026-10-10,Pedalers Inn,Deer Valley,WG012,40.61923438649311,-111.4865707901735,8286.8,51,62.6,46.4,54.4,0.012,0.004,0.0,0.012,0.012,0.012,56.26666666666667,58.01428571428572,0,0.0,0.0,0.0,0.0,0.0,0,0.3,8165.9,8405.8,8286.8,16.8,17.9,22.3,0.0,8.3,91.7,0.0,0.015,DUSTY,75,FAIR,low retained moisture may produce dust or loose soil,125,15
2026-10-10,Pinebrook Southeast Perimeter / Pinebrook SE Perimeter,Pinebrook,WG079,40.72863077219642,-111.58102679054537,7392.0,51,67.1,50.2,58.5,0.008,0.0,0.0,0.008,0.024,0.052,59.8,60.8,0,0.0,0.0,0.0,0.0,0.0,2,1.7,7120.0,7559.3,7392.0,19.9,21.5,33.8,20.3,36.2,6.5,37.0,0.022,DUSTY,75,FAIR,low retained moisture may produce dust or loose soil,125,4
2026-10-10,Pioneer Ridge,Park City / PCMR,WG018,40.61649374604546,-111.53892521633333,9598.5,51,57.5,41.3,49.2,0.012,0.004,0.0,0.012,0.012,0.012,50.16666666666666,51.34285714285715,0,0.0,0.0,0.0,0.0,0.0,0,0.8,9398.0,9865.2,9598.5,17.9,16.4,31.7,2.9,10.0,58.6,28.6,0.018,DUSTY,75,FAIR,low retained moisture may produce dust or loose soil,125,52
2026-10-10,Practice Loops,Round Valley,WG055,40.68336469607561,-111.47532267974417,6752.0,51,70.4,50.1,59.9,0.012,0.0,0.0,0.012,0.012,0.012,60.3,60.54285714285714,0,0.0,0.0,0.0,0.0,0.0,0,0.6,6717.5,6795.3,6752.0,6.6,6.5,8.7,76.5,0.0,0.0,23.5,0.016,DUSTY,75,FAIR,low retained moisture may produce dust or loose soil,125,48
2026-10-10,Princess Di's,Clark Ranch,WG083,40.751465442037045,-111.43628535405452,6858.8,51,70.2,49.8,59.6,0.012,0.0,0.0,0.012,0.012,0.012,60.6,61.371428571428574,0,0.0,0.0,0.0,0.0,0.0,0,2.9,6662.7,7029.2,6858.8,17.2,17.8,28.0,32.1,1.3,27.8,38.9,0.015,DUSTY,75,FAIR,low retained moisture may produce dust or loose soil,125,1
2026-10-10,Quinn's Connect,Round Valley,WG055,40.68185946906874,-111.4726829059293,6720.8,51,70.4,50.1,59.9,0.012,0.0,0.0,0.012,0.012,0.012,60.3,60.54285714285714,0,0.0,0.0,0.0,0.0,0.0,0,0.5,6686.8,6763.4,6720.8,8.1,6.3,17.0,34.8,28.3,23.9,13.0,0.015,DUSTY,75,FAIR,low retained moisture may produce dust or loose soil,125,48
2026-10-10,RTS,Jeremy Ranch / Glenwild,WG070,40.71664642216084,-111.55523569599896,6598.1,51,69.5,52.6,60.9,0.008,0.0,0.0,0.008,0.024,0.024,60.833333333333336,61.08571428571428,0,0.0,0.0,0.0,0.0,0.0,2,2.6,6478.1,6718.6,6598.1,7.8,7.2,18.3,2.1,0.0,22.3,75.5,0.016,DUSTY,75,FAIR,low retained moisture may produce dust or loose soil,125,9
2026-10-10,RTS / BLT,Jeremy Ranch / Glenwild,WG070,40.71544842193981,-111.5580228733734,6768.3,51,69.5,52.6,60.9,0.008,0.0,0.0,0.008,0.024,0.024,60.833333333333336,61.08571428571428,0,0.0,0.0,0.0,0.0,0.0,2,0.4,6711.6,6827.5,6768.3,17.1,17.3,28.4,10.0,0.0,6.7,83.3,0.017,DUSTY,75,FAIR,low retained moisture may produce dust or loose soil,125,9
2026-10-10,RocMon,Round Valley,WG055,40.68788668982749,-111.4548390225179,6677.5,51,70.4,50.1,59.9,0.012,0.0,0.0,0.012,0.012,0.012,60.3,60.54285714285714,0,0.0,0.0,0.0,0.0,0.0,0,0.6,6571.6,6786.6,6677.5,15.4,14.0,24.5,10.9,89.1,0.0,0.0,0.015,DUSTY,75,FAIR,low retained moisture may produce dust or loose soil,125,48
2026-10-10,Rosebud's Heaven,Park City / PCMR,WG060,40.69195554103422,-111.5659528759652,7326.9,51,67.9,50.9,59.3,0.008,0.0,0.0,0.008,0.024,0.052,60.53333333333333,61.54285714285714,0,0.0,0.0,0.0,0.0,0.0,2,2.1,7148.5,7503.1,7326.9,26.9,26.5,39.8,55.5,2.3,4.6,37.6,0.022,DUSTY,75,FAIR,low retained moisture may produce dust or loose soil,125,52
2026-10-10,Rusty Spur,Round Valley,WG065,40.70159189598121,-111.4765958017646,6731.2,51,70.6,50.3,60.0,0.012,0.0,0.0,0.012,0.012,0.012,60.36666666666667,60.47142857142857,0,0.0,0.0,0.0,0.0,0.0,0,0.1,6714.0,6747.5,6731.2,10.1,10.0,11.8,0.0,0.0,0.0,100.0,0.015,DUSTY,75,FAIR,low retained moisture may produce dust or loose soil,125,48
2026-10-10,SOS,Park City / PCMR,WG046,40.666448184385416,-111.48116864087982,6803.8,51,70.1,49.7,59.5,0.012,0.0,0.0,0.012,0.012,0.012,60.53333333333333,61.82857142857143,0,0.0,0.0,0.0,0.0,0.0,0,0.3,6720.9,6916.3,6803.8,13.6,14.3,26.1,0.0,8.7,78.3,13.0,0.014,DUSTY,75,FAIR,low retained moisture may produce dust or loose soil,125,52
2026-10-10,SQ Connector Trail,Round Valley,WG055,40.68949659271035,-111.47067515084642,6728.8,51,70.4,50.1,59.9,0.012,0.0,0.0,0.012,0.012,0.012,60.3,60.54285714285714,0,0.0,0.0,0.0,0.0,0.0,0,0.3,6689.9,6760.9,6728.8,6.3,5.8,15.7,15.4,0.0,0.0,84.6,0.015,DUSTY,75,FAIR,low retained moisture may produce dust or loose soil,125,48
2026-10-10,Sam's Trail,Deer Valley,WG012,40.61912724197413,-111.50964994268364,8145.3,51,62.6,46.4,54.4,0.012,0.004,0.0,0.012,0.012,0.012,56.26666666666667,58.01428571428572,0,0.0,0.0,0.0,0.0,0.0,0,0.9,8032.3,8261.1,8145.3,21.8,22.0,27.6,0.0,47.5,13.8,38.8,0.016,DUSTY,75,FAIR,low retained moisture may produce dust or loose soil,125,15
2026-10-10,Scott's Bypass,Park City / PCMR,WG021,40.612047856355446,-111.55918064050742,9658.7,51,57.3,41.1,49.1,0.012,0.004,0.0,0.012,0.012,0.012,50.0,51.17142857142858,0,0.0,0.0,0.0,0.0,0.0,0,1.4,9481.4,9770.8,9658.7,20.2,20.1,35.8,21.1,69.3,9.6,0.0,0.019,DUSTY,75,FAIR,low retained moisture may produce dust or loose soil,125,52
2026-10-10,Shenanigans,Deer Valley,WG012,40.62034189886961,-111.49849814997506,8237.7,51,62.6,46.4,54.4,0.012,0.004,0.0,0.012,0.012,0.012,56.26666666666667,58.01428571428572,0,0.0,0.0,0.0,0.0,0.0,0,0.2,8225.2,8255.4,8237.7,16.3,16.2,19.8,0.0,0.0,85.7,14.3,0.015,DUSTY,75,FAIR,low retained moisture may produce dust or loose soil,125,15
2026-10-10,Short Cut,Jeremy Ranch / Glenwild,WG064,40.68025862222409,-111.57883598783349,8081.5,51,64.8,47.9,56.2,0.008,0.0,0.0,0.008,0.024,0.04,57.6,59.0,0,0.0,0.0,0.0,0.0,0.0,2,0.9,7945.4,8245.4,8081.5,19.6,23.0,31.3,28.9,0.0,47.4,23.7,0.02,DUSTY,75,FAIR,low retained moisture may produce dust or loose soil,125,9
2026-10-10,Silver Creek Trail,Round Valley,WG074,40.728195917662575,-111.48449884114967,6494.3,51,71.5,51.2,60.9,0.012,0.0,0.0,0.012,0.012,0.012,60.93333333333333,61.457142857142856,0,0.0,0.0,0.0,0.0,0.0,0,1.5,6472.0,6522.3,6494.3,3.4,3.1,9.1,28.0,14.4,15.2,42.4,0.015,DUSTY,75,FAIR,low retained moisture may produce dust or loose soil,125,48
2026-10-10,Silver Gate,Round Valley,WG073,40.72728013881357,-111.46748664430804,6513.4,51,71.4,51.1,60.8,0.012,0.0,0.0,0.012,0.012,0.012,61.133333333333326,61.24285714285714,0,0.0,0.0,0.0,0.0,0.0,0,0.4,6510.4,6517.6,6513.4,1.6,1.5,3.8,20.9,62.8,16.3,0.0,0.015,DUSTY,75,FAIR,low retained moisture may produce dust or loose soil,125,48
2026-10-10,Skid Row,Park City / PCMR,WG044,40.66845831872771,-111.47381352761975,6920.8,51,70.3,49.9,59.7,0.012,0.0,0.0,0.012,0.012,0.012,60.333333333333336,60.71428571428572,0,0.0,0.0,0.0,0.0,0.0,0,1.2,6678.1,7107.5,6920.8,17.9,17.4,29.9,0.0,1.9,96.1,1.9,0.014,DUSTY,75,FAIR,low retained moisture may produce dust or loose soil,125,52
2026-10-10,Skyridge Peak Trail / Milky Way,Jordanelle,WG043,40.65984634182248,-111.4368345884266,7139.2,51,69.2,48.8,58.6,0.012,0.0,0.0,0.012,0.012,0.012,59.73333333333334,60.34285714285714,0,0.0,0.0,0.0,0.0,0.0,0,1.2,6963.5,7331.5,7139.2,22.4,23.3,33.7,59.8,28.9,0.0,11.3,0.017,DUSTY,75,FAIR,low retained moisture may produce dust or loose soil,125,1
2026-10-10,Snake Pit Trail,Park City / PCMR,WG010,40.58750533085767,-111.57189033610032,9625.4,51,57.3,41.1,49.1,0.012,0.004,0.0,0.012,0.012,0.012,50.06666666666666,51.58571428571429,0,0.0,0.0,0.0,0.0,0.0,0,1.1,9378.6,9871.8,9625.4,15.8,14.9,33.7,0.0,46.3,53.7,0.0,0.018,DUSTY,75,FAIR,low retained moisture may produce dust or loose soil,125,52
2026-10-10,Solamere,Deer Valley,WG045,40.65168830951934,-111.47267426337083,7304.0,51,68.8,48.4,58.2,0.012,0.0,0.0,0.012,0.012,0.012,59.23333333333333,60.52857142857143,0,0.0,0.0,0.0,0.0,0.0,0,2.3,7128.6,7460.6,7304.0,20.7,21.1,32.5,14.8,80.3,3.0,2.0,0.016,DUSTY,75,FAIR,low retained moisture may produce dust or loose soil,125,15
2026-10-10,Solamere Connector,Deer Valley,WG045,40.651338463153365,-111.4797751905619,7331.1,51,68.8,48.4,58.2,0.012,0.0,0.0,0.012,0.012,0.012,59.23333333333333,60.52857142857143,0,0.0,0.0,0.0,0.0,0.0,0,1.0,7128.4,7532.8,7331.1,18.6,20.2,27.4,0.0,0.0,15.1,84.9,0.015,DUSTY,75,FAIR,low retained moisture may produce dust or loose soil,125,15
2026-10-10,Somewhere Elks,Round Valley,WG055,40.68702802029736,-111.47813858810876,6977.4,51,70.4,50.1,59.9,0.012,0.0,0.0,0.012,0.012,0.012,60.3,60.54285714285714,0,0.0,0.0,0.0,0.0,0.0,0,1.0,6796.2,7145.1,6977.4,10.8,11.0,23.8,84.6,6.4,0.0,9.0,0.017,DUSTY,75,FAIR,low retained moisture may produce dust or loose soil,125,48
2026-10-10,South Canyon,Round Valley,WG055,40.697084178294816,-111.45372200426904,6732.0,51,70.4,50.1,59.9,0.012,0.0,0.0,0.012,0.012,0.012,60.3,60.54285714285714,0,0.0,0.0,0.0,0.0,0.0,0,4.0,6549.1,6909.1,6732.0,10.4,10.8,23.6,28.3,69.6,1.9,0.3,0.016,DUSTY,75,FAIR,low retained moisture may produce dust or loose soil,125,48
2026-10-10,Sparky's Return,Clark Ranch,WG044,40.6617858998794,-111.45698342605078,6783.6,51,70.3,49.9,59.7,0.012,0.0,0.0,0.012,0.012,0.012,60.333333333333336,60.71428571428572,0,0.0,0.0,0.0,0.0,0.0,0,0.4,6750.7,6826.6,6783.6,11.3,11.6,16.9,0.0,15.6,21.9,62.5,0.015,DUSTY,75,FAIR,low retained moisture may produce dust or loose soil,125,1
2026-10-10,Stealth Connector / Pheasant Way,Jeremy Ranch / Glenwild,WG076,40.73167942348123,-111.54708752211994,6361.5,51,70.7,53.8,62.1,0.008,0.0,0.0,0.008,0.024,0.024,62.03333333333333,62.285714285714285,0,0.0,0.0,0.0,0.0,0.0,2,0.3,6330.9,6398.1,6361.5,5.3,4.7,14.3,59.1,9.1,27.3,4.5,0.017,DUSTY,75,FAIR,low retained moisture may produce dust or loose soil,125,9
2026-10-10,Stealth Trail,Jeremy Ranch / Glenwild,WG077,40.73631275924013,-111.5447596003018,6560.0,51,70.0,53.0,61.4,0.008,0.0,0.0,0.008,0.024,0.024,61.3,61.57142857142857,0,0.0,0.0,0.0,0.0,0.0,2,2.3,6346.1,6903.5,6560.0,15.2,16.1,27.2,66.5,32.0,0.5,1.0,0.018,DUSTY,75,FAIR,low retained moisture may produce dust or loose soil,125,9
2026-10-10,Sunset,Deer Valley,WG013,40.61222429898699,-111.48546906629171,8777.5,51,60.7,44.5,52.5,0.012,0.004,0.0,0.012,0.012,0.012,53.79999999999999,55.18571428571428,0,0.0,0.0,0.0,0.0,0.0,0,1.2,8436.0,9053.2,8777.5,15.2,14.9,28.2,0.0,51.4,45.9,2.7,0.017,DUSTY,75,FAIR,low retained moisture may produce dust or loose soil,125,15
2026-10-10,Super G,Deer Valley,WG013,40.6078734147108,-111.486644562986,8939.8,51,60.7,44.5,52.5,0.012,0.004,0.0,0.012,0.012,0.012,53.79999999999999,55.18571428571428,0,0.0,0.0,0.0,0.0,0.0,0,0.4,8867.6,8997.5,8939.8,15.7,15.0,27.9,5.9,94.1,0.0,0.0,0.018,DUSTY,75,FAIR,low retained moisture may produce dust or loose soil,125,15
2026-10-10,Sven,Jordanelle,WG040,40.66216079919324,-111.41880056586604,6299.4,51,72.2,51.9,61.6,0.012,0.0,0.0,0.012,0.012,0.012,62.73333333333333,63.44285714285714,0,0.0,0.0,0.0,0.0,0.0,0,0.1,6282.2,6318.4,6299.4,11.9,10.3,19.9,13.3,86.7,0.0,0.0,0.015,DUSTY,75,FAIR,low retained moisture may produce dust or loose soil,125,1
2026-10-10,T&G,Deer Valley,WG016,40.611941402305575,-111.51506977898008,8673.3,51,60.6,44.4,52.3,0.012,0.004,0.0,0.012,0.012,0.012,53.66666666666666,55.05714285714286,0,0.0,0.0,0.0,0.0,0.0,0,1.2,8586.9,8760.0,8673.3,16.7,19.3,29.1,19.0,9.5,34.3,37.1,0.018,DUSTY,75,FAIR,low retained moisture may produce dust or loose soil,125,15
2026-10-10,T&G 2,Deer Valley,WG016,40.62089143656375,-111.51568549288604,8599.5,51,60.6,44.4,52.3,0.012,0.004,0.0,0.012,0.012,0.012,53.66666666666666,55.05714285714286,0,0.0,0.0,0.0,0.0,0.0,0,0.9,8357.2,8729.4,8599.5,20.7,23.5,35.6,2.6,0.0,42.1,55.3,0.017,DUSTY,75,FAIR,low retained moisture may produce dust or loose soil,125,15
2026-10-10,Tall T Trail,Deer Valley,WG007,40.59029104976929,-111.52734087474852,9033.3,51,59.8,43.6,51.6,0.012,0.004,0.0,0.012,0.012,0.012,52.9,54.21428571428572,0,0.0,0.0,0.0,0.0,0.0,0,4.4,8733.0,9353.0,9033.3,18.9,19.0,34.3,27.0,2.8,28.7,41.5,0.019,DUSTY,75,FAIR,low retained moisture may produce dust or loose soil,125,15
2026-10-10,Team Big Bear,Deer Valley,WG013,40.61639926546102,-111.50010669410356,8610.0,51,60.7,44.5,52.5,0.012,0.004,0.0,0.012,0.012,0.012,53.79999999999999,55.18571428571428,0,0.0,0.0,0.0,0.0,0.0,0,1.3,8332.9,8855.8,8610.0,15.5,15.9,23.1,0.0,13.8,68.8,17.4,0.017,DUSTY,75,FAIR,low retained moisture may produce dust or loose soil,125,15
2026-10-10,Team Cutthroat Downhill,Jeremy Ranch / Glenwild,WG077,40.74619331694971,-111.55242052130288,6618.0,51,70.0,53.0,61.4,0.008,0.0,0.0,0.008,0.024,0.024,61.3,61.57142857142857,0,0.0,0.0,0.0,0.0,0.0,2,0.3,6546.5,6754.3,6618.0,12.4,12.3,17.8,0.0,0.0,100.0,0.0,0.015,DUSTY,75,FAIR,low retained moisture may produce dust or loose soil,125,9
2026-10-10,Thieves Forest,Deer Valley,WG013,40.61553068086176,-111.48245627012813,8597.7,51,60.7,44.5,52.5,0.012,0.004,0.0,0.012,0.012,0.012,53.79999999999999,55.18571428571428,0,0.0,0.0,0.0,0.0,0.0,0,0.5,8441.5,8810.3,8597.7,19.6,20.1,27.0,0.0,2.5,90.0,7.5,0.016,DUSTY,75,FAIR,low retained moisture may produce dust or loose soil,125,15
2026-10-10,Thieves Forrest,Deer Valley,WG014,40.611364491739,-111.4804590615015,9072.7,51,59.8,43.6,51.5,0.012,0.004,0.0,0.012,0.012,0.012,52.86666666666667,54.18571428571429,0,0.0,0.0,0.0,0.0,0.0,0,0.3,8820.3,9276.0,9072.7,18.5,18.9,29.1,0.0,0.0,89.7,10.3,0.017,DUSTY,75,FAIR,low retained moisture may produce dust or loose soil,125,15
2026-10-10,Tidal Wave,Deer Valley,WG013,40.610548014761406,-111.48897388892838,8737.9,51,60.7,44.5,52.5,0.012,0.004,0.0,0.012,0.012,0.012,53.79999999999999,55.18571428571428,0,0.0,0.0,0.0,0.0,0.0,0,2.7,8128.2,9286.4,8737.9,20.0,21.7,33.5,3.3,55.8,23.1,17.8,0.018,DUSTY,75,FAIR,low retained moisture may produce dust or loose soil,125,15
2026-10-10,Tour De Suds (Upper),Deer Valley,WG013,40.614682713092186,-111.50609195133156,8563.5,51,60.7,44.5,52.5,0.012,0.004,0.0,0.012,0.012,0.012,53.79999999999999,55.18571428571428,0,0.0,0.0,0.0,0.0,0.0,0,0.7,8407.1,8694.1,8563.5,17.1,16.8,24.3,0.0,74.6,25.4,0.0,0.017,DUSTY,75,FAIR,low retained moisture may produce dust or loose soil,125,15
2026-10-10,Tricky Pickle Trail,Deer Valley,WG004,40.59197973531048,-111.49789592532872,8532.5,51,61.0,44.8,52.8,0.012,0.004,0.0,0.012,0.012,0.012,54.1,55.42857142857143,0,0.0,0.0,0.0,0.0,0.0,0,2.6,8268.2,8873.6,8532.5,20.0,22.3,31.9,21.7,70.8,0.9,6.6,0.018,DUSTY,75,FAIR,low retained moisture may produce dust or loose soil,125,15
2026-10-10,Trump,Deer Valley,WG013,40.60903529522874,-111.4964159868453,8771.6,51,60.7,44.5,52.5,0.012,0.004,0.0,0.012,0.012,0.012,53.79999999999999,55.18571428571428,0,0.0,0.0,0.0,0.0,0.0,0,0.6,8585.9,8974.3,8771.6,9.3,8.1,20.4,1.7,0.0,26.7,71.7,0.017,DUSTY,75,FAIR,low retained moisture may produce dust or loose soil,125,15
2026-10-10,Tsunami,Deer Valley,WG013,40.61166268615432,-111.48706860055302,8747.8,51,60.7,44.5,52.5,0.012,0.004,0.0,0.012,0.012,0.012,53.79999999999999,55.18571428571428,0,0.0,0.0,0.0,0.0,0.0,0,1.2,8508.1,8991.5,8747.8,18.1,17.6,28.8,0.0,72.8,27.2,0.0,0.017,DUSTY,75,FAIR,low retained moisture may produce dust or loose soil,125,15
2026-10-10,Tug of War Trail,Deer Valley,WG013,40.60218815889535,-111.4963014769127,8962.3,51,60.7,44.5,52.5,0.012,0.004,0.0,0.012,0.012,0.012,53.79999999999999,55.18571428571428,0,0.0,0.0,0.0,0.0,0.0,0,1.4,8867.6,9065.0,8962.3,16.3,16.3,25.0,52.5,23.3,23.3,0.8,0.018,DUSTY,75,FAIR,low retained moisture may produce dust or loose soil,125,15
2026-10-10,Twist & Shout,Deer Valley,WG012,40.61590669002216,-111.48826576454944,8415.6,51,62.6,46.4,54.4,0.012,0.004,0.0,0.012,0.012,0.012,56.26666666666667,58.01428571428572,0,0.0,0.0,0.0,0.0,0.0,0,0.2,8324.5,8505.1,8415.6,26.0,26.7,29.2,0.0,100.0,0.0,0.0,0.017,DUSTY,75,FAIR,low retained moisture may produce dust or loose soil,125,15
2026-10-10,Twist and Shout,Deer Valley,WG013,40.61146669404505,-111.486662413967,8799.9,51,60.7,44.5,52.5,0.012,0.004,0.0,0.012,0.012,0.012,53.79999999999999,55.18571428571428,0,0.0,0.0,0.0,0.0,0.0,0,1.0,8512.5,9065.3,8799.9,17.9,18.6,28.0,0.0,81.3,18.7,0.0,0.018,DUSTY,75,FAIR,low retained moisture may produce dust or loose soil,125,15
2026-10-10,Upper Sparky Trail,Clark Ranch,WG044,40.6599723509711,-111.45534390616216,6878.4,51,70.3,49.9,59.7,0.012,0.0,0.0,0.012,0.012,0.012,60.333333333333336,60.71428571428572,0,0.0,0.0,0.0,0.0,0.0,0,1.9,6752.0,6971.6,6878.4,13.5,12.2,28.4,0.6,54.7,25.2,19.5,0.015,DUSTY,75,FAIR,low retained moisture may produce dust or loose soil,125,1
2026-10-10,Wada Way,Jordanelle,WG040,40.65139897157171,-111.41292348157292,6267.2,51,72.2,51.9,61.6,0.012,0.0,0.0,0.012,0.012,0.012,62.73333333333333,63.44285714285714,0,0.0,0.0,0.0,0.0,0.0,0,1.7,6181.8,6350.5,6267.2,6.6,6.2,14.8,23.2,76.1,0.7,0.0,0.016,DUSTY,75,FAIR,low retained moisture may produce dust or loose soil,125,1
2026-10-10,Wasatch,Round Valley,WG074,40.742724215036304,-111.49568804225927,6475.9,51,71.5,51.2,60.9,0.012,0.0,0.0,0.012,0.012,0.012,60.93333333333333,61.457142857142856,0,0.0,0.0,0.0,0.0,0.0,0,1.6,6451.9,6521.0,6475.9,3.4,3.0,9.7,60.3,36.9,1.4,1.4,0.016,DUSTY,75,FAIR,low retained moisture may produce dust or loose soil,125,48
2026-10-10,Wasatch Wiggle Trail,Park City / PCMR,WG010,40.58570056880523,-111.57390345809982,9702.8,51,57.3,41.1,49.1,0.012,0.004,0.0,0.012,0.012,0.012,50.06666666666666,51.58571428571429,0,0.0,0.0,0.0,0.0,0.0,0,1.8,9472.6,9972.8,9702.8,13.0,13.0,32.2,0.0,5.2,87.7,7.1,0.017,DUSTY,75,FAIR,low retained moisture may produce dust or loose soil,125,52
2026-10-10,Wowza Downhill Trail,Deer Valley,WG006,40.58677474689952,-111.51626735679228,8564.8,51,61.4,45.2,53.2,0.012,0.004,0.0,0.012,0.012,0.012,54.5,55.91428571428572,0,0.0,0.0,0.0,0.0,0.0,0,0.9,8378.1,8738.8,8564.8,10.4,10.8,21.9,55.1,10.3,1.3,33.3,0.019,DUSTY,75,FAIR,low retained moisture may produce dust or loose soil,125,15
2026-10-10,Wowza Trail,Deer Valley,WG006,40.58754867198866,-111.51557993987645,8552.8,51,61.4,45.2,53.2,0.012,0.004,0.0,0.012,0.012,0.012,54.5,55.91428571428572,0,0.0,0.0,0.0,0.0,0.0,0,1.2,8375.1,8733.0,8552.8,12.1,11.9,25.4,10.4,1.0,31.2,57.3,0.017,DUSTY,75,FAIR,low retained moisture may produce dust or loose soil,125,15
2026-10-10,4:20,Deer Valley,WG032,40.63850725810498,-111.5016215026881,7810.7,51,66.2,47.7,56.3,0.008,0.0,0.0,0.008,0.008,0.008,57.76666666666667,59.74285714285714,0,0.0,0.0,0.0,0.0,0.0,12,0.4,7754.7,7849.9,7810.7,17.8,17.9,26.6,0.0,0.0,22.2,77.8,0.005,DUSTY,67,FAIR,low retained moisture may produce dust or loose soil; 12 days since measurable precipitation,268,64
2026-10-10,A Toll New World,Summit Park,WG078,40.74525880222984,-111.59660432287036,6843.1,51,69.4,52.4,60.8,0.008,0.0,0.0,0.008,0.008,0.008,61.36666666666667,61.55714285714286,0,0.0,0.0,0.0,0.0,0.0,12,1.3,6620.4,7055.3,6843.1,16.3,16.7,26.9,1.9,40.7,53.7,3.7,0.005,DUSTY,67,FAIR,low retained moisture may produce dust or loose soil; 12 days since measurable precipitation,268,2
2026-10-10,Agitator Trail,Deer Valley,WG028,40.62594479567907,-111.46053082324435,7171.6,51,67.9,49.4,58.1,0.008,0.0,0.0,0.008,0.008,0.008,59.53333333333334,61.48571428571428,0,0.0,0.0,0.0,0.0,0.0,12,1.2,7047.5,7374.2,7171.6,24.5,24.5,33.9,22.8,0.0,42.6,34.7,0.005,DUSTY,67,FAIR,low retained moisture may produce dust or loose soil; 12 days since measurable precipitation,268,64
2026-10-10,An Unexpected Journey Trail,Jordanelle,WG001,40.584095263003086,-111.41492155800285,6731.9,51,70.1,51.5,60.2,0.008,0.0,0.0,0.008,0.008,0.008,61.26666666666667,62.02857142857143,0,0.0,0.0,0.0,0.0,0.0,12,0.6,6708.3,6758.4,6731.9,21.3,22.6,26.9,13.7,86.3,0.0,0.0,0.005,DUSTY,67,FAIR,low retained moisture may produce dust or loose soil; 12 days since measurable precipitation,268,10
2026-10-10,Beep Beep Trail,Jordanelle,WG001,40.59039066618902,-111.4033797731244,6670.3,51,70.1,51.5,60.2,0.008,0.0,0.0,0.008,0.008,0.008,61.26666666666667,62.02857142857143,0,0.0,0.0,0.0,0.0,0.0,12,1.5,6583.6,6771.5,6670.3,16.3,16.1,26.5,0.0,20.2,66.7,13.2,0.005,DUSTY,67,FAIR,low retained moisture may produce dust or loose soil; 12 days since measurable precipitation,268,10
2026-10-10,Cobblestone Loop,Jeremy Ranch / Glenwild,WG084,40.75845647840704,-111.52582619388934,6805.4,51,69.3,52.4,60.8,0.008,0.0,0.0,0.008,0.008,0.008,62.133333333333326,62.8,0,0.0,0.0,0.0,0.0,0.0,12,0.8,6740.4,6867.4,6805.4,15.5,17.3,28.1,26.5,4.4,0.0,69.1,0.005,DUSTY,67,FAIR,low retained moisture may produce dust or loose soil; 12 days since measurable precipitation,268,31
2026-10-10,Cobblestone Trail,Jeremy Ranch / Glenwild,WG084,40.75512641497514,-111.52744418745776,6723.8,51,69.3,52.4,60.8,0.008,0.0,0.0,0.008,0.008,0.008,62.133333333333326,62.8,0,0.0,0.0,0.0,0.0,0.0,12,1.7,6505.3,6938.7,6723.8,11.4,10.3,28.4,25.5,10.6,8.5,55.3,0.005,DUSTY,67,FAIR,low retained moisture may produce dust or loose soil; 12 days since measurable precipitation,268,31
2026-10-10,Constellation Trail,Jordanelle,WG026,40.6428753631073,-111.43505033038012,6261.6,51,71.5,53.0,61.6,0.008,0.0,0.0,0.008,0.008,0.008,62.7,63.42857142857143,0,0.0,0.0,0.0,0.0,0.0,12,0.7,6191.6,6323.4,6261.6,9.0,8.6,16.7,5.2,0.0,10.3,84.5,0.005,DUSTY,67,FAIR,low retained moisture may produce dust or loose soil; 12 days since measurable precipitation,268,10
2026-10-10,Coyote Loop Trail,Jordanelle,WG001,40.58676467246392,-111.40272629625528,6895.7,51,70.1,51.5,60.2,0.008,0.0,0.0,0.008,0.008,0.008,61.26666666666667,62.02857142857143,0,0.0,0.0,0.0,0.0,0.0,12,0.8,6834.6,6980.4,6895.7,11.1,10.1,26.7,9.7,6.5,58.1,25.8,0.005,DUSTY,67,FAIR,low retained moisture may produce dust or loose soil; 12 days since measurable precipitation,268,10
2026-10-10,Daily Overlook,Deer Valley,WG031,40.631723443280656,-111.4987920660294,7430.4,51,67.6,49.0,57.7,0.008,0.0,0.0,0.008,0.008,0.008,59.133333333333326,61.08571428571428,0,0.0,0.0,0.0,0.0,0.0,12,0.3,7365.3,7455.3,7430.4,30.3,31.4,34.2,0.0,0.0,0.0,100.0,0.005,DUSTY,67,FAIR,low retained moisture may produce dust or loose soil; 12 days since measurable precipitation,268,64
2026-10-10,Daly Avenue,Deer Valley,WG031,40.63079192228995,-111.49966938212476,7430.3,51,67.6,49.0,57.7,0.008,0.0,0.0,0.008,0.008,0.008,59.133333333333326,61.08571428571428,0,0.0,0.0,0.0,0.0,0.0,12,0.8,7254.7,7610.0,7430.3,10.6,9.1,24.0,0.0,6.0,10.4,83.6,0.005,DUSTY,67,FAIR,low retained moisture may produce dust or loose soil; 12 days since measurable precipitation,268,64
2026-10-10,Daly Bypass,Deer Valley,WG031,40.63469577874592,-111.4972952534869,7351.3,51,67.6,49.0,57.7,0.008,0.0,0.0,0.008,0.008,0.008,59.133333333333326,61.08571428571428,0,0.0,0.0,0.0,0.0,0.0,12,0.3,7324.2,7370.0,7351.3,30.0,33.0,38.7,0.0,0.0,3.3,96.7,0.005,DUSTY,67,FAIR,low retained moisture may produce dust or loose soil; 12 days since measurable precipitation,268,64
2026-10-10,Dead Reckoning,Summit Park,WG078,40.74804102527887,-111.5901705440554,6808.0,51,69.4,52.4,60.8,0.008,0.0,0.0,0.008,0.008,0.008,61.36666666666667,61.55714285714286,0,0.0,0.0,0.0,0.0,0.0,12,0.6,6646.9,6981.7,6808.0,16.5,16.1,22.7,0.0,16.7,83.3,0.0,0.004,DUSTY,67,FAIR,low retained moisture may produce dust or loose soil; 12 days since measurable precipitation,268,2
2026-10-10,Deep Park Circle,Jordanelle,WG026,40.626894083286025,-111.43587347972714,6383.2,51,71.5,53.0,61.6,0.008,0.0,0.0,0.008,0.008,0.008,62.7,63.42857142857143,0,0.0,0.0,0.0,0.0,0.0,12,0.2,6368.7,6401.6,6383.2,7.2,6.4,17.5,0.0,0.0,50.0,50.0,0.005,DUSTY,67,FAIR,low retained moisture may produce dust or loose soil; 12 days since measurable precipitation,268,10
2026-10-10,Deer Crest,Deer Valley,WG029,40.63553157935396,-111.47424740401932,7612.2,51,66.6,48.1,56.7,0.008,0.0,0.0,0.008,0.008,0.008,58.16666666666666,60.114285714285714,0,0.0,0.0,0.0,0.0,0.0,12,2.0,7265.1,7950.3,7612.2,21.7,21.4,38.3,0.0,50.3,49.1,0.6,0.005,DUSTY,67,FAIR,low retained moisture may produce dust or loose soil; 12 days since measurable precipitation,268,64
2026-10-10,Devo,Deer Valley,WG032,40.6296740826892,-111.48374523511592,7963.4,51,66.2,47.7,56.3,0.008,0.0,0.0,0.008,0.008,0.008,57.76666666666667,59.74285714285714,0,0.0,0.0,0.0,0.0,0.0,12,0.2,7893.9,8016.5,7963.4,11.3,9.9,17.7,0.0,0.0,47.1,52.9,0.005,DUSTY,67,FAIR,low retained moisture may produce dust or loose soil; 12 days since measurable precipitation,268,64
2026-10-10,Discovery,Summit Park,WG078,40.74903521550762,-111.59463162387972,6614.4,51,69.4,52.4,60.8,0.008,0.0,0.0,0.008,0.008,0.008,61.36666666666667,61.55714285714286,0,0.0,0.0,0.0,0.0,0.0,12,0.4,6578.7,6650.0,6614.4,11.5,10.0,24.8,0.0,20.9,46.5,32.6,0.005,DUSTY,67,FAIR,low retained moisture may produce dust or loose soil; 12 days since measurable precipitation,268,2
2026-10-10,Empire Alternate,Deer Valley,WG032,40.62635819528807,-111.50016350153602,7943.1,51,66.2,47.7,56.3,0.008,0.0,0.0,0.008,0.008,0.008,57.76666666666667,59.74285714285714,0,0.0,0.0,0.0,0.0,0.0,12,0.1,7918.3,7974.4,7943.1,16.3,16.4,21.6,0.0,0.0,100.0,0.0,0.005,DUSTY,67,FAIR,low retained moisture may produce dust or loose soil; 12 days since measurable precipitation,268,64
2026-10-10,Finns,Deer Valley,WG028,40.640763495812735,-111.47689190658058,7214.2,51,67.9,49.4,58.1,0.008,0.0,0.0,0.008,0.008,0.008,59.53333333333334,61.48571428571428,0,0.0,0.0,0.0,0.0,0.0,12,0.3,7140.8,7279.6,7214.2,24.0,24.7,36.1,0.0,96.3,3.7,0.0,0.005,DUSTY,67,FAIR,low retained moisture may produce dust or loose soil; 12 days since measurable precipitation,268,64
2026-10-10,First Time,Park City / PCMR,WG050,40.65050878239233,-111.51048291433958,7041.1,51,68.8,50.2,58.9,0.008,0.0,0.0,0.008,0.008,0.008,60.0,61.271428571428565,0,0.0,0.0,0.0,0.0,0.0,12,0.5,6905.7,7178.9,7041.1,8.6,8.6,19.4,0.0,3.6,57.1,39.3,0.005,DUSTY,67,FAIR,low retained moisture may produce dust or loose soil; 12 days since measurable precipitation,268,82
2026-10-10,First Time Return,Park City / PCMR,WG050,40.65021414919943,-111.51090683334832,7073.8,51,68.8,50.2,58.9,0.008,0.0,0.0,0.008,0.008,0.008,60.0,61.271428571428565,0,0.0,0.0,0.0,0.0,0.0,12,0.7,6953.0,7139.2,7073.8,15.6,15.9,24.7,0.0,0.0,22.4,77.6,0.005,DUSTY,67,FAIR,low retained moisture may produce dust or loose soil; 12 days since measurable precipitation,268,82
2026-10-10,Flat Cable,Park City / PCMR,WG032,40.644102718034645,-111.505628746172,7565.4,51,66.2,47.7,56.3,0.008,0.0,0.0,0.008,0.008,0.008,57.76666666666667,59.74285714285714,0,0.0,0.0,0.0,0.0,0.0,12,1.0,7399.9,7706.1,7565.4,13.5,12.9,28.3,0.0,37.0,51.1,12.0,0.005,DUSTY,67,FAIR,low retained moisture may produce dust or loose soil; 12 days since measurable precipitation,268,82
2026-10-10,Flying Dog,Jeremy Ranch / Glenwild,WG087,40.77237660098178,-111.54161762597796,7321.2,51,67.5,50.6,58.9,0.008,0.0,0.0,0.008,0.008,0.008,60.23333333333333,61.07142857142857,0,0.0,0.0,0.0,0.0,0.0,12,6.1,6867.4,7759.1,7321.2,17.8,17.6,31.1,54.3,26.7,9.5,9.5,0.005,DUSTY,67,FAIR,low retained moisture may produce dust or loose soil; 12 days since measurable precipitation,268,31
2026-10-10,Full Steam Billy,Park City / PCMR,WG031,40.64842922650065,-111.4945100220623,7246.4,51,67.6,49.0,57.7,0.008,0.0,0.0,0.008,0.008,0.008,59.133333333333326,61.08571428571428,0,0.0,0.0,0.0,0.0,0.0,12,0.3,7161.5,7277.5,7246.4,14.8,15.0,18.5,27.6,72.4,0.0,0.0,0.005,DUSTY,67,FAIR,low retained moisture may produce dust or loose soil; 12 days since measurable precipitation,268,82
2026-10-10,Gambel Oak Trail,Park City / PCMR,WG031,40.64847351910524,-111.48419757905585,7408.0,51,67.6,49.0,57.7,0.008,0.0,0.0,0.008,0.008,0.008,59.133333333333326,61.08571428571428,0,0.0,0.0,0.0,0.0,0.0,12,1.0,7205.8,7543.6,7408.0,12.0,14.4,18.4,71.9,0.0,12.4,15.7,0.005,DUSTY,67,FAIR,low retained moisture may produce dust or loose soil; 12 days since measurable precipitation,268,82
2026-10-10,Gap Bypass Trail,Deer Valley,WG028,40.64123747413292,-111.47577580871994,7306.6,51,67.9,49.4,58.1,0.008,0.0,0.0,0.008,0.008,0.008,59.53333333333334,61.48571428571428,0,0.0,0.0,0.0,0.0,0.0,12,0.4,7278.0,7326.5,7306.6,24.8,27.1,36.1,0.0,64.1,35.9,0.0,0.005,DUSTY,67,FAIR,low retained moisture may produce dust or loose soil; 12 days since measurable precipitation,268,64
2026-10-10,Gap Loop,Deer Valley,WG028,40.6409109833561,-111.47399614902376,7445.8,51,67.9,49.4,58.1,0.008,0.0,0.0,0.008,0.008,0.008,59.53333333333334,61.48571428571428,0,0.0,0.0,0.0,0.0,0.0,12,1.9,7303.7,7618.9,7445.8,23.3,24.7,35.9,8.4,27.1,40.4,24.1,0.005,DUSTY,67,FAIR,low retained moisture may produce dust or loose soil; 12 days since measurable precipitation,268,64
2026-10-10,Gorgoza Park,Pinebrook,WG089,40.75144469967726,-111.581432624726,6619.5,51,69.7,52.7,61.1,0.008,0.0,0.0,0.008,0.008,0.008,61.66666666666666,61.85714285714285,0,0.0,0.0,0.0,0.0,0.0,12,1.6,6378.8,6831.0,6619.5,13.6,13.9,25.2,2.2,1.5,87.5,8.8,0.004,DUSTY,67,FAIR,low retained moisture may produce dust or loose soil; 12 days since measurable precipitation,268,11
2026-10-10,Grave Digger,Deer Valley,WG032,40.62962271716946,-111.50201210924322,7682.6,51,66.2,47.7,56.3,0.008,0.0,0.0,0.008,0.008,0.008,57.76666666666667,59.74285714285714,0,0.0,0.0,0.0,0.0,0.0,12,0.5,7659.8,7734.0,7682.6,24.7,26.7,36.3,10.5,0.0,2.6,86.8,0.005,DUSTY,67,FAIR,low retained moisture may produce dust or loose soil; 12 days since measurable precipitation,268,64
2026-10-10,Great Western Trail,Wasatch Crest / Millcreek,WG092,40.77286580912175,-111.6406537725031,7571.3,51,68.5,52.5,60.0,0.004,0.0,0.0,0.004,0.004,0.004,59.26666666666667,59.07142857142857,0,0.0,0.0,0.0,0.0,0.0,12,4.1,7338.2,7867.0,7571.3,11.5,10.4,34.6,44.7,31.4,10.3,13.6,0.003,DUSTY,67,FAIR,low retained moisture may produce dust or loose soil; 12 days since measurable precipitation,268,1
2026-10-10,Great Western Trail / Great Western Trail bypass,Wasatch Crest / Millcreek,WG091,40.7535574542296,-111.6313027356856,7111.8,51,68.7,53.1,60.6,0.008,0.0,0.0,0.008,0.012,0.012,61.03333333333333,61.42857142857143,0,0.0,0.0,0.0,0.0,0.0,12,1.4,6865.3,7548.3,7111.8,13.7,13.4,22.9,68.4,22.8,0.0,8.8,0.007,DUSTY,67,FAIR,low retained moisture may produce dust or loose soil; 12 days since measurable precipitation,268,1
2026-10-10,Hidden Cove,Summit Park,WG089,40.756655895607175,-111.597334386164,6686.2,51,69.7,52.7,61.1,0.008,0.0,0.0,0.008,0.008,0.008,61.66666666666666,61.85714285714285,0,0.0,0.0,0.0,0.0,0.0,12,0.2,6655.0,6725.6,6686.2,13.1,11.4,26.6,0.0,0.0,62.5,37.5,0.005,DUSTY,67,FAIR,low retained moisture may produce dust or loose soil; 12 days since measurable precipitation,268,2
2026-10-10,Humdinger,Deer Valley,WG029,40.626356336628135,-111.46720603877804,7537.3,51,66.6,48.1,56.7,0.008,0.0,0.0,0.008,0.008,0.008,58.16666666666666,60.114285714285714,0,0.0,0.0,0.0,0.0,0.0,12,3.2,7250.4,7937.0,7537.3,23.0,24.0,33.5,25.1,0.0,45.2,29.7,0.005,DUSTY,67,FAIR,low retained moisture may produce dust or loose soil; 12 days since measurable precipitation,268,64
2026-10-10,Jailbreak,Jeremy Ranch / Glenwild,WG085,40.75712939272894,-111.56214780445411,6277.4,51,71.0,54.0,62.4,0.008,0.0,0.0,0.008,0.008,0.008,63.1,63.18571428571429,0,0.0,0.0,0.0,0.0,0.0,12,0.5,6261.8,6299.2,6277.4,10.6,8.6,29.3,18.0,60.0,22.0,0.0,0.005,DUSTY,67,FAIR,low retained moisture may produce dust or loose soil; 12 days since measurable precipitation,268,31
2026-10-10,Jordanelle (West Bank) Trail,Jordanelle,WG026,40.63639192686843,-111.4311179892118,6210.9,51,71.5,53.0,61.6,0.008,0.0,0.0,0.008,0.008,0.008,62.7,63.42857142857143,0,0.0,0.0,0.0,0.0,0.0,12,2.3,6170.8,6291.4,6210.9,9.7,9.2,24.7,24.1,2.0,42.2,31.7,0.005,DUSTY,67,FAIR,low retained moisture may produce dust or loose soil; 12 days since measurable precipitation,268,10
2026-10-10,Jordanelle Perimeter Trail,Jordanelle,WG024,40.633349610731685,-111.4121970547725,6216.7,51,71.7,53.2,61.8,0.008,0.0,0.0,0.008,0.008,0.008,62.9,63.57142857142857,0,0.0,0.0,0.0,0.0,0.0,12,9.3,6169.9,6411.7,6216.7,15.2,14.7,34.0,30.5,40.5,11.2,17.8,0.005,DUSTY,67,FAIR,low retained moisture may produce dust or loose soil; 12 days since measurable precipitation,268,10
2026-10-10,Kaboom Trail / Call Sign Casa Trail,Jordanelle,WG027,40.62794719612903,-111.45468580169128,6888.6,51,69.7,51.2,59.9,0.008,0.0,0.0,0.008,0.008,0.008,60.86666666666667,61.65714285714286,0,0.0,0.0,0.0,0.0,0.0,12,1.1,6791.2,7063.8,6888.6,22.7,22.4,32.9,0.0,0.0,35.5,64.5,0.005,DUSTY,67,FAIR,low retained moisture may produce dust or loose soil; 12 days since measurable precipitation,268,10
2026-10-10,Keetley,Jordanelle,WG024,40.6438983646529,-111.4097274639112,6255.4,51,71.7,53.2,61.8,0.008,0.0,0.0,0.008,0.008,0.008,62.9,63.57142857142857,0,0.0,0.0,0.0,0.0,0.0,12,0.9,6176.9,6309.9,6255.4,5.8,5.5,11.3,36.8,59.2,3.9,0.0,0.005,DUSTY,67,FAIR,low retained moisture may produce dust or loose soil; 12 days since measurable precipitation,268,10
2026-10-10,Little Engine Trail,Summit Park,WG089,40.756690732809,-111.59562244098744,6709.3,51,69.7,52.7,61.1,0.008,0.0,0.0,0.008,0.008,0.008,61.66666666666666,61.85714285714285,0,0.0,0.0,0.0,0.0,0.0,12,0.3,6693.2,6736.7,6709.3,9.5,10.2,17.8,4.3,0.0,82.6,13.0,0.004,DUSTY,67,FAIR,low retained moisture may produce dust or loose soil; 12 days since measurable precipitation,268,2
2026-10-10,Little Stick,Deer Valley,WG028,40.63409637421967,-111.478301770839,7464.6,51,67.9,49.4,58.1,0.008,0.0,0.0,0.008,0.008,0.008,59.53333333333334,61.48571428571428,0,0.0,0.0,0.0,0.0,0.0,12,0.3,7332.1,7603.8,7464.6,17.1,14.2,26.8,0.0,48.4,51.6,0.0,0.005,DUSTY,67,FAIR,low retained moisture may produce dust or loose soil; 12 days since measurable precipitation,268,64
2026-10-10,Looney Tunes Trail,Jordanelle,WG002,40.58370423178651,-111.40605522395904,7149.3,51,68.4,49.9,58.6,0.008,0.0,0.0,0.008,0.008,0.008,59.73333333333333,60.44285714285714,0,0.0,0.0,0.0,0.0,0.0,12,1.2,6976.5,7255.9,7149.3,12.9,13.2,21.5,0.0,3.0,78.8,18.2,0.005,DUSTY,67,FAIR,low retained moisture may produce dust or loose soil; 12 days since measurable precipitation,268,10
2026-10-10,Loose Moose,Park City / PCMR,WG031,40.64358346695202,-111.50940341630726,7446.3,51,67.6,49.0,57.7,0.008,0.0,0.0,0.008,0.008,0.008,59.133333333333326,61.08571428571428,0,0.0,0.0,0.0,0.0,0.0,12,0.8,7294.0,7580.3,7446.3,22.5,23.8,36.4,0.0,77.1,22.9,0.0,0.005,DUSTY,67,FAIR,low retained moisture may produce dust or loose soil; 12 days since measurable precipitation,268,82
2026-10-10,Lower Devo Trail,Deer Valley,WG032,40.63290230557317,-111.48205615844142,7656.5,51,66.2,47.7,56.3,0.008,0.0,0.0,0.008,0.008,0.008,57.76666666666667,59.74285714285714,0,0.0,0.0,0.0,0.0,0.0,12,1.1,7249.7,8016.5,7656.5,19.4,18.7,30.6,0.0,0.0,27.6,72.4,0.005,DUSTY,67,FAIR,low retained moisture may produce dust or loose soil; 12 days since measurable precipitation,268,64
2026-10-10,Lower Village,Deer Valley,WG028,40.64043848354113,-111.46360640728942,7008.1,51,67.9,49.4,58.1,0.008,0.0,0.0,0.008,0.008,0.008,59.53333333333334,61.48571428571428,0,0.0,0.0,0.0,0.0,0.0,12,0.3,6930.4,7071.0,7008.1,23.1,24.2,29.4,0.0,0.0,69.2,30.8,0.005,DUSTY,67,FAIR,low retained moisture may produce dust or loose soil; 12 days since measurable precipitation,268,64
2026-10-10,McHenry Avenue,Deer Valley,WG031,40.640126864152855,-111.49219625319049,7274.9,51,67.6,49.0,57.7,0.008,0.0,0.0,0.008,0.008,0.008,59.133333333333326,61.08571428571428,0,0.0,0.0,0.0,0.0,0.0,12,0.3,7264.9,7287.3,7274.9,23.9,24.5,32.6,0.0,100.0,0.0,0.0,0.005,DUSTY,67,FAIR,low retained moisture may produce dust or loose soil; 12 days since measurable precipitation,268,64
2026-10-10,Moose Hollow,Summit Park,WG088,40.76397899834495,-111.58866445905328,6467.6,51,70.4,53.5,61.8,0.008,0.0,0.0,0.008,0.008,0.008,62.53333333333333,62.642857142857146,0,0.0,0.0,0.0,0.0,0.0,12,1.0,6221.3,6678.6,6467.6,17.4,18.6,25.5,25.0,0.0,2.5,72.5,0.005,DUSTY,67,FAIR,low retained moisture may produce dust or loose soil; 12 days since measurable precipitation,268,2
2026-10-10,Moose Poop,Deer Valley,WG032,40.633538239133244,-111.50120248027572,7607.1,51,66.2,47.7,56.3,0.008,0.0,0.0,0.008,0.008,0.008,57.76666666666667,59.74285714285714,0,0.0,0.0,0.0,0.0,0.0,12,0.2,7512.7,7714.9,7607.1,15.5,14.9,25.8,20.0,0.0,5.0,75.0,0.005,DUSTY,67,FAIR,low retained moisture may produce dust or loose soil; 12 days since measurable precipitation,268,64
2026-10-10,Moosehouse,Park City / PCMR,WG032,40.63204398195126,-111.5038481086022,7902.6,51,66.2,47.7,56.3,0.008,0.0,0.0,0.008,0.008,0.008,57.76666666666667,59.74285714285714,0,0.0,0.0,0.0,0.0,0.0,12,0.3,7714.9,8073.3,7902.6,16.2,18.9,24.8,7.7,0.0,65.4,26.9,0.005,DUSTY,67,FAIR,low retained moisture may produce dust or loose soil; 12 days since measurable precipitation,268,82
2026-10-10,Mother Urban,Deer Valley,WG032,40.63167066031289,-111.5034058570439,7904.1,51,66.2,47.7,56.3,0.008,0.0,0.0,0.008,0.008,0.008,57.76666666666667,59.74285714285714,0,0.0,0.0,0.0,0.0,0.0,12,2.4,7668.3,8272.5,7904.1,21.4,20.4,38.1,14.1,0.0,29.6,56.3,0.005,DUSTY,67,FAIR,low retained moisture may produce dust or loose soil; 12 days since measurable precipitation,268,64
2026-10-10,NCS,Deer Valley,WG032,40.62911396321707,-111.4803727621932,7992.5,51,66.2,47.7,56.3,0.008,0.0,0.0,0.008,0.008,0.008,57.76666666666667,59.74285714285714,0,0.0,0.0,0.0,0.0,0.0,12,0.7,7538.6,8347.5,7992.5,21.0,19.3,37.7,0.0,6.2,70.3,23.4,0.005,DUSTY,67,FAIR,low retained moisture may produce dust or loose soil; 12 days since measurable precipitation,268,64
2026-10-10,No Worries,Summit Park,WG081,40.73716048778493,-111.60234213265907,7289.1,51,67.5,50.5,58.9,0.008,0.0,0.0,0.008,0.008,0.008,60.4,61.72857142857142,0,0.0,0.0,0.0,0.0,0.0,12,2.1,6892.9,7679.1,7289.1,24.7,24.9,33.3,2.3,0.0,63.2,34.5,0.005,DUSTY,67,FAIR,low retained moisture may produce dust or loose soil; 12 days since measurable precipitation,268,2
2026-10-10,OMG,Deer Valley,WG032,40.631226274970665,-111.4973428195913,7571.3,51,66.2,47.7,56.3,0.008,0.0,0.0,0.008,0.008,0.008,57.76666666666667,59.74285714285714,0,0.0,0.0,0.0,0.0,0.0,12,0.3,7486.1,7662.1,7571.3,27.8,29.0,32.3,0.0,72.0,28.0,0.0,0.005,DUSTY,67,FAIR,low retained moisture may produce dust or loose soil; 12 days since measurable precipitation,268,64
2026-10-10,Old Skool,Deer Valley,WG032,40.631898683587,-111.48423208918877,7827.2,51,66.2,47.7,56.3,0.008,0.0,0.0,0.008,0.008,0.008,57.76666666666667,59.74285714285714,0,0.0,0.0,0.0,0.0,0.0,12,0.4,7642.0,7986.8,7827.2,13.0,12.6,19.9,0.0,2.8,91.7,5.6,0.005,DUSTY,67,FAIR,low retained moisture may produce dust or loose soil; 12 days since measurable precipitation,268,64
2026-10-10,Ontario Ridge,Deer Valley,WG032,40.62821582013441,-111.49780973717266,7815.3,51,66.2,47.7,56.3,0.008,0.0,0.0,0.008,0.008,0.008,57.76666666666667,59.74285714285714,0,0.0,0.0,0.0,0.0,0.0,12,0.2,7722.8,7903.4,7815.3,9.9,9.9,15.1,0.0,0.0,57.1,42.9,0.005,DUSTY,67,FAIR,low retained moisture may produce dust or loose soil; 12 days since measurable precipitation,268,64
2026-10-10,Outlook,Deer Valley,WG029,40.63657831428653,-111.4685462481628,7646.2,51,66.6,48.1,56.7,0.008,0.0,0.0,0.008,0.008,0.008,58.16666666666666,60.114285714285714,0,0.0,0.0,0.0,0.0,0.0,12,0.5,7621.6,7707.0,7646.2,21.5,20.9,30.1,0.0,13.3,51.1,35.6,0.005,DUSTY,67,FAIR,low retained moisture may produce dust or loose soil; 12 days since measurable precipitation,268,64
2026-10-10,Pale Green Dot,Summit Park,WG078,40.74689592786439,-111.59182437672968,6802.1,51,69.4,52.4,60.8,0.008,0.0,0.0,0.008,0.008,0.008,61.36666666666667,61.55714285714286,0,0.0,0.0,0.0,0.0,0.0,12,1.0,6633.4,6985.9,6802.1,16.5,16.0,25.2,0.0,69.6,27.8,2.5,0.005,DUSTY,67,FAIR,low retained moisture may produce dust or loose soil; 12 days since measurable precipitation,268,2
2026-10-10,Parley's Lane,Summit Park,WG089,40.75375624958085,-111.59849347383722,6719.0,51,69.7,52.7,61.1,0.008,0.0,0.0,0.008,0.008,0.008,61.66666666666666,61.85714285714285,0,0.0,0.0,0.0,0.0,0.0,12,1.0,6641.6,6766.5,6719.0,9.3,8.9,19.0,33.7,2.3,19.8,44.2,0.005,DUSTY,67,FAIR,low retained moisture may produce dust or loose soil; 12 days since measurable precipitation,268,2
2026-10-10,Pinebrook Point,Pinebrook,WG089,40.75079411917499,-111.57994193527573,6623.3,51,69.7,52.7,61.1,0.008,0.0,0.0,0.008,0.008,0.008,61.66666666666666,61.85714285714285,0,0.0,0.0,0.0,0.0,0.0,12,0.3,6553.0,6684.0,6623.3,12.0,11.9,19.3,0.0,0.0,11.5,88.5,0.005,DUSTY,67,FAIR,low retained moisture may produce dust or loose soil; 12 days since measurable precipitation,268,11
2026-10-10,Pinebrook Pointe South,Pinebrook,WG078,40.74959135152933,-111.5795998040212,6632.5,51,69.4,52.4,60.8,0.008,0.0,0.0,0.008,0.008,0.008,61.36666666666667,61.55714285714286,0,0.0,0.0,0.0,0.0,0.0,12,0.1,6602.3,6649.2,6632.5,13.9,11.6,22.3,0.0,0.0,54.5,45.5,0.005,DUSTY,67,FAIR,low retained moisture may produce dust or loose soil; 12 days since measurable precipitation,268,11
2026-10-10,Pinebrook Southeast Perimeter / Hunter's Trail of the Mid Mountain,Pinebrook,WG072,40.71419878562093,-111.5896757552273,7875.5,51,66.0,49.1,57.4,0.008,0.0,0.0,0.008,0.008,0.008,58.93333333333334,60.24285714285714,0,0.0,0.0,0.0,0.0,0.0,12,4.5,7281.3,8136.4,7875.5,23.6,23.4,40.6,8.7,12.8,35.0,43.4,0.005,DUSTY,67,FAIR,low retained moisture may produce dust or loose soil; 12 days since measurable precipitation,268,11
2026-10-10,Pinebrook Southeast Perimeter Trail,Pinebrook,WG078,40.73058687532795,-111.57244227312069,6947.5,51,69.4,52.4,60.8,0.008,0.0,0.0,0.008,0.008,0.008,61.36666666666667,61.55714285714286,0,0.0,0.0,0.0,0.0,0.0,12,3.9,6418.7,7454.2,6947.5,22.5,22.0,36.2,48.1,1.6,18.4,31.9,0.005,DUSTY,67,FAIR,low retained moisture may produce dust or loose soil; 12 days since measurable precipitation,268,11
2026-10-10,Pipeline,Deer Valley,WG028,40.63885618836171,-111.46966538134832,7356.9,51,67.9,49.4,58.1,0.008,0.0,0.0,0.008,0.008,0.008,59.53333333333334,61.48571428571428,0,0.0,0.0,0.0,0.0,0.0,12,1.7,7071.0,7635.0,7356.9,21.4,21.4,30.9,0.0,18.4,81.6,0.0,0.005,DUSTY,67,FAIR,low retained moisture may produce dust or loose soil; 12 days since measurable precipitation,268,64
2026-10-10,Pointy Rocks,Deer Valley,WG031,40.63679995846106,-111.48172224533342,7428.0,51,67.6,49.0,57.7,0.008,0.0,0.0,0.008,0.008,0.008,59.133333333333326,61.08571428571428,0,0.0,0.0,0.0,0.0,0.0,12,0.2,7323.2,7519.3,7428.0,22.1,22.9,31.8,0.0,0.0,11.1,88.9,0.005,DUSTY,67,FAIR,low retained moisture may produce dust or loose soil; 12 days since measurable precipitation,268,64
2026-10-10,Powerline,Pinebrook,WG078,40.74237998272819,-111.5716363238219,6548.4,51,69.4,52.4,60.8,0.008,0.0,0.0,0.008,0.008,0.008,61.36666666666667,61.55714285714286,0,0.0,0.0,0.0,0.0,0.0,12,0.3,6493.6,6609.7,6548.4,15.7,15.5,21.0,0.0,0.0,25.8,74.2,0.005,DUSTY,67,FAIR,low retained moisture may produce dust or loose soil; 12 days since measurable precipitation,268,11
2026-10-10,Powerline Connector,Pinebrook,WG078,40.74298978990414,-111.5728828415412,6585.6,51,69.4,52.4,60.8,0.008,0.0,0.0,0.008,0.008,0.008,61.36666666666667,61.55714285714286,0,0.0,0.0,0.0,0.0,0.0,12,0.1,6554.5,6626.1,6585.6,17.9,18.6,21.5,0.0,0.0,46.2,53.8,0.005,DUSTY,67,FAIR,low retained moisture may produce dust or loose soil; 12 days since measurable precipitation,268,11
2026-10-10,Preserve Connector,Jeremy Ranch / Glenwild,WG087,40.76330147562161,-111.54585203221042,7230.0,51,67.5,50.6,58.9,0.008,0.0,0.0,0.008,0.008,0.008,60.23333333333333,61.07142857142857,0,0.0,0.0,0.0,0.0,0.0,12,0.9,7066.5,7395.2,7230.0,18.8,19.4,29.7,28.9,68.4,1.3,1.3,0.005,DUSTY,67,FAIR,low retained moisture may produce dust or loose soil; 12 days since measurable precipitation,268,31
2026-10-10,Prospect,Deer Valley,WG031,40.63405408516434,-111.49547333835608,7482.8,51,67.6,49.0,57.7,0.008,0.0,0.0,0.008,0.008,0.008,59.133333333333326,61.08571428571428,0,0.0,0.0,0.0,0.0,0.0,12,0.6,7306.8,7711.1,7482.8,11.0,10.3,21.4,0.0,19.2,78.8,1.9,0.005,DUSTY,67,FAIR,low retained moisture may produce dust or loose soil; 12 days since measurable precipitation,268,64
2026-10-10,Putty Tat Trail,Jordanelle,WG001,40.59267845848291,-111.40267007297948,6514.0,51,70.1,51.5,60.2,0.008,0.0,0.0,0.008,0.008,0.008,61.26666666666667,62.02857142857143,0,0.0,0.0,0.0,0.0,0.0,12,0.6,6468.3,6590.1,6514.0,10.5,9.5,25.2,0.0,30.6,59.2,10.2,0.005,DUSTY,67,FAIR,low retained moisture may produce dust or loose soil; 12 days since measurable precipitation,268,10
2026-10-10,Rinse Cycle Trail,Deer Valley,WG028,40.62990230274806,-111.45944053119273,7191.1,51,67.9,49.4,58.1,0.008,0.0,0.0,0.008,0.008,0.008,59.53333333333334,61.48571428571428,0,0.0,0.0,0.0,0.0,0.0,12,2.6,6863.6,7603.9,7191.1,21.5,21.4,33.6,18.3,0.0,16.4,65.3,0.005,DUSTY,67,FAIR,low retained moisture may produce dust or loose soil; 12 days since measurable precipitation,268,64
2026-10-10,Ripple Trail,Deer Valley,WG029,40.63554405253732,-111.47490110184252,7588.0,51,66.6,48.1,56.7,0.008,0.0,0.0,0.008,0.008,0.008,58.16666666666666,60.114285714285714,0,0.0,0.0,0.0,0.0,0.0,12,2.6,7239.4,7945.4,7588.0,19.9,19.6,34.1,0.0,28.5,45.5,26.0,0.005,DUSTY,67,FAIR,low retained moisture may produce dust or loose soil; 12 days since measurable precipitation,268,64
2026-10-10,Riverview West Trail,Jordanelle,WG001,40.58565113588149,-111.41386481977428,6730.6,51,70.1,51.5,60.2,0.008,0.0,0.0,0.008,0.008,0.008,61.26666666666667,62.02857142857143,0,0.0,0.0,0.0,0.0,0.0,12,1.8,6501.9,6978.6,6730.6,18.7,20.9,27.7,11.7,51.9,33.1,3.2,0.005,DUSTY,67,FAIR,low retained moisture may produce dust or loose soil; 12 days since measurable precipitation,268,10
2026-10-10,Road to WOS,Summit Park,WG082,40.73344363030311,-111.61407104321202,7712.2,51,66.0,49.1,57.5,0.008,0.0,0.0,0.008,0.008,0.008,59.0,60.32857142857142,0,0.0,0.0,0.0,0.0,0.0,12,2.8,7391.3,7924.7,7712.2,25.7,27.6,35.9,0.0,13.6,79.2,7.2,0.005,DUSTY,67,FAIR,low retained moisture may produce dust or loose soil; 12 days since measurable precipitation,268,2
2026-10-10,Rossi Hill Trail,Deer Valley,WG031,40.63808222920599,-111.4919292526201,7341.8,51,67.6,49.0,57.7,0.008,0.0,0.0,0.008,0.008,0.008,59.133333333333326,61.08571428571428,0,0.0,0.0,0.0,0.0,0.0,12,1.5,7288.7,7458.0,7341.8,18.8,19.8,32.7,0.0,56.0,41.0,3.0,0.005,DUSTY,67,FAIR,low retained moisture may produce dust or loose soil; 12 days since measurable precipitation,268,64
2026-10-10,Short Ribs,Summit Park,WG082,40.7348537895427,-111.62048055745409,7705.3,51,66.0,49.1,57.5,0.008,0.0,0.0,0.008,0.008,0.008,59.0,60.32857142857142,0,0.0,0.0,0.0,0.0,0.0,12,0.2,7670.7,7741.2,7705.3,24.0,23.9,30.9,0.0,0.0,0.0,100.0,0.005,DUSTY,67,FAIR,low retained moisture may produce dust or loose soil; 12 days since measurable precipitation,268,2
2026-10-10,Short Stack,Summit Park,WG082,40.73936874753804,-111.6200542747078,7652.8,51,66.0,49.1,57.5,0.008,0.0,0.0,0.008,0.008,0.008,59.0,60.32857142857142,0,0.0,0.0,0.0,0.0,0.0,12,1.5,7374.7,7830.5,7652.8,26.7,26.7,36.8,7.1,0.0,43.3,49.6,0.005,DUSTY,67,FAIR,low retained moisture may produce dust or loose soil; 12 days since measurable precipitation,268,2
2026-10-10,Silver Spur,Park City / PCMR,WG049,40.65266965116334,-111.5117818738982,6980.8,51,68.6,51.6,60.0,0.008,0.0,0.0,0.008,0.008,0.008,61.03333333333333,61.85714285714285,0,0.0,0.0,0.0,0.0,0.0,12,0.7,6926.4,7004.9,6980.8,13.8,13.5,24.9,0.0,7.6,60.6,31.8,0.005,DUSTY,67,FAIR,low retained moisture may produce dust or loose soil; 12 days since measurable precipitation,268,82
2026-10-10,Snowtop,Deer Valley,WG028,40.64752229561398,-111.4705824068134,7443.3,51,67.9,49.4,58.1,0.008,0.0,0.0,0.008,0.008,0.008,59.53333333333334,61.48571428571428,0,0.0,0.0,0.0,0.0,0.0,12,1.7,7307.2,7590.1,7443.3,19.4,21.1,29.7,41.6,14.6,19.7,24.1,0.005,DUSTY,67,FAIR,low retained moisture may produce dust or loose soil; 12 days since measurable precipitation,268,64
2026-10-10,South Sweeney,Park City / PCMR,WG031,40.64194117786604,-111.49870009761844,7400.1,51,67.6,49.0,57.7,0.008,0.0,0.0,0.008,0.008,0.008,59.133333333333326,61.08571428571428,0,0.0,0.0,0.0,0.0,0.0,12,0.7,7257.8,7492.4,7400.1,24.7,25.3,32.1,0.0,0.0,22.6,77.4,0.005,DUSTY,67,FAIR,low retained moisture may produce dust or loose soil; 12 days since measurable precipitation,268,82
2026-10-10,Spare Change,Summit Park,WG080,40.74164553017363,-111.60031464541484,6827.9,51,69.1,52.2,60.5,0.008,0.0,0.0,0.008,0.008,0.008,61.6,62.24285714285715,0,0.0,0.0,0.0,0.0,0.0,12,0.3,6772.5,6883.6,6827.9,23.6,25.8,34.2,0.0,0.0,25.0,75.0,0.005,DUSTY,67,FAIR,low retained moisture may produce dust or loose soil; 12 days since measurable precipitation,268,2
2026-10-10,Spin Cycle Trail,Deer Valley,WG028,40.63411801502942,-111.46082430079326,7178.8,51,67.9,49.4,58.1,0.008,0.0,0.0,0.008,0.008,0.008,59.53333333333334,61.48571428571428,0,0.0,0.0,0.0,0.0,0.0,12,1.8,6835.8,7600.6,7178.8,21.4,21.1,31.7,2.8,0.0,51.0,46.2,0.005,DUSTY,67,FAIR,low retained moisture may produce dust or loose soil; 12 days since measurable precipitation,268,64
2026-10-10,St. Regis Trail,Deer Valley,WG028,40.639112933407205,-111.47591481144916,7383.3,51,67.9,49.4,58.1,0.008,0.0,0.0,0.008,0.008,0.008,59.53333333333334,61.48571428571428,0,0.0,0.0,0.0,0.0,0.0,12,0.3,7301.5,7454.4,7383.3,24.3,27.6,31.8,0.0,91.2,8.8,0.0,0.005,DUSTY,67,FAIR,low retained moisture may produce dust or loose soil; 12 days since measurable precipitation,268,64
2026-10-10,Sweeney Switchbacks,Park City / PCMR,WG031,40.64428684826398,-111.50263935593632,7442.9,51,67.6,49.0,57.7,0.008,0.0,0.0,0.008,0.008,0.008,59.133333333333326,61.08571428571428,0,0.0,0.0,0.0,0.0,0.0,12,1.0,7261.1,7656.2,7442.9,19.7,19.5,30.8,0.0,0.0,61.6,38.4,0.005,DUSTY,67,FAIR,low retained moisture may produce dust or loose soil; 12 days since measurable precipitation,268,82
2026-10-10,Sweeneys,Park City / PCMR,WG032,40.6416793962084,-111.50380066992643,7712.4,51,66.2,47.7,56.3,0.008,0.0,0.0,0.008,0.008,0.008,57.76666666666667,59.74285714285714,0,0.0,0.0,0.0,0.0,0.0,12,0.3,7656.2,7764.1,7712.4,17.7,17.3,23.8,0.0,0.0,96.9,3.1,0.005,DUSTY,67,FAIR,low retained moisture may produce dust or loose soil; 12 days since measurable precipitation,268,82
2026-10-10,TDS Ontario Bypass,Deer Valley,WG032,40.62591563844938,-111.49801252893096,7889.0,51,66.2,47.7,56.3,0.008,0.0,0.0,0.008,0.008,0.008,57.76666666666667,59.74285714285714,0,0.0,0.0,0.0,0.0,0.0,12,1.0,7719.2,8043.7,7889.0,16.0,15.1,26.9,0.0,2.1,35.4,62.5,0.005,DUSTY,67,FAIR,low retained moisture may produce dust or loose soil; 12 days since measurable precipitation,268,64
2026-10-10,Tall Oaks Circle,Pinebrook,WG078,40.73938310561022,-111.57541687830556,6961.5,51,69.4,52.4,60.8,0.008,0.0,0.0,0.008,0.008,0.008,61.36666666666667,61.55714285714286,0,0.0,0.0,0.0,0.0,0.0,12,0.3,6901.0,7028.0,6961.5,12.3,12.6,19.5,47.8,47.8,4.3,0.0,0.005,DUSTY,67,FAIR,low retained moisture may produce dust or loose soil; 12 days since measurable precipitation,268,11
2026-10-10,The Avenues,Summit Park,WG090,40.75998198374273,-111.6028265058925,7081.5,51,67.6,50.7,59.0,0.008,0.0,0.0,0.008,0.008,0.008,60.06666666666666,60.72857142857144,0,0.0,0.0,0.0,0.0,0.0,12,1.7,6907.1,7241.2,7081.5,20.5,20.6,30.1,62.7,0.0,0.0,37.3,0.005,DUSTY,67,FAIR,low retained moisture may produce dust or loose soil; 12 days since measurable precipitation,268,2
2026-10-10,The Graduate,Jeremy Ranch / Glenwild,WG085,40.7534431855279,-111.56237742796368,6343.1,51,71.0,54.0,62.4,0.008,0.0,0.0,0.008,0.008,0.008,63.1,63.18571428571429,0,0.0,0.0,0.0,0.0,0.0,12,0.7,6257.5,6445.1,6343.1,13.1,11.3,30.2,17.2,50.0,28.1,4.7,0.005,DUSTY,67,FAIR,low retained moisture may produce dust or loose soil; 12 days since measurable precipitation,268,31
2026-10-10,The Lookout,Deer Valley,WG032,40.62921554675458,-111.4942829189022,7693.2,51,66.2,47.7,56.3,0.008,0.0,0.0,0.008,0.008,0.008,57.76666666666667,59.74285714285714,0,0.0,0.0,0.0,0.0,0.0,12,1.7,7338.4,8054.6,7693.2,27.6,27.5,44.1,0.0,87.3,12.7,0.0,0.005,DUSTY,67,FAIR,low retained moisture may produce dust or loose soil; 12 days since measurable precipitation,268,64
2026-10-10,The Sheep Trail,Summit Park,WG094,40.75746633469589,-111.667341513995,6217.2,51,71.9,56.3,63.8,0.008,0.0,0.0,0.008,0.012,0.012,65.23333333333333,66.24285714285713,0,0.0,0.0,0.0,0.0,0.0,12,2.2,5959.2,6672.0,6217.2,14.8,14.0,28.0,44.8,39.2,14.4,1.7,0.006,DUSTY,67,FAIR,low retained moisture may produce dust or loose soil; 12 days since measurable precipitation,268,2
2026-10-10,The Up Trail,Summit Park,WG078,40.74822119025095,-111.58934600493023,6821.1,51,69.4,52.4,60.8,0.008,0.0,0.0,0.008,0.008,0.008,61.36666666666667,61.55714285714286,0,0.0,0.0,0.0,0.0,0.0,12,1.0,6646.9,6985.9,6821.1,16.2,16.0,24.4,0.0,5.7,94.3,0.0,0.004,DUSTY,67,FAIR,low retained moisture may produce dust or loose soil; 12 days since measurable precipitation,268,2
2026-10-10,The Upper Avenues,Summit Park,WG090,40.75942210135698,-111.60997791538348,7425.0,51,67.6,50.7,59.0,0.008,0.0,0.0,0.008,0.008,0.008,60.06666666666666,60.72857142857144,0,0.0,0.0,0.0,0.0,0.0,12,1.5,7235.4,7548.3,7425.0,12.4,12.1,27.0,56.3,8.4,16.0,19.3,0.005,DUSTY,67,FAIR,low retained moisture may produce dust or loose soil; 12 days since measurable precipitation,268,2
2026-10-10,Tideline,Jordanelle,WG025,40.64171272429878,-111.40053564270964,6530.0,51,70.6,52.1,60.8,0.008,0.0,0.0,0.008,0.008,0.008,61.86666666666667,62.52857142857143,0,0.0,0.0,0.0,0.0,0.0,12,0.1,6521.2,6544.8,6530.0,15.1,14.5,25.1,91.7,8.3,0.0,0.0,0.005,DUSTY,67,FAIR,low retained moisture may produce dust or loose soil; 12 days since measurable precipitation,268,10
2026-10-10,Tour De Homes,Deer Valley,WG032,40.63205110837411,-111.48826887414292,7813.1,51,66.2,47.7,56.3,0.008,0.0,0.0,0.008,0.008,0.008,57.76666666666667,59.74285714285714,0,0.0,0.0,0.0,0.0,0.0,12,1.4,7579.1,8120.3,7813.1,12.5,12.9,23.4,0.9,36.3,58.4,4.4,0.005,DUSTY,67,FAIR,low retained moisture may produce dust or loose soil; 12 days since measurable precipitation,268,64
2026-10-10,Town,Park City / PCMR,WG030,40.64755940729975,-111.49861999854691,6988.0,51,69.0,50.5,59.1,0.008,0.0,0.0,0.008,0.008,0.008,60.23333333333333,61.5,0,0.0,0.0,0.0,0.0,0.0,12,0.1,6981.2,7008.8,6988.0,4.7,3.6,14.7,0.0,50.0,41.7,8.3,0.005,DUSTY,67,FAIR,low retained moisture may produce dust or loose soil; 12 days since measurable precipitation,268,82
2026-10-10,Trappers Gate,Deer Valley,WG031,40.63197509989361,-111.497026036245,7462.8,51,67.6,49.0,57.7,0.008,0.0,0.0,0.008,0.008,0.008,59.133333333333326,61.08571428571428,0,0.0,0.0,0.0,0.0,0.0,12,0.5,7434.8,7486.1,7462.8,27.4,30.8,36.0,0.0,50.0,20.5,29.5,0.005,DUSTY,67,FAIR,low retained moisture may produce dust or loose soil; 12 days since measurable precipitation,268,64
2026-10-10,Tweety Bird Trail,Jordanelle,WG001,40.59084253440856,-111.40816741687898,6568.1,51,70.1,51.5,60.2,0.008,0.0,0.0,0.008,0.008,0.008,61.26666666666667,62.02857142857143,0,0.0,0.0,0.0,0.0,0.0,12,0.7,6477.2,6665.7,6568.1,10.6,10.3,18.3,0.0,20.0,80.0,0.0,0.004,DUSTY,67,FAIR,low retained moisture may produce dust or loose soil; 12 days since measurable precipitation,268,10
2026-10-10,Undertow Trail,Deer Valley,WG029,40.63057046785135,-111.47858549886824,7937.9,51,66.6,48.1,56.7,0.008,0.0,0.0,0.008,0.008,0.008,58.16666666666666,60.114285714285714,0,0.0,0.0,0.0,0.0,0.0,12,1.9,7530.0,8350.2,7937.9,21.8,23.2,30.8,0.0,38.8,57.0,4.2,0.005,DUSTY,67,FAIR,low retained moisture may produce dust or loose soil; 12 days since measurable precipitation,268,64
2026-10-10,Upper Loose,Park City / PCMR,WG032,40.64060205866311,-111.5081407284332,7678.0,51,66.2,47.7,56.3,0.008,0.0,0.0,0.008,0.008,0.008,57.76666666666667,59.74285714285714,0,0.0,0.0,0.0,0.0,0.0,12,0.3,7581.2,7789.4,7678.0,17.3,17.6,23.5,0.0,92.9,7.1,0.0,0.005,DUSTY,67,FAIR,low retained moisture may produce dust or loose soil; 12 days since measurable precipitation,268,82
2026-10-10,Upper Loose Moose,Park City / PCMR,WG032,40.64060459750891,-111.5062344507794,7788.9,51,66.2,47.7,56.3,0.008,0.0,0.0,0.008,0.008,0.008,57.76666666666667,59.74285714285714,0,0.0,0.0,0.0,0.0,0.0,12,0.2,7764.1,7798.8,7788.9,13.5,16.8,20.8,0.0,50.0,50.0,0.0,0.005,DUSTY,67,FAIR,low retained moisture may produce dust or loose soil; 12 days since measurable precipitation,268,82
2026-10-10,Village Pipeline Connector,Deer Valley,WG028,40.6391093200599,-111.472490526811,7336.8,51,67.9,49.4,58.1,0.008,0.0,0.0,0.008,0.008,0.008,59.53333333333334,61.48571428571428,0,0.0,0.0,0.0,0.0,0.0,12,0.2,7292.7,7375.4,7336.8,22.1,23.7,27.5,6.7,0.0,20.0,73.3,0.005,DUSTY,67,FAIR,low retained moisture may produce dust or loose soil; 12 days since measurable precipitation,268,64
2026-10-10,Village Trail,Deer Valley,WG028,40.64077448423082,-111.47113665558776,7315.2,51,67.9,49.4,58.1,0.008,0.0,0.0,0.008,0.008,0.008,59.53333333333334,61.48571428571428,0,0.0,0.0,0.0,0.0,0.0,12,0.2,7292.7,7333.1,7315.2,22.8,24.0,27.5,21.4,0.0,0.0,78.6,0.005,DUSTY,67,FAIR,low retained moisture may produce dust or loose soil; 12 days since measurable precipitation,268,64
2026-10-10,Village Trail / Pipeline,Deer Valley,WG028,40.64110752434245,-111.46934147070748,7182.6,51,67.9,49.4,58.1,0.008,0.0,0.0,0.008,0.008,0.008,59.53333333333334,61.48571428571428,0,0.0,0.0,0.0,0.0,0.0,12,0.5,7071.0,7292.7,7182.6,17.4,17.6,27.5,9.3,0.0,25.6,65.1,0.005,DUSTY,67,FAIR,low retained moisture may produce dust or loose soil; 12 days since measurable precipitation,268,64
2026-10-10,We'll Go From There,Jordanelle,WG027,40.633559740125165,-111.4528915193202,6692.5,51,69.7,51.2,59.9,0.008,0.0,0.0,0.008,0.008,0.008,60.86666666666667,61.65714285714286,0,0.0,0.0,0.0,0.0,0.0,12,0.1,6666.1,6712.9,6692.5,10.7,9.9,18.4,0.0,0.0,23.1,76.9,0.005,DUSTY,67,FAIR,low retained moisture may produce dust or loose soil; 12 days since measurable precipitation,268,10
2026-10-10,Woodside Gulch,Deer Valley,WG032,40.63428272582461,-111.50200856347875,7635.5,51,66.2,47.7,56.3,0.008,0.0,0.0,0.008,0.008,0.008,57.76666666666667,59.74285714285714,0,0.0,0.0,0.0,0.0,0.0,12,0.8,7305.3,7977.5,7635.5,22.8,24.0,31.3,46.5,0.0,2.8,50.7,0.005,DUSTY,67,FAIR,low retained moisture may produce dust or loose soil; 12 days since measurable precipitation,268,64
2026-10-10,Yeti's,Pinebrook,WG072,40.70910944007779,-111.57083697014414,7539.3,51,66.0,49.1,57.4,0.008,0.0,0.0,0.008,0.008,0.008,58.93333333333334,60.24285714285714,0,0.0,0.0,0.0,0.0,0.0,12,3.0,6939.0,8064.3,7539.3,21.9,21.9,36.4,0.4,11.6,54.7,33.3,0.005,DUSTY,67,FAIR,low retained moisture may produce dust or loose soil; 12 days since measurable precipitation,268,11
2026-10-10,You Get It,Jordanelle,WG027,40.63417280890808,-111.45447628262694,6774.5,51,69.7,51.2,59.9,0.008,0.0,0.0,0.008,0.008,0.008,60.86666666666667,61.65714285714286,0,0.0,0.0,0.0,0.0,0.0,12,0.5,6702.7,6863.6,6774.5,14.4,14.5,21.0,4.8,0.0,4.8,90.5,0.005,DUSTY,67,FAIR,low retained moisture may produce dust or loose soil; 12 days since measurable precipitation,268,10
2026-10-11,Alexander Creek Trail,Summit Park,WG093,40.75856130522611,-111.67962308025976,5873.5,80,69.5,56.9,62.5,0.24,0.205,0.0,0.24,0.264,0.264,67.16666666666667,67.62857142857143,0,0.0,0.0,0.0,0.0,0.0,0,0.8,5784.7,5966.1,5873.5,8.7,7.0,24.8,66.1,14.5,19.4,0.0,0.311,IDEAL,92,GOOD,moisture near hero-dirt range; moderate precipitation today,1,1
2026-10-11,Great Western Trail,Wasatch Crest / Millcreek,WG092,40.77286580912175,-111.6406537725031,7571.3,81,62.4,46.5,53.2,0.307,0.209,0.0,0.307,0.311,0.311,57.43333333333334,58.285714285714285,0,0.0,0.0,0.0,0.0,0.0,0,4.1,7338.2,7867.0,7571.3,11.5,10.4,34.6,44.7,31.4,10.3,13.6,0.431,DAMP,71,FAIR,surface slightly wetter than ideal; substantial precipitation today,2,1
2026-10-11,Bonanza Trail,Deer Valley,WG046,40.661614248984336,-111.49584605339936,6814.3,81,65.2,49.1,54.0,0.591,0.52,0.0,0.591,0.603,0.603,58.06666666666666,60.51428571428572,0,0.0,0.0,0.0,0.0,0.0,0,0.3,6806.6,6827.9,6814.3,16.8,16.8,23.7,0.0,4.5,95.5,0.0,0.686,WET,30,AVOID,surface moisture likely affecting traction; heavy precipitation today,3,1
2026-10-11,Skid Row,Park City / PCMR,WG044,40.66845831872771,-111.47381352761975,6920.8,81,65.4,49.3,54.2,0.591,0.52,0.0,0.591,0.603,0.603,58.06666666666666,59.7,0,0.0,0.0,0.0,0.0,0.0,0,1.2,6678.1,7107.5,6920.8,17.9,17.4,29.9,0.0,1.9,96.1,1.9,0.686,WET,30,AVOID,surface moisture likely affecting traction; heavy precipitation today,3,1
2026-10-11,Bronto Jam,Round Valley,WG067,40.71004954775594,-111.501977414722,6672.8,81,66.1,50.0,54.9,0.591,0.52,0.0,0.591,0.603,0.631,58.6,59.32857142857143,0,0.0,0.0,0.0,0.0,0.0,0,0.5,6604.0,6731.1,6672.8,10.2,10.4,15.6,2.6,0.0,89.7,7.7,0.697,WET,29,AVOID,surface moisture likely affecting traction; heavy precipitation today,5,1
2026-10-11,SOS,Park City / PCMR,WG046,40.666448184385416,-111.48116864087982,6803.8,81,65.2,49.1,54.0,0.591,0.52,0.0,0.591,0.603,0.603,58.06666666666666,60.51428571428572,0,0.0,0.0,0.0,0.0,0.0,0,0.3,6720.9,6916.3,6803.8,13.6,14.3,26.1,0.0,8.7,78.3,13.0,0.699,WET,29,AVOID,surface moisture likely affecting traction; heavy precipitation today,5,2
2026-10-11,Unga Bunga Skills and Pump Tradk,Round Valley,WG067,40.71158064400824,-111.50217787755837,6590.1,81,66.1,50.0,54.9,0.591,0.52,0.0,0.591,0.603,0.631,58.6,59.32857142857143,0,0.0,0.0,0.0,0.0,0.0,0,0.2,6579.8,6601.1,6590.1,5.9,5.5,12.3,0.0,2.9,94.1,2.9,0.692,WET,29,AVOID,surface moisture likely affecting traction; heavy precipitation today,5,1
2026-10-11,Yabba Dabba Doo,Round Valley,WG067,40.71031601545331,-111.5039304608668,6636.2,81,66.1,50.0,54.9,0.591,0.52,0.0,0.591,0.603,0.631,58.6,59.32857142857143,0,0.0,0.0,0.0,0.0,0.0,0,0.3,6613.2,6659.8,6636.2,6.5,6.8,9.5,0.0,0.0,90.9,9.1,0.694,WET,29,AVOID,surface moisture likely affecting traction; heavy precipitation today,5,1
2026-10-11,Cammy's,Round Valley,WG057,40.69072662264133,-111.49673800313964,6953.5,81,65.3,49.2,54.1,0.591,0.52,0.0,0.591,0.603,0.619,57.96666666666667,59.54285714285715,0,0.0,0.0,0.0,0.0,0.0,0,0.2,6937.8,6961.6,6953.5,5.2,4.3,11.3,3.8,7.7,69.2,19.2,0.712,WET,28,AVOID,surface moisture likely affecting traction; heavy precipitation today,9,4
2026-10-11,Hang Time South,Park City / PCMR,WG046,40.65853660632904,-111.49606808644194,6970.8,81,65.2,49.1,54.0,0.591,0.52,0.0,0.591,0.603,0.603,58.06666666666666,60.51428571428572,0,0.0,0.0,0.0,0.0,0.0,0,0.3,6861.7,7117.7,6970.8,12.7,12.3,19.7,0.0,33.3,66.7,0.0,0.708,WET,28,AVOID,surface moisture likely affecting traction; heavy precipitation today,9,3
2026-10-11,Lynx #2,Round Valley,WG044,40.66734087696376,-111.46694625830712,6898.8,81,65.4,49.3,54.2,0.591,0.52,0.0,0.591,0.603,0.603,58.06666666666666,59.7,0,0.0,0.0,0.0,0.0,0.0,0,1.6,6672.4,7099.9,6898.8,15.2,14.6,28.9,0.0,8.4,72.5,19.1,0.704,WET,28,AVOID,surface moisture likely affecting traction; heavy precipitation today,9,4
2026-10-11,Bamm Bamm,Round Valley,WG067,40.71001316656963,-111.50256230173504,6667.3,81,66.1,50.0,54.9,0.591,0.52,0.0,0.591,0.603,0.631,58.6,59.32857142857143,0,0.0,0.0,0.0,0.0,0.0,0,0.4,6610.1,6731.1,6667.3,9.9,9.9,16.2,2.9,35.3,61.8,0.0,0.718,WET,27,AVOID,surface moisture likely affecting traction; heavy precipitation today,12,6
2026-10-11,Beep Beep Trail,Jordanelle,WG001,40.59039066618902,-111.4033797731244,6670.3,81,65.9,49.9,55.1,0.61,0.543,0.0,0.61,0.618,0.618,58.93333333333334,60.84285714285715,0,0.0,0.0,0.0,0.0,0.0,0,1.5,6583.6,6771.5,6670.3,16.3,16.1,26.5,0.0,20.2,66.7,13.2,0.728,WET,27,AVOID,surface moisture likely affecting traction; heavy precipitation today,12,1
2026-10-11,Euston,Round Valley,WG047,40.65772556817424,-111.48315877249176,7062.9,81,64.2,48.0,53.0,0.591,0.52,0.0,0.591,0.603,0.603,57.03333333333333,59.48571428571428,0,0.0,0.0,0.0,0.0,0.0,0,0.4,6904.9,7228.8,7062.9,12.2,12.4,19.9,0.0,31.2,68.8,0.0,0.728,WET,27,AVOID,surface moisture likely affecting traction; heavy precipitation today,12,6
2026-10-11,Fairway Hills Trail,Round Valley,WG055,40.67853348641883,-111.47699791832557,6747.4,81,65.6,49.5,54.4,0.591,0.52,0.0,0.591,0.603,0.603,58.23333333333333,59.614285714285714,0,0.0,0.0,0.0,0.0,0.0,0,0.3,6716.2,6779.8,6747.4,2.3,2.2,3.5,0.0,0.0,44.8,55.2,0.725,WET,27,AVOID,surface moisture likely affecting traction; heavy precipitation today,12,6
2026-10-11,Freemason,Park City / PCMR,WG046,40.65768683021079,-111.49819012622744,6949.6,81,65.2,49.1,54.0,0.591,0.52,0.0,0.591,0.603,0.603,58.06666666666666,60.51428571428572,0,0.0,0.0,0.0,0.0,0.0,0,1.5,6779.4,7074.6,6949.6,21.4,21.4,30.0,5.4,40.3,54.3,0.0,0.722,WET,27,AVOID,surface moisture likely affecting traction; heavy precipitation today,12,4
2026-10-11,Gambel Oak Cut,Round Valley,WG045,40.65967079074984,-111.47871602858976,7240.9,81,63.9,47.8,52.7,0.591,0.52,0.0,0.591,0.603,0.603,56.76666666666667,59.21428571428572,0,0.0,0.0,0.0,0.0,0.0,0,0.3,7160.2,7299.6,7240.9,14.9,14.8,20.3,0.0,8.3,79.2,12.5,0.72,WET,27,AVOID,surface moisture likely affecting traction; heavy precipitation today,12,6
2026-10-11,Masonic,Park City / PCMR,WG047,40.65628760128763,-111.48965728213436,7283.0,81,64.2,48.0,53.0,0.591,0.52,0.0,0.591,0.603,0.603,57.03333333333333,59.48571428571428,0,0.0,0.0,0.0,0.0,0.0,0,1.3,7131.6,7508.3,7283.0,18.7,18.8,28.4,0.0,9.4,72.6,17.9,0.725,WET,27,AVOID,surface moisture likely affecting traction; heavy precipitation today,12,4
2026-10-11,Mountain Willow,Round Valley,WG067,40.71402930681007,-111.48565937361776,6571.7,81,66.1,50.0,54.9,0.591,0.52,0.0,0.591,0.603,0.631,58.6,59.32857142857143,0,0.0,0.0,0.0,0.0,0.0,0,0.4,6544.8,6592.9,6571.7,5.3,3.4,18.2,3.3,46.7,50.0,0.0,0.728,WET,27,AVOID,surface moisture likely affecting traction; heavy precipitation today,12,6
2026-10-11,Ramble On,Round Valley,WG067,40.70159467934347,-111.48028465593316,6781.5,81,66.1,50.0,54.9,0.591,0.52,0.0,0.591,0.603,0.631,58.6,59.32857142857143,0,0.0,0.0,0.0,0.0,0.0,0,2.8,6720.6,6841.6,6781.5,11.0,10.2,23.4,0.0,6.4,48.9,44.7,0.726,WET,27,AVOID,surface moisture likely affecting traction; heavy precipitation today,12,6
2026-10-11,Rusty Shovel,Round Valley,WG057,40.69776625143012,-111.4804885556652,6868.8,81,65.3,49.2,54.1,0.591,0.52,0.0,0.591,0.603,0.619,57.96666666666667,59.54285714285715,0,0.0,0.0,0.0,0.0,0.0,0,1.7,6727.2,7062.5,6868.8,10.0,9.9,18.9,8.9,0.0,54.8,36.3,0.726,WET,27,AVOID,surface moisture likely affecting traction; heavy precipitation today,12,6
2026-10-11,The Great Gazoo,Round Valley,WG067,40.70997890100696,-111.50140660314835,6662.9,81,66.1,50.0,54.9,0.591,0.52,0.0,0.591,0.603,0.631,58.6,59.32857142857143,0,0.0,0.0,0.0,0.0,0.0,0,0.5,6602.3,6731.1,6662.9,11.1,11.7,16.5,5.0,0.0,52.5,42.5,0.727,WET,27,AVOID,surface moisture likely affecting traction; heavy precipitation today,12,6
2026-10-11,Tweety Bird Trail,Jordanelle,WG001,40.59084253440856,-111.40816741687898,6568.1,81,65.9,49.9,55.1,0.61,0.543,0.0,0.61,0.618,0.618,58.93333333333334,60.84285714285715,0,0.0,0.0,0.0,0.0,0.0,0,0.7,6477.2,6665.7,6568.1,10.6,10.3,18.3,0.0,20.0,80.0,0.0,0.718,WET,27,AVOID,surface moisture likely affecting traction; heavy precipitation today,12,1
2026-10-11,Up Track,Round Valley,WG067,40.71007968280768,-111.50314659118624,6643.1,81,66.1,50.0,54.9,0.591,0.52,0.0,0.591,0.603,0.631,58.6,59.32857142857143,0,0.0,0.0,0.0,0.0,0.0,0,0.5,6566.9,6731.1,6643.1,6.8,5.8,16.9,1.5,22.7,60.6,15.2,0.718,WET,27,AVOID,surface moisture likely affecting traction; heavy precipitation today,12,6
2026-10-11,Backslide,Round Valley,WG057,40.686236769495366,-111.49111386346571,6972.4,81,65.3,49.2,54.1,0.591,0.52,0.0,0.591,0.603,0.619,57.96666666666667,59.54285714285715,0,0.0,0.0,0.0,0.0,0.0,0,1.0,6860.3,7059.5,6972.4,10.2,8.7,22.4,2.3,19.3,34.1,44.3,0.737,WET,26,AVOID,surface moisture likely affecting traction; heavy precipitation today,25,15
2026-10-11,Bourbon Street,Round Valley,WG067,40.70798253656,-111.48164466049944,6673.3,81,66.1,50.0,54.9,0.591,0.52,0.0,0.591,0.603,0.631,58.6,59.32857142857143,0,0.0,0.0,0.0,0.0,0.0,0,0.3,6651.3,6703.8,6673.3,8.6,8.9,15.2,0.0,18.2,31.8,50.0,0.739,WET,26,AVOID,surface moisture likely affecting traction; heavy precipitation today,25,15
2026-10-11,Cousin Eddy Trail,Clark Ranch,WG044,40.66170094764518,-111.45386933866466,6817.2,81,65.4,49.3,54.2,0.591,0.52,0.0,0.591,0.603,0.603,58.06666666666666,59.7,0,0.0,0.0,0.0,0.0,0.0,0,0.5,6718.9,6929.3,6817.2,12.7,12.6,22.5,0.0,0.0,29.5,70.5,0.736,WET,26,AVOID,surface moisture likely affecting traction; heavy precipitation today,25,1
2026-10-11,Coyote Loop Trail,Jordanelle,WG001,40.58676467246392,-111.40272629625528,6895.7,81,65.9,49.9,55.1,0.61,0.543,0.0,0.61,0.618,0.618,58.93333333333334,60.84285714285715,0,0.0,0.0,0.0,0.0,0.0,0,0.8,6834.6,6980.4,6895.7,11.1,10.1,26.7,9.7,6.5,58.1,25.8,0.742,WET,26,AVOID,surface moisture likely affecting traction; heavy precipitation today,25,3
2026-10-11,Deep Park Circle,Jordanelle,WG026,40.626894083286025,-111.43587347972714,6383.2,81,67.4,51.4,56.5,0.61,0.543,0.0,0.61,0.618,0.618,60.2,62.25714285714286,0,0.0,0.0,0.0,0.0,0.0,0,0.2,6368.7,6401.6,6383.2,7.2,6.4,17.5,0.0,0.0,50.0,50.0,0.741,WET,26,AVOID,surface moisture likely affecting traction; heavy precipitation today,25,3
2026-10-11,Family Truckster Trail,Clark Ranch,WG044,40.66038172048119,-111.452885753204,6847.4,81,65.4,49.3,54.2,0.591,0.52,0.0,0.591,0.603,0.603,58.06666666666666,59.7,0,0.0,0.0,0.0,0.0,0.0,0,0.7,6733.2,6970.1,6847.4,11.5,11.2,18.1,0.0,0.0,30.5,69.5,0.735,WET,26,AVOID,surface moisture likely affecting traction; heavy precipitation today,25,1
2026-10-11,Fast Pitch Trail,Round Valley,WG055,40.6798165110769,-111.47671870073196,6759.1,81,65.6,49.5,54.4,0.591,0.52,0.0,0.591,0.603,0.603,58.23333333333333,59.614285714285714,0,0.0,0.0,0.0,0.0,0.0,0,1.3,6689.0,6826.1,6759.1,5.6,4.8,14.7,16.2,0.9,40.2,42.7,0.74,WET,26,AVOID,surface moisture likely affecting traction; heavy precipitation today,25,15
2026-10-11,Hat Trick Trail,Round Valley,WG055,40.678830976721535,-111.47596646172724,6757.0,81,65.6,49.5,54.4,0.591,0.52,0.0,0.591,0.603,0.603,58.23333333333333,59.614285714285714,0,0.0,0.0,0.0,0.0,0.0,0,1.3,6681.3,6803.8,6757.0,5.6,5.1,13.8,7.1,1.8,39.3,51.8,0.734,WET,26,AVOID,surface moisture likely affecting traction; heavy precipitation today,25,15
2026-10-11,High Side,Round Valley,WG055,40.69388247977245,-111.4770589235944,6909.3,81,65.6,49.5,54.4,0.591,0.52,0.0,0.591,0.603,0.603,58.23333333333333,59.614285714285714,0,0.0,0.0,0.0,0.0,0.0,0,0.6,6857.9,6929.0,6909.3,14.8,13.7,25.3,8.7,0.0,39.1,52.2,0.736,WET,26,AVOID,surface moisture likely affecting traction; heavy precipitation today,25,15
2026-10-11,Looney Tunes Trail,Jordanelle,WG002,40.58370423178651,-111.40605522395904,7149.3,81,64.3,48.3,53.5,0.61,0.543,0.0,0.61,0.618,0.618,57.3,59.25714285714286,0,0.0,0.0,0.0,0.0,0.0,0,1.2,6976.5,7255.9,7149.3,12.9,13.2,21.5,0.0,3.0,78.8,18.2,0.741,WET,26,AVOID,surface moisture likely affecting traction; heavy precipitation today,25,3
2026-10-11,Lower Sparky Trail,Clark Ranch,WG044,40.66761130235187,-111.4559551589961,6689.8,81,65.4,49.3,54.2,0.591,0.52,0.0,0.591,0.603,0.603,58.06666666666666,59.7,0,0.0,0.0,0.0,0.0,0.0,0,1.5,6645.8,6769.7,6689.8,4.2,3.5,14.5,0.0,7.0,36.7,56.2,0.731,WET,26,AVOID,surface moisture likely affecting traction; heavy precipitation today,25,1
2026-10-11,Mountain Ranch Estates,Round Valley,WG067,40.7173985998433,-111.50812726137713,6520.0,81,66.1,50.0,54.9,0.591,0.52,0.0,0.591,0.603,0.631,58.6,59.32857142857143,0,0.0,0.0,0.0,0.0,0.0,0,1.4,6426.1,6632.7,6520.0,5.2,4.4,19.0,6.8,30.8,50.4,12.0,0.73,WET,26,AVOID,surface moisture likely affecting traction; heavy precipitation today,25,15
2026-10-11,Pipeline,Deer Valley,WG028,40.63885618836171,-111.46966538134832,7356.9,81,63.8,47.8,53.0,0.61,0.543,0.0,0.61,0.618,0.618,56.96666666666667,59.91428571428571,0,0.0,0.0,0.0,0.0,0.0,0,1.7,7071.0,7635.0,7356.9,21.4,21.4,30.9,0.0,18.4,81.6,0.0,0.739,WET,26,AVOID,surface moisture likely affecting traction; heavy precipitation today,25,2
2026-10-11,Putty Tat Trail,Jordanelle,WG001,40.59267845848291,-111.40267007297948,6514.0,81,65.9,49.9,55.1,0.61,0.543,0.0,0.61,0.618,0.618,58.93333333333334,60.84285714285715,0,0.0,0.0,0.0,0.0,0.0,0,0.6,6468.3,6590.1,6514.0,10.5,9.5,25.2,0.0,30.6,59.2,10.2,0.734,WET,26,AVOID,surface moisture likely affecting traction; heavy precipitation today,25,3
2026-10-11,Round Valley Connector,Round Valley,WG067,40.709506874143365,-111.48774034228174,6611.3,81,66.1,50.0,54.9,0.591,0.52,0.0,0.591,0.603,0.631,58.6,59.32857142857143,0,0.0,0.0,0.0,0.0,0.0,0,1.9,6533.0,6760.4,6611.3,4.1,2.8,11.2,1.7,59.1,38.1,1.1,0.736,WET,26,AVOID,surface moisture likely affecting traction; heavy precipitation today,25,15
2026-10-11,Sparky's Return,Clark Ranch,WG044,40.6617858998794,-111.45698342605078,6783.6,81,65.4,49.3,54.2,0.591,0.52,0.0,0.591,0.603,0.603,58.06666666666666,59.7,0,0.0,0.0,0.0,0.0,0.0,0,0.4,6750.7,6826.6,6783.6,11.3,11.6,16.9,0.0,15.6,21.9,62.5,0.742,WET,26,AVOID,surface moisture likely affecting traction; heavy precipitation today,25,1
2026-10-11,Tim Man,Round Valley,WG067,40.70348842863846,-111.50080894755244,6766.9,81,66.1,50.0,54.9,0.591,0.52,0.0,0.591,0.603,0.631,58.6,59.32857142857143,0,0.0,0.0,0.0,0.0,0.0,0,1.4,6648.4,6875.3,6766.9,7.3,6.8,15.0,0.8,59.8,38.5,0.8,0.735,WET,26,AVOID,surface moisture likely affecting traction; heavy precipitation today,25,15
2026-10-11,Trailside Loop,Round Valley,WG067,40.71199117049012,-111.50483999800892,6609.7,81,66.1,50.0,54.9,0.591,0.52,0.0,0.591,0.603,0.631,58.6,59.32857142857143,0,0.0,0.0,0.0,0.0,0.0,0,1.2,6532.2,6679.2,6609.7,7.7,7.4,17.1,0.0,0.0,42.2,57.8,0.731,WET,26,AVOID,surface moisture likely affecting traction; heavy precipitation today,25,15
2026-10-11,Truckhole,Round Valley,WG067,40.704351116822174,-111.50022157042804,6773.9,81,66.1,50.0,54.9,0.591,0.52,0.0,0.591,0.603,0.631,58.6,59.32857142857143,0,0.0,0.0,0.0,0.0,0.0,0,0.7,6641.4,6877.9,6773.9,6.7,6.0,15.2,13.8,37.9,48.3,0.0,0.737,WET,26,AVOID,surface moisture likely affecting traction; heavy precipitation today,25,15
2026-10-11,Upper Sparky Trail,Clark Ranch,WG044,40.6599723509711,-111.45534390616216,6878.4,81,65.4,49.3,54.2,0.591,0.52,0.0,0.591,0.603,0.603,58.06666666666666,59.7,0,0.0,0.0,0.0,0.0,0.0,0,1.9,6752.0,6971.6,6878.4,13.5,12.2,28.4,0.6,54.7,25.2,19.5,0.74,WET,26,AVOID,surface moisture likely affecting traction; heavy precipitation today,25,1
2026-10-11,Ancient Forest Loop,Round Valley,WG074,40.7314260153664,-111.49224006112888,6485.8,81,66.7,50.6,55.5,0.591,0.52,0.0,0.591,0.603,0.603,59.23333333333333,60.385714285714286,0,0.0,0.0,0.0,0.0,0.0,0,1.0,6455.0,6516.1,6485.8,4.0,3.9,10.5,8.4,60.2,27.7,3.6,0.744,WET,25,AVOID,surface moisture likely affecting traction; heavy precipitation today,45,25
2026-10-11,Empire Alternate,Deer Valley,WG032,40.62635819528807,-111.50016350153602,7943.1,81,62.1,46.1,51.2,0.61,0.543,0.0,0.61,0.618,0.618,55.2,58.15714285714286,0,0.0,0.0,0.0,0.0,0.0,0,0.1,7918.3,7974.4,7943.1,16.3,16.4,21.6,0.0,0.0,100.0,0.0,0.746,WET,25,AVOID,surface moisture likely affecting traction; heavy precipitation today,45,3
2026-10-11,Fox Tail Trail,Round Valley,WG045,40.66564803508002,-111.47503092801368,7133.0,81,63.9,47.8,52.7,0.591,0.52,0.0,0.591,0.603,0.603,56.76666666666667,59.21428571428572,0,0.0,0.0,0.0,0.0,0.0,0,0.8,7077.6,7206.1,7133.0,12.0,12.3,18.5,10.0,24.3,52.9,12.9,0.749,WET,25,AVOID,surface moisture likely affecting traction; heavy precipitation today,45,25
2026-10-11,Kari's,Round Valley,WG055,40.69160040530727,-111.47515847036864,6850.2,81,65.6,49.5,54.4,0.591,0.52,0.0,0.591,0.603,0.603,58.23333333333333,59.614285714285714,0,0.0,0.0,0.0,0.0,0.0,0,0.8,6807.2,6882.7,6850.2,12.1,11.6,20.1,4.3,0.0,17.4,78.3,0.749,WET,25,AVOID,surface moisture likely affecting traction; heavy precipitation today,45,25
2026-10-11,Lost Prospector,Park City / PCMR,WG047,40.659849225736586,-111.4888557229514,7044.5,81,64.2,48.0,53.0,0.591,0.52,0.0,0.591,0.603,0.603,57.03333333333333,59.48571428571428,0,0.0,0.0,0.0,0.0,0.0,0,3.2,6865.2,7153.9,7044.5,19.8,20.1,32.6,5.5,42.2,46.5,5.8,0.75,WET,25,AVOID,surface moisture likely affecting traction; heavy precipitation today,45,6
2026-10-11,Lower Village,Deer Valley,WG028,40.64043848354113,-111.46360640728942,7008.1,81,63.8,47.8,53.0,0.61,0.543,0.0,0.61,0.618,0.618,56.96666666666667,59.91428571428571,0,0.0,0.0,0.0,0.0,0.0,0,0.3,6930.4,7071.0,7008.1,23.1,24.2,29.4,0.0,0.0,69.2,30.8,0.749,WET,25,AVOID,surface moisture likely affecting traction; heavy precipitation today,45,3
2026-10-11,Rambler,Round Valley,WG057,40.69772226627651,-111.49065578495473,6809.2,81,65.3,49.2,54.1,0.591,0.52,0.0,0.591,0.603,0.619,57.96666666666667,59.54285714285715,0,0.0,0.0,0.0,0.0,0.0,0,5.4,6468.6,7063.9,6809.2,10.5,9.3,23.6,8.4,41.3,24.2,26.1,0.749,WET,25,AVOID,surface moisture likely affecting traction; heavy precipitation today,45,25
2026-10-11,Seventy 101,Round Valley,WG057,40.68968411592925,-111.49103639156762,6974.3,81,65.3,49.2,54.1,0.591,0.52,0.0,0.591,0.603,0.619,57.96666666666667,59.54285714285715,0,0.0,0.0,0.0,0.0,0.0,0,0.4,6955.8,7036.1,6974.3,3.6,2.9,8.3,23.1,17.9,46.2,12.8,0.744,WET,25,AVOID,surface moisture likely affecting traction; heavy precipitation today,45,25
2026-10-11,Sweeneys,Park City / PCMR,WG032,40.6416793962084,-111.50380066992643,7712.4,81,62.1,46.1,51.2,0.61,0.543,0.0,0.61,0.618,0.618,55.2,58.15714285714286,0,0.0,0.0,0.0,0.0,0.0,0,0.3,7656.2,7764.1,7712.4,17.7,17.3,23.8,0.0,0.0,96.9,3.1,0.748,WET,25,AVOID,surface moisture likely affecting traction; heavy precipitation today,45,6
2026-10-11,Town,Park City / PCMR,WG030,40.64755940729975,-111.49861999854691,6988.0,81,64.9,48.9,54.0,0.61,0.543,0.0,0.61,0.618,0.618,57.76666666666667,60.24285714285714,0,0.0,0.0,0.0,0.0,0.0,0,0.1,6981.2,7008.8,6988.0,4.7,3.6,14.7,0.0,50.0,41.7,8.3,0.748,WET,25,AVOID,surface moisture likely affecting traction; heavy precipitation today,45,6
2026-10-11,Trailside Connector,Round Valley,WG067,40.71611276967259,-111.5017965665912,6504.2,81,66.1,50.0,54.9,0.591,0.52,0.0,0.591,0.603,0.631,58.6,59.32857142857143,0,0.0,0.0,0.0,0.0,0.0,0,0.1,6498.8,6512.4,6504.2,2.6,2.8,4.3,10.0,60.0,30.0,0.0,0.748,WET,25,AVOID,surface moisture likely affecting traction; heavy precipitation today,45,25
2026-10-11,Big Easy,Round Valley,WG057,40.696128326880846,-111.48285293654745,6776.5,81,65.3,49.2,54.1,0.591,0.52,0.0,0.591,0.603,0.619,57.96666666666667,59.54285714285715,0,0.0,0.0,0.0,0.0,0.0,0,4.8,6685.3,6939.8,6776.5,10.0,9.0,19.4,19.7,6.2,21.4,52.7,0.76,MUDDY,10,AVOID,high retained moisture creates muddy or saturated risk; heavy precipitation today,56,31
2026-10-11,Boot Hill Connect,Park City / PCMR,WG046,40.66384832032967,-111.50809692977944,6921.4,81,65.2,49.1,54.0,0.591,0.52,0.0,0.591,0.603,0.603,58.06666666666666,60.51428571428572,0,0.0,0.0,0.0,0.0,0.0,0,0.2,6895.8,6941.9,6921.4,11.7,12.5,16.7,20.0,45.0,30.0,5.0,0.751,MUDDY,10,AVOID,high retained moisture creates muddy or saturated risk; heavy precipitation today,56,9
2026-10-11,First Time,Park City / PCMR,WG050,40.65050878239233,-111.51048291433958,7041.1,81,64.6,48.6,53.8,0.61,0.543,0.0,0.61,0.618,0.618,57.56666666666666,60.01428571428572,0,0.0,0.0,0.0,0.0,0.0,0,0.5,6905.7,7178.9,7041.1,8.6,8.6,19.4,0.0,3.6,57.1,39.3,0.758,MUDDY,10,AVOID,high retained moisture creates muddy or saturated risk; heavy precipitation today,56,9
2026-10-11,Happy Gilmor,Round Valley,WG067,40.70712360033319,-111.5014684546231,6569.0,81,66.1,50.0,54.9,0.591,0.52,0.0,0.591,0.603,0.631,58.6,59.32857142857143,0,0.0,0.0,0.0,0.0,0.0,0,2.0,6488.3,6651.3,6569.0,9.1,8.8,21.8,27.0,27.6,39.5,5.9,0.754,MUDDY,10,AVOID,high retained moisture creates muddy or saturated risk; heavy precipitation today,56,31
2026-10-11,Jordanelle (West Bank) Trail,Jordanelle,WG026,40.63639192686843,-111.4311179892118,6210.9,81,67.4,51.4,56.5,0.61,0.543,0.0,0.61,0.618,0.618,60.2,62.25714285714286,0,0.0,0.0,0.0,0.0,0.0,0,2.3,6170.8,6291.4,6210.9,9.7,9.2,24.7,24.1,2.0,42.2,31.7,0.766,MUDDY,10,AVOID,high retained moisture creates muddy or saturated risk; heavy precipitation today,56,7
2026-10-11,Kaboom Trail / Call Sign Casa Trail,Jordanelle,WG027,40.62794719612903,-111.45468580169128,6888.6,81,65.6,49.6,54.8,0.61,0.543,0.0,0.61,0.618,0.618,58.5,60.54285714285714,0,0.0,0.0,0.0,0.0,0.0,0,1.1,6791.2,7063.8,6888.6,22.7,22.4,32.9,0.0,0.0,35.5,64.5,0.752,MUDDY,10,AVOID,high retained moisture creates muddy or saturated risk; heavy precipitation today,56,7
2026-10-11,La Dee Duh,Round Valley,WG057,40.69261799590889,-111.5001632592338,6864.5,81,65.3,49.2,54.1,0.591,0.52,0.0,0.591,0.603,0.619,57.96666666666667,59.54285714285715,0,0.0,0.0,0.0,0.0,0.0,0,0.9,6814.7,6919.2,6864.5,11.9,12.5,21.3,2.4,80.5,17.1,0.0,0.75,MUDDY,10,AVOID,high retained moisture creates muddy or saturated risk; heavy precipitation today,56,31
2026-10-11,Little Stick,Deer Valley,WG028,40.63409637421967,-111.478301770839,7464.6,81,63.8,47.8,53.0,0.61,0.543,0.0,0.61,0.618,0.618,56.96666666666667,59.91428571428571,0,0.0,0.0,0.0,0.0,0.0,0,0.3,7332.1,7603.8,7464.6,17.1,14.2,26.8,0.0,48.4,51.6,0.0,0.763,MUDDY,10,AVOID,high retained moisture creates muddy or saturated risk; heavy precipitation today,56,5
2026-10-11,Nick NAC,Round Valley,WG057,40.69210865876878,-111.490120990647,6959.3,81,65.3,49.2,54.1,0.591,0.52,0.0,0.591,0.603,0.619,57.96666666666667,59.54285714285715,0,0.0,0.0,0.0,0.0,0.0,0,0.1,6953.7,6971.6,6959.3,5.2,3.8,10.1,0.0,100.0,0.0,0.0,0.761,MUDDY,10,AVOID,high retained moisture creates muddy or saturated risk; heavy precipitation today,56,31
2026-10-11,Oh Deer Flow,Jordanelle,WG041,40.66237367218405,-111.42118550237925,6403.1,81,66.9,50.8,55.8,0.591,0.52,0.0,0.591,0.603,0.603,59.73333333333333,61.785714285714285,0,0.0,0.0,0.0,0.0,0.0,0,0.6,6282.9,6510.0,6403.1,14.6,15.3,20.1,7.8,0.0,0.0,92.2,0.765,MUDDY,10,AVOID,high retained moisture creates muddy or saturated risk; heavy precipitation today,56,7
2026-10-11,Old Skool,Deer Valley,WG032,40.631898683587,-111.48423208918877,7827.2,81,62.1,46.1,51.2,0.61,0.543,0.0,0.61,0.618,0.618,55.2,58.15714285714286,0,0.0,0.0,0.0,0.0,0.0,0,0.4,7642.0,7986.8,7827.2,13.0,12.6,19.9,0.0,2.8,91.7,5.6,0.752,MUDDY,10,AVOID,high retained moisture creates muddy or saturated risk; heavy precipitation today,56,5
2026-10-11,Princess Di's,Clark Ranch,WG083,40.751465442037045,-111.43628535405452,6858.8,81,65.3,49.2,54.1,0.591,0.52,0.0,0.591,0.603,0.603,58.06666666666666,60.17142857142858,0,0.0,0.0,0.0,0.0,0.0,0,2.9,6662.7,7029.2,6858.8,17.2,17.8,28.0,32.1,1.3,27.8,38.9,0.762,MUDDY,10,AVOID,high retained moisture creates muddy or saturated risk; heavy precipitation today,56,6
2026-10-11,Prospect,Deer Valley,WG031,40.63405408516434,-111.49547333835608,7482.8,81,63.4,47.4,52.6,0.61,0.543,0.0,0.61,0.618,0.618,56.56666666666666,59.51428571428572,0,0.0,0.0,0.0,0.0,0.0,0,0.6,7306.8,7711.1,7482.8,11.0,10.3,21.4,0.0,19.2,78.8,1.9,0.763,MUDDY,10,AVOID,high retained moisture creates muddy or saturated risk; heavy precipitation today,56,5
2026-10-11,Pulp Friction,Round Valley,WG057,40.69884233324062,-111.50344523686547,6681.3,81,65.3,49.2,54.1,0.591,0.52,0.0,0.591,0.603,0.619,57.96666666666667,59.54285714285715,0,0.0,0.0,0.0,0.0,0.0,0,1.4,6472.9,6878.8,6681.3,15.2,16.9,28.3,11.4,76.3,11.4,0.9,0.761,MUDDY,10,AVOID,high retained moisture creates muddy or saturated risk; heavy precipitation today,56,31
2026-10-11,Quinn's Connect,Round Valley,WG055,40.68185946906874,-111.4726829059293,6720.8,81,65.6,49.5,54.4,0.591,0.52,0.0,0.591,0.603,0.603,58.23333333333333,59.614285714285714,0,0.0,0.0,0.0,0.0,0.0,0,0.5,6686.8,6763.4,6720.8,8.1,6.3,17.0,34.8,28.3,23.9,13.0,0.767,MUDDY,10,AVOID,high retained moisture creates muddy or saturated risk; heavy precipitation today,56,31
2026-10-11,Riverview West Trail,Jordanelle,WG001,40.58565113588149,-111.41386481977428,6730.6,81,65.9,49.9,55.1,0.61,0.543,0.0,0.61,0.618,0.618,58.93333333333334,60.84285714285715,0,0.0,0.0,0.0,0.0,0.0,0,1.8,6501.9,6978.6,6730.6,18.7,20.9,27.7,11.7,51.9,33.1,3.2,0.763,MUDDY,10,AVOID,high retained moisture creates muddy or saturated risk; heavy precipitation today,56,7
2026-10-11,RocMon,Round Valley,WG055,40.68788668982749,-111.4548390225179,6677.5,81,65.6,49.5,54.4,0.591,0.52,0.0,0.591,0.603,0.603,58.23333333333333,59.614285714285714,0,0.0,0.0,0.0,0.0,0.0,0,0.6,6571.6,6786.6,6677.5,15.4,14.0,24.5,10.9,89.1,0.0,0.0,0.767,MUDDY,10,AVOID,high retained moisture creates muddy or saturated risk; heavy precipitation today,56,31
2026-10-11,Round Valley Express,Round Valley,WG057,40.69308554123404,-111.4897696424948,6812.1,81,65.3,49.2,54.1,0.591,0.52,0.0,0.591,0.603,0.619,57.96666666666667,59.54285714285715,0,0.0,0.0,0.0,0.0,0.0,0,3.7,6624.2,6963.0,6812.1,5.9,5.2,20.9,29.7,16.3,32.9,21.1,0.759,MUDDY,10,AVOID,high retained moisture creates muddy or saturated risk; heavy precipitation today,56,31
2026-10-11,Rusty Spur,Round Valley,WG065,40.70159189598121,-111.4765958017646,6731.2,81,65.8,49.7,54.6,0.591,0.52,0.0,0.591,0.603,0.603,58.333333333333336,59.58571428571429,0,0.0,0.0,0.0,0.0,0.0,0,0.1,6714.0,6747.5,6731.2,10.1,10.0,11.8,0.0,0.0,0.0,100.0,0.759,MUDDY,10,AVOID,high retained moisture creates muddy or saturated risk; heavy precipitation today,56,31
2026-10-11,Silver Gate,Round Valley,WG073,40.72728013881357,-111.46748664430804,6513.4,81,66.5,50.4,55.4,0.591,0.52,0.0,0.591,0.603,0.603,59.1,60.35714285714285,0,0.0,0.0,0.0,0.0,0.0,0,0.4,6510.4,6517.6,6513.4,1.6,1.5,3.8,20.9,62.8,16.3,0.0,0.762,MUDDY,10,AVOID,high retained moisture creates muddy or saturated risk; heavy precipitation today,56,31
2026-10-11,Sloppy Joe,Round Valley,WG067,40.71599935057343,-111.49742827056478,6658.4,81,66.1,50.0,54.9,0.591,0.52,0.0,0.591,0.603,0.631,58.6,59.32857142857143,0,0.0,0.0,0.0,0.0,0.0,0,0.3,6616.1,6684.3,6658.4,10.1,10.4,19.5,10.7,75.0,14.3,0.0,0.761,MUDDY,10,AVOID,high retained moisture creates muddy or saturated risk; heavy precipitation today,56,31
2026-10-11,Spin Cycle Trail,Deer Valley,WG028,40.63411801502942,-111.46082430079326,7178.8,81,63.8,47.8,53.0,0.61,0.543,0.0,0.61,0.618,0.618,56.96666666666667,59.91428571428571,0,0.0,0.0,0.0,0.0,0.0,0,1.8,6835.8,7600.6,7178.8,21.4,21.1,31.7,2.8,0.0,51.0,46.2,0.765,MUDDY,10,AVOID,high retained moisture creates muddy or saturated risk; heavy precipitation today,56,5
2026-10-11,Sunny Slopes Trail,Round Valley,WG057,40.68377753714063,-111.48540217687854,6826.8,81,65.3,49.2,54.1,0.591,0.52,0.0,0.591,0.603,0.619,57.96666666666667,59.54285714285715,0,0.0,0.0,0.0,0.0,0.0,0,0.1,6823.0,6832.1,6826.8,2.4,2.3,3.7,14.3,0.0,14.3,71.4,0.761,MUDDY,10,AVOID,high retained moisture creates muddy or saturated risk; heavy precipitation today,56,31
2026-10-11,Sweeney Switchbacks,Park City / PCMR,WG031,40.64428684826398,-111.50263935593632,7442.9,81,63.4,47.4,52.6,0.61,0.543,0.0,0.61,0.618,0.618,56.56666666666666,59.51428571428572,0,0.0,0.0,0.0,0.0,0.0,0,1.0,7261.1,7656.2,7442.9,19.7,19.5,30.8,0.0,0.0,61.6,38.4,0.755,MUDDY,10,AVOID,high retained moisture creates muddy or saturated risk; heavy precipitation today,56,9
2026-10-11,Tar Pits Jump Line,Round Valley,WG067,40.70948336187246,-111.50501444482678,6663.3,81,66.1,50.0,54.9,0.591,0.52,0.0,0.591,0.603,0.631,58.6,59.32857142857143,0,0.0,0.0,0.0,0.0,0.0,0,0.1,6650.4,6685.4,6663.3,4.8,4.2,11.8,8.3,0.0,16.7,75.0,0.757,MUDDY,10,AVOID,high retained moisture creates muddy or saturated risk; heavy precipitation today,56,31
2026-10-11,The Sheep Trail,Summit Park,WG094,40.75746633469589,-111.667341513995,6217.2,80,66.3,52.1,57.8,0.575,0.362,0.0,0.575,0.587,0.587,62.29999999999999,64.84285714285714,0,0.0,0.0,0.0,0.0,0.0,0,2.2,5959.2,6672.0,6217.2,14.8,14.0,28.0,44.8,39.2,14.4,1.7,0.761,MUDDY,10,AVOID,high retained moisture creates muddy or saturated risk; heavy precipitation today,56,2
2026-10-11,We'll Go From There,Jordanelle,WG027,40.633559740125165,-111.4528915193202,6692.5,81,65.6,49.6,54.8,0.61,0.543,0.0,0.61,0.618,0.618,58.5,60.54285714285714,0,0.0,0.0,0.0,0.0,0.0,0,0.1,6666.1,6712.9,6692.5,10.7,9.9,18.4,0.0,0.0,23.1,76.9,0.762,MUDDY,10,AVOID,high retained moisture creates muddy or saturated risk; heavy precipitation today,56,7
2026-10-11,Agitator Trail,Deer Valley,WG028,40.62594479567907,-111.46053082324435,7171.6,81,63.8,47.8,53.0,0.61,0.543,0.0,0.61,0.618,0.618,56.96666666666667,59.91428571428571,0,0.0,0.0,0.0,0.0,0.0,0,1.2,7047.5,7374.2,7171.6,24.5,24.5,33.9,22.8,0.0,42.6,34.7,0.788,MUDDY,9,AVOID,high retained moisture creates muddy or saturated risk; heavy precipitation today,83,9
2026-10-11,Amenti,Round Valley,WG067,40.71749758221375,-111.50096260266577,6526.6,81,66.1,50.0,54.9,0.591,0.52,0.0,0.591,0.603,0.631,58.6,59.32857142857143,0,0.0,0.0,0.0,0.0,0.0,0,0.6,6473.3,6585.7,6526.6,5.3,4.8,12.4,12.5,82.1,3.6,1.8,0.77,MUDDY,9,AVOID,high retained moisture creates muddy or saturated risk; heavy precipitation today,83,44
2026-10-11,An Unexpected Journey Trail,Jordanelle,WG001,40.584095263003086,-111.41492155800285,6731.9,81,65.9,49.9,55.1,0.61,0.543,0.0,0.61,0.618,0.618,58.93333333333334,60.84285714285715,0,0.0,0.0,0.0,0.0,0.0,0,0.6,6708.3,6758.4,6731.9,21.3,22.6,26.9,13.7,86.3,0.0,0.0,0.791,MUDDY,9,AVOID,high retained moisture creates muddy or saturated risk; heavy precipitation today,83,12
2026-10-11,Ant Farm,Jeremy Ranch / Glenwild,WG077,40.74632495230274,-111.55092174051572,6629.0,81,64.9,49.8,55.4,0.689,0.524,0.0,0.689,0.697,0.713,59.66666666666666,60.57142857142857,0,0.0,0.0,0.0,0.0,0.0,0,0.5,6534.5,6747.2,6629.0,11.9,12.8,18.9,0.0,6.8,93.2,0.0,0.801,MUDDY,9,AVOID,high retained moisture creates muddy or saturated risk; heavy precipitation today,83,1
2026-10-11,Ashley Avenue,Round Valley,WG057,40.68155854272997,-111.50389122653404,6794.6,81,65.3,49.2,54.1,0.591,0.52,0.0,0.591,0.603,0.619,57.96666666666667,59.54285714285715,0,0.0,0.0,0.0,0.0,0.0,0,0.4,6774.5,6825.2,6794.6,11.9,14.5,19.8,21.2,0.0,0.0,78.8,0.777,MUDDY,9,AVOID,high retained moisture creates muddy or saturated risk; heavy precipitation today,83,44
2026-10-11,Big Dipper,Jordanelle,WG042,40.66018548005414,-111.43175307695702,6961.2,81,65.6,49.5,54.5,0.591,0.52,0.0,0.591,0.603,0.603,58.43333333333333,60.457142857142856,0,0.0,0.0,0.0,0.0,0.0,0,2.2,6614.9,7331.5,6961.2,21.1,21.2,34.9,39.4,0.0,4.0,56.6,0.785,MUDDY,9,AVOID,high retained moisture creates muddy or saturated risk; heavy precipitation today,83,12
2026-10-11,Boot Hill,Park City / PCMR,WG046,40.66311538182378,-111.50841776480048,6853.1,81,65.2,49.1,54.0,0.591,0.52,0.0,0.591,0.603,0.603,58.06666666666666,60.51428571428572,0,0.0,0.0,0.0,0.0,0.0,0,0.3,6805.1,6895.8,6853.1,16.2,16.7,22.9,46.2,50.0,3.8,0.0,0.791,MUDDY,9,AVOID,high retained moisture creates muddy or saturated risk; heavy precipitation today,83,12
2026-10-11,Constellation Trail,Jordanelle,WG026,40.6428753631073,-111.43505033038012,6261.6,81,67.4,51.4,56.5,0.61,0.543,0.0,0.61,0.618,0.618,60.2,62.25714285714286,0,0.0,0.0,0.0,0.0,0.0,0,0.7,6191.6,6323.4,6261.6,9.0,8.6,16.7,5.2,0.0,10.3,84.5,0.776,MUDDY,9,AVOID,high retained moisture creates muddy or saturated risk; heavy precipitation today,83,12
2026-10-11,Daly Avenue,Deer Valley,WG031,40.63079192228995,-111.49966938212476,7430.3,81,63.4,47.4,52.6,0.61,0.543,0.0,0.61,0.618,0.618,56.56666666666666,59.51428571428572,0,0.0,0.0,0.0,0.0,0.0,0,0.8,7254.7,7610.0,7430.3,10.6,9.1,24.0,0.0,6.0,10.4,83.6,0.796,MUDDY,9,AVOID,high retained moisture creates muddy or saturated risk; heavy precipitation today,83,9
2026-10-11,Daly Bypass,Deer Valley,WG031,40.63469577874592,-111.4972952534869,7351.3,81,63.4,47.4,52.6,0.61,0.543,0.0,0.61,0.618,0.618,56.56666666666666,59.51428571428572,0,0.0,0.0,0.0,0.0,0.0,0,0.3,7324.2,7370.0,7351.3,30.0,33.0,38.7,0.0,0.0,3.3,96.7,0.802,MUDDY,9,AVOID,high retained moisture creates muddy or saturated risk; heavy precipitation today,83,9
2026-10-11,Deer Crest,Deer Valley,WG029,40.63553157935396,-111.47424740401932,7612.2,81,62.5,46.4,51.6,0.61,0.543,0.0,0.61,0.618,0.618,55.6,58.54285714285714,0,0.0,0.0,0.0,0.0,0.0,0,2.0,7265.1,7950.3,7612.2,21.7,21.4,38.3,0.0,50.3,49.1,0.6,0.788,MUDDY,9,AVOID,high retained moisture creates muddy or saturated risk; heavy precipitation today,83,9
2026-10-11,Devo,Deer Valley,WG032,40.6296740826892,-111.48374523511592,7963.4,81,62.1,46.1,51.2,0.61,0.543,0.0,0.61,0.618,0.618,55.2,58.15714285714286,0,0.0,0.0,0.0,0.0,0.0,0,0.2,7893.9,8016.5,7963.4,11.3,9.9,17.7,0.0,0.0,47.1,52.9,0.789,MUDDY,9,AVOID,high retained moisture creates muddy or saturated risk; heavy precipitation today,83,9
2026-10-11,Downward Dog,Round Valley,WG057,40.68865758594976,-111.48489883261024,6958.5,81,65.3,49.2,54.1,0.591,0.52,0.0,0.591,0.603,0.619,57.96666666666667,59.54285714285715,0,0.0,0.0,0.0,0.0,0.0,0,1.6,6818.7,7089.6,6958.5,8.2,7.9,14.2,35.1,59.5,5.3,0.0,0.784,MUDDY,9,AVOID,high retained moisture creates muddy or saturated risk; heavy precipitation today,83,44
2026-10-11,Eagle Cove,Round Valley,WG057,40.68665016051084,-111.49786169389527,6799.6,81,65.3,49.2,54.1,0.591,0.52,0.0,0.591,0.603,0.619,57.96666666666667,59.54285714285715,0,0.0,0.0,0.0,0.0,0.0,0,0.1,6777.6,6823.9,6799.6,10.3,9.1,16.6,33.3,66.7,0.0,0.0,0.787,MUDDY,9,AVOID,high retained moisture creates muddy or saturated risk; heavy precipitation today,83,44
2026-10-11,Eagle Way,Park City / PCMR,WG048,40.65295946154777,-111.48775315119684,7538.9,81,62.9,46.8,51.7,0.591,0.52,0.0,0.591,0.603,0.603,56.0,59.0,0,0.0,0.0,0.0,0.0,0.0,0,0.9,7416.7,7660.5,7538.9,11.8,11.7,19.5,21.3,25.3,40.0,13.3,0.79,MUDDY,9,AVOID,high retained moisture creates muddy or saturated risk; heavy precipitation today,83,12
2026-10-11,Equestrian,Round Valley,WG067,40.70215181343843,-111.50219785223597,6719.1,81,66.1,50.0,54.9,0.591,0.52,0.0,0.591,0.603,0.631,58.6,59.32857142857143,0,0.0,0.0,0.0,0.0,0.0,0,0.7,6462.5,6858.9,6719.1,7.8,7.4,19.2,8.1,79.0,0.0,12.9,0.77,MUDDY,9,AVOID,high retained moisture creates muddy or saturated risk; heavy precipitation today,83,44
2026-10-11,Field Stone,Round Valley,WG067,40.71706243943152,-111.49059329339536,6526.3,81,66.1,50.0,54.9,0.591,0.52,0.0,0.591,0.603,0.631,58.6,59.32857142857143,0,0.0,0.0,0.0,0.0,0.0,0,0.4,6512.5,6549.9,6526.3,5.5,5.6,8.4,9.1,72.7,3.0,15.2,0.768,MUDDY,9,AVOID,high retained moisture creates muddy or saturated risk; heavy precipitation today,83,44
2026-10-11,Finns,Deer Valley,WG028,40.640763495812735,-111.47689190658058,7214.2,81,63.8,47.8,53.0,0.61,0.543,0.0,0.61,0.618,0.618,56.96666666666667,59.91428571428571,0,0.0,0.0,0.0,0.0,0.0,0,0.3,7140.8,7279.6,7214.2,24.0,24.7,36.1,0.0,96.3,3.7,0.0,0.801,MUDDY,9,AVOID,high retained moisture creates muddy or saturated risk; heavy precipitation today,83,9
2026-10-11,First Time Return,Park City / PCMR,WG050,40.65021414919943,-111.51090683334832,7073.8,81,64.6,48.6,53.8,0.61,0.543,0.0,0.61,0.618,0.618,57.56666666666666,60.01428571428572,0,0.0,0.0,0.0,0.0,0.0,0,0.7,6953.0,7139.2,7073.8,15.6,15.9,24.7,0.0,0.0,22.4,77.6,0.786,MUDDY,9,AVOID,high retained moisture creates muddy or saturated risk; heavy precipitation today,83,12
2026-10-11,Flat Cable,Park City / PCMR,WG032,40.644102718034645,-111.505628746172,7565.4,81,62.1,46.1,51.2,0.61,0.543,0.0,0.61,0.618,0.618,55.2,58.15714285714286,0,0.0,0.0,0.0,0.0,0.0,0,1.0,7399.9,7706.1,7565.4,13.5,12.9,28.3,0.0,37.0,51.1,12.0,0.786,MUDDY,9,AVOID,high retained moisture creates muddy or saturated risk; heavy precipitation today,83,12
2026-10-11,Gambel Oak North,Park City / PCMR,WG047,40.65915752473873,-111.48180315635692,7112.6,81,64.2,48.0,53.0,0.591,0.52,0.0,0.591,0.603,0.603,57.03333333333333,59.48571428571428,0,0.0,0.0,0.0,0.0,0.0,0,0.3,7038.2,7171.9,7112.6,14.8,14.6,18.8,0.0,92.9,7.1,0.0,0.777,MUDDY,9,AVOID,high retained moisture creates muddy or saturated risk; heavy precipitation today,83,12
2026-10-11,Gap Bypass Trail,Deer Valley,WG028,40.64123747413292,-111.47577580871994,7306.6,81,63.8,47.8,53.0,0.61,0.543,0.0,0.61,0.618,0.618,56.96666666666667,59.91428571428571,0,0.0,0.0,0.0,0.0,0.0,0,0.4,7278.0,7326.5,7306.6,24.8,27.1,36.1,0.0,64.1,35.9,0.0,0.775,MUDDY,9,AVOID,high retained moisture creates muddy or saturated risk; heavy precipitation today,83,9
2026-10-11,Gap Loop,Deer Valley,WG028,40.6409109833561,-111.47399614902376,7445.8,81,63.8,47.8,53.0,0.61,0.543,0.0,0.61,0.618,0.618,56.96666666666667,59.91428571428571,0,0.0,0.0,0.0,0.0,0.0,0,1.9,7303.7,7618.9,7445.8,23.3,24.7,35.9,8.4,27.1,40.4,24.1,0.778,MUDDY,9,AVOID,high retained moisture creates muddy or saturated risk; heavy precipitation today,83,9
2026-10-11,Glenwild Loop / Wasatch,Jeremy Ranch / Glenwild,WG074,40.74589846722535,-111.509614206256,6451.3,81,66.7,50.6,55.5,0.591,0.52,0.0,0.591,0.603,0.603,59.23333333333333,60.385714285714286,0,0.0,0.0,0.0,0.0,0.0,0,0.2,6444.0,6454.5,6451.3,3.4,1.7,9.0,57.1,0.0,0.0,42.9,0.802,MUDDY,9,AVOID,high retained moisture creates muddy or saturated risk; heavy precipitation today,83,1
2026-10-11,Jordanelle Perimeter Trail,Jordanelle,WG024,40.633349610731685,-111.4121970547725,6216.7,81,67.6,51.5,56.7,0.61,0.543,0.0,0.61,0.618,0.618,60.366666666666674,62.4,0,0.0,0.0,0.0,0.0,0.0,0,9.3,6169.9,6411.7,6216.7,15.2,14.7,34.0,30.5,40.5,11.2,17.8,0.795,MUDDY,9,AVOID,high retained moisture creates muddy or saturated risk; heavy precipitation today,83,12
2026-10-11,Longview,Jordanelle,WG040,40.65785550770212,-111.4151527495857,6299.6,81,67.3,51.2,56.2,0.591,0.52,0.0,0.591,0.603,0.603,60.13333333333333,62.22857142857142,0,0.0,0.0,0.0,0.0,0.0,0,0.3,6286.3,6315.8,6299.6,9.2,8.1,22.1,26.9,69.2,3.8,0.0,0.776,MUDDY,9,AVOID,high retained moisture creates muddy or saturated risk; heavy precipitation today,83,12
2026-10-11,Loose Moose,Park City / PCMR,WG031,40.64358346695202,-111.50940341630726,7446.3,81,63.4,47.4,52.6,0.61,0.543,0.0,0.61,0.618,0.618,56.56666666666666,59.51428571428572,0,0.0,0.0,0.0,0.0,0.0,0,0.8,7294.0,7580.3,7446.3,22.5,23.8,36.4,0.0,77.1,22.9,0.0,0.786,MUDDY,9,AVOID,high retained moisture creates muddy or saturated risk; heavy precipitation today,83,12
2026-10-11,Lower Masonic,Park City / PCMR,WG047,40.65358630670372,-111.49972319928794,7113.0,81,64.2,48.0,53.0,0.591,0.52,0.0,0.591,0.603,0.603,57.03333333333333,59.48571428571428,0,0.0,0.0,0.0,0.0,0.0,0,0.6,7070.4,7149.0,7113.0,21.2,21.4,30.9,27.8,63.0,9.3,0.0,0.797,MUDDY,9,AVOID,high retained moisture creates muddy or saturated risk; heavy precipitation today,83,12
2026-10-11,Matt's Flat,Round Valley,WG057,40.68924275786925,-111.49221205396208,6921.6,81,65.3,49.2,54.1,0.591,0.52,0.0,0.591,0.603,0.619,57.96666666666667,59.54285714285715,0,0.0,0.0,0.0,0.0,0.0,0,1.0,6842.3,6958.4,6921.6,6.5,5.2,15.4,21.8,57.4,8.9,11.9,0.771,MUDDY,9,AVOID,high retained moisture creates muddy or saturated risk; heavy precipitation today,83,44
2026-10-11,Moosehouse,Park City / PCMR,WG032,40.63204398195126,-111.5038481086022,7902.6,81,62.1,46.1,51.2,0.61,0.543,0.0,0.61,0.618,0.618,55.2,58.15714285714286,0,0.0,0.0,0.0,0.0,0.0,0,0.3,7714.9,8073.3,7902.6,16.2,18.9,24.8,7.7,0.0,65.4,26.9,0.781,MUDDY,9,AVOID,high retained moisture creates muddy or saturated risk; heavy precipitation today,83,12
2026-10-11,Mr Muchrocks,Round Valley,WG067,40.70904482572548,-111.50323360919846,6653.2,81,66.1,50.0,54.9,0.591,0.52,0.0,0.591,0.603,0.631,58.6,59.32857142857143,0,0.0,0.0,0.0,0.0,0.0,0,0.5,6604.6,6731.1,6653.2,11.8,11.9,20.3,52.7,43.6,0.0,3.6,0.804,MUDDY,9,AVOID,high retained moisture creates muddy or saturated risk; heavy precipitation today,83,44
2026-10-11,NCS,Deer Valley,WG032,40.62911396321707,-111.4803727621932,7992.5,81,62.1,46.1,51.2,0.61,0.543,0.0,0.61,0.618,0.618,55.2,58.15714285714286,0,0.0,0.0,0.0,0.0,0.0,0,0.7,7538.6,8347.5,7992.5,21.0,19.3,37.7,0.0,6.2,70.3,23.4,0.77,MUDDY,9,AVOID,high retained moisture creates muddy or saturated risk; heavy precipitation today,83,9
2026-10-11,North Ross Creek Trail,Jordanelle,WG041,40.66585897507511,-111.42082357173696,6405.0,81,66.9,50.8,55.8,0.591,0.52,0.0,0.591,0.603,0.603,59.73333333333333,61.785714285714285,0,0.0,0.0,0.0,0.0,0.0,0,0.8,6296.2,6565.5,6405.0,11.7,9.8,33.0,31.4,12.9,15.7,40.0,0.771,MUDDY,9,AVOID,high retained moisture creates muddy or saturated risk; heavy precipitation today,83,12
2026-10-11,Nowhere Elks,Round Valley,WG058,40.69018989582584,-111.48311322310164,7036.6,81,64.7,48.6,53.5,0.591,0.52,0.0,0.591,0.603,0.619,57.333333333333336,59.02857142857143,0,0.0,0.0,0.0,0.0,0.0,0,1.3,6851.7,7128.6,7036.6,9.1,9.2,16.7,35.3,51.3,8.4,5.0,0.782,MUDDY,9,AVOID,high retained moisture creates muddy or saturated risk; heavy precipitation today,83,44
2026-10-11,Ontario Ridge,Deer Valley,WG032,40.62821582013441,-111.49780973717266,7815.3,81,62.1,46.1,51.2,0.61,0.543,0.0,0.61,0.618,0.618,55.2,58.15714285714286,0,0.0,0.0,0.0,0.0,0.0,0,0.2,7722.8,7903.4,7815.3,9.9,9.9,15.1,0.0,0.0,57.1,42.9,0.781,MUDDY,9,AVOID,high retained moisture creates muddy or saturated risk; heavy precipitation today,83,9
2026-10-11,Outlook,Deer Valley,WG029,40.63657831428653,-111.4685462481628,7646.2,81,62.5,46.4,51.6,0.61,0.543,0.0,0.61,0.618,0.618,55.6,58.54285714285714,0,0.0,0.0,0.0,0.0,0.0,0,0.5,7621.6,7707.0,7646.2,21.5,20.9,30.1,0.0,13.3,51.1,35.6,0.786,MUDDY,9,AVOID,high retained moisture creates muddy or saturated risk; heavy precipitation today,83,9
2026-10-11,Pointy Rocks,Deer Valley,WG031,40.63679995846106,-111.48172224533342,7428.0,81,63.4,47.4,52.6,0.61,0.543,0.0,0.61,0.618,0.618,56.56666666666666,59.51428571428572,0,0.0,0.0,0.0,0.0,0.0,0,0.2,7323.2,7519.3,7428.0,22.1,22.9,31.8,0.0,0.0,11.1,88.9,0.795,MUDDY,9,AVOID,high retained moisture creates muddy or saturated risk; heavy precipitation today,83,9
2026-10-11,PorcUclimb,Round Valley,WG058,40.69402326414524,-111.48517031749344,7064.7,81,64.7,48.6,53.5,0.591,0.52,0.0,0.591,0.603,0.619,57.333333333333336,59.02857142857143,0,0.0,0.0,0.0,0.0,0.0,0,0.8,7000.3,7127.6,7064.7,6.1,5.6,12.3,21.7,75.4,2.9,0.0,0.8,MUDDY,9,AVOID,high retained moisture creates muddy or saturated risk; heavy precipitation today,83,44
2026-10-11,Rademan Ridge,Round Valley,WG057,40.69522706920315,-111.49835765815162,6895.6,81,65.3,49.2,54.1,0.591,0.52,0.0,0.591,0.603,0.619,57.96666666666667,59.54285714285715,0,0.0,0.0,0.0,0.0,0.0,0,1.3,6783.4,6991.2,6895.6,6.0,4.0,15.0,38.5,27.0,26.2,8.2,0.771,MUDDY,9,AVOID,high retained moisture creates muddy or saturated risk; heavy precipitation today,83,44
2026-10-11,Ripple Trail,Deer Valley,WG029,40.63554405253732,-111.47490110184252,7588.0,81,62.5,46.4,51.6,0.61,0.543,0.0,0.61,0.618,0.618,55.6,58.54285714285714,0,0.0,0.0,0.0,0.0,0.0,0,2.6,7239.4,7945.4,7588.0,19.9,19.6,34.1,0.0,28.5,45.5,26.0,0.791,MUDDY,9,AVOID,high retained moisture creates muddy or saturated risk; heavy precipitation today,83,9
2026-10-11,Rossi Hill Trail,Deer Valley,WG031,40.63808222920599,-111.4919292526201,7341.8,81,63.4,47.4,52.6,0.61,0.543,0.0,0.61,0.618,0.618,56.56666666666666,59.51428571428572,0,0.0,0.0,0.0,0.0,0.0,0,1.5,7288.7,7458.0,7341.8,18.8,19.8,32.7,0.0,56.0,41.0,3.0,0.771,MUDDY,9,AVOID,high retained moisture creates muddy or saturated risk; heavy precipitation today,83,9
2026-10-11,SQ Connector Trail,Round Valley,WG055,40.68949659271035,-111.47067515084642,6728.8,81,65.6,49.5,54.4,0.591,0.52,0.0,0.591,0.603,0.603,58.23333333333333,59.614285714285714,0,0.0,0.0,0.0,0.0,0.0,0,0.3,6689.9,6760.9,6728.8,6.3,5.8,15.7,15.4,0.0,0.0,84.6,0.77,MUDDY,9,AVOID,high retained moisture creates muddy or saturated risk; heavy precipitation today,83,44
2026-10-11,Saved By The Bell,Round Valley,WG067,40.71689792497153,-111.49958806368429,6568.5,81,66.1,50.0,54.9,0.591,0.52,0.0,0.591,0.603,0.631,58.6,59.32857142857143,0,0.0,0.0,0.0,0.0,0.0,0,1.3,6511.5,6665.6,6568.5,9.7,10.4,18.0,15.0,85.0,0.0,0.0,0.775,MUDDY,9,AVOID,high retained moisture creates muddy or saturated risk; heavy precipitation today,83,44
2026-10-11,Silver Creek Trail,Round Valley,WG074,40.728195917662575,-111.48449884114967,6494.3,81,66.7,50.6,55.5,0.591,0.52,0.0,0.591,0.603,0.603,59.23333333333333,60.385714285714286,0,0.0,0.0,0.0,0.0,0.0,0,1.5,6472.0,6522.3,6494.3,3.4,3.1,9.1,28.0,14.4,15.2,42.4,0.768,MUDDY,9,AVOID,high retained moisture creates muddy or saturated risk; heavy precipitation today,83,44
2026-10-11,Solamere,Deer Valley,WG045,40.65168830951934,-111.47267426337083,7304.0,81,63.9,47.8,52.7,0.591,0.52,0.0,0.591,0.603,0.603,56.76666666666667,59.21428571428572,0,0.0,0.0,0.0,0.0,0.0,0,2.3,7128.6,7460.6,7304.0,20.7,21.1,32.5,14.8,80.3,3.0,2.0,0.791,MUDDY,9,AVOID,high retained moisture creates muddy or saturated risk; heavy precipitation today,83,9
2026-10-11,Solamere Connector,Deer Valley,WG045,40.651338463153365,-111.4797751905619,7331.1,81,63.9,47.8,52.7,0.591,0.52,0.0,0.591,0.603,0.603,56.76666666666667,59.21428571428572,0,0.0,0.0,0.0,0.0,0.0,0,1.0,7128.4,7532.8,7331.1,18.6,20.2,27.4,0.0,0.0,15.1,84.9,0.77,MUDDY,9,AVOID,high retained moisture creates muddy or saturated risk; heavy precipitation today,83,9
2026-10-11,South Canyon,Round Valley,WG055,40.697084178294816,-111.45372200426904,6732.0,81,65.6,49.5,54.4,0.591,0.52,0.0,0.591,0.603,0.603,58.23333333333333,59.614285714285714,0,0.0,0.0,0.0,0.0,0.0,0,4.0,6549.1,6909.1,6732.0,10.4,10.8,23.6,28.3,69.6,1.9,0.3,0.779,MUDDY,9,AVOID,high retained moisture creates muddy or saturated risk; heavy precipitation today,83,44
2026-10-11,South Sweeney,Park City / PCMR,WG031,40.64194117786604,-111.49870009761844,7400.1,81,63.4,47.4,52.6,0.61,0.543,0.0,0.61,0.618,0.618,56.56666666666666,59.51428571428572,0,0.0,0.0,0.0,0.0,0.0,0,0.7,7257.8,7492.4,7400.1,24.7,25.3,32.1,0.0,0.0,22.6,77.4,0.786,MUDDY,9,AVOID,high retained moisture creates muddy or saturated risk; heavy precipitation today,83,12
2026-10-11,St. Regis Trail,Deer Valley,WG028,40.639112933407205,-111.47591481144916,7383.3,81,63.8,47.8,53.0,0.61,0.543,0.0,0.61,0.618,0.618,56.96666666666667,59.91428571428571,0,0.0,0.0,0.0,0.0,0.0,0,0.3,7301.5,7454.4,7383.3,24.3,27.6,31.8,0.0,91.2,8.8,0.0,0.797,MUDDY,9,AVOID,high retained moisture creates muddy or saturated risk; heavy precipitation today,83,9
2026-10-11,Sven,Jordanelle,WG040,40.66216079919324,-111.41880056586604,6299.4,81,67.3,51.2,56.2,0.591,0.52,0.0,0.591,0.603,0.603,60.13333333333333,62.22857142857142,0,0.0,0.0,0.0,0.0,0.0,0,0.1,6282.2,6318.4,6299.4,11.9,10.3,19.9,13.3,86.7,0.0,0.0,0.769,MUDDY,9,AVOID,high retained moisture creates muddy or saturated risk; heavy precipitation today,83,12
2026-10-11,TDS Ontario Bypass,Deer Valley,WG032,40.62591563844938,-111.49801252893096,7889.0,81,62.1,46.1,51.2,0.61,0.543,0.0,0.61,0.618,0.618,55.2,58.15714285714286,0,0.0,0.0,0.0,0.0,0.0,0,1.0,7719.2,8043.7,7889.0,16.0,15.1,26.9,0.0,2.1,35.4,62.5,0.799,MUDDY,9,AVOID,high retained moisture creates muddy or saturated risk; heavy precipitation today,83,9
2026-10-11,TSP Skils Area,Round Valley,WG067,40.70929244417837,-111.50545423904256,6671.9,81,66.1,50.0,54.9,0.591,0.52,0.0,0.591,0.603,0.631,58.6,59.32857142857143,0,0.0,0.0,0.0,0.0,0.0,0,0.3,6646.3,6691.8,6671.9,8.0,8.2,14.7,30.2,0.0,4.7,65.1,0.783,MUDDY,9,AVOID,high retained moisture creates muddy or saturated risk; heavy precipitation today,83,44
2026-10-11,Team Cutthroat Downhill,Jeremy Ranch / Glenwild,WG077,40.74619331694971,-111.55242052130288,6618.0,81,64.9,49.8,55.4,0.689,0.524,0.0,0.689,0.697,0.713,59.66666666666666,60.57142857142857,0,0.0,0.0,0.0,0.0,0.0,0,0.3,6546.5,6754.3,6618.0,12.4,12.3,17.8,0.0,0.0,100.0,0.0,0.795,MUDDY,9,AVOID,high retained moisture creates muddy or saturated risk; heavy precipitation today,83,1
2026-10-11,The Up Trail,Summit Park,WG078,40.74822119025095,-111.58934600493023,6821.1,81,64.3,49.2,54.9,0.689,0.524,0.0,0.689,0.697,0.697,59.26666666666667,60.57142857142857,0,0.0,0.0,0.0,0.0,0.0,0,1.0,6646.9,6985.9,6821.1,16.2,16.0,24.4,0.0,5.7,94.3,0.0,0.797,MUDDY,9,AVOID,high retained moisture creates muddy or saturated risk; heavy precipitation today,83,3
2026-10-11,Tour De Homes,Deer Valley,WG032,40.63205110837411,-111.48826887414292,7813.1,81,62.1,46.1,51.2,0.61,0.543,0.0,0.61,0.618,0.618,55.2,58.15714285714286,0,0.0,0.0,0.0,0.0,0.0,0,1.4,7579.1,8120.3,7813.1,12.5,12.9,23.4,0.9,36.3,58.4,4.4,0.781,MUDDY,9,AVOID,high retained moisture creates muddy or saturated risk; heavy precipitation today,83,9
2026-10-11,Trappers Gate,Deer Valley,WG031,40.63197509989361,-111.497026036245,7462.8,81,63.4,47.4,52.6,0.61,0.543,0.0,0.61,0.618,0.618,56.56666666666666,59.51428571428572,0,0.0,0.0,0.0,0.0,0.0,0,0.5,7434.8,7486.1,7462.8,27.4,30.8,36.0,0.0,50.0,20.5,29.5,0.788,MUDDY,9,AVOID,high retained moisture creates muddy or saturated risk; heavy precipitation today,83,9
2026-10-11,Undertow Trail,Deer Valley,WG029,40.63057046785135,-111.47858549886824,7937.9,81,62.5,46.4,51.6,0.61,0.543,0.0,0.61,0.618,0.618,55.6,58.54285714285714,0,0.0,0.0,0.0,0.0,0.0,0,1.9,7530.0,8350.2,7937.9,21.8,23.2,30.8,0.0,38.8,57.0,4.2,0.781,MUDDY,9,AVOID,high retained moisture creates muddy or saturated risk; heavy precipitation today,83,9
2026-10-11,Upper Loose Moose,Park City / PCMR,WG032,40.64060459750891,-111.5062344507794,7788.9,81,62.1,46.1,51.2,0.61,0.543,0.0,0.61,0.618,0.618,55.2,58.15714285714286,0,0.0,0.0,0.0,0.0,0.0,0,0.2,7764.1,7798.8,7788.9,13.5,16.8,20.8,0.0,50.0,50.0,0.0,0.787,MUDDY,9,AVOID,high retained moisture creates muddy or saturated risk; heavy precipitation today,83,12
2026-10-11,Village Pipeline Connector,Deer Valley,WG028,40.6391093200599,-111.472490526811,7336.8,81,63.8,47.8,53.0,0.61,0.543,0.0,0.61,0.618,0.618,56.96666666666667,59.91428571428571,0,0.0,0.0,0.0,0.0,0.0,0,0.2,7292.7,7375.4,7336.8,22.1,23.7,27.5,6.7,0.0,20.0,73.3,0.794,MUDDY,9,AVOID,high retained moisture creates muddy or saturated risk; heavy precipitation today,83,9
2026-10-11,Village Trail / Pipeline,Deer Valley,WG028,40.64110752434245,-111.46934147070748,7182.6,81,63.8,47.8,53.0,0.61,0.543,0.0,0.61,0.618,0.618,56.96666666666667,59.91428571428571,0,0.0,0.0,0.0,0.0,0.0,0,0.5,7071.0,7292.7,7182.6,17.4,17.6,27.5,9.3,0.0,25.6,65.1,0.791,MUDDY,9,AVOID,high retained moisture creates muddy or saturated risk; heavy precipitation today,83,9
2026-10-11,Wada Way,Jordanelle,WG040,40.65139897157171,-111.41292348157292,6267.2,81,67.3,51.2,56.2,0.591,0.52,0.0,0.591,0.603,0.603,60.13333333333333,62.22857142857142,0,0.0,0.0,0.0,0.0,0.0,0,1.7,6181.8,6350.5,6267.2,6.6,6.2,14.8,23.2,76.1,0.7,0.0,0.776,MUDDY,9,AVOID,high retained moisture creates muddy or saturated risk; heavy precipitation today,83,12
2026-10-11,Wasatch,Round Valley,WG074,40.742724215036304,-111.49568804225927,6475.9,81,66.7,50.6,55.5,0.591,0.52,0.0,0.591,0.603,0.603,59.23333333333333,60.385714285714286,0,0.0,0.0,0.0,0.0,0.0,0,1.6,6451.9,6521.0,6475.9,3.4,3.0,9.7,60.3,36.9,1.4,1.4,0.803,MUDDY,9,AVOID,high retained moisture creates muddy or saturated risk; heavy precipitation today,83,44
2026-10-11,You Get It,Jordanelle,WG027,40.63417280890808,-111.45447628262694,6774.5,81,65.6,49.6,54.8,0.61,0.543,0.0,0.61,0.618,0.618,58.5,60.54285714285714,0,0.0,0.0,0.0,0.0,0.0,0,0.5,6702.7,6863.6,6774.5,14.4,14.5,21.0,4.8,0.0,4.8,90.5,0.78,MUDDY,9,AVOID,high retained moisture creates muddy or saturated risk; heavy precipitation today,83,12
2026-10-11,4:20,Deer Valley,WG032,40.63850725810498,-111.5016215026881,7810.7,81,62.1,46.1,51.2,0.61,0.543,0.0,0.61,0.618,0.618,55.2,58.15714285714286,0,0.0,0.0,0.0,0.0,0.0,0,0.4,7754.7,7849.9,7810.7,17.8,17.9,26.6,0.0,0.0,22.2,77.8,0.81,MUDDY,8,AVOID,high retained moisture creates muddy or saturated risk; heavy precipitation today,146,32
2026-10-11,A Toll New World,Summit Park,WG078,40.74525880222984,-111.59660432287036,6843.1,81,64.3,49.2,54.9,0.689,0.524,0.0,0.689,0.697,0.697,59.26666666666667,60.57142857142857,0,0.0,0.0,0.0,0.0,0.0,0,1.3,6620.4,7055.3,6843.1,16.3,16.7,26.9,1.9,40.7,53.7,3.7,0.835,MUDDY,8,AVOID,high retained moisture creates muddy or saturated risk; heavy precipitation today,146,4
2026-10-11,April Mountain Trail,Deer Valley,WG047,40.650711302598815,-111.4870593388075,7472.0,81,64.2,48.0,53.0,0.591,0.52,0.0,0.591,0.603,0.603,57.03333333333333,59.48571428571428,0,0.0,0.0,0.0,0.0,0.0,0,0.6,7336.4,7548.4,7472.0,12.0,11.8,23.4,46.4,35.7,5.4,12.5,0.814,MUDDY,8,AVOID,high retained moisture creates muddy or saturated risk; heavy precipitation today,146,32
2026-10-11,Barrel Roll,Round Valley,WG058,40.69153134198254,-111.48458530535574,7017.0,81,64.7,48.6,53.5,0.591,0.52,0.0,0.591,0.603,0.619,57.333333333333336,59.02857142857143,0,0.0,0.0,0.0,0.0,0.0,0,0.4,6940.9,7091.2,7017.0,7.0,6.7,14.7,34.4,65.6,0.0,0.0,0.812,MUDDY,8,AVOID,high retained moisture creates muddy or saturated risk; heavy precipitation today,146,61
2026-10-11,Cutter Lane,Jeremy Ranch / Glenwild,WG068,40.7083260127391,-111.53140227257067,6437.7,81,65.4,50.3,56.0,0.689,0.524,0.0,0.689,0.697,0.7679999999999999,60.1,60.48571428571428,0,0.0,0.0,0.0,0.0,0.0,0,0.2,6431.6,6445.1,6437.7,2.1,2.0,3.3,0.0,33.3,66.7,0.0,0.833,MUDDY,8,AVOID,high retained moisture creates muddy or saturated risk; heavy precipitation today,146,4
2026-10-11,Daily Overlook,Deer Valley,WG031,40.631723443280656,-111.4987920660294,7430.4,81,63.4,47.4,52.6,0.61,0.543,0.0,0.61,0.618,0.618,56.56666666666666,59.51428571428572,0,0.0,0.0,0.0,0.0,0.0,0,0.3,7365.3,7455.3,7430.4,30.3,31.4,34.2,0.0,0.0,0.0,100.0,0.804,MUDDY,8,AVOID,high retained moisture creates muddy or saturated risk; heavy precipitation today,146,32
2026-10-11,Dead Reckoning,Summit Park,WG078,40.74804102527887,-111.5901705440554,6808.0,81,64.3,49.2,54.9,0.689,0.524,0.0,0.689,0.697,0.697,59.26666666666667,60.57142857142857,0,0.0,0.0,0.0,0.0,0.0,0,0.6,6646.9,6981.7,6808.0,16.5,16.1,22.7,0.0,16.7,83.3,0.0,0.807,MUDDY,8,AVOID,high retained moisture creates muddy or saturated risk; heavy precipitation today,146,4
2026-10-11,Dropout,Jeremy Ranch / Glenwild,WG077,40.74673233142679,-111.55449028155309,6576.0,81,64.9,49.8,55.4,0.689,0.524,0.0,0.689,0.697,0.713,59.66666666666666,60.57142857142857,0,0.0,0.0,0.0,0.0,0.0,0,0.9,6420.7,6743.0,6576.0,8.2,7.7,12.5,0.0,16.5,83.5,0.0,0.809,MUDDY,8,AVOID,high retained moisture creates muddy or saturated risk; heavy precipitation today,146,4
2026-10-11,Full Steam Billy,Park City / PCMR,WG031,40.64842922650065,-111.4945100220623,7246.4,81,63.4,47.4,52.6,0.61,0.543,0.0,0.61,0.618,0.618,56.56666666666666,59.51428571428572,0,0.0,0.0,0.0,0.0,0.0,0,0.3,7161.5,7277.5,7246.4,14.8,15.0,18.5,27.6,72.4,0.0,0.0,0.826,MUDDY,8,AVOID,high retained moisture creates muddy or saturated risk; heavy precipitation today,146,22
2026-10-11,Gorgoza Park,Pinebrook,WG089,40.75144469967726,-111.581432624726,6619.5,81,64.6,49.5,55.2,0.689,0.524,0.0,0.689,0.697,0.697,59.56666666666666,60.871428571428574,0,0.0,0.0,0.0,0.0,0.0,0,1.6,6378.8,6831.0,6619.5,13.6,13.9,25.2,2.2,1.5,87.5,8.8,0.805,MUDDY,8,AVOID,high retained moisture creates muddy or saturated risk; heavy precipitation today,146,1
2026-10-11,Grave Digger,Deer Valley,WG032,40.62962271716946,-111.50201210924322,7682.6,81,62.1,46.1,51.2,0.61,0.543,0.0,0.61,0.618,0.618,55.2,58.15714285714286,0,0.0,0.0,0.0,0.0,0.0,0,0.5,7659.8,7734.0,7682.6,24.7,26.7,36.3,10.5,0.0,2.6,86.8,0.835,MUDDY,8,AVOID,high retained moisture creates muddy or saturated risk; heavy precipitation today,146,32
2026-10-11,Great Western Trail / Great Western Trail bypass,Wasatch Crest / Millcreek,WG091,40.7535574542296,-111.6313027356856,7111.8,80,63.1,48.9,54.6,0.575,0.362,0.0,0.575,0.587,0.587,58.866666666666674,60.38571428571429,0,0.0,0.0,0.0,0.0,0.0,0,1.4,6865.3,7548.3,7111.8,13.7,13.4,22.9,68.4,22.8,0.0,8.8,0.813,MUDDY,8,AVOID,high retained moisture creates muddy or saturated risk; heavy precipitation today,146,2
2026-10-11,Happy Trailside,Round Valley,WG067,40.708413441306845,-111.50471867526606,6595.6,81,66.1,50.0,54.9,0.591,0.52,0.0,0.591,0.603,0.631,58.6,59.32857142857143,0,0.0,0.0,0.0,0.0,0.0,0,0.1,6570.7,6621.7,6595.6,11.4,12.6,15.0,80.0,0.0,0.0,20.0,0.824,MUDDY,8,AVOID,high retained moisture creates muddy or saturated risk; heavy precipitation today,146,61
2026-10-11,Hidden Cove,Summit Park,WG089,40.756655895607175,-111.597334386164,6686.2,81,64.6,49.5,55.2,0.689,0.524,0.0,0.689,0.697,0.697,59.56666666666666,60.871428571428574,0,0.0,0.0,0.0,0.0,0.0,0,0.2,6655.0,6725.6,6686.2,13.1,11.4,26.6,0.0,0.0,62.5,37.5,0.825,MUDDY,8,AVOID,high retained moisture creates muddy or saturated risk; heavy precipitation today,146,4
2026-10-11,Humdinger,Deer Valley,WG029,40.626356336628135,-111.46720603877804,7537.3,81,62.5,46.4,51.6,0.61,0.543,0.0,0.61,0.618,0.618,55.6,58.54285714285714,0,0.0,0.0,0.0,0.0,0.0,0,3.2,7250.4,7937.0,7537.3,23.0,24.0,33.5,25.1,0.0,45.2,29.7,0.812,MUDDY,8,AVOID,high retained moisture creates muddy or saturated risk; heavy precipitation today,146,32
2026-10-11,Keetley,Jordanelle,WG024,40.6438983646529,-111.4097274639112,6255.4,81,67.6,51.5,56.7,0.61,0.543,0.0,0.61,0.618,0.618,60.366666666666674,62.4,0,0.0,0.0,0.0,0.0,0.0,0,0.9,6176.9,6309.9,6255.4,5.8,5.5,11.3,36.8,59.2,3.9,0.0,0.806,MUDDY,8,AVOID,high retained moisture creates muddy or saturated risk; heavy precipitation today,146,21
2026-10-11,Little Engine Trail,Summit Park,WG089,40.756690732809,-111.59562244098744,6709.3,81,64.6,49.5,55.2,0.689,0.524,0.0,0.689,0.697,0.697,59.56666666666666,60.871428571428574,0,0.0,0.0,0.0,0.0,0.0,0,0.3,6693.2,6736.7,6709.3,9.5,10.2,17.8,4.3,0.0,82.6,13.0,0.812,MUDDY,8,AVOID,high retained moisture creates muddy or saturated risk; heavy precipitation today,146,4
2026-10-11,Lower Devo Trail,Deer Valley,WG032,40.63290230557317,-111.48205615844142,7656.5,81,62.1,46.1,51.2,0.61,0.543,0.0,0.61,0.618,0.618,55.2,58.15714285714286,0,0.0,0.0,0.0,0.0,0.0,0,1.1,7249.7,8016.5,7656.5,19.4,18.7,30.6,0.0,0.0,27.6,72.4,0.805,MUDDY,8,AVOID,high retained moisture creates muddy or saturated risk; heavy precipitation today,146,32
2026-10-11,McHenry Avenue,Deer Valley,WG031,40.640126864152855,-111.49219625319049,7274.9,81,63.4,47.4,52.6,0.61,0.543,0.0,0.61,0.618,0.618,56.56666666666666,59.51428571428572,0,0.0,0.0,0.0,0.0,0.0,0,0.3,7264.9,7287.3,7274.9,23.9,24.5,32.6,0.0,100.0,0.0,0.0,0.804,MUDDY,8,AVOID,high retained moisture creates muddy or saturated risk; heavy precipitation today,146,32
2026-10-11,Milky Way,Jordanelle,WG042,40.65767372971338,-111.43373089841624,6795.1,81,65.6,49.5,54.5,0.591,0.52,0.0,0.591,0.603,0.603,58.43333333333333,60.457142857142856,0,0.0,0.0,0.0,0.0,0.0,0,1.2,6613.3,6963.5,6795.1,20.9,21.0,24.9,78.8,7.1,0.0,14.1,0.818,MUDDY,8,AVOID,high retained moisture creates muddy or saturated risk; heavy precipitation today,146,21
2026-10-11,Milky Way / Two Rocks,Jordanelle,WG042,40.66056479638159,-111.42608338059031,6558.6,81,65.6,49.5,54.5,0.591,0.52,0.0,0.591,0.603,0.603,58.43333333333333,60.457142857142856,0,0.0,0.0,0.0,0.0,0.0,0,0.5,6482.8,6616.9,6558.6,17.8,17.5,24.0,64.3,0.0,0.0,35.7,0.807,MUDDY,8,AVOID,high retained moisture creates muddy or saturated risk; heavy precipitation today,146,21
2026-10-11,Miss Billy's,Jeremy Ranch / Glenwild,WG059,40.69127466685039,-111.54016400735836,6614.6,81,64.4,49.2,54.9,0.689,0.524,0.0,0.689,0.697,0.7679999999999999,59.0,59.4,0,0.0,0.0,0.0,0.0,0.0,0,1.1,6557.2,6663.6,6614.6,2.9,2.6,7.1,0.0,1.9,67.3,30.8,0.832,MUDDY,8,AVOID,high retained moisture creates muddy or saturated risk; heavy precipitation today,146,4
2026-10-11,Mother Urban,Deer Valley,WG032,40.63167066031289,-111.5034058570439,7904.1,81,62.1,46.1,51.2,0.61,0.543,0.0,0.61,0.618,0.618,55.2,58.15714285714286,0,0.0,0.0,0.0,0.0,0.0,0,2.4,7668.3,8272.5,7904.1,21.4,20.4,38.1,14.1,0.0,29.6,56.3,0.816,MUDDY,8,AVOID,high retained moisture creates muddy or saturated risk; heavy precipitation today,146,32
2026-10-11,Mountain Ranch,Jeremy Ranch / Glenwild,WG066,40.719482563829935,-111.5082007499112,6453.3,81,65.4,50.2,55.9,0.689,0.524,0.0,0.689,0.697,0.725,60.03333333333333,60.38571428571429,0,0.0,0.0,0.0,0.0,0.0,0,0.2,6438.4,6472.3,6453.3,4.0,3.4,7.0,0.0,29.4,70.6,0.0,0.823,MUDDY,8,AVOID,high retained moisture creates muddy or saturated risk; heavy precipitation today,146,4
2026-10-11,OMG,Deer Valley,WG032,40.631226274970665,-111.4973428195913,7571.3,81,62.1,46.1,51.2,0.61,0.543,0.0,0.61,0.618,0.618,55.2,58.15714285714286,0,0.0,0.0,0.0,0.0,0.0,0,0.3,7486.1,7662.1,7571.3,27.8,29.0,32.3,0.0,72.0,28.0,0.0,0.805,MUDDY,8,AVOID,high retained moisture creates muddy or saturated risk; heavy precipitation today,146,32
2026-10-11,Pinebrook Pointe South,Pinebrook,WG078,40.74959135152933,-111.5795998040212,6632.5,81,64.3,49.2,54.9,0.689,0.524,0.0,0.689,0.697,0.697,59.26666666666667,60.57142857142857,0,0.0,0.0,0.0,0.0,0.0,0,0.1,6602.3,6649.2,6632.5,13.9,11.6,22.3,0.0,0.0,54.5,45.5,0.832,MUDDY,8,AVOID,high retained moisture creates muddy or saturated risk; heavy precipitation today,146,1
2026-10-11,Practice Loops,Round Valley,WG055,40.68336469607561,-111.47532267974417,6752.0,81,65.6,49.5,54.4,0.591,0.52,0.0,0.591,0.603,0.603,58.23333333333333,59.614285714285714,0,0.0,0.0,0.0,0.0,0.0,0,0.6,6717.5,6795.3,6752.0,6.6,6.5,8.7,76.5,0.0,0.0,23.5,0.817,MUDDY,8,AVOID,high retained moisture creates muddy or saturated risk; heavy precipitation today,146,61
2026-10-11,Rinse Cycle Trail,Deer Valley,WG028,40.62990230274806,-111.45944053119273,7191.1,81,63.8,47.8,53.0,0.61,0.543,0.0,0.61,0.618,0.618,56.96666666666667,59.91428571428571,0,0.0,0.0,0.0,0.0,0.0,0,2.6,6863.6,7603.9,7191.1,21.5,21.4,33.6,18.3,0.0,16.4,65.3,0.806,MUDDY,8,AVOID,high retained moisture creates muddy or saturated risk; heavy precipitation today,146,32
2026-10-11,Round Valley Connect,Round Valley,WG067,40.70875221615484,-111.50427592382064,6606.7,81,66.1,50.0,54.9,0.591,0.52,0.0,0.591,0.603,0.631,58.6,59.32857142857143,0,0.0,0.0,0.0,0.0,0.0,0,0.1,6573.7,6646.8,6606.7,9.1,9.4,12.2,81.2,6.2,0.0,12.5,0.825,MUDDY,8,AVOID,high retained moisture creates muddy or saturated risk; heavy precipitation today,146,61
2026-10-11,Silver Spur,Park City / PCMR,WG049,40.65266965116334,-111.5117818738982,6980.8,81,63.5,48.4,54.1,0.689,0.524,0.0,0.689,0.697,0.697,58.6,60.614285714285714,0,0.0,0.0,0.0,0.0,0.0,0,0.7,6926.4,7004.9,6980.8,13.8,13.5,24.9,0.0,7.6,60.6,31.8,0.827,MUDDY,8,AVOID,high retained moisture creates muddy or saturated risk; heavy precipitation today,146,22
2026-10-11,Skyridge Peak Trail / Milky Way,Jordanelle,WG043,40.65984634182248,-111.4368345884266,7139.2,81,64.3,48.2,53.1,0.591,0.52,0.0,0.591,0.603,0.603,57.1,59.12857142857143,0,0.0,0.0,0.0,0.0,0.0,0,1.2,6963.5,7331.5,7139.2,22.4,23.3,33.7,59.8,28.9,0.0,11.3,0.829,MUDDY,8,AVOID,high retained moisture creates muddy or saturated risk; heavy precipitation today,146,21
2026-10-11,Snowtop,Deer Valley,WG028,40.64752229561398,-111.4705824068134,7443.3,81,63.8,47.8,53.0,0.61,0.543,0.0,0.61,0.618,0.618,56.96666666666667,59.91428571428571,0,0.0,0.0,0.0,0.0,0.0,0,1.7,7307.2,7590.1,7443.3,19.4,21.1,29.7,41.6,14.6,19.7,24.1,0.822,MUDDY,8,AVOID,high retained moisture creates muddy or saturated risk; heavy precipitation today,146,32
2026-10-11,Somewhere Elks,Round Valley,WG055,40.68702802029736,-111.47813858810876,6977.4,81,65.6,49.5,54.4,0.591,0.52,0.0,0.591,0.603,0.603,58.23333333333333,59.614285714285714,0,0.0,0.0,0.0,0.0,0.0,0,1.0,6796.2,7145.1,6977.4,10.8,11.0,23.8,84.6,6.4,0.0,9.0,0.823,MUDDY,8,AVOID,high retained moisture creates muddy or saturated risk; heavy precipitation today,146,61
2026-10-11,The Lookout,Deer Valley,WG032,40.62921554675458,-111.4942829189022,7693.2,81,62.1,46.1,51.2,0.61,0.543,0.0,0.61,0.618,0.618,55.2,58.15714285714286,0,0.0,0.0,0.0,0.0,0.0,0,1.7,7338.4,8054.6,7693.2,27.6,27.5,44.1,0.0,87.3,12.7,0.0,0.818,MUDDY,8,AVOID,high retained moisture creates muddy or saturated risk; heavy precipitation today,146,32
2026-10-11,Upper Loose,Park City / PCMR,WG032,40.64060205866311,-111.5081407284332,7678.0,81,62.1,46.1,51.2,0.61,0.543,0.0,0.61,0.618,0.618,55.2,58.15714285714286,0,0.0,0.0,0.0,0.0,0.0,0,0.3,7581.2,7789.4,7678.0,17.3,17.6,23.5,0.0,92.9,7.1,0.0,0.822,MUDDY,8,AVOID,high retained moisture creates muddy or saturated risk; heavy precipitation today,146,22
2026-10-11,Village Trail,Deer Valley,WG028,40.64077448423082,-111.47113665558776,7315.2,81,63.8,47.8,53.0,0.61,0.543,0.0,0.61,0.618,0.618,56.96666666666667,59.91428571428571,0,0.0,0.0,0.0,0.0,0.0,0,0.2,7292.7,7333.1,7315.2,22.8,24.0,27.5,21.4,0.0,0.0,78.6,0.821,MUDDY,8,AVOID,high retained moisture creates muddy or saturated risk; heavy precipitation today,146,32
2026-10-11,Abilene Way,Jeremy Ranch / Glenwild,WG068,40.705162592888,-111.52848253655898,6454.0,81,65.4,50.3,56.0,0.689,0.524,0.0,0.689,0.697,0.7679999999999999,60.1,60.48571428571428,0,0.0,0.0,0.0,0.0,0.0,0,0.5,6439.2,6463.1,6454.0,1.2,1.0,2.4,0.0,0.0,56.1,43.9,0.842,MUDDY,7,AVOID,high retained moisture creates muddy or saturated risk; heavy precipitation today,182,8
2026-10-11,BYOB,Pinebrook,WG070,40.718283985000745,-111.55661288864135,6639.8,81,64.4,49.3,55.0,0.689,0.524,0.0,0.689,0.697,0.713,59.2,60.1,0,0.0,0.0,0.0,0.0,0.0,0,0.7,6545.0,6701.6,6639.8,15.6,15.9,25.8,5.0,0.0,16.7,78.3,0.873,MUDDY,7,AVOID,high retained moisture creates muddy or saturated risk; heavy precipitation today,182,3
2026-10-11,Bad Apple,Jeremy Ranch / Glenwild,WG076,40.74937514368386,-111.56017979748744,6367.9,81,65.6,50.5,56.2,0.689,0.524,0.0,0.689,0.697,0.713,60.4,61.3,0,0.0,0.0,0.0,0.0,0.0,0,0.7,6279.5,6445.1,6367.9,14.4,13.4,26.1,15.3,32.2,44.1,8.5,0.858,MUDDY,7,AVOID,high retained moisture creates muddy or saturated risk; heavy precipitation today,182,8
2026-10-11,Colin's Trail,Jeremy Ranch / Glenwild,WG060,40.69629937433107,-111.55671582168428,7029.9,81,62.8,47.7,53.3,0.689,0.524,0.0,0.689,0.697,0.741,58.03333333333333,60.22857142857142,0,0.0,0.0,0.0,0.0,0.0,0,1.8,6641.1,7390.4,7029.9,21.7,22.5,34.0,3.3,0.0,53.9,42.8,0.869,MUDDY,7,AVOID,high retained moisture creates muddy or saturated risk; heavy precipitation today,182,8
2026-10-11,Crazy Eights,Jeremy Ranch / Glenwild,WG077,40.74908550583131,-111.55291850861556,6580.7,81,64.9,49.8,55.4,0.689,0.524,0.0,0.689,0.697,0.713,59.66666666666666,60.57142857142857,0,0.0,0.0,0.0,0.0,0.0,0,0.8,6460.7,6726.9,6580.7,11.1,11.4,14.2,7.6,72.7,19.7,0.0,0.872,MUDDY,7,AVOID,high retained moisture creates muddy or saturated risk; heavy precipitation today,182,8
2026-10-11,Discovery,Summit Park,WG078,40.74903521550762,-111.59463162387972,6614.4,81,64.3,49.2,54.9,0.689,0.524,0.0,0.689,0.697,0.697,59.26666666666667,60.57142857142857,0,0.0,0.0,0.0,0.0,0.0,0,0.4,6578.7,6650.0,6614.4,11.5,10.0,24.8,0.0,20.9,46.5,32.6,0.84,MUDDY,7,AVOID,high retained moisture creates muddy or saturated risk; heavy precipitation today,182,8
2026-10-11,Eagle Trail,Park City / PCMR,WG051,40.65138382915936,-111.51929067308184,7664.9,81,61.4,46.3,51.9,0.689,0.524,0.0,0.689,0.697,0.756,56.63333333333333,59.18571428571428,0,0.0,0.0,0.0,0.0,0.0,0,0.5,7477.4,7838.4,7664.9,22.7,23.0,32.0,0.0,0.0,95.7,4.3,0.855,MUDDY,7,AVOID,high retained moisture creates muddy or saturated risk; heavy precipitation today,182,25
2026-10-11,Ecker Hill Trail,Pinebrook,WG076,40.740364526144575,-111.5667817840803,6401.3,81,65.6,50.5,56.2,0.689,0.524,0.0,0.689,0.697,0.713,60.4,61.3,0,0.0,0.0,0.0,0.0,0.0,0,0.5,6356.3,6420.5,6401.3,8.7,8.9,14.0,0.0,0.0,22.2,77.8,0.864,MUDDY,7,AVOID,high retained moisture creates muddy or saturated risk; heavy precipitation today,182,3
2026-10-11,Gambel Oak Trail,Park City / PCMR,WG031,40.64847351910524,-111.48419757905585,7408.0,81,63.4,47.4,52.6,0.61,0.543,0.0,0.61,0.618,0.618,56.56666666666666,59.51428571428572,0,0.0,0.0,0.0,0.0,0.0,0,1.0,7205.8,7543.6,7408.0,12.0,14.4,18.4,71.9,0.0,12.4,15.7,0.852,MUDDY,7,AVOID,high retained moisture creates muddy or saturated risk; heavy precipitation today,182,25
2026-10-11,High Meadows Connector,Pinebrook,WG076,40.74134938710701,-111.56847869190176,6429.9,81,65.6,50.5,56.2,0.689,0.524,0.0,0.689,0.697,0.713,60.4,61.3,0,0.0,0.0,0.0,0.0,0.0,0,0.2,6418.7,6445.0,6429.9,8.6,9.1,12.6,0.0,0.0,14.3,85.7,0.871,MUDDY,7,AVOID,high retained moisture creates muddy or saturated risk; heavy precipitation today,182,3
2026-10-11,Insurgent,Jeremy Ranch / Glenwild,WG063,40.68610182305705,-111.58195303109213,7873.2,81,60.7,45.6,51.3,0.689,0.524,0.0,0.689,0.697,0.74,55.900000000000006,58.557142857142864,0,0.0,0.0,0.0,0.0,0.0,0,0.6,7618.3,8148.8,7873.2,21.7,22.6,32.5,0.0,0.0,74.0,26.0,0.873,MUDDY,7,AVOID,high retained moisture creates muddy or saturated risk; heavy precipitation today,182,8
2026-10-11,Moose Poop,Deer Valley,WG032,40.633538239133244,-111.50120248027572,7607.1,81,62.1,46.1,51.2,0.61,0.543,0.0,0.61,0.618,0.618,55.2,58.15714285714286,0,0.0,0.0,0.0,0.0,0.0,0,0.2,7512.7,7714.9,7607.1,15.5,14.9,25.8,20.0,0.0,5.0,75.0,0.841,MUDDY,7,AVOID,high retained moisture creates muddy or saturated risk; heavy precipitation today,182,45
2026-10-11,No Worries,Summit Park,WG081,40.73716048778493,-111.60234213265907,7289.1,81,62.4,47.3,53.0,0.689,0.524,0.0,0.689,0.697,0.697,57.70000000000001,60.18571428571429,0,0.0,0.0,0.0,0.0,0.0,0,2.1,6892.9,7679.1,7289.1,24.7,24.9,33.3,2.3,0.0,63.2,34.5,0.852,MUDDY,7,AVOID,high retained moisture creates muddy or saturated risk; heavy precipitation today,182,8
2026-10-11,North 400 West,Jeremy Ranch / Glenwild,WG068,40.70279368500318,-111.51897621463831,6441.4,81,65.4,50.3,56.0,0.689,0.524,0.0,0.689,0.697,0.7679999999999999,60.1,60.48571428571428,0,0.0,0.0,0.0,0.0,0.0,0,0.5,6427.3,6455.3,6441.4,1.2,1.0,3.2,0.0,7.3,53.7,39.0,0.845,MUDDY,7,AVOID,high retained moisture creates muddy or saturated risk; heavy precipitation today,182,8
2026-10-11,OMH,Pinebrook,WG070,40.71997692753587,-111.55773747935044,6677.5,81,64.4,49.3,55.0,0.689,0.524,0.0,0.689,0.697,0.713,59.2,60.1,0,0.0,0.0,0.0,0.0,0.0,0,0.9,6531.5,6827.5,6677.5,14.7,15.1,23.3,8.2,0.0,30.1,61.6,0.864,MUDDY,7,AVOID,high retained moisture creates muddy or saturated risk; heavy precipitation today,182,3
2026-10-11,Pale Green Dot,Summit Park,WG078,40.74689592786439,-111.59182437672968,6802.1,81,64.3,49.2,54.9,0.689,0.524,0.0,0.689,0.697,0.697,59.26666666666667,60.57142857142857,0,0.0,0.0,0.0,0.0,0.0,0,1.0,6633.4,6985.9,6802.1,16.5,16.0,25.2,0.0,69.6,27.8,2.5,0.856,MUDDY,7,AVOID,high retained moisture creates muddy or saturated risk; heavy precipitation today,182,8
2026-10-11,Pinebrook Point,Pinebrook,WG089,40.75079411917499,-111.57994193527573,6623.3,81,64.6,49.5,55.2,0.689,0.524,0.0,0.689,0.697,0.697,59.56666666666666,60.871428571428574,0,0.0,0.0,0.0,0.0,0.0,0,0.3,6553.0,6684.0,6623.3,12.0,11.9,19.3,0.0,0.0,11.5,88.5,0.87,MUDDY,7,AVOID,high retained moisture creates muddy or saturated risk; heavy precipitation today,182,3
2026-10-11,Powerline,Pinebrook,WG078,40.74237998272819,-111.5716363238219,6548.4,81,64.3,49.2,54.9,0.689,0.524,0.0,0.689,0.697,0.697,59.26666666666667,60.57142857142857,0,0.0,0.0,0.0,0.0,0.0,0,0.3,6493.6,6609.7,6548.4,15.7,15.5,21.0,0.0,0.0,25.8,74.2,0.858,MUDDY,7,AVOID,high retained moisture creates muddy or saturated risk; heavy precipitation today,182,3
2026-10-11,Powerline Connector,Pinebrook,WG078,40.74298978990414,-111.5728828415412,6585.6,81,64.3,49.2,54.9,0.689,0.524,0.0,0.689,0.697,0.697,59.26666666666667,60.57142857142857,0,0.0,0.0,0.0,0.0,0.0,0,0.1,6554.5,6626.1,6585.6,17.9,18.6,21.5,0.0,0.0,46.2,53.8,0.84,MUDDY,7,AVOID,high retained moisture creates muddy or saturated risk; heavy precipitation today,182,3
2026-10-11,RTS,Jeremy Ranch / Glenwild,WG070,40.71664642216084,-111.55523569599896,6598.1,81,64.4,49.3,55.0,0.689,0.524,0.0,0.689,0.697,0.713,59.2,60.1,0,0.0,0.0,0.0,0.0,0.0,0,2.6,6478.1,6718.6,6598.1,7.8,7.2,18.3,2.1,0.0,22.3,75.5,0.865,MUDDY,7,AVOID,high retained moisture creates muddy or saturated risk; heavy precipitation today,182,8
2026-10-11,Road to WOS,Summit Park,WG082,40.73344363030311,-111.61407104321202,7712.2,81,61.0,45.9,51.5,0.689,0.524,0.0,0.689,0.697,0.697,56.26666666666667,58.771428571428565,0,0.0,0.0,0.0,0.0,0.0,0,2.8,7391.3,7924.7,7712.2,25.7,27.6,35.9,0.0,13.6,79.2,7.2,0.861,MUDDY,7,AVOID,high retained moisture creates muddy or saturated risk; heavy precipitation today,182,8
2026-10-11,Spare Change,Summit Park,WG080,40.74164553017363,-111.60031464541484,6827.9,81,64.1,49.0,54.6,0.689,0.524,0.0,0.689,0.697,0.697,59.06666666666667,61.05714285714286,0,0.0,0.0,0.0,0.0,0.0,0,0.3,6772.5,6883.6,6827.9,23.6,25.8,34.2,0.0,0.0,25.0,75.0,0.858,MUDDY,7,AVOID,high retained moisture creates muddy or saturated risk; heavy precipitation today,182,8
2026-10-11,The Graduate,Jeremy Ranch / Glenwild,WG085,40.7534431855279,-111.56237742796368,6343.1,81,65.9,50.8,56.4,0.689,0.524,0.0,0.689,0.697,0.697,60.833333333333336,62.18571428571428,0,0.0,0.0,0.0,0.0,0.0,0,0.7,6257.5,6445.1,6343.1,13.1,11.3,30.2,17.2,50.0,28.1,4.7,0.871,MUDDY,7,AVOID,high retained moisture creates muddy or saturated risk; heavy precipitation today,182,8
2026-10-11,Tideline,Jordanelle,WG025,40.64171272429878,-111.40053564270964,6530.0,81,66.5,50.5,55.7,0.61,0.543,0.0,0.61,0.618,0.618,59.36666666666667,61.35714285714285,0,0.0,0.0,0.0,0.0,0.0,0,0.1,6521.2,6544.8,6530.0,15.1,14.5,25.1,91.7,8.3,0.0,0.0,0.852,MUDDY,7,AVOID,high retained moisture creates muddy or saturated risk; heavy precipitation today,182,25
2026-10-11,Trailside,Round Valley,WG066,40.71864159830864,-111.50336949570412,6480.1,81,65.4,50.2,55.9,0.689,0.524,0.0,0.689,0.697,0.725,60.03333333333333,60.38571428571429,0,0.0,0.0,0.0,0.0,0.0,0,0.1,6473.9,6486.7,6480.1,3.6,3.6,5.7,0.0,0.0,28.6,71.4,0.86,MUDDY,7,AVOID,high retained moisture creates muddy or saturated risk; heavy precipitation today,182,66
2026-10-11,Woodside Gulch,Deer Valley,WG032,40.63428272582461,-111.50200856347875,7635.5,81,62.1,46.1,51.2,0.61,0.543,0.0,0.61,0.618,0.618,55.2,58.15714285714286,0,0.0,0.0,0.0,0.0,0.0,0,0.8,7305.3,7977.5,7635.5,22.8,24.0,31.3,46.5,0.0,2.8,50.7,0.865,MUDDY,7,AVOID,high retained moisture creates muddy or saturated risk; heavy precipitation today,182,45
2026-10-11,24-7,Jeremy Ranch / Glenwild,WG086,40.7580938928905,-111.55747502780672,6689.5,81,64.8,49.6,55.3,0.689,0.524,0.0,0.689,0.697,0.713,59.5,60.457142857142856,0,0.0,0.0,0.0,0.0,0.0,0,5.1,6216.2,6897.6,6689.5,17.7,17.7,33.3,43.4,37.0,19.4,0.2,0.904,MUDDY,6,AVOID,high retained moisture creates muddy or saturated risk; heavy precipitation today,208,16
2026-10-11,BLT,Jeremy Ranch / Glenwild,WG070,40.71492142685356,-111.56084442077211,6927.9,81,64.4,49.3,55.0,0.689,0.524,0.0,0.689,0.697,0.713,59.2,60.1,0,0.0,0.0,0.0,0.0,0.0,0,0.8,6827.5,6989.0,6927.9,17.6,17.3,29.1,23.5,8.8,0.0,67.6,0.904,MUDDY,6,AVOID,high retained moisture creates muddy or saturated risk; heavy precipitation today,208,16
2026-10-11,Canyons Downhill,Pinebrook,WG061,40.68430916809496,-111.56849091879047,7666.2,81,61.1,46.0,51.6,0.689,0.524,0.0,0.689,0.697,0.74,56.23333333333333,58.885714285714286,0,0.0,0.0,0.0,0.0,0.0,0,1.2,7182.1,8294.1,7666.2,26.4,27.3,37.8,17.8,0.0,64.4,17.8,0.899,MUDDY,6,AVOID,high retained moisture creates muddy or saturated risk; heavy precipitation today,208,10
2026-10-11,Cobblestone Loop,Jeremy Ranch / Glenwild,WG084,40.75845647840704,-111.52582619388934,6805.4,81,64.3,49.2,54.8,0.689,0.524,0.0,0.689,0.697,0.697,59.5,61.57142857142857,0,0.0,0.0,0.0,0.0,0.0,0,0.8,6740.4,6867.4,6805.4,15.5,17.3,28.1,26.5,4.4,0.0,69.1,0.904,MUDDY,6,AVOID,high retained moisture creates muddy or saturated risk; heavy precipitation today,208,16
2026-10-11,Cobblestone Trail,Jeremy Ranch / Glenwild,WG084,40.75512641497514,-111.52744418745776,6723.8,81,64.3,49.2,54.8,0.689,0.524,0.0,0.689,0.697,0.697,59.5,61.57142857142857,0,0.0,0.0,0.0,0.0,0.0,0,1.7,6505.3,6938.7,6723.8,11.4,10.3,28.4,25.5,10.6,8.5,55.3,0.895,MUDDY,6,AVOID,high retained moisture creates muddy or saturated risk; heavy precipitation today,208,16
2026-10-11,Dawns Trail,Park City / PCMR,WG051,40.65039115727101,-111.52578815180028,7505.7,81,61.4,46.3,51.9,0.689,0.524,0.0,0.689,0.697,0.756,56.63333333333333,59.18571428571428,0,0.0,0.0,0.0,0.0,0.0,0,0.9,7415.0,7576.9,7505.7,21.9,20.3,35.0,0.0,46.5,31.0,22.5,0.89,MUDDY,6,AVOID,high retained moisture creates muddy or saturated risk; heavy precipitation today,208,27
2026-10-11,Dubois,Jeremy Ranch / Glenwild,WG059,40.698630398586985,-111.55581872982933,6878.9,81,64.4,49.2,54.9,0.689,0.524,0.0,0.689,0.697,0.7679999999999999,59.0,59.4,0,0.0,0.0,0.0,0.0,0.0,0,1.4,6622.8,7164.4,6878.9,16.3,18.1,32.1,24.8,1.7,34.7,38.8,0.884,MUDDY,6,AVOID,high retained moisture creates muddy or saturated risk; heavy precipitation today,208,16
2026-10-11,Glenwild Loop,Jeremy Ranch / Glenwild,WG075,40.73989427988239,-111.52813430357229,6701.6,81,64.8,49.7,55.3,0.689,0.524,0.0,0.689,0.697,0.713,59.56666666666666,60.54285714285714,0,0.0,0.0,0.0,0.0,0.0,0,5.9,6431.8,7136.4,6701.6,11.6,10.8,29.7,35.1,19.3,6.4,39.1,0.909,MUDDY,6,AVOID,high retained moisture creates muddy or saturated risk; heavy precipitation today,208,16
2026-10-11,Holly's,Pinebrook,WG063,40.68604417524608,-111.57782170773478,7824.2,81,60.7,45.6,51.3,0.689,0.524,0.0,0.689,0.697,0.74,55.900000000000006,58.557142857142864,0,0.0,0.0,0.0,0.0,0.0,0,2.2,7520.7,8241.4,7824.2,27.2,28.3,42.4,12.1,1.6,67.0,19.2,0.891,MUDDY,6,AVOID,high retained moisture creates muddy or saturated risk; heavy precipitation today,208,10
2026-10-11,Iron Bill,Jeremy Ranch / Glenwild,WG071,40.70817834974828,-111.55726593666238,7034.2,81,62.3,47.2,52.8,0.689,0.524,0.0,0.689,0.697,0.741,57.5,59.67142857142857,0,0.0,0.0,0.0,0.0,0.0,0,2.0,6718.2,7267.2,7034.2,19.0,19.1,32.3,16.6,0.0,29.0,54.4,0.877,MUDDY,6,AVOID,high retained moisture creates muddy or saturated risk; heavy precipitation today,208,16
2026-10-11,Jailbreak,Jeremy Ranch / Glenwild,WG085,40.75712939272894,-111.56214780445411,6277.4,81,65.9,50.8,56.4,0.689,0.524,0.0,0.689,0.697,0.697,60.833333333333336,62.18571428571428,0,0.0,0.0,0.0,0.0,0.0,0,0.5,6261.8,6299.2,6277.4,10.6,8.6,29.3,18.0,60.0,22.0,0.0,0.877,MUDDY,6,AVOID,high retained moisture creates muddy or saturated risk; heavy precipitation today,208,16
2026-10-11,Legacy Ridge,Jeremy Ranch / Glenwild,WG071,40.70648419743829,-111.5603960205038,7414.3,81,62.3,47.2,52.8,0.689,0.524,0.0,0.689,0.697,0.741,57.5,59.67142857142857,0,0.0,0.0,0.0,0.0,0.0,0,0.5,7364.1,7451.5,7414.3,10.3,9.7,21.0,2.4,43.9,12.2,41.5,0.906,MUDDY,6,AVOID,high retained moisture creates muddy or saturated risk; heavy precipitation today,208,16
2026-10-11,Legacy. Loop,Jeremy Ranch / Glenwild,WG071,40.70737188748682,-111.5599210439625,7363.1,81,62.3,47.2,52.8,0.689,0.524,0.0,0.689,0.697,0.741,57.5,59.67142857142857,0,0.0,0.0,0.0,0.0,0.0,0,0.4,7345.2,7385.4,7363.1,15.4,15.0,20.8,0.0,29.4,38.2,32.4,0.88,MUDDY,6,AVOID,high retained moisture creates muddy or saturated risk; heavy precipitation today,208,16
2026-10-11,Moose Hollow,Summit Park,WG088,40.76397899834495,-111.58866445905328,6467.6,81,65.4,50.2,55.9,0.689,0.524,0.0,0.689,0.697,0.697,60.3,61.642857142857146,0,0.0,0.0,0.0,0.0,0.0,0,1.0,6221.3,6678.6,6467.6,17.4,18.6,25.5,25.0,0.0,2.5,72.5,0.9,MUDDY,6,AVOID,high retained moisture creates muddy or saturated risk; heavy precipitation today,208,13
2026-10-11,Moose Puddle,Pinebrook,WG071,40.70548588260783,-111.56718578772085,7487.6,81,62.3,47.2,52.8,0.689,0.524,0.0,0.689,0.697,0.741,57.5,59.67142857142857,0,0.0,0.0,0.0,0.0,0.0,0,3.4,6993.8,8052.9,7487.6,23.4,24.1,33.7,6.4,0.0,55.0,38.6,0.897,MUDDY,6,AVOID,high retained moisture creates muddy or saturated risk; heavy precipitation today,208,10
2026-10-11,Olympic,Pinebrook,WG064,40.69996684096533,-111.57868853500152,8004.0,81,59.7,44.6,50.3,0.689,0.524,0.0,0.689,0.697,0.729,55.03333333333333,57.41428571428571,0,0.0,0.0,0.0,0.0,0.0,0,1.2,7911.4,8056.5,8004.0,21.3,23.7,31.0,5.1,23.5,63.3,8.2,0.886,MUDDY,6,AVOID,high retained moisture creates muddy or saturated risk; heavy precipitation today,208,10
2026-10-11,Parley's Lane,Summit Park,WG089,40.75375624958085,-111.59849347383722,6719.0,81,64.6,49.5,55.2,0.689,0.524,0.0,0.689,0.697,0.697,59.56666666666666,60.871428571428574,0,0.0,0.0,0.0,0.0,0.0,0,1.0,6641.6,6766.5,6719.0,9.3,8.9,19.0,33.7,2.3,19.8,44.2,0.893,MUDDY,6,AVOID,high retained moisture creates muddy or saturated risk; heavy precipitation today,208,13
2026-10-11,Pinebrook Southeast Perimeter / Hunter's Trail of the Mid Mountain,Pinebrook,WG072,40.71419878562093,-111.5896757552273,7875.5,81,60.9,45.8,51.5,0.689,0.524,0.0,0.689,0.697,0.697,56.23333333333333,58.7,0,0.0,0.0,0.0,0.0,0.0,0,4.5,7281.3,8136.4,7875.5,23.6,23.4,40.6,8.7,12.8,35.0,43.4,0.91,MUDDY,6,AVOID,high retained moisture creates muddy or saturated risk; heavy precipitation today,208,10
2026-10-11,Pinebrook Southeast Perimeter Trail,Pinebrook,WG078,40.73058687532795,-111.57244227312069,6947.5,81,64.3,49.2,54.9,0.689,0.524,0.0,0.689,0.697,0.697,59.26666666666667,60.57142857142857,0,0.0,0.0,0.0,0.0,0.0,0,3.9,6418.7,7454.2,6947.5,22.5,22.0,36.2,48.1,1.6,18.4,31.9,0.907,MUDDY,6,AVOID,high retained moisture creates muddy or saturated risk; heavy precipitation today,208,10
2026-10-11,RTS / BLT,Jeremy Ranch / Glenwild,WG070,40.71544842193981,-111.5580228733734,6768.3,81,64.4,49.3,55.0,0.689,0.524,0.0,0.689,0.697,0.713,59.2,60.1,0,0.0,0.0,0.0,0.0,0.0,0,0.4,6711.6,6827.5,6768.3,17.1,17.3,28.4,10.0,0.0,6.7,83.3,0.886,MUDDY,6,AVOID,high retained moisture creates muddy or saturated risk; heavy precipitation today,208,16
2026-10-11,Rambler DT,Round Valley,WG056,40.699080350519786,-111.50674680507665,6485.7,81,65.3,50.2,55.8,0.689,0.524,0.0,0.689,0.697,0.725,59.93333333333334,60.31428571428571,0,0.0,0.0,0.0,0.0,0.0,0,0.2,6470.0,6508.3,6485.7,12.3,12.3,16.9,0.0,100.0,0.0,0.0,0.885,MUDDY,6,AVOID,high retained moisture creates muddy or saturated risk; heavy precipitation today,208,67
2026-10-11,Richochet,Park City / PCMR,WG062,40.68638148266805,-111.57139393545772,7468.3,81,61.8,46.7,52.3,0.689,0.524,0.0,0.689,0.697,0.74,56.93333333333334,59.6,0,0.0,0.0,0.0,0.0,0.0,0,2.5,6918.4,8101.8,7468.3,22.5,22.8,36.7,0.0,1.4,60.1,38.5,0.886,MUDDY,6,AVOID,high retained moisture creates muddy or saturated risk; heavy precipitation today,208,27
2026-10-11,Rob's Trail,Pinebrook,WG063,40.69704664952428,-111.5702364046946,7584.0,81,60.7,45.6,51.3,0.689,0.524,0.0,0.689,0.697,0.74,55.900000000000006,58.557142857142864,0,0.0,0.0,0.0,0.0,0.0,0,2.1,7146.5,7923.4,7584.0,25.6,26.0,35.1,18.2,1.1,75.0,5.7,0.889,MUDDY,6,AVOID,high retained moisture creates muddy or saturated risk; heavy precipitation today,208,10
2026-10-11,Short Stack,Summit Park,WG082,40.73936874753804,-111.6200542747078,7652.8,81,61.0,45.9,51.5,0.689,0.524,0.0,0.689,0.697,0.697,56.26666666666667,58.771428571428565,0,0.0,0.0,0.0,0.0,0.0,0,1.5,7374.7,7830.5,7652.8,26.7,26.7,36.8,7.1,0.0,43.3,49.6,0.901,MUDDY,6,AVOID,high retained moisture creates muddy or saturated risk; heavy precipitation today,208,13
2026-10-11,Winchester Trail,Jeremy Ranch / Glenwild,WG069,40.71094932830698,-111.54449441430567,6453.0,81,65.4,50.3,55.9,0.689,0.524,0.0,0.689,0.697,0.7679999999999999,60.06666666666666,60.44285714285714,0,0.0,0.0,0.0,0.0,0.0,0,0.2,6433.3,6465.9,6453.0,7.5,7.9,12.5,0.0,0.0,0.0,100.0,0.892,MUDDY,6,AVOID,high retained moisture creates muddy or saturated risk; heavy precipitation today,208,16
2026-10-11,Yeti's,Pinebrook,WG072,40.70910944007779,-111.57083697014414,7539.3,81,60.9,45.8,51.5,0.689,0.524,0.0,0.689,0.697,0.697,56.23333333333333,58.7,0,0.0,0.0,0.0,0.0,0.0,0,3.0,6939.0,8064.3,7539.3,21.9,21.9,36.4,0.4,11.6,54.7,33.3,0.884,MUDDY,6,AVOID,high retained moisture creates muddy or saturated risk; heavy precipitation today,208,10
2026-10-11,Ambush,Jeremy Ranch / Glenwild,WG063,40.694225906082366,-111.58181443950004,7757.7,81,60.7,45.6,51.3,0.689,0.524,0.0,0.689,0.697,0.74,55.900000000000006,58.557142857142864,0,0.0,0.0,0.0,0.0,0.0,0,1.6,7418.5,8136.4,7757.7,25.9,26.8,35.6,21.2,0.0,24.8,54.0,0.939,MUDDY,5,AVOID,high retained moisture creates muddy or saturated risk; heavy precipitation today,234,28
2026-10-11,Armstrong,Park City / PCMR,WG051,40.65248508262897,-111.52994268919429,7566.3,81,61.4,46.3,51.9,0.689,0.524,0.0,0.689,0.697,0.756,56.63333333333333,59.18571428571428,0,0.0,0.0,0.0,0.0,0.0,0,3.8,6958.3,8237.6,7566.3,20.8,21.5,33.2,0.0,8.3,30.4,61.2,0.917,MUDDY,5,AVOID,high retained moisture creates muddy or saturated risk; heavy precipitation today,234,29
2026-10-11,Fink Again,Jeremy Ranch / Glenwild,WG086,40.75125285000831,-111.55541181172696,6586.2,81,64.8,49.6,55.3,0.689,0.524,0.0,0.689,0.697,0.713,59.5,60.457142857142856,0,0.0,0.0,0.0,0.0,0.0,0,0.9,6445.1,6727.8,6586.2,11.7,11.8,14.8,66.2,33.8,0.0,0.0,0.942,MUDDY,5,AVOID,high retained moisture creates muddy or saturated risk; heavy precipitation today,234,28
2026-10-11,Legacy Loop,Jeremy Ranch / Glenwild,WG071,40.705995804360256,-111.55961886682412,7342.6,81,62.3,47.2,52.8,0.689,0.524,0.0,0.689,0.697,0.741,57.5,59.67142857142857,0,0.0,0.0,0.0,0.0,0.0,0,0.7,7260.5,7397.4,7342.6,17.1,16.5,26.3,25.0,30.0,1.7,43.3,0.937,MUDDY,5,AVOID,high retained moisture creates muddy or saturated risk; heavy precipitation today,234,28
2026-10-11,Pinebrook Southeast Perimeter / Pinebrook SE Perimeter,Pinebrook,WG079,40.72863077219642,-111.58102679054537,7392.0,81,62.1,46.9,52.6,0.689,0.524,0.0,0.689,0.697,0.741,57.3,59.5,0,0.0,0.0,0.0,0.0,0.0,0,1.7,7120.0,7559.3,7392.0,19.9,21.5,33.8,20.3,36.2,6.5,37.0,0.928,MUDDY,5,AVOID,high retained moisture creates muddy or saturated risk; heavy precipitation today,234,18
2026-10-11,Preserve Connector,Jeremy Ranch / Glenwild,WG087,40.76330147562161,-111.54585203221042,7230.0,81,62.5,47.4,53.0,0.689,0.524,0.0,0.689,0.697,0.697,57.66666666666666,59.785714285714285,0,0.0,0.0,0.0,0.0,0.0,0,0.9,7066.5,7395.2,7230.0,18.8,19.4,29.7,28.9,68.4,1.3,1.3,0.933,MUDDY,5,AVOID,high retained moisture creates muddy or saturated risk; heavy precipitation today,234,28
2026-10-11,Short Ribs,Summit Park,WG082,40.7348537895427,-111.62048055745409,7705.3,81,61.0,45.9,51.5,0.689,0.524,0.0,0.689,0.697,0.697,56.26666666666667,58.771428571428565,0,0.0,0.0,0.0,0.0,0.0,0,0.2,7670.7,7741.2,7705.3,24.0,23.9,30.9,0.0,0.0,0.0,100.0,0.935,MUDDY,5,AVOID,high retained moisture creates muddy or saturated risk; heavy precipitation today,234,16
2026-10-11,Stealth Connector / Pheasant Way,Jeremy Ranch / Glenwild,WG076,40.73167942348123,-111.54708752211994,6361.5,81,65.6,50.5,56.2,0.689,0.524,0.0,0.689,0.697,0.713,60.4,61.3,0,0.0,0.0,0.0,0.0,0.0,0,0.3,6330.9,6398.1,6361.5,5.3,4.7,14.3,59.1,9.1,27.3,4.5,0.911,MUDDY,5,AVOID,high retained moisture creates muddy or saturated risk; heavy precipitation today,234,28
2026-10-11,Stealth Trail,Jeremy Ranch / Glenwild,WG077,40.73631275924013,-111.5447596003018,6560.0,81,64.9,49.8,55.4,0.689,0.524,0.0,0.689,0.697,0.713,59.66666666666666,60.57142857142857,0,0.0,0.0,0.0,0.0,0.0,0,2.3,6346.1,6903.5,6560.0,15.2,16.1,27.2,66.5,32.0,0.5,1.0,0.941,MUDDY,5,AVOID,high retained moisture creates muddy or saturated risk; heavy precipitation today,234,28
2026-10-11,Tall Oaks Circle,Pinebrook,WG078,40.73938310561022,-111.57541687830556,6961.5,81,64.3,49.2,54.9,0.689,0.524,0.0,0.689,0.697,0.697,59.26666666666667,60.57142857142857,0,0.0,0.0,0.0,0.0,0.0,0,0.3,6901.0,7028.0,6961.5,12.3,12.6,19.5,47.8,47.8,4.3,0.0,0.919,MUDDY,5,AVOID,high retained moisture creates muddy or saturated risk; heavy precipitation today,234,18
2026-10-11,The Upper Avenues,Summit Park,WG090,40.75942210135698,-111.60997791538348,7425.0,81,62.6,47.4,53.1,0.689,0.524,0.0,0.689,0.697,0.697,57.56666666666666,59.54285714285714,0,0.0,0.0,0.0,0.0,0.0,0,1.5,7235.4,7548.3,7425.0,12.4,12.1,27.0,56.3,8.4,16.0,19.3,0.944,MUDDY,5,AVOID,high retained moisture creates muddy or saturated risk; heavy precipitation today,234,16
2026-10-11,Blackhawk Trail,Jeremy Ranch / Glenwild,WG075,40.73111252615939,-111.53542276920604,6536.5,81,64.8,49.7,55.3,0.689,0.524,0.0,0.689,0.697,0.713,59.56666666666666,60.54285714285714,0,0.0,0.0,0.0,0.0,0.0,0,2.5,6347.6,6739.8,6536.5,16.6,16.7,28.9,74.3,21.4,0.0,4.3,0.949,MUDDY,4,AVOID,high retained moisture creates muddy or saturated risk; heavy precipitation today,245,34
2026-10-11,Flying Dog,Jeremy Ranch / Glenwild,WG087,40.77237660098178,-111.54161762597796,7321.2,81,62.5,47.4,53.0,0.689,0.524,0.0,0.689,0.697,0.697,57.66666666666666,59.785714285714285,0,0.0,0.0,0.0,0.0,0.0,0,6.1,6867.4,7759.1,7321.2,17.8,17.6,31.1,54.3,26.7,9.5,9.5,0.948,MUDDY,4,AVOID,high retained moisture creates muddy or saturated risk; heavy precipitation today,245,34
2026-10-11,Rosebud's Heaven,Park City / PCMR,WG060,40.69195554103422,-111.5659528759652,7326.9,81,62.8,47.7,53.3,0.689,0.524,0.0,0.689,0.697,0.741,58.03333333333333,60.22857142857142,0,0.0,0.0,0.0,0.0,0.0,0,2.1,7148.5,7503.1,7326.9,26.9,26.5,39.8,55.5,2.3,4.6,37.6,0.962,MUDDY,4,AVOID,high retained moisture creates muddy or saturated risk; heavy precipitation today,245,30
2026-10-11,Short Cut,Jeremy Ranch / Glenwild,WG064,40.68025862222409,-111.57883598783349,8081.5,81,59.7,44.6,50.3,0.689,0.524,0.0,0.689,0.697,0.729,55.03333333333333,57.41428571428571,0,0.0,0.0,0.0,0.0,0.0,0,0.9,7945.4,8245.4,8081.5,19.6,23.0,31.3,28.9,0.0,47.4,23.7,0.95,MUDDY,4,AVOID,high retained moisture creates muddy or saturated risk; heavy precipitation today,245,34
2026-10-11,The Avenues,Summit Park,WG090,40.75998198374273,-111.6028265058925,7081.5,81,62.6,47.4,53.1,0.689,0.524,0.0,0.689,0.697,0.697,57.56666666666666,59.54285714285714,0,0.0,0.0,0.0,0.0,0.0,0,1.7,6907.1,7241.2,7081.5,20.5,20.6,30.1,62.7,0.0,0.0,37.3,0.965,MUDDY,4,AVOID,high retained moisture creates muddy or saturated risk; heavy precipitation today,245,18
2026-10-11,Gold Finger,Park City / PCMR,WG053,40.65997467243904,-111.55431689925648,8081.9,81,59.2,44.1,49.7,0.689,0.524,0.0,0.689,0.697,0.752,54.3,56.457142857142856,0,0.0,0.0,0.0,0.0,0.0,0,1.1,7876.6,8290.6,8081.9,25.9,25.7,31.6,0.0,100.0,0.0,0.0,1.042,MUDDY,2,AVOID,high retained moisture creates muddy or saturated risk; heavy precipitation today,250,31
2026-10-11,Iron Man,Park City / PCMR,WG053,40.6585520468376,-111.5452566956134,8305.8,81,59.2,44.1,49.7,0.689,0.524,0.0,0.689,0.697,0.752,54.3,56.457142857142856,0,0.0,0.0,0.0,0.0,0.0,0,2.9,7976.8,8555.0,8305.8,25.4,25.4,36.0,9.5,45.9,16.5,28.1,1.035,MUDDY,2,AVOID,high retained moisture creates muddy or saturated risk; heavy precipitation today,250,31
2026-10-11,Payday,Park City / PCMR,WG035,40.64053545819342,-111.51124538504462,7598.1,81,59.9,45.9,50.8,0.819,0.677,0.0,0.819,0.831,0.8899999999999999,55.4,58.385714285714286,0,0.0,0.0,0.0,0.0,0.0,0,1.7,7139.7,8117.7,7598.1,11.4,11.3,22.6,0.0,16.6,75.9,7.6,1.038,MUDDY,2,AVOID,high retained moisture creates muddy or saturated risk; heavy precipitation today,250,31
2026-10-11,CMG,Park City / PCMR,WG035,40.645848884326966,-111.51679268892973,7606.5,81,59.9,45.9,50.8,0.819,0.677,0.0,0.819,0.831,0.8899999999999999,55.4,58.385714285714286,0,0.0,0.0,0.0,0.0,0.0,0,2.9,7010.6,8231.6,7606.5,21.0,21.5,38.4,0.0,36.1,41.0,22.9,1.078,MUDDY,1,AVOID,high retained moisture creates muddy or saturated risk; heavy precipitation today,253,34
2026-10-11,H.A.M.,Park City / PCMR,WG035,40.64547382276132,-111.53139851516626,7780.5,81,59.9,45.9,50.8,0.819,0.677,0.0,0.819,0.831,0.8899999999999999,55.4,58.385714285714286,0,0.0,0.0,0.0,0.0,0.0,0,0.8,7699.4,7896.1,7780.5,25.5,24.6,37.0,1.4,15.9,36.2,46.4,1.085,MUDDY,1,AVOID,high retained moisture creates muddy or saturated risk; heavy precipitation today,253,34
2026-10-11,Iron Mountain Trail,Park City / PCMR,WG054,40.65649532455427,-111.54475504732362,8753.8,81,57.2,42.1,47.7,0.689,0.524,0.0,0.689,0.697,0.752,52.3,54.457142857142856,0,0.0,0.0,0.0,0.0,0.0,0,0.5,8553.9,9013.4,8753.8,19.3,20.1,26.2,26.7,53.3,15.6,4.4,1.054,MUDDY,1,AVOID,high retained moisture creates muddy or saturated risk; heavy precipitation today,253,34
2026-10-11,Jenni's Trail,Park City / PCMR,WG034,40.64869166733497,-111.51220769740809,7207.7,81,61.2,47.2,52.2,0.819,0.677,0.0,0.819,0.831,0.8899999999999999,56.76666666666667,59.771428571428565,0,0.0,0.0,0.0,0.0,0.0,0,1.4,6966.1,7501.1,7207.7,15.8,15.8,25.3,1.6,8.9,35.5,54.0,1.054,MUDDY,1,AVOID,high retained moisture creates muddy or saturated risk; heavy precipitation today,253,34
2026-10-11,Jenni's Trail upper,Park City / PCMR,WG035,40.63937813819639,-111.5112423147728,7789.7,81,59.9,45.9,50.8,0.819,0.677,0.0,0.819,0.831,0.8899999999999999,55.4,58.385714285714286,0,0.0,0.0,0.0,0.0,0.0,0,3.1,7487.3,8174.7,7789.7,20.5,20.2,38.0,0.0,22.6,47.4,30.1,1.07,MUDDY,1,AVOID,high retained moisture creates muddy or saturated risk; heavy precipitation today,253,34
2026-10-11,Red Bull,Park City / PCMR,WG035,40.63958635838598,-111.51326842477698,7769.0,81,59.9,45.9,50.8,0.819,0.677,0.0,0.819,0.831,0.8899999999999999,55.4,58.385714285714286,0,0.0,0.0,0.0,0.0,0.0,0,1.2,7139.7,8293.6,7769.0,19.0,20.4,29.9,0.0,0.0,48.6,51.4,1.069,MUDDY,1,AVOID,high retained moisture creates muddy or saturated risk; heavy precipitation today,253,34
2026-10-11,Seldom Seen,Park City / PCMR,WG034,40.64892938917546,-111.51571616491609,7435.6,81,61.2,47.2,52.2,0.819,0.677,0.0,0.819,0.831,0.8899999999999999,56.76666666666667,59.771428571428565,0,0.0,0.0,0.0,0.0,0.0,0,1.9,7104.9,7720.5,7435.6,20.5,19.1,37.4,0.6,9.2,19.0,71.2,1.071,MUDDY,1,AVOID,high retained moisture creates muddy or saturated risk; heavy precipitation today,253,34
2026-10-11,Spiro Trail,Park City / PCMR,WG035,40.64755384631944,-111.52407012433112,7617.4,81,59.9,45.9,50.8,0.819,0.677,0.0,0.819,0.831,0.8899999999999999,55.4,58.385714285714286,0,0.0,0.0,0.0,0.0,0.0,0,3.1,6934.7,8185.7,7617.4,21.4,21.5,33.5,0.0,37.4,43.9,18.7,1.074,MUDDY,1,AVOID,high retained moisture creates muddy or saturated risk; heavy precipitation today,253,34
2026-10-11,9K Trail,Park City / PCMR,WG017,40.61454424262402,-111.5340694590712,9222.8,81,54.4,40.4,45.3,0.819,0.677,0.0,0.819,0.831,0.847,49.56666666666666,51.82857142857143,0,0.0,0.0,0.0,0.0,0.0,0,5.8,8959.5,9439.0,9222.8,20.4,21.0,37.9,18.4,9.7,46.2,25.8,1.242,MUDDY,0,AVOID,high retained moisture creates muddy or saturated risk; heavy precipitation today,261,42
2026-10-11,Alta-Brighton Trail,Park City / PCMR,WG009,40.59874189108338,-111.5904390735144,9081.0,81,54.6,40.5,45.5,0.819,0.677,0.0,0.819,0.831,0.831,49.866666666666674,51.98571428571428,0,0.0,0.0,0.0,0.0,0.0,0,0.9,8748.9,9462.1,9081.0,12.4,11.7,28.0,13.5,2.7,25.7,58.1,1.259,MUDDY,0,AVOID,high retained moisture creates muddy or saturated risk; heavy precipitation today,261,42
2026-10-11,Apex,Park City / PCMR,WG038,40.62520958876211,-111.53395003281469,9146.4,81,54.7,40.7,45.6,0.819,0.677,0.0,0.819,0.831,0.863,49.86666666666667,52.08571428571429,0,0.0,0.0,0.0,0.0,0.0,0,2.2,8755.5,9591.9,9146.4,18.6,17.3,36.0,0.0,34.4,65.1,0.5,1.198,MUDDY,0,AVOID,high retained moisture creates muddy or saturated risk; heavy precipitation today,261,42
2026-10-11,Aspen Slalom,Deer Valley,WG013,40.61311265842392,-111.48457791355952,8816.9,81,56.0,42.0,46.9,0.819,0.677,0.0,0.819,0.831,0.831,51.3,53.785714285714285,0,0.0,0.0,0.0,0.0,0.0,0,1.4,8481.2,9250.5,8816.9,18.7,18.5,29.6,0.0,39.7,59.5,0.8,1.155,MUDDY,0,AVOID,high retained moisture creates muddy or saturated risk; heavy precipitation today,261,47
2026-10-11,Black Forest,Deer Valley,WG016,40.61940428916709,-111.52036519166067,8929.3,81,55.9,41.9,46.8,0.819,0.677,0.0,0.819,0.831,0.831,51.16666666666666,53.65714285714286,0,0.0,0.0,0.0,0.0,0.0,0,0.8,8567.5,9099.9,8929.3,15.9,16.4,31.7,3.0,9.1,77.3,10.6,1.137,MUDDY,0,AVOID,high retained moisture creates muddy or saturated risk; heavy precipitation today,261,47
2026-10-11,Blazing Saddle,Park City / PCMR,WG020,40.61652898868821,-111.55635878361066,9384.9,81,54.1,40.1,45.1,0.819,0.677,0.0,0.819,0.831,0.847,49.333333333333336,51.57142857142857,0,0.0,0.0,0.0,0.0,0.0,0,0.7,9295.6,9481.6,9384.9,18.3,19.7,28.9,51.7,0.0,0.0,48.3,1.344,MUDDY,0,AVOID,high retained moisture creates muddy or saturated risk; heavy precipitation today,261,42
2026-10-11,Bonanza Flat Overlook,Deer Valley,WG017,40.60116766018752,-111.5344182482656,9112.3,81,54.4,40.4,45.3,0.819,0.677,0.0,0.819,0.831,0.847,49.56666666666666,51.82857142857143,0,0.0,0.0,0.0,0.0,0.0,0,0.1,9086.5,9126.7,9112.3,13.8,14.1,20.1,70.0,0.0,10.0,20.0,1.354,MUDDY,0,AVOID,high retained moisture creates muddy or saturated risk; heavy precipitation today,261,47
2026-10-11,Bonanza Loop Trail,Deer Valley,WG016,40.60282163896819,-111.52815381158308,8908.5,81,55.9,41.9,46.8,0.819,0.677,0.0,0.819,0.831,0.831,51.16666666666666,53.65714285714286,0,0.0,0.0,0.0,0.0,0.0,0,4.8,8695.4,9086.5,8908.5,11.5,11.2,26.8,44.0,4.9,11.1,40.0,1.269,MUDDY,0,AVOID,high retained moisture creates muddy or saturated risk; heavy precipitation today,261,47
2026-10-11,Boulder,Deer Valley,WG013,40.61539223980999,-111.50399769475118,8635.0,81,56.0,42.0,46.9,0.819,0.677,0.0,0.819,0.831,0.831,51.3,53.785714285714285,0,0.0,0.0,0.0,0.0,0.0,0,1.4,8415.7,8851.3,8635.0,15.8,15.5,21.0,0.0,19.7,80.3,0.0,1.13,MUDDY,0,AVOID,high retained moisture creates muddy or saturated risk; heavy precipitation today,261,47
2026-10-11,Boulder / Trump,Deer Valley,WG013,40.610998229404565,-111.50208555144307,8996.4,81,56.0,42.0,46.9,0.819,0.677,0.0,0.819,0.831,0.831,51.3,53.785714285714285,0,0.0,0.0,0.0,0.0,0.0,0,0.4,8942.9,9037.1,8996.4,12.9,12.6,22.7,0.0,8.6,60.0,31.4,1.154,MUDDY,0,AVOID,high retained moisture creates muddy or saturated risk; heavy precipitation today,261,47
2026-10-11,Bow Hunter,Deer Valley,WG014,40.60108596513679,-111.48484426536052,9020.3,81,55.1,41.0,46.0,0.819,0.677,0.0,0.819,0.831,0.831,50.36666666666667,52.785714285714285,0,0.0,0.0,0.0,0.0,0.0,0,0.7,8978.5,9076.6,9020.3,21.4,21.6,33.7,28.6,0.0,0.0,71.4,1.311,MUDDY,0,AVOID,high retained moisture creates muddy or saturated risk; heavy precipitation today,261,47
2026-10-11,Bow Hunter Extension,Deer Valley,WG005,40.59796119210968,-111.4848069886625,9014.7,81,55.2,41.1,46.1,0.819,0.677,0.0,0.819,0.831,0.831,50.46666666666667,52.885714285714286,0,0.0,0.0,0.0,0.0,0.0,0,0.2,8991.5,9031.2,9014.7,17.1,20.8,26.6,28.6,9.5,19.0,42.9,1.287,MUDDY,0,AVOID,high retained moisture creates muddy or saturated risk; heavy precipitation today,261,47
2026-10-11,Brighton Lakes Trail,Park City / PCMR,WG009,40.59287052758444,-111.58751257009568,9276.0,81,54.6,40.5,45.5,0.819,0.677,0.0,0.819,0.831,0.831,49.866666666666674,51.98571428571428,0,0.0,0.0,0.0,0.0,0.0,0,1.9,8827.7,9547.3,9276.0,15.1,13.7,36.8,6.5,16.0,50.9,26.6,1.218,MUDDY,0,AVOID,high retained moisture creates muddy or saturated risk; heavy precipitation today,261,42
2026-10-11,Catherine's Pass Trail,Park City / PCMR,WG010,40.585096359880005,-111.59078643106362,9753.9,81,52.7,38.6,43.6,0.819,0.677,0.0,0.819,0.831,0.831,47.96666666666667,50.08571428571428,0,0.0,0.0,0.0,0.0,0.0,0,1.5,9379.6,10222.3,9753.9,16.9,17.1,36.8,16.9,39.5,16.9,26.6,1.274,MUDDY,0,AVOID,high retained moisture creates muddy or saturated risk; heavy precipitation today,261,42
2026-10-11,Claim Jumper,Park City / PCMR,WG036,40.63958065995946,-111.52518162563226,8147.6,81,57.6,43.6,48.5,0.819,0.677,0.0,0.819,0.831,0.847,53.1,55.89999999999999,0,0.0,0.0,0.0,0.0,0.0,0,1.4,7689.3,8633.5,8147.6,17.2,19.1,28.0,2.3,66.9,21.1,9.8,1.208,MUDDY,0,AVOID,high retained moisture creates muddy or saturated risk; heavy precipitation today,261,42
2026-10-11,Clayton Peak Trail,Park City / PCMR,WG010,40.58693552999217,-111.57085635011327,9813.5,81,52.7,38.6,43.6,0.819,0.677,0.0,0.819,0.831,0.831,47.96666666666667,50.08571428571428,0,0.0,0.0,0.0,0.0,0.0,0,2.0,9358.3,10347.8,9813.5,19.0,18.5,35.6,1.1,38.3,54.3,6.3,1.207,MUDDY,0,AVOID,high retained moisture creates muddy or saturated risk; heavy precipitation today,261,42
2026-10-11,Colony Mid Mountain Connector,Park City / PCMR,WG052,40.65011049975458,-111.53932673410868,8429.2,81,57.3,43.2,48.2,0.819,0.677,0.0,0.819,0.831,0.8859999999999999,52.6,55.22857142857144,0,0.0,0.0,0.0,0.0,0.0,0,0.5,8408.0,8464.3,8429.2,26.1,29.3,34.9,0.0,0.0,17.9,82.1,1.217,MUDDY,0,AVOID,high retained moisture creates muddy or saturated risk; heavy precipitation today,261,42
2026-10-11,Comstock Mine Trail,Park City / PCMR,WG019,40.62270505527668,-111.54357954562096,8723.6,81,56.2,42.2,47.2,0.819,0.677,0.0,0.819,0.831,0.863,51.400000000000006,53.614285714285714,0,0.0,0.0,0.0,0.0,0.0,0,0.6,8545.6,8846.5,8723.6,13.4,13.2,25.9,0.0,0.0,13.5,86.5,1.218,MUDDY,0,AVOID,high retained moisture creates muddy or saturated risk; heavy precipitation today,261,42
2026-10-11,Corvair,Deer Valley,WG016,40.61099169805087,-111.51230389508405,8648.6,81,55.9,41.9,46.8,0.819,0.677,0.0,0.819,0.831,0.831,51.16666666666666,53.65714285714286,0,0.0,0.0,0.0,0.0,0.0,0,1.3,8388.6,8848.4,8648.6,19.4,19.3,30.4,0.0,7.1,73.5,19.5,1.138,MUDDY,0,AVOID,high retained moisture creates muddy or saturated risk; heavy precipitation today,261,47
2026-10-11,Corvair (Upper),Deer Valley,WG016,40.60840912265719,-111.51090449857222,8883.3,81,55.9,41.9,46.8,0.819,0.677,0.0,0.819,0.831,0.831,51.16666666666666,53.65714285714286,0,0.0,0.0,0.0,0.0,0.0,0,0.7,8839.3,8949.2,8883.3,19.9,19.0,29.7,0.0,0.0,43.5,56.5,1.175,MUDDY,0,AVOID,high retained moisture creates muddy or saturated risk; heavy precipitation today,261,47
2026-10-11,Corvair Connector,Deer Valley,WG016,40.61070239150149,-111.5115633319795,8812.1,81,55.9,41.9,46.8,0.819,0.677,0.0,0.819,0.831,0.831,51.16666666666666,53.65714285714286,0,0.0,0.0,0.0,0.0,0.0,0,0.1,8779.5,8843.9,8812.1,12.3,11.4,17.1,0.0,0.0,80.0,20.0,1.13,MUDDY,0,AVOID,high retained moisture creates muddy or saturated risk; heavy precipitation today,261,47
2026-10-11,Crescent Ridge,Park City / PCMR,WG036,40.64328062856461,-111.5205999025961,8289.2,81,57.6,43.6,48.5,0.819,0.677,0.0,0.819,0.831,0.847,53.1,55.89999999999999,0,0.0,0.0,0.0,0.0,0.0,0,1.0,7832.5,8633.9,8289.2,11.1,10.8,16.6,1.1,23.2,75.8,0.0,1.139,MUDDY,0,AVOID,high retained moisture creates muddy or saturated risk; heavy precipitation today,261,42
2026-10-11,Cyn City,Park City / PCMR,WG016,40.62106458390316,-111.52108056020784,8700.1,81,55.9,41.9,46.8,0.819,0.677,0.0,0.819,0.831,0.831,51.16666666666666,53.65714285714286,0,0.0,0.0,0.0,0.0,0.0,0,2.6,8372.6,9048.5,8700.1,21.1,21.0,34.1,1.4,7.0,85.5,6.1,1.125,MUDDY,0,AVOID,high retained moisture creates muddy or saturated risk; heavy precipitation today,261,42
2026-10-11,Daly Canyon,Deer Valley,WG011,40.620194319264456,-111.50922727258838,7986.4,81,59.1,45.1,50.1,0.819,0.677,0.0,0.819,0.831,0.847,54.63333333333333,57.42857142857143,0,0.0,0.0,0.0,0.0,0.0,0,0.4,7856.6,8124.1,7986.4,10.4,9.7,18.5,0.0,17.5,55.0,27.5,1.131,MUDDY,0,AVOID,high retained moisture creates muddy or saturated risk; heavy precipitation today,261,47
2026-10-11,Daly Grind,Deer Valley,WG011,40.62436395642222,-111.5065519695764,7745.3,81,59.1,45.1,50.1,0.819,0.677,0.0,0.819,0.831,0.847,54.63333333333333,57.42857142857143,0,0.0,0.0,0.0,0.0,0.0,0,0.3,7630.5,7856.6,7745.3,10.8,9.8,18.2,0.0,0.0,14.3,85.7,1.179,MUDDY,0,AVOID,high retained moisture creates muddy or saturated risk; heavy precipitation today,261,47
2026-10-11,Dead Tree,Park City / PCMR,WG021,40.611358588022426,-111.54588982448988,9653.6,81,52.6,38.6,43.6,0.819,0.677,0.0,0.819,0.831,0.831,47.93333333333334,49.81428571428571,0,0.0,0.0,0.0,0.0,0.0,0,0.8,9569.8,9775.6,9653.6,26.5,27.5,37.8,35.4,21.5,43.1,0.0,1.265,MUDDY,0,AVOID,high retained moisture creates muddy or saturated risk; heavy precipitation today,261,42
2026-10-11,Deer Camp,Deer Valley,WG013,40.60519585339864,-111.4911066437841,8920.6,81,56.0,42.0,46.9,0.819,0.677,0.0,0.819,0.831,0.831,51.3,53.785714285714285,0,0.0,0.0,0.0,0.0,0.0,0,0.7,8822.7,8995.5,8920.6,10.1,10.4,15.8,0.0,69.2,18.5,12.3,1.205,MUDDY,0,AVOID,high retained moisture creates muddy or saturated risk; heavy precipitation today,261,47
2026-10-11,East Fallen Pines Lane,Park City / PCMR,WG022,40.61551642366452,-111.57912837068116,8712.4,81,56.2,42.1,47.1,0.819,0.677,0.0,0.819,0.831,0.918,51.26666666666667,53.12857142857143,0,0.0,0.0,0.0,0.0,0.0,0,0.6,8602.1,8801.9,8712.4,12.6,12.9,19.7,0.0,2.0,72.0,26.0,1.156,MUDDY,0,AVOID,high retained moisture creates muddy or saturated risk; heavy precipitation today,261,42
2026-10-11,Easy Rider,Park City / PCMR,WG009,40.59580193116481,-111.57632308440664,9141.3,81,54.6,40.5,45.5,0.819,0.677,0.0,0.819,0.831,0.831,49.866666666666674,51.98571428571428,0,0.0,0.0,0.0,0.0,0.0,0,2.3,8764.0,9471.9,9141.3,14.6,13.4,33.3,0.5,82.3,16.1,1.0,1.255,MUDDY,0,AVOID,high retained moisture creates muddy or saturated risk; heavy precipitation today,261,42
2026-10-11,Empire Link,Deer Valley,WG012,40.62422557470265,-111.50748256286928,8022.2,81,57.9,43.9,48.8,0.819,0.677,0.0,0.819,0.831,0.831,53.36666666666667,56.385714285714286,0,0.0,0.0,0.0,0.0,0.0,0,2.2,7856.6,8281.6,8022.2,22.6,23.7,35.5,4.7,19.4,50.3,25.7,1.172,MUDDY,0,AVOID,high retained moisture creates muddy or saturated risk; heavy precipitation today,261,47
2026-10-11,Empire Lodge,Deer Valley,WG015,40.61442062316093,-111.51298418240138,8439.2,81,57.7,43.7,48.6,0.819,0.677,0.0,0.819,0.831,0.847,53.2,56.0,0,0.0,0.0,0.0,0.0,0.0,0,0.4,8326.0,8614.8,8439.2,13.0,12.8,26.8,28.2,0.0,5.1,66.7,1.26,MUDDY,0,AVOID,high retained moisture creates muddy or saturated risk; heavy precipitation today,261,47
2026-10-11,Empire Pass Connector,Deer Valley,WG016,40.60627316294136,-111.51481095351645,8948.4,81,55.9,41.9,46.8,0.819,0.677,0.0,0.819,0.831,0.831,51.16666666666666,53.65714285714286,0,0.0,0.0,0.0,0.0,0.0,0,0.4,8924.0,8965.9,8948.4,12.8,13.4,22.3,87.8,2.4,0.0,9.8,1.336,MUDDY,0,AVOID,high retained moisture creates muddy or saturated risk; heavy precipitation today,261,47
2026-10-11,Evil Empire,Park City / PCMR,WG016,40.61923823662483,-111.52513988679308,8746.8,81,55.9,41.9,46.8,0.819,0.677,0.0,0.819,0.831,0.831,51.16666666666666,53.65714285714286,0,0.0,0.0,0.0,0.0,0.0,0,0.9,8443.1,9143.3,8746.8,13.8,14.4,22.8,0.0,0.0,68.0,32.0,1.145,MUDDY,0,AVOID,high retained moisture creates muddy or saturated risk; heavy precipitation today,261,42
2026-10-11,Fat Lip,Park City / PCMR,WG016,40.62192963761681,-111.5279713594279,8931.1,81,55.9,41.9,46.8,0.819,0.677,0.0,0.819,0.831,0.831,51.16666666666666,53.65714285714286,0,0.0,0.0,0.0,0.0,0.0,0,1.0,8870.4,8982.9,8931.1,20.9,20.7,36.0,34.9,0.0,6.0,59.0,1.264,MUDDY,0,AVOID,high retained moisture creates muddy or saturated risk; heavy precipitation today,261,42
2026-10-11,Fireswamp,Deer Valley,WG013,40.61340925382439,-111.48239833860336,8873.0,81,56.0,42.0,46.9,0.819,0.677,0.0,0.819,0.831,0.831,51.3,53.785714285714285,0,0.0,0.0,0.0,0.0,0.0,0,0.7,8482.6,9273.9,8873.0,18.8,19.8,25.9,0.0,0.0,100.0,0.0,1.105,MUDDY,0,AVOID,high retained moisture creates muddy or saturated risk; heavy precipitation today,261,47
2026-10-11,Flagstaff Loop,Deer Valley,WG013,40.60758047007656,-111.496735533601,8898.0,81,56.0,42.0,46.9,0.819,0.677,0.0,0.819,0.831,0.831,51.3,53.785714285714285,0,0.0,0.0,0.0,0.0,0.0,0,3.0,8785.5,9010.6,8898.0,10.1,10.0,23.7,8.7,13.0,40.1,38.3,1.19,MUDDY,0,AVOID,high retained moisture creates muddy or saturated risk; heavy precipitation today,261,47
2026-10-11,Flat Iron,Park City / PCMR,WG036,40.62696082564811,-111.51719430456902,8393.5,81,57.6,43.6,48.5,0.819,0.677,0.0,0.819,0.831,0.847,53.1,55.89999999999999,0,0.0,0.0,0.0,0.0,0.0,0,0.6,8260.7,8492.0,8393.5,15.3,14.7,28.6,19.2,0.0,15.4,65.4,1.236,MUDDY,0,AVOID,high retained moisture creates muddy or saturated risk; heavy precipitation today,261,42
2026-10-11,Forest Glen Trail,Park City / PCMR,WG022,40.61089948644494,-111.5784844905115,8765.8,81,56.2,42.1,47.1,0.819,0.677,0.0,0.819,0.831,0.918,51.26666666666667,53.12857142857143,0,0.0,0.0,0.0,0.0,0.0,0,0.2,8661.3,8874.6,8765.8,24.6,26.4,35.4,0.0,95.2,4.8,0.0,1.239,MUDDY,0,AVOID,high retained moisture creates muddy or saturated risk; heavy precipitation today,261,42
2026-10-11,Golden Needle,Park City / PCMR,WG008,40.59452078975266,-111.56725110409884,9811.4,81,52.6,38.5,43.5,0.819,0.677,0.0,0.819,0.831,0.8739999999999999,47.833333333333336,49.7,0,0.0,0.0,0.0,0.0,0.0,0,0.8,9288.1,10347.8,9811.4,17.7,17.1,28.2,2.9,95.7,1.4,0.0,1.285,MUDDY,0,AVOID,high retained moisture creates muddy or saturated risk; heavy precipitation today,261,42
2026-10-11,Gotcha Cuttoff,Park City / PCMR,WG035,40.64587964864319,-111.5166123821088,7673.2,81,59.9,45.9,50.8,0.819,0.677,0.0,0.819,0.831,0.8899999999999999,55.4,58.385714285714286,0,0.0,0.0,0.0,0.0,0.0,0,1.5,7178.9,8078.5,7673.2,20.8,21.4,35.8,0.8,0.0,3.1,96.2,1.121,MUDDY,0,AVOID,high retained moisture creates muddy or saturated risk; heavy precipitation today,261,42
2026-10-11,Heard It Both Ways Trail,Deer Valley,WG004,40.593082879194085,-111.49125770411068,8855.0,81,56.3,42.3,47.3,0.819,0.677,0.0,0.819,0.831,0.831,51.633333333333326,54.02857142857143,0,0.0,0.0,0.0,0.0,0.0,0,3.6,8658.9,9073.5,8855.0,15.0,14.9,30.6,38.3,18.2,15.2,28.4,1.256,MUDDY,0,AVOID,high retained moisture creates muddy or saturated risk; heavy precipitation today,261,47
2026-10-11,Holy Roller,Deer Valley,WG013,40.6113609111251,-111.48708066137604,8716.2,81,56.0,42.0,46.9,0.819,0.677,0.0,0.819,0.831,0.831,51.3,53.785714285714285,0,0.0,0.0,0.0,0.0,0.0,0,4.2,8121.6,9298.2,8716.2,17.9,17.7,32.1,20.8,29.4,36.0,13.9,1.209,MUDDY,0,AVOID,high retained moisture creates muddy or saturated risk; heavy precipitation today,261,47
2026-10-11,Io Trail (Middle),Deer Valley,WG017,40.61025792344493,-111.52770861008732,9342.5,81,54.4,40.4,45.3,0.819,0.677,0.0,0.819,0.831,0.847,49.56666666666666,51.82857142857143,0,0.0,0.0,0.0,0.0,0.0,0,0.3,9253.3,9432.7,9342.5,18.6,22.1,28.2,92.3,0.0,0.0,7.7,1.396,MUDDY,0,AVOID,high retained moisture creates muddy or saturated risk; heavy precipitation today,261,47
2026-10-11,Izzy's Inferno (Dog Pound),Deer Valley,WG012,40.619811878384205,-111.48856422719636,8193.5,81,57.9,43.9,48.8,0.819,0.677,0.0,0.819,0.831,0.831,53.36666666666667,56.385714285714286,0,0.0,0.0,0.0,0.0,0.0,0,0.1,8143.3,8219.5,8193.5,12.8,13.0,23.6,0.0,0.0,85.7,14.3,1.123,MUDDY,0,AVOID,high retained moisture creates muddy or saturated risk; heavy precipitation today,261,47
2026-10-11,Jeep Hill (Safety Coridoor),Deer Valley,WG013,40.60451306969404,-111.50923514571896,8820.6,81,56.0,42.0,46.9,0.819,0.677,0.0,0.819,0.831,0.831,51.3,53.785714285714285,0,0.0,0.0,0.0,0.0,0.0,0,0.2,8699.5,8951.8,8820.6,12.6,13.1,16.8,100.0,0.0,0.0,0.0,1.351,MUDDY,0,AVOID,high retained moisture creates muddy or saturated risk; heavy precipitation today,261,47
2026-10-11,Johns '99,Park City / PCMR,WG033,40.62911828578874,-111.50998374795329,8128.2,81,58.4,44.4,49.3,0.819,0.677,0.0,0.819,0.831,0.847,53.86666666666667,56.68571428571429,0,0.0,0.0,0.0,0.0,0.0,0,1.1,8080.5,8193.1,8128.2,19.7,20.3,35.7,43.8,0.0,38.5,17.7,1.238,MUDDY,0,AVOID,high retained moisture creates muddy or saturated risk; heavy precipitation today,261,42
2026-10-11,Johns 99,Deer Valley,WG015,40.62450457371346,-111.51231498110546,8231.6,81,57.7,43.7,48.6,0.819,0.677,0.0,0.819,0.831,0.847,53.2,56.0,0,0.0,0.0,0.0,0.0,0.0,0,0.6,8182.7,8279.9,8231.6,22.2,21.3,31.9,26.9,0.0,36.5,36.5,1.219,MUDDY,0,AVOID,high retained moisture creates muddy or saturated risk; heavy precipitation today,261,47
2026-10-11,Johns Trail,Park City / PCMR,WG033,40.63760825426597,-111.50539626371148,8041.4,81,58.4,44.4,49.3,0.819,0.677,0.0,0.819,0.831,0.847,53.86666666666667,56.68571428571429,0,0.0,0.0,0.0,0.0,0.0,0,1.8,7711.1,8249.6,8041.4,13.1,13.9,25.5,8.2,3.8,53.5,34.6,1.142,MUDDY,0,AVOID,high retained moisture creates muddy or saturated risk; heavy precipitation today,261,42
2026-10-11,Jupiter Peak,Park City / PCMR,WG021,40.610319419324455,-111.54904593331813,9871.3,81,52.6,38.6,43.6,0.819,0.677,0.0,0.819,0.831,0.831,47.93333333333334,49.81428571428571,0,0.0,0.0,0.0,0.0,0.0,0,1.2,9729.6,9994.3,9871.3,14.3,12.7,30.3,26.2,39.3,21.5,13.1,1.28,MUDDY,0,AVOID,high retained moisture creates muddy or saturated risk; heavy precipitation today,261,42
2026-10-11,Jupiter Ridge,Park City / PCMR,WG018,40.61268065771163,-111.53867835914352,9869.4,81,52.8,38.8,43.7,0.819,0.677,0.0,0.819,0.831,0.831,48.06666666666666,49.98571428571429,0,0.0,0.0,0.0,0.0,0.0,0,0.2,9741.8,9992.4,9869.4,16.9,16.3,26.1,12.5,0.0,6.2,81.2,1.283,MUDDY,0,AVOID,high retained moisture creates muddy or saturated risk; heavy precipitation today,261,42
2026-10-11,Keystone Trail,Park City / PCMR,WG037,40.62506440637064,-111.53055382777043,8890.7,81,56.5,42.5,47.4,0.819,0.677,0.0,0.819,0.831,0.847,51.96666666666667,54.785714285714285,0,0.0,0.0,0.0,0.0,0.0,0,2.6,8572.7,9030.6,8890.7,17.5,17.7,34.7,19.5,26.7,25.8,28.1,1.224,MUDDY,0,AVOID,high retained moisture creates muddy or saturated risk; heavy precipitation today,261,42
2026-10-11,Lavina,Deer Valley,WG006,40.58376333945228,-111.52567195673171,8621.7,81,56.7,42.7,47.7,0.819,0.677,0.0,0.819,0.831,0.831,52.03333333333334,54.51428571428572,0,0.0,0.0,0.0,0.0,0.0,0,1.0,8267.0,8818.5,8621.7,13.7,12.4,29.5,68.3,13.4,9.8,8.5,1.3,MUDDY,0,AVOID,high retained moisture creates muddy or saturated risk; heavy precipitation today,261,47
2026-10-11,Link,Deer Valley,WG015,40.624117394272574,-111.51614328186776,8385.3,81,57.7,43.7,48.6,0.819,0.677,0.0,0.819,0.831,0.847,53.2,56.0,0,0.0,0.0,0.0,0.0,0.0,0,0.7,8257.2,8456.8,8385.3,21.9,23.1,32.9,1.6,0.0,67.7,30.6,1.15,MUDDY,0,AVOID,high retained moisture creates muddy or saturated risk; heavy precipitation today,261,47
2026-10-11,Little Chief,Deer Valley,WG015,40.61872839208637,-111.51243052868438,8322.6,81,57.7,43.7,48.6,0.819,0.677,0.0,0.819,0.831,0.847,53.2,56.0,0,0.0,0.0,0.0,0.0,0.0,0,0.7,8247.5,8462.5,8322.6,21.5,20.5,33.1,0.0,0.0,3.1,96.9,1.227,MUDDY,0,AVOID,high retained moisture creates muddy or saturated risk; heavy precipitation today,261,47
2026-10-11,McConkeys,Park City / PCMR,WG016,40.617956923480186,-111.52625119796232,8958.8,81,55.9,41.9,46.8,0.819,0.677,0.0,0.819,0.831,0.831,51.16666666666666,53.65714285714286,0,0.0,0.0,0.0,0.0,0.0,0,2.1,8486.4,9586.3,8958.8,14.0,13.8,26.4,1.1,3.2,40.3,55.4,1.225,MUDDY,0,AVOID,high retained moisture creates muddy or saturated risk; heavy precipitation today,261,42
2026-10-11,McConkeys / Io Trail (Middle),Park City / PCMR,WG018,40.61168680632571,-111.53326494678502,9588.6,81,52.8,38.8,43.7,0.819,0.677,0.0,0.819,0.831,0.831,48.06666666666666,49.98571428571429,0,0.0,0.0,0.0,0.0,0.0,0,0.6,9432.6,9692.2,9588.6,19.8,24.9,29.9,72.5,0.0,7.8,19.6,1.357,MUDDY,0,AVOID,high retained moisture creates muddy or saturated risk; heavy precipitation today,261,42
2026-10-11,Mid-Mountain Connect,Park City / PCMR,WG036,40.63223012461414,-111.51309555497544,8201.7,81,57.6,43.6,48.5,0.819,0.677,0.0,0.819,0.831,0.847,53.1,55.89999999999999,0,0.0,0.0,0.0,0.0,0.0,0,0.1,8162.9,8233.9,8201.7,12.6,11.6,20.5,18.2,0.0,18.2,63.6,1.231,MUDDY,0,AVOID,high retained moisture creates muddy or saturated risk; heavy precipitation today,261,42
2026-10-11,Mid-Mountain Trail,Park City / PCMR,WG036,40.64534582424172,-111.53118141177607,8168.3,81,57.6,43.6,48.5,0.819,0.677,0.0,0.819,0.831,0.847,53.1,55.89999999999999,0,0.0,0.0,0.0,0.0,0.0,0,18.5,7828.1,8515.6,8168.3,22.2,22.8,43.0,9.3,15.6,32.0,43.0,1.203,MUDDY,0,AVOID,high retained moisture creates muddy or saturated risk; heavy precipitation today,261,42
2026-10-11,Miner's Mile,Park City / PCMR,WG036,40.62728968091632,-111.51804021102016,8457.0,81,57.6,43.6,48.5,0.819,0.677,0.0,0.819,0.831,0.847,53.1,55.89999999999999,0,0.0,0.0,0.0,0.0,0.0,0,0.4,8340.5,8549.3,8457.0,7.8,7.9,11.2,0.0,0.0,21.6,78.4,1.205,MUDDY,0,AVOID,high retained moisture creates muddy or saturated risk; heavy precipitation today,261,42
2026-10-11,Mojave,Park City / PCMR,WG037,40.634971780917176,-111.5211432294971,8540.4,81,56.5,42.5,47.4,0.819,0.677,0.0,0.819,0.831,0.847,51.96666666666667,54.785714285714285,0,0.0,0.0,0.0,0.0,0.0,0,0.9,8364.7,8732.7,8540.4,18.7,19.2,30.2,0.0,86.7,13.3,0.0,1.215,MUDDY,0,AVOID,high retained moisture creates muddy or saturated risk; heavy precipitation today,261,42
2026-10-11,Moose Tracks Trail,Park City / PCMR,WG009,40.59516414126596,-111.57427709390586,9258.1,81,54.6,40.5,45.5,0.819,0.677,0.0,0.819,0.831,0.831,49.866666666666674,51.98571428571428,0,0.0,0.0,0.0,0.0,0.0,0,0.9,9081.2,9389.1,9258.1,16.5,15.7,26.8,14.6,78.0,7.3,0.0,1.284,MUDDY,0,AVOID,high retained moisture creates muddy or saturated risk; heavy precipitation today,261,42
2026-10-11,Moosebones,Deer Valley,WG013,40.61167254823319,-111.50326786094648,8857.2,81,56.0,42.0,46.9,0.819,0.677,0.0,0.819,0.831,0.831,51.3,53.785714285714285,0,0.0,0.0,0.0,0.0,0.0,0,0.9,8763.2,8943.9,8857.2,15.8,17.3,22.9,0.0,52.5,46.2,1.2,1.171,MUDDY,0,AVOID,high retained moisture creates muddy or saturated risk; heavy precipitation today,261,47
2026-10-11,Old Homeward Bound,Deer Valley,WG012,40.61357496233911,-111.48964629692756,8441.1,81,57.9,43.9,48.8,0.819,0.677,0.0,0.819,0.831,0.831,53.36666666666667,56.385714285714286,0,0.0,0.0,0.0,0.0,0.0,0,0.7,8264.5,8597.2,8441.1,23.2,23.8,29.4,0.0,71.2,28.8,0.0,1.193,MUDDY,0,AVOID,high retained moisture creates muddy or saturated risk; heavy precipitation today,261,47
2026-10-11,Old Stage Crest Connect,Park City / PCMR,WG023,40.61247305094488,-111.5715274805363,9057.3,81,55.0,41.0,46.0,0.819,0.677,0.0,0.819,0.831,0.863,50.23333333333333,52.42857142857143,0,0.0,0.0,0.0,0.0,0.0,0,0.3,8989.0,9157.0,9057.3,21.7,19.4,31.0,10.7,75.0,14.3,0.0,1.276,MUDDY,0,AVOID,high retained moisture creates muddy or saturated risk; heavy precipitation today,261,42
2026-10-11,Ontario Canyon,Deer Valley,WG013,40.61130277448227,-111.48755898005427,8755.1,81,56.0,42.0,46.9,0.819,0.677,0.0,0.819,0.831,0.831,51.3,53.785714285714285,0,0.0,0.0,0.0,0.0,0.0,0,2.0,8138.9,9327.9,8755.1,12.1,11.9,26.1,7.9,28.4,56.8,6.8,1.168,MUDDY,0,AVOID,high retained moisture creates muddy or saturated risk; heavy precipitation today,261,47
2026-10-11,Ore Cart,Deer Valley,WG015,40.621755910380834,-111.51139929264724,8146.4,81,57.7,43.7,48.6,0.819,0.677,0.0,0.819,0.831,0.847,53.2,56.0,0,0.0,0.0,0.0,0.0,0.0,0,0.3,8064.8,8251.4,8146.4,22.7,23.7,28.3,25.0,0.0,0.0,75.0,1.262,MUDDY,0,AVOID,high retained moisture creates muddy or saturated risk; heavy precipitation today,261,47
2026-10-11,Payroll,Deer Valley,WG013,40.61095393430099,-111.5094443089702,8630.4,81,56.0,42.0,46.9,0.819,0.677,0.0,0.819,0.831,0.831,51.3,53.785714285714285,0,0.0,0.0,0.0,0.0,0.0,0,0.3,8529.1,8727.3,8630.4,18.9,19.2,27.9,0.0,3.4,13.8,82.8,1.211,MUDDY,0,AVOID,high retained moisture creates muddy or saturated risk; heavy precipitation today,261,47
2026-10-11,Pedalers Inn,Deer Valley,WG012,40.61923438649311,-111.4865707901735,8286.8,81,57.9,43.9,48.8,0.819,0.677,0.0,0.819,0.831,0.831,53.36666666666667,56.385714285714286,0,0.0,0.0,0.0,0.0,0.0,0,0.3,8165.9,8405.8,8286.8,16.8,17.9,22.3,0.0,8.3,91.7,0.0,1.116,MUDDY,0,AVOID,high retained moisture creates muddy or saturated risk; heavy precipitation today,261,47
2026-10-11,Perrier Pass,Park City / PCMR,WG017,40.61814002894983,-111.53826776190397,9445.9,81,54.4,40.4,45.3,0.819,0.677,0.0,0.819,0.831,0.847,49.56666666666666,51.82857142857143,0,0.0,0.0,0.0,0.0,0.0,0,0.1,9397.1,9469.1,9445.9,21.9,24.1,25.7,0.0,0.0,90.9,9.1,1.162,MUDDY,0,AVOID,high retained moisture creates muddy or saturated risk; heavy precipitation today,261,42
2026-10-11,Pinecone Ridge,Park City / PCMR,WG039,40.63337906740186,-111.54644099265712,9084.9,81,54.9,40.9,45.9,0.819,0.677,0.0,0.819,0.831,0.863,50.13333333333333,52.32857142857142,0,0.0,0.0,0.0,0.0,0.0,0,3.9,8421.5,9841.4,9084.9,22.7,23.0,32.2,6.2,20.0,35.6,38.1,1.243,MUDDY,0,AVOID,high retained moisture creates muddy or saturated risk; heavy precipitation today,261,42
2026-10-11,Pioneer Ridge,Park City / PCMR,WG018,40.61649374604546,-111.53892521633333,9598.5,81,52.8,38.8,43.7,0.819,0.677,0.0,0.819,0.831,0.831,48.06666666666666,49.98571428571429,0,0.0,0.0,0.0,0.0,0.0,0,0.8,9398.0,9865.2,9598.5,17.9,16.4,31.7,2.9,10.0,58.6,28.6,1.203,MUDDY,0,AVOID,high retained moisture creates muddy or saturated risk; heavy precipitation today,261,42
2026-10-11,Powerline Trail,Park City / PCMR,WG036,40.63015217582808,-111.53743024085954,8362.6,81,57.6,43.6,48.5,0.819,0.677,0.0,0.819,0.831,0.847,53.1,55.89999999999999,0,0.0,0.0,0.0,0.0,0.0,0,0.6,8185.7,8545.6,8362.6,13.0,13.1,19.1,0.0,3.6,7.3,89.1,1.222,MUDDY,0,AVOID,high retained moisture creates muddy or saturated risk; heavy precipitation today,261,42
2026-10-11,Regulator Trail,Deer Valley,WG033,40.62910164594688,-111.48142418804063,8033.8,81,58.4,44.4,49.3,0.819,0.677,0.0,0.819,0.831,0.847,53.86666666666667,56.68571428571429,0,0.0,0.0,0.0,0.0,0.0,0,1.4,7733.1,8330.3,8033.8,22.2,21.4,35.8,0.0,25.0,66.7,8.3,1.149,MUDDY,0,AVOID,high retained moisture creates muddy or saturated risk; heavy precipitation today,261,47
2026-10-11,Rock Chuck Trail,Park City / PCMR,WG008,40.58874474594925,-111.56839301918852,9680.6,81,52.6,38.5,43.5,0.819,0.677,0.0,0.819,0.831,0.8739999999999999,47.833333333333336,49.7,0,0.0,0.0,0.0,0.0,0.0,0,1.0,9377.3,9855.0,9680.6,12.5,11.5,28.4,0.0,47.1,52.9,0.0,1.215,MUDDY,0,AVOID,high retained moisture creates muddy or saturated risk; heavy precipitation today,261,42
2026-10-11,Rogue Rider Trail,Park City / PCMR,WG020,40.60699361060532,-111.56187339427328,9423.9,81,54.1,40.1,45.1,0.819,0.677,0.0,0.819,0.831,0.847,49.333333333333336,51.57142857142857,0,0.0,0.0,0.0,0.0,0.0,0,2.2,9049.7,9871.9,9423.9,16.5,15.5,29.0,0.5,27.8,71.7,0.0,1.187,MUDDY,0,AVOID,high retained moisture creates muddy or saturated risk; heavy precipitation today,261,42
2026-10-11,Rosebud,Park City / PCMR,WG036,40.63966083548988,-111.52257618003053,8390.4,81,57.6,43.6,48.5,0.819,0.677,0.0,0.819,0.831,0.847,53.1,55.89999999999999,0,0.0,0.0,0.0,0.0,0.0,0,0.4,8315.5,8439.7,8390.4,17.4,16.4,24.9,0.0,75.7,24.3,0.0,1.201,MUDDY,0,AVOID,high retained moisture creates muddy or saturated risk; heavy precipitation today,261,42
2026-10-11,Sam's Trail,Deer Valley,WG012,40.61912724197413,-111.50964994268364,8145.3,81,57.9,43.9,48.8,0.819,0.677,0.0,0.819,0.831,0.831,53.36666666666667,56.385714285714286,0,0.0,0.0,0.0,0.0,0.0,0,0.9,8032.3,8261.1,8145.3,21.8,22.0,27.6,0.0,47.5,13.8,38.8,1.211,MUDDY,0,AVOID,high retained moisture creates muddy or saturated risk; heavy precipitation today,261,47
2026-10-11,Scott's Bypass,Park City / PCMR,WG021,40.612047856355446,-111.55918064050742,9658.7,81,52.6,38.6,43.6,0.819,0.677,0.0,0.819,0.831,0.831,47.93333333333334,49.81428571428571,0,0.0,0.0,0.0,0.0,0.0,0,1.4,9481.4,9770.8,9658.7,20.2,20.1,35.8,21.1,69.3,9.6,0.0,1.289,MUDDY,0,AVOID,high retained moisture creates muddy or saturated risk; heavy precipitation today,261,42
2026-10-11,Secret of My Success Trail,Deer Valley,WG033,40.62597453280468,-111.48566192002252,8293.6,81,58.4,44.4,49.3,0.819,0.677,0.0,0.819,0.831,0.847,53.86666666666667,56.68571428571429,0,0.0,0.0,0.0,0.0,0.0,0,0.4,8228.9,8353.6,8293.6,19.1,20.0,25.2,0.0,59.5,40.5,0.0,1.181,MUDDY,0,AVOID,high retained moisture creates muddy or saturated risk; heavy precipitation today,261,47
2026-10-11,Shadow Lake,Park City / PCMR,WG020,40.61596037279941,-111.55009628848111,9179.4,81,54.1,40.1,45.1,0.819,0.677,0.0,0.819,0.831,0.847,49.333333333333336,51.57142857142857,0,0.0,0.0,0.0,0.0,0.0,0,0.8,9037.5,9310.6,9179.4,15.7,14.4,34.6,8.3,15.3,41.7,34.7,1.235,MUDDY,0,AVOID,high retained moisture creates muddy or saturated risk; heavy precipitation today,261,42
2026-10-11,Shenanigans,Deer Valley,WG012,40.62034189886961,-111.49849814997506,8237.7,81,57.9,43.9,48.8,0.819,0.677,0.0,0.819,0.831,0.831,53.36666666666667,56.385714285714286,0,0.0,0.0,0.0,0.0,0.0,0,0.2,8225.2,8255.4,8237.7,16.3,16.2,19.8,0.0,0.0,85.7,14.3,1.123,MUDDY,0,AVOID,high retained moisture creates muddy or saturated risk; heavy precipitation today,261,47
2026-10-11,Short Fuse,Park City / PCMR,WG036,40.6346970517688,-111.52339576593836,8439.4,81,57.6,43.6,48.5,0.819,0.677,0.0,0.819,0.831,0.847,53.1,55.89999999999999,0,0.0,0.0,0.0,0.0,0.0,0,0.3,8340.4,8526.1,8439.4,19.4,21.8,26.7,0.0,3.7,77.8,18.5,1.136,MUDDY,0,AVOID,high retained moisture creates muddy or saturated risk; heavy precipitation today,261,42
2026-10-11,Silver Queen,Park City / PCMR,WG037,40.63391819864852,-111.51755091640152,8558.9,81,56.5,42.5,47.4,0.819,0.677,0.0,0.819,0.831,0.847,51.96666666666667,54.785714285714285,0,0.0,0.0,0.0,0.0,0.0,0,1.0,8376.5,8720.1,8558.9,22.5,23.1,30.5,2.5,0.0,0.0,97.5,1.234,MUDDY,0,AVOID,high retained moisture creates muddy or saturated risk; heavy precipitation today,261,42
2026-10-11,Snake Pit Trail,Park City / PCMR,WG010,40.58750533085767,-111.57189033610032,9625.4,81,52.7,38.6,43.6,0.819,0.677,0.0,0.819,0.831,0.831,47.96666666666667,50.08571428571428,0,0.0,0.0,0.0,0.0,0.0,0,1.1,9378.6,9871.8,9625.4,15.8,14.9,33.7,0.0,46.3,53.7,0.0,1.206,MUDDY,0,AVOID,high retained moisture creates muddy or saturated risk; heavy precipitation today,261,42
2026-10-11,Speedbag,Deer Valley,WG011,40.624406811076895,-111.50919273225593,7987.6,81,59.1,45.1,50.1,0.819,0.677,0.0,0.819,0.831,0.847,54.63333333333333,57.42857142857143,0,0.0,0.0,0.0,0.0,0.0,0,0.8,7729.6,8257.2,7987.6,24.5,24.9,33.1,22.1,0.0,19.1,58.8,1.2,MUDDY,0,AVOID,high retained moisture creates muddy or saturated risk; heavy precipitation today,261,47
2026-10-11,Steps,Park City / PCMR,WG037,40.63116043759045,-111.5173271228493,8520.8,81,56.5,42.5,47.4,0.819,0.677,0.0,0.819,0.831,0.847,51.96666666666667,54.785714285714285,0,0.0,0.0,0.0,0.0,0.0,0,1.0,8366.1,8730.0,8520.8,24.0,25.7,34.0,18.0,0.0,0.0,82.0,1.253,MUDDY,0,AVOID,high retained moisture creates muddy or saturated risk; heavy precipitation today,261,42
2026-10-11,Stiff Upper Lip,Park City / PCMR,WG017,40.61611691879028,-111.52987009616064,9025.4,81,54.4,40.4,45.3,0.819,0.677,0.0,0.819,0.831,0.847,49.56666666666666,51.82857142857143,0,0.0,0.0,0.0,0.0,0.0,0,0.5,8926.8,9139.2,9025.4,16.3,16.1,27.9,0.0,0.0,33.3,66.7,1.235,MUDDY,0,AVOID,high retained moisture creates muddy or saturated risk; heavy precipitation today,261,42
2026-10-11,Sunset,Deer Valley,WG013,40.61222429898699,-111.48546906629171,8777.5,81,56.0,42.0,46.9,0.819,0.677,0.0,0.819,0.831,0.831,51.3,53.785714285714285,0,0.0,0.0,0.0,0.0,0.0,0,1.2,8436.0,9053.2,8777.5,15.2,14.9,28.2,0.0,51.4,45.9,2.7,1.172,MUDDY,0,AVOID,high retained moisture creates muddy or saturated risk; heavy precipitation today,261,47
2026-10-11,Super G,Deer Valley,WG013,40.6078734147108,-111.486644562986,8939.8,81,56.0,42.0,46.9,0.819,0.677,0.0,0.819,0.831,0.831,51.3,53.785714285714285,0,0.0,0.0,0.0,0.0,0.0,0,0.4,8867.6,8997.5,8939.8,15.7,15.0,27.9,5.9,94.1,0.0,0.0,1.235,MUDDY,0,AVOID,high retained moisture creates muddy or saturated risk; heavy precipitation today,261,47
2026-10-11,T&G,Deer Valley,WG016,40.611941402305575,-111.51506977898008,8673.3,81,55.9,41.9,46.8,0.819,0.677,0.0,0.819,0.831,0.831,51.16666666666666,53.65714285714286,0,0.0,0.0,0.0,0.0,0.0,0,1.2,8586.9,8760.0,8673.3,16.7,19.3,29.1,19.0,9.5,34.3,37.1,1.209,MUDDY,0,AVOID,high retained moisture creates muddy or saturated risk; heavy precipitation today,261,47
2026-10-11,T&G 2,Deer Valley,WG016,40.62089143656375,-111.51568549288604,8599.5,81,55.9,41.9,46.8,0.819,0.677,0.0,0.819,0.831,0.831,51.16666666666666,53.65714285714286,0,0.0,0.0,0.0,0.0,0.0,0,0.9,8357.2,8729.4,8599.5,20.7,23.5,35.6,2.6,0.0,42.1,55.3,1.18,MUDDY,0,AVOID,high retained moisture creates muddy or saturated risk; heavy precipitation today,261,47
2026-10-11,Tall T Trail,Deer Valley,WG007,40.59029104976929,-111.52734087474852,9033.3,81,55.1,41.1,46.0,0.819,0.677,0.0,0.819,0.831,0.831,50.4,52.81428571428573,0,0.0,0.0,0.0,0.0,0.0,0,4.4,8733.0,9353.0,9033.3,18.9,19.0,34.3,27.0,2.8,28.7,41.5,1.272,MUDDY,0,AVOID,high retained moisture creates muddy or saturated risk; heavy precipitation today,261,47
2026-10-11,Team Big Bear,Deer Valley,WG013,40.61639926546102,-111.50010669410356,8610.0,81,56.0,42.0,46.9,0.819,0.677,0.0,0.819,0.831,0.831,51.3,53.785714285714285,0,0.0,0.0,0.0,0.0,0.0,0,1.3,8332.9,8855.8,8610.0,15.5,15.9,23.1,0.0,13.8,68.8,17.4,1.144,MUDDY,0,AVOID,high retained moisture creates muddy or saturated risk; heavy precipitation today,261,47
2026-10-11,Thaynes Canyon,Park City / PCMR,WG037,40.62644528922062,-111.539067377105,8520.6,81,56.5,42.5,47.4,0.819,0.677,0.0,0.819,0.831,0.847,51.96666666666667,54.785714285714285,0,0.0,0.0,0.0,0.0,0.0,0,1.2,8185.7,8832.6,8520.6,11.3,10.7,22.7,1.0,13.1,81.8,4.0,1.132,MUDDY,0,AVOID,high retained moisture creates muddy or saturated risk; heavy precipitation today,261,42
2026-10-11,Thieves Forest,Deer Valley,WG013,40.61553068086176,-111.48245627012813,8597.7,81,56.0,42.0,46.9,0.819,0.677,0.0,0.819,0.831,0.831,51.3,53.785714285714285,0,0.0,0.0,0.0,0.0,0.0,0,0.5,8441.5,8810.3,8597.7,19.6,20.1,27.0,0.0,2.5,90.0,7.5,1.118,MUDDY,0,AVOID,high retained moisture creates muddy or saturated risk; heavy precipitation today,261,47
2026-10-11,Thieves Forrest,Deer Valley,WG014,40.611364491739,-111.4804590615015,9072.7,81,55.1,41.0,46.0,0.819,0.677,0.0,0.819,0.831,0.831,50.36666666666667,52.785714285714285,0,0.0,0.0,0.0,0.0,0.0,0,0.3,8820.3,9276.0,9072.7,18.5,18.9,29.1,0.0,0.0,89.7,10.3,1.16,MUDDY,0,AVOID,high retained moisture creates muddy or saturated risk; heavy precipitation today,261,47
2026-10-11,Three Candles,Park City / PCMR,WG037,40.62931137475258,-111.52248914366156,8843.3,81,56.5,42.5,47.4,0.819,0.677,0.0,0.819,0.831,0.847,51.96666666666667,54.785714285714285,0,0.0,0.0,0.0,0.0,0.0,0,0.7,8739.8,8959.2,8843.3,10.2,9.4,21.3,0.0,0.0,55.7,44.3,1.163,MUDDY,0,AVOID,high retained moisture creates muddy or saturated risk; heavy precipitation today,261,42
2026-10-11,Tidal Wave,Deer Valley,WG013,40.610548014761406,-111.48897388892838,8737.9,81,56.0,42.0,46.9,0.819,0.677,0.0,0.819,0.831,0.831,51.3,53.785714285714285,0,0.0,0.0,0.0,0.0,0.0,0,2.7,8128.2,9286.4,8737.9,20.0,21.7,33.5,3.3,55.8,23.1,17.8,1.204,MUDDY,0,AVOID,high retained moisture creates muddy or saturated risk; heavy precipitation today,261,47
2026-10-11,Tommys Two Step,Park City / PCMR,WG036,40.629024211109055,-111.51829238121942,8474.2,81,57.6,43.6,48.5,0.819,0.677,0.0,0.819,0.831,0.847,53.1,55.89999999999999,0,0.0,0.0,0.0,0.0,0.0,0,1.5,8250.0,8718.0,8474.2,21.9,22.0,33.1,13.6,0.0,31.1,55.3,1.21,MUDDY,0,AVOID,high retained moisture creates muddy or saturated risk; heavy precipitation today,261,42
2026-10-11,Tour De Suds (Upper),Deer Valley,WG013,40.614682713092186,-111.50609195133156,8563.5,81,56.0,42.0,46.9,0.819,0.677,0.0,0.819,0.831,0.831,51.3,53.785714285714285,0,0.0,0.0,0.0,0.0,0.0,0,0.7,8407.1,8694.1,8563.5,17.1,16.8,24.3,0.0,74.6,25.4,0.0,1.197,MUDDY,0,AVOID,high retained moisture creates muddy or saturated risk; heavy precipitation today,261,47
2026-10-11,Trestle,Park City / PCMR,WG033,40.63650074050743,-111.50791633233914,8071.5,81,58.4,44.4,49.3,0.819,0.677,0.0,0.819,0.831,0.847,53.86666666666667,56.68571428571429,0,0.0,0.0,0.0,0.0,0.0,0,1.3,7656.2,8253.4,8071.5,17.4,18.3,30.5,0.0,46.6,48.3,5.1,1.139,MUDDY,0,AVOID,high retained moisture creates muddy or saturated risk; heavy precipitation today,261,42
2026-10-11,Tricky Pickle Trail,Deer Valley,WG004,40.59197973531048,-111.49789592532872,8532.5,81,56.3,42.3,47.3,0.819,0.677,0.0,0.819,0.831,0.831,51.633333333333326,54.02857142857143,0,0.0,0.0,0.0,0.0,0.0,0,2.6,8268.2,8873.6,8532.5,20.0,22.3,31.9,21.7,70.8,0.9,6.6,1.254,MUDDY,0,AVOID,high retained moisture creates muddy or saturated risk; heavy precipitation today,261,47
2026-10-11,Trump,Deer Valley,WG013,40.60903529522874,-111.4964159868453,8771.6,81,56.0,42.0,46.9,0.819,0.677,0.0,0.819,0.831,0.831,51.3,53.785714285714285,0,0.0,0.0,0.0,0.0,0.0,0,0.6,8585.9,8974.3,8771.6,9.3,8.1,20.4,1.7,0.0,26.7,71.7,1.197,MUDDY,0,AVOID,high retained moisture creates muddy or saturated risk; heavy precipitation today,261,47
2026-10-11,Tsunami,Deer Valley,WG013,40.61166268615432,-111.48706860055302,8747.8,81,56.0,42.0,46.9,0.819,0.677,0.0,0.819,0.831,0.831,51.3,53.785714285714285,0,0.0,0.0,0.0,0.0,0.0,0,1.2,8508.1,8991.5,8747.8,18.1,17.6,28.8,0.0,72.8,27.2,0.0,1.195,MUDDY,0,AVOID,high retained moisture creates muddy or saturated risk; heavy precipitation today,261,47
2026-10-11,Tug of War Trail,Deer Valley,WG013,40.60218815889535,-111.4963014769127,8962.3,81,56.0,42.0,46.9,0.819,0.677,0.0,0.819,0.831,0.831,51.3,53.785714285714285,0,0.0,0.0,0.0,0.0,0.0,0,1.4,8867.6,9065.0,8962.3,16.3,16.3,25.0,52.5,23.3,23.3,0.8,1.264,MUDDY,0,AVOID,high retained moisture creates muddy or saturated risk; heavy precipitation today,261,47
2026-10-11,Twist & Shout,Deer Valley,WG012,40.61590669002216,-111.48826576454944,8415.6,81,57.9,43.9,48.8,0.819,0.677,0.0,0.819,0.831,0.831,53.36666666666667,56.385714285714286,0,0.0,0.0,0.0,0.0,0.0,0,0.2,8324.5,8505.1,8415.6,26.0,26.7,29.2,0.0,100.0,0.0,0.0,1.228,MUDDY,0,AVOID,high retained moisture creates muddy or saturated risk; heavy precipitation today,261,47
2026-10-11,Twist and Shout,Deer Valley,WG013,40.61146669404505,-111.486662413967,8799.9,81,56.0,42.0,46.9,0.819,0.677,0.0,0.819,0.831,0.831,51.3,53.785714285714285,0,0.0,0.0,0.0,0.0,0.0,0,1.0,8512.5,9065.3,8799.9,17.9,18.6,28.0,0.0,81.3,18.7,0.0,1.205,MUDDY,0,AVOID,high retained moisture creates muddy or saturated risk; heavy precipitation today,261,47
2026-10-11,Upper Devo Trail,Deer Valley,WG033,40.62826200901757,-111.4850494481263,8097.8,81,58.4,44.4,49.3,0.819,0.677,0.0,0.819,0.831,0.847,53.86666666666667,56.68571428571429,0,0.0,0.0,0.0,0.0,0.0,0,0.2,8012.6,8210.0,8097.8,15.1,15.6,18.3,0.0,0.0,100.0,0.0,1.108,MUDDY,0,AVOID,high retained moisture creates muddy or saturated risk; heavy precipitation today,261,47
2026-10-11,WOW (Wasatch Over Wasatch) Trail,Deer Valley,WG003,40.585198990338895,-111.50729227137398,8248.2,81,57.9,43.9,48.8,0.819,0.677,0.0,0.819,0.831,0.862,53.26666666666667,56.01428571428572,0,0.0,0.0,0.0,0.0,0.0,0,2.7,8125.9,8428.2,8248.2,11.4,10.0,31.9,57.1,9.7,5.3,27.9,1.298,MUDDY,0,AVOID,high retained moisture creates muddy or saturated risk; heavy precipitation today,261,47
2026-10-11,Wasatch Crest Connect,Park City / PCMR,WG020,40.616974136223725,-111.55736099806312,9245.9,81,54.1,40.1,45.1,0.819,0.677,0.0,0.819,0.831,0.847,49.333333333333336,51.57142857142857,0,0.0,0.0,0.0,0.0,0.0,0,1.7,8958.2,9481.6,9245.9,17.1,17.3,33.0,12.9,15.5,34.2,37.4,1.251,MUDDY,0,AVOID,high retained moisture creates muddy or saturated risk; heavy precipitation today,261,42
2026-10-11,Wasatch Wiggle Trail,Park City / PCMR,WG010,40.58570056880523,-111.57390345809982,9702.8,81,52.7,38.6,43.6,0.819,0.677,0.0,0.819,0.831,0.831,47.96666666666667,50.08571428571428,0,0.0,0.0,0.0,0.0,0.0,0,1.8,9472.6,9972.8,9702.8,13.0,13.0,32.2,0.0,5.2,87.7,7.1,1.163,MUDDY,0,AVOID,high retained moisture creates muddy or saturated risk; heavy precipitation today,261,42
2026-10-11,Wowza Downhill Trail,Deer Valley,WG006,40.58677474689952,-111.51626735679228,8564.8,81,56.7,42.7,47.7,0.819,0.677,0.0,0.819,0.831,0.831,52.03333333333334,54.51428571428572,0,0.0,0.0,0.0,0.0,0.0,0,0.9,8378.1,8738.8,8564.8,10.4,10.8,21.9,55.1,10.3,1.3,33.3,1.294,MUDDY,0,AVOID,high retained moisture creates muddy or saturated risk; heavy precipitation today,261,47
2026-10-11,Wowza Trail,Deer Valley,WG006,40.58754867198866,-111.51557993987645,8552.8,81,56.7,42.7,47.7,0.819,0.677,0.0,0.819,0.831,0.831,52.03333333333334,54.51428571428572,0,0.0,0.0,0.0,0.0,0.0,0,1.2,8375.1,8733.0,8552.8,12.1,11.9,25.4,10.4,1.0,31.2,57.3,1.203,MUDDY,0,AVOID,high retained moisture creates muddy or saturated risk; heavy precipitation today,261,47
2026-10-12,Alexander Creek Trail,Summit Park,WG093,40.75856130522611,-111.67962308025976,5873.5,53,65.4,55.0,59.4,0.177,0.114,0.0,0.177,0.4369999999999999,0.4409999999999999,63.73333333333334,66.05714285714285,0,0.0,0.0,0.0,0.0,0.0,0,0.8,5784.7,5966.1,5873.5,8.7,7.0,24.8,66.1,14.5,19.4,0.0,0.415,DAMP,77,FAIR,surface slightly wetter than ideal; moderate precipitation today,1,1
2026-10-12,Bonanza Trail,Deer Valley,WG046,40.661614248984336,-111.49584605339936,6814.3,51,63.1,48.0,53.9,0.11,0.035,0.0,0.11,0.713,0.713,55.8,59.02857142857143,0,0.0,0.0,0.0,0.0,0.0,0,0.3,6806.6,6827.9,6814.3,16.8,16.8,23.7,0.0,4.5,95.5,0.0,0.486,DAMP,74,FAIR,surface slightly wetter than ideal; moderate precipitation today,2,1
2026-10-12,Skid Row,Park City / PCMR,WG044,40.66845831872771,-111.47381352761975,6920.8,51,63.2,48.2,54.1,0.11,0.035,0.0,0.11,0.713,0.713,56.0,58.471428571428575,0,0.0,0.0,0.0,0.0,0.0,0,1.2,6678.1,7107.5,6920.8,17.9,17.4,29.9,0.0,1.9,96.1,1.9,0.485,DAMP,74,FAIR,surface slightly wetter than ideal; moderate precipitation today,2,1
2026-10-12,Bronto Jam,Round Valley,WG067,40.71004954775594,-111.501977414722,6672.8,51,64.0,48.9,54.8,0.11,0.035,0.0,0.11,0.713,0.741,56.7,58.4,0,0.0,0.0,0.0,0.0,0.0,0,0.5,6604.0,6731.1,6672.8,10.2,10.4,15.6,2.6,0.0,89.7,7.7,0.494,DAMP,73,FAIR,surface slightly wetter than ideal; moderate precipitation today,4,1
2026-10-12,Lynx #2,Round Valley,WG044,40.66734087696376,-111.46694625830712,6898.8,51,63.2,48.2,54.1,0.11,0.035,0.0,0.11,0.713,0.713,56.0,58.471428571428575,0,0.0,0.0,0.0,0.0,0.0,0,1.6,6672.4,7099.9,6898.8,15.2,14.6,28.9,0.0,8.4,72.5,19.1,0.498,DAMP,73,FAIR,surface slightly wetter than ideal; moderate precipitation today,4,1
2026-10-12,SOS,Park City / PCMR,WG046,40.666448184385416,-111.48116864087982,6803.8,51,63.1,48.0,53.9,0.11,0.035,0.0,0.11,0.713,0.713,55.8,59.02857142857143,0,0.0,0.0,0.0,0.0,0.0,0,0.3,6720.9,6916.3,6803.8,13.6,14.3,26.1,0.0,8.7,78.3,13.0,0.495,DAMP,73,FAIR,surface slightly wetter than ideal; moderate precipitation today,4,2
2026-10-12,Unga Bunga Skills and Pump Tradk,Round Valley,WG067,40.71158064400824,-111.50217787755837,6590.1,51,64.0,48.9,54.8,0.11,0.035,0.0,0.11,0.713,0.741,56.7,58.4,0,0.0,0.0,0.0,0.0,0.0,0,0.2,6579.8,6601.1,6590.1,5.9,5.5,12.3,0.0,2.9,94.1,2.9,0.491,DAMP,73,FAIR,surface slightly wetter than ideal; moderate precipitation today,4,1
2026-10-12,Yabba Dabba Doo,Round Valley,WG067,40.71031601545331,-111.5039304608668,6636.2,51,64.0,48.9,54.8,0.11,0.035,0.0,0.11,0.713,0.741,56.7,58.4,0,0.0,0.0,0.0,0.0,0.0,0,0.3,6613.2,6659.8,6636.2,6.5,6.8,9.5,0.0,0.0,90.9,9.1,0.492,DAMP,73,FAIR,surface slightly wetter than ideal; moderate precipitation today,4,1
2026-10-12,Cammy's,Round Valley,WG057,40.69072662264133,-111.49673800313964,6953.5,51,63.1,48.1,54.0,0.11,0.035,0.0,0.11,0.713,0.729,55.9,58.371428571428574,0,0.0,0.0,0.0,0.0,0.0,0,0.2,6937.8,6961.6,6953.5,5.2,4.3,11.3,3.8,7.7,69.2,19.2,0.504,WET,53,POOR,surface moisture likely affecting traction; moderate precipitation today,9,5
2026-10-12,Great Western Trail,Wasatch Crest / Millcreek,WG092,40.77286580912175,-111.6406537725031,7571.3,53,60.5,46.2,51.1,0.177,0.083,0.0,0.177,0.488,0.488,54.76666666666667,56.98571428571428,0,0.0,0.0,0.0,0.0,0.0,0,4.1,7338.2,7867.0,7571.3,11.5,10.4,34.6,44.7,31.4,10.3,13.6,0.506,WET,53,POOR,surface moisture likely affecting traction; moderate precipitation today,9,1
2026-10-12,Hang Time South,Park City / PCMR,WG046,40.65853660632904,-111.49606808644194,6970.8,51,63.1,48.0,53.9,0.11,0.035,0.0,0.11,0.713,0.713,55.8,59.02857142857143,0,0.0,0.0,0.0,0.0,0.0,0,0.3,6861.7,7117.7,6970.8,12.7,12.3,19.7,0.0,33.3,66.7,0.0,0.501,WET,53,POOR,surface moisture likely affecting traction; moderate precipitation today,9,3
2026-10-12,Bamm Bamm,Round Valley,WG067,40.71001316656963,-111.50256230173504,6667.3,51,64.0,48.9,54.8,0.11,0.035,0.0,0.11,0.713,0.741,56.7,58.4,0,0.0,0.0,0.0,0.0,0.0,0,0.4,6610.1,6731.1,6667.3,9.9,9.9,16.2,2.9,35.3,61.8,0.0,0.51,WET,52,POOR,surface moisture likely affecting traction; moderate precipitation today,12,6
2026-10-12,Fairway Hills Trail,Round Valley,WG055,40.67853348641883,-111.47699791832557,6747.4,51,63.4,48.4,54.3,0.11,0.035,0.0,0.11,0.713,0.713,56.2,58.457142857142856,0,0.0,0.0,0.0,0.0,0.0,0,0.3,6716.2,6779.8,6747.4,2.3,2.2,3.5,0.0,0.0,44.8,55.2,0.513,WET,52,POOR,surface moisture likely affecting traction; moderate precipitation today,12,6
2026-10-12,Family Truckster Trail,Clark Ranch,WG044,40.66038172048119,-111.452885753204,6847.4,51,63.2,48.2,54.1,0.11,0.035,0.0,0.11,0.713,0.713,56.0,58.471428571428575,0,0.0,0.0,0.0,0.0,0.0,0,0.7,6733.2,6970.1,6847.4,11.5,11.2,18.1,0.0,0.0,30.5,69.5,0.521,WET,52,POOR,surface moisture likely affecting traction; moderate precipitation today,12,1
2026-10-12,Freemason,Park City / PCMR,WG046,40.65768683021079,-111.49819012622744,6949.6,51,63.1,48.0,53.9,0.11,0.035,0.0,0.11,0.713,0.713,55.8,59.02857142857143,0,0.0,0.0,0.0,0.0,0.0,0,1.5,6779.4,7074.6,6949.6,21.4,21.4,30.0,5.4,40.3,54.3,0.0,0.511,WET,52,POOR,surface moisture likely affecting traction; moderate precipitation today,12,4
2026-10-12,Hat Trick Trail,Round Valley,WG055,40.678830976721535,-111.47596646172724,6757.0,51,63.4,48.4,54.3,0.11,0.035,0.0,0.11,0.713,0.713,56.2,58.457142857142856,0,0.0,0.0,0.0,0.0,0.0,0,1.3,6681.3,6803.8,6757.0,5.6,5.1,13.8,7.1,1.8,39.3,51.8,0.52,WET,52,POOR,surface moisture likely affecting traction; moderate precipitation today,12,6
2026-10-12,High Side,Round Valley,WG055,40.69388247977245,-111.4770589235944,6909.3,51,63.4,48.4,54.3,0.11,0.035,0.0,0.11,0.713,0.713,56.2,58.457142857142856,0,0.0,0.0,0.0,0.0,0.0,0,0.6,6857.9,6929.0,6909.3,14.8,13.7,25.3,8.7,0.0,39.1,52.2,0.521,WET,52,POOR,surface moisture likely affecting traction; moderate precipitation today,12,6
2026-10-12,Lower Sparky Trail,Clark Ranch,WG044,40.66761130235187,-111.4559551589961,6689.8,51,63.2,48.2,54.1,0.11,0.035,0.0,0.11,0.713,0.713,56.0,58.471428571428575,0,0.0,0.0,0.0,0.0,0.0,0,1.5,6645.8,6769.7,6689.8,4.2,3.5,14.5,0.0,7.0,36.7,56.2,0.517,WET,52,POOR,surface moisture likely affecting traction; moderate precipitation today,12,1
2026-10-12,Mountain Ranch Estates,Round Valley,WG067,40.7173985998433,-111.50812726137713,6520.0,51,64.0,48.9,54.8,0.11,0.035,0.0,0.11,0.713,0.741,56.7,58.4,0,0.0,0.0,0.0,0.0,0.0,0,1.4,6426.1,6632.7,6520.0,5.2,4.4,19.0,6.8,30.8,50.4,12.0,0.518,WET,52,POOR,surface moisture likely affecting traction; moderate precipitation today,12,6
2026-10-12,Mountain Willow,Round Valley,WG067,40.71402930681007,-111.48565937361776,6571.7,51,64.0,48.9,54.8,0.11,0.035,0.0,0.11,0.713,0.741,56.7,58.4,0,0.0,0.0,0.0,0.0,0.0,0,0.4,6544.8,6592.9,6571.7,5.3,3.4,18.2,3.3,46.7,50.0,0.0,0.516,WET,52,POOR,surface moisture likely affecting traction; moderate precipitation today,12,6
2026-10-12,Ramble On,Round Valley,WG067,40.70159467934347,-111.48028465593316,6781.5,51,64.0,48.9,54.8,0.11,0.035,0.0,0.11,0.713,0.741,56.7,58.4,0,0.0,0.0,0.0,0.0,0.0,0,2.8,6720.6,6841.6,6781.5,11.0,10.2,23.4,0.0,6.4,48.9,44.7,0.515,WET,52,POOR,surface moisture likely affecting traction; moderate precipitation today,12,6
2026-10-12,Rusty Shovel,Round Valley,WG057,40.69776625143012,-111.4804885556652,6868.8,51,63.1,48.1,54.0,0.11,0.035,0.0,0.11,0.713,0.729,55.9,58.371428571428574,0,0.0,0.0,0.0,0.0,0.0,0,1.7,6727.2,7062.5,6868.8,10.0,9.9,18.9,8.9,0.0,54.8,36.3,0.515,WET,52,POOR,surface moisture likely affecting traction; moderate precipitation today,12,6
2026-10-12,The Great Gazoo,Round Valley,WG067,40.70997890100696,-111.50140660314835,6662.9,51,64.0,48.9,54.8,0.11,0.035,0.0,0.11,0.713,0.741,56.7,58.4,0,0.0,0.0,0.0,0.0,0.0,0,0.5,6602.3,6731.1,6662.9,11.1,11.7,16.5,5.0,0.0,52.5,42.5,0.516,WET,52,POOR,surface moisture likely affecting traction; moderate precipitation today,12,6
2026-10-12,Trailside Loop,Round Valley,WG067,40.71199117049012,-111.50483999800892,6609.7,51,64.0,48.9,54.8,0.11,0.035,0.0,0.11,0.713,0.741,56.7,58.4,0,0.0,0.0,0.0,0.0,0.0,0,1.2,6532.2,6679.2,6609.7,7.7,7.4,17.1,0.0,0.0,42.2,57.8,0.519,WET,52,POOR,surface moisture likely affecting traction; moderate precipitation today,12,6
2026-10-12,Tweety Bird Trail,Jordanelle,WG001,40.59084253440856,-111.40816741687898,6568.1,51,63.6,49.2,54.7,0.122,0.031,0.0,0.122,0.74,0.74,56.66666666666666,59.471428571428575,0,0.0,0.0,0.0,0.0,0.0,0,0.7,6477.2,6665.7,6568.1,10.6,10.3,18.3,0.0,20.0,80.0,0.0,0.517,WET,52,POOR,surface moisture likely affecting traction; moderate precipitation today,12,1
2026-10-12,Up Track,Round Valley,WG067,40.71007968280768,-111.50314659118624,6643.1,51,64.0,48.9,54.8,0.11,0.035,0.0,0.11,0.713,0.741,56.7,58.4,0,0.0,0.0,0.0,0.0,0.0,0,0.5,6566.9,6731.1,6643.1,6.8,5.8,16.9,1.5,22.7,60.6,15.2,0.51,WET,52,POOR,surface moisture likely affecting traction; moderate precipitation today,12,6
2026-10-12,Ancient Forest Loop,Round Valley,WG074,40.7314260153664,-111.49224006112888,6485.8,51,64.5,49.5,55.3,0.11,0.035,0.0,0.11,0.713,0.713,57.23333333333333,59.22857142857142,0,0.0,0.0,0.0,0.0,0.0,0,1.0,6455.0,6516.1,6485.8,4.0,3.9,10.5,8.4,60.2,27.7,3.6,0.527,WET,51,POOR,surface moisture likely affecting traction; moderate precipitation today,27,17
2026-10-12,Backslide,Round Valley,WG057,40.686236769495366,-111.49111386346571,6972.4,51,63.1,48.1,54.0,0.11,0.035,0.0,0.11,0.713,0.729,55.9,58.371428571428574,0,0.0,0.0,0.0,0.0,0.0,0,1.0,6860.3,7059.5,6972.4,10.2,8.7,22.4,2.3,19.3,34.1,44.3,0.522,WET,51,POOR,surface moisture likely affecting traction; moderate precipitation today,27,17
2026-10-12,Beep Beep Trail,Jordanelle,WG001,40.59039066618902,-111.4033797731244,6670.3,51,63.6,49.2,54.7,0.122,0.031,0.0,0.122,0.74,0.74,56.66666666666666,59.471428571428575,0,0.0,0.0,0.0,0.0,0.0,0,1.5,6583.6,6771.5,6670.3,16.3,16.1,26.5,0.0,20.2,66.7,13.2,0.525,WET,51,POOR,surface moisture likely affecting traction; moderate precipitation today,27,2
2026-10-12,Boot Hill Connect,Park City / PCMR,WG046,40.66384832032967,-111.50809692977944,6921.4,51,63.1,48.0,53.9,0.11,0.035,0.0,0.11,0.713,0.713,55.8,59.02857142857143,0,0.0,0.0,0.0,0.0,0.0,0,0.2,6895.8,6941.9,6921.4,11.7,12.5,16.7,20.0,45.0,30.0,5.0,0.532,WET,51,POOR,surface moisture likely affecting traction; moderate precipitation today,27,5
2026-10-12,Bourbon Street,Round Valley,WG067,40.70798253656,-111.48164466049944,6673.3,51,64.0,48.9,54.8,0.11,0.035,0.0,0.11,0.713,0.741,56.7,58.4,0,0.0,0.0,0.0,0.0,0.0,0,0.3,6651.3,6703.8,6673.3,8.6,8.9,15.2,0.0,18.2,31.8,50.0,0.524,WET,51,POOR,surface moisture likely affecting traction; moderate precipitation today,27,17
2026-10-12,Cousin Eddy Trail,Clark Ranch,WG044,40.66170094764518,-111.45386933866466,6817.2,51,63.2,48.2,54.1,0.11,0.035,0.0,0.11,0.713,0.713,56.0,58.471428571428575,0,0.0,0.0,0.0,0.0,0.0,0,0.5,6718.9,6929.3,6817.2,12.7,12.6,22.5,0.0,0.0,29.5,70.5,0.521,WET,51,POOR,surface moisture likely affecting traction; moderate precipitation today,27,3
2026-10-12,Deep Park Circle,Jordanelle,WG026,40.626894083286025,-111.43587347972714,6383.2,51,65.0,50.6,56.1,0.122,0.031,0.0,0.122,0.74,0.74,58.06666666666666,60.85714285714285,0,0.0,0.0,0.0,0.0,0.0,0,0.2,6368.7,6401.6,6383.2,7.2,6.4,17.5,0.0,0.0,50.0,50.0,0.534,WET,51,POOR,surface moisture likely affecting traction; moderate precipitation today,27,2
2026-10-12,Fast Pitch Trail,Round Valley,WG055,40.6798165110769,-111.47671870073196,6759.1,51,63.4,48.4,54.3,0.11,0.035,0.0,0.11,0.713,0.713,56.2,58.457142857142856,0,0.0,0.0,0.0,0.0,0.0,0,1.3,6689.0,6826.1,6759.1,5.6,4.8,14.7,16.2,0.9,40.2,42.7,0.524,WET,51,POOR,surface moisture likely affecting traction; moderate precipitation today,27,17
2026-10-12,Kari's,Round Valley,WG055,40.69160040530727,-111.47515847036864,6850.2,51,63.4,48.4,54.3,0.11,0.035,0.0,0.11,0.713,0.713,56.2,58.457142857142856,0,0.0,0.0,0.0,0.0,0.0,0,0.8,6807.2,6882.7,6850.2,12.1,11.6,20.1,4.3,0.0,17.4,78.3,0.53,WET,51,POOR,surface moisture likely affecting traction; moderate precipitation today,27,17
2026-10-12,La Dee Duh,Round Valley,WG057,40.69261799590889,-111.5001632592338,6864.5,51,63.1,48.1,54.0,0.11,0.035,0.0,0.11,0.713,0.729,55.9,58.371428571428574,0,0.0,0.0,0.0,0.0,0.0,0,0.9,6814.7,6919.2,6864.5,11.9,12.5,21.3,2.4,80.5,17.1,0.0,0.532,WET,51,POOR,surface moisture likely affecting traction; moderate precipitation today,27,17
2026-10-12,Looney Tunes Trail,Jordanelle,WG002,40.58370423178651,-111.40605522395904,7149.3,51,62.0,47.6,53.0,0.122,0.031,0.0,0.122,0.74,0.74,55.03333333333333,57.871428571428574,0,0.0,0.0,0.0,0.0,0.0,0,1.2,6976.5,7255.9,7149.3,12.9,13.2,21.5,0.0,3.0,78.8,18.2,0.534,WET,51,POOR,surface moisture likely affecting traction; moderate precipitation today,27,2
2026-10-12,Putty Tat Trail,Jordanelle,WG001,40.59267845848291,-111.40267007297948,6514.0,51,63.6,49.2,54.7,0.122,0.031,0.0,0.122,0.74,0.74,56.66666666666666,59.471428571428575,0,0.0,0.0,0.0,0.0,0.0,0,0.6,6468.3,6590.1,6514.0,10.5,9.5,25.2,0.0,30.6,59.2,10.2,0.529,WET,51,POOR,surface moisture likely affecting traction; moderate precipitation today,27,2
2026-10-12,Rambler,Round Valley,WG057,40.69772226627651,-111.49065578495473,6809.2,51,63.1,48.1,54.0,0.11,0.035,0.0,0.11,0.713,0.729,55.9,58.371428571428574,0,0.0,0.0,0.0,0.0,0.0,0,5.4,6468.6,7063.9,6809.2,10.5,9.3,23.6,8.4,41.3,24.2,26.1,0.531,WET,51,POOR,surface moisture likely affecting traction; moderate precipitation today,27,17
2026-10-12,Round Valley Connector,Round Valley,WG067,40.709506874143365,-111.48774034228174,6611.3,51,64.0,48.9,54.8,0.11,0.035,0.0,0.11,0.713,0.741,56.7,58.4,0,0.0,0.0,0.0,0.0,0.0,0,1.9,6533.0,6760.4,6611.3,4.1,2.8,11.2,1.7,59.1,38.1,1.1,0.522,WET,51,POOR,surface moisture likely affecting traction; moderate precipitation today,27,17
2026-10-12,Seventy 101,Round Valley,WG057,40.68968411592925,-111.49103639156762,6974.3,51,63.1,48.1,54.0,0.11,0.035,0.0,0.11,0.713,0.729,55.9,58.371428571428574,0,0.0,0.0,0.0,0.0,0.0,0,0.4,6955.8,7036.1,6974.3,3.6,2.9,8.3,23.1,17.9,46.2,12.8,0.527,WET,51,POOR,surface moisture likely affecting traction; moderate precipitation today,27,17
2026-10-12,Sparky's Return,Clark Ranch,WG044,40.6617858998794,-111.45698342605078,6783.6,51,63.2,48.2,54.1,0.11,0.035,0.0,0.11,0.713,0.713,56.0,58.471428571428575,0,0.0,0.0,0.0,0.0,0.0,0,0.4,6750.7,6826.6,6783.6,11.3,11.6,16.9,0.0,15.6,21.9,62.5,0.525,WET,51,POOR,surface moisture likely affecting traction; moderate precipitation today,27,3
2026-10-12,Tim Man,Round Valley,WG067,40.70348842863846,-111.50080894755244,6766.9,51,64.0,48.9,54.8,0.11,0.035,0.0,0.11,0.713,0.741,56.7,58.4,0,0.0,0.0,0.0,0.0,0.0,0,1.4,6648.4,6875.3,6766.9,7.3,6.8,15.0,0.8,59.8,38.5,0.8,0.521,WET,51,POOR,surface moisture likely affecting traction; moderate precipitation today,27,17
2026-10-12,Trailside Connector,Round Valley,WG067,40.71611276967259,-111.5017965665912,6504.2,51,64.0,48.9,54.8,0.11,0.035,0.0,0.11,0.713,0.741,56.7,58.4,0,0.0,0.0,0.0,0.0,0.0,0,0.1,6498.8,6512.4,6504.2,2.6,2.8,4.3,10.0,60.0,30.0,0.0,0.531,WET,51,POOR,surface moisture likely affecting traction; moderate precipitation today,27,17
2026-10-12,Truckhole,Round Valley,WG067,40.704351116822174,-111.50022157042804,6773.9,51,64.0,48.9,54.8,0.11,0.035,0.0,0.11,0.713,0.741,56.7,58.4,0,0.0,0.0,0.0,0.0,0.0,0,0.7,6641.4,6877.9,6773.9,6.7,6.0,15.2,13.8,37.9,48.3,0.0,0.523,WET,51,POOR,surface moisture likely affecting traction; moderate precipitation today,27,17
2026-10-12,Upper Sparky Trail,Clark Ranch,WG044,40.6599723509711,-111.45534390616216,6878.4,51,63.2,48.2,54.1,0.11,0.035,0.0,0.11,0.713,0.713,56.0,58.471428571428575,0,0.0,0.0,0.0,0.0,0.0,0,1.9,6752.0,6971.6,6878.4,13.5,12.2,28.4,0.6,54.7,25.2,19.5,0.524,WET,51,POOR,surface moisture likely affecting traction; moderate precipitation today,27,3
2026-10-12,Amenti,Round Valley,WG067,40.71749758221375,-111.50096260266577,6526.6,51,64.0,48.9,54.8,0.11,0.035,0.0,0.11,0.713,0.741,56.7,58.4,0,0.0,0.0,0.0,0.0,0.0,0,0.6,6473.3,6585.7,6526.6,5.3,4.8,12.4,12.5,82.1,3.6,1.8,0.546,WET,50,POOR,surface moisture likely affecting traction; moderate precipitation today,47,29
2026-10-12,Big Easy,Round Valley,WG057,40.696128326880846,-111.48285293654745,6776.5,51,63.1,48.1,54.0,0.11,0.035,0.0,0.11,0.713,0.729,55.9,58.371428571428574,0,0.0,0.0,0.0,0.0,0.0,0,4.8,6685.3,6939.8,6776.5,10.0,9.0,19.4,19.7,6.2,21.4,52.7,0.539,WET,50,POOR,surface moisture likely affecting traction; moderate precipitation today,47,29
2026-10-12,Coyote Loop Trail,Jordanelle,WG001,40.58676467246392,-111.40272629625528,6895.7,51,63.6,49.2,54.7,0.122,0.031,0.0,0.122,0.74,0.74,56.66666666666666,59.471428571428575,0,0.0,0.0,0.0,0.0,0.0,0,0.8,6834.6,6980.4,6895.7,11.1,10.1,26.7,9.7,6.5,58.1,25.8,0.535,WET,50,POOR,surface moisture likely affecting traction; moderate precipitation today,47,6
2026-10-12,Equestrian,Round Valley,WG067,40.70215181343843,-111.50219785223597,6719.1,51,64.0,48.9,54.8,0.11,0.035,0.0,0.11,0.713,0.741,56.7,58.4,0,0.0,0.0,0.0,0.0,0.0,0,0.7,6462.5,6858.9,6719.1,7.8,7.4,19.2,8.1,79.0,0.0,12.9,0.546,WET,50,POOR,surface moisture likely affecting traction; moderate precipitation today,47,29
2026-10-12,Field Stone,Round Valley,WG067,40.71706243943152,-111.49059329339536,6526.3,51,64.0,48.9,54.8,0.11,0.035,0.0,0.11,0.713,0.741,56.7,58.4,0,0.0,0.0,0.0,0.0,0.0,0,0.4,6512.5,6549.9,6526.3,5.5,5.6,8.4,9.1,72.7,3.0,15.2,0.545,WET,50,POOR,surface moisture likely affecting traction; moderate precipitation today,47,29
2026-10-12,First Time,Park City / PCMR,WG050,40.65050878239233,-111.51048291433958,7041.1,51,62.3,47.9,53.4,0.122,0.031,0.0,0.122,0.74,0.74,55.36666666666667,58.54285714285714,0,0.0,0.0,0.0,0.0,0.0,0,0.5,6905.7,7178.9,7041.1,8.6,8.6,19.4,0.0,3.6,57.1,39.3,0.546,WET,50,POOR,surface moisture likely affecting traction; moderate precipitation today,47,6
2026-10-12,Gambel Oak Cut,Round Valley,WG045,40.65967079074984,-111.47871602858976,7240.9,51,61.7,46.7,52.6,0.11,0.035,0.0,0.11,0.713,0.713,54.5,57.72857142857142,0,0.0,0.0,0.0,0.0,0.0,0,0.3,7160.2,7299.6,7240.9,14.9,14.8,20.3,0.0,8.3,79.2,12.5,0.546,WET,50,POOR,surface moisture likely affecting traction; moderate precipitation today,47,29
2026-10-12,Happy Gilmor,Round Valley,WG067,40.70712360033319,-111.5014684546231,6569.0,51,64.0,48.9,54.8,0.11,0.035,0.0,0.11,0.713,0.741,56.7,58.4,0,0.0,0.0,0.0,0.0,0.0,0,2.0,6488.3,6651.3,6569.0,9.1,8.8,21.8,27.0,27.6,39.5,5.9,0.535,WET,50,POOR,surface moisture likely affecting traction; moderate precipitation today,47,29
2026-10-12,Kaboom Trail / Call Sign Casa Trail,Jordanelle,WG027,40.62794719612903,-111.45468580169128,6888.6,51,63.3,48.9,54.3,0.122,0.031,0.0,0.122,0.74,0.74,56.333333333333336,59.18571428571428,0,0.0,0.0,0.0,0.0,0.0,0,1.1,6791.2,7063.8,6888.6,22.7,22.4,32.9,0.0,0.0,35.5,64.5,0.542,WET,50,POOR,surface moisture likely affecting traction; moderate precipitation today,47,6
2026-10-12,Matt's Flat,Round Valley,WG057,40.68924275786925,-111.49221205396208,6921.6,51,63.1,48.1,54.0,0.11,0.035,0.0,0.11,0.713,0.729,55.9,58.371428571428574,0,0.0,0.0,0.0,0.0,0.0,0,1.0,6842.3,6958.4,6921.6,6.5,5.2,15.4,21.8,57.4,8.9,11.9,0.547,WET,50,POOR,surface moisture likely affecting traction; moderate precipitation today,47,29
2026-10-12,Nick NAC,Round Valley,WG057,40.69210865876878,-111.490120990647,6959.3,51,63.1,48.1,54.0,0.11,0.035,0.0,0.11,0.713,0.729,55.9,58.371428571428574,0,0.0,0.0,0.0,0.0,0.0,0,0.1,6953.7,6971.6,6959.3,5.2,3.8,10.1,0.0,100.0,0.0,0.0,0.54,WET,50,POOR,surface moisture likely affecting traction; moderate precipitation today,47,29
2026-10-12,North Ross Creek Trail,Jordanelle,WG041,40.66585897507511,-111.42082357173696,6405.0,51,64.8,49.7,55.6,0.11,0.035,0.0,0.11,0.713,0.713,57.53333333333334,60.371428571428574,0,0.0,0.0,0.0,0.0,0.0,0,0.8,6296.2,6565.5,6405.0,11.7,9.8,33.0,31.4,12.9,15.7,40.0,0.545,WET,50,POOR,surface moisture likely affecting traction; moderate precipitation today,47,6
2026-10-12,Oh Deer Flow,Jordanelle,WG041,40.66237367218405,-111.42118550237925,6403.1,51,64.8,49.7,55.6,0.11,0.035,0.0,0.11,0.713,0.713,57.53333333333334,60.371428571428574,0,0.0,0.0,0.0,0.0,0.0,0,0.6,6282.9,6510.0,6403.1,14.6,15.3,20.1,7.8,0.0,0.0,92.2,0.541,WET,50,POOR,surface moisture likely affecting traction; moderate precipitation today,47,6
2026-10-12,Princess Di's,Clark Ranch,WG083,40.751465442037045,-111.43628535405452,6858.8,51,63.1,48.1,54.0,0.11,0.035,0.0,0.11,0.713,0.713,55.9,58.84285714285714,0,0.0,0.0,0.0,0.0,0.0,0,2.9,6662.7,7029.2,6858.8,17.2,17.8,28.0,32.1,1.3,27.8,38.9,0.539,WET,50,POOR,surface moisture likely affecting traction; moderate precipitation today,47,6
2026-10-12,Pulp Friction,Round Valley,WG057,40.69884233324062,-111.50344523686547,6681.3,51,63.1,48.1,54.0,0.11,0.035,0.0,0.11,0.713,0.729,55.9,58.371428571428574,0,0.0,0.0,0.0,0.0,0.0,0,1.4,6472.9,6878.8,6681.3,15.2,16.9,28.3,11.4,76.3,11.4,0.9,0.54,WET,50,POOR,surface moisture likely affecting traction; moderate precipitation today,47,29
2026-10-12,Quinn's Connect,Round Valley,WG055,40.68185946906874,-111.4726829059293,6720.8,51,63.4,48.4,54.3,0.11,0.035,0.0,0.11,0.713,0.713,56.2,58.457142857142856,0,0.0,0.0,0.0,0.0,0.0,0,0.5,6686.8,6763.4,6720.8,8.1,6.3,17.0,34.8,28.3,23.9,13.0,0.543,WET,50,POOR,surface moisture likely affecting traction; moderate precipitation today,47,29
2026-10-12,Rademan Ridge,Round Valley,WG057,40.69522706920315,-111.49835765815162,6895.6,51,63.1,48.1,54.0,0.11,0.035,0.0,0.11,0.713,0.729,55.9,58.371428571428574,0,0.0,0.0,0.0,0.0,0.0,0,1.3,6783.4,6991.2,6895.6,6.0,4.0,15.0,38.5,27.0,26.2,8.2,0.546,WET,50,POOR,surface moisture likely affecting traction; moderate precipitation today,47,29
2026-10-12,RocMon,Round Valley,WG055,40.68788668982749,-111.4548390225179,6677.5,51,63.4,48.4,54.3,0.11,0.035,0.0,0.11,0.713,0.713,56.2,58.457142857142856,0,0.0,0.0,0.0,0.0,0.0,0,0.6,6571.6,6786.6,6677.5,15.4,14.0,24.5,10.9,89.1,0.0,0.0,0.543,WET,50,POOR,surface moisture likely affecting traction; moderate precipitation today,47,29
2026-10-12,Round Valley Express,Round Valley,WG057,40.69308554123404,-111.4897696424948,6812.1,51,63.1,48.1,54.0,0.11,0.035,0.0,0.11,0.713,0.729,55.9,58.371428571428574,0,0.0,0.0,0.0,0.0,0.0,0,3.7,6624.2,6963.0,6812.1,5.9,5.2,20.9,29.7,16.3,32.9,21.1,0.538,WET,50,POOR,surface moisture likely affecting traction; moderate precipitation today,47,29
2026-10-12,Rusty Spur,Round Valley,WG065,40.70159189598121,-111.4765958017646,6731.2,51,63.6,48.6,54.4,0.11,0.035,0.0,0.11,0.713,0.713,56.333333333333336,58.48571428571428,0,0.0,0.0,0.0,0.0,0.0,0,0.1,6714.0,6747.5,6731.2,10.1,10.0,11.8,0.0,0.0,0.0,100.0,0.537,WET,50,POOR,surface moisture likely affecting traction; moderate precipitation today,47,29
2026-10-12,SQ Connector Trail,Round Valley,WG055,40.68949659271035,-111.47067515084642,6728.8,51,63.4,48.4,54.3,0.11,0.035,0.0,0.11,0.713,0.713,56.2,58.457142857142856,0,0.0,0.0,0.0,0.0,0.0,0,0.3,6689.9,6760.9,6728.8,6.3,5.8,15.7,15.4,0.0,0.0,84.6,0.545,WET,50,POOR,surface moisture likely affecting traction; moderate precipitation today,47,29
2026-10-12,Silver Creek Trail,Round Valley,WG074,40.728195917662575,-111.48449884114967,6494.3,51,64.5,49.5,55.3,0.11,0.035,0.0,0.11,0.713,0.713,57.23333333333333,59.22857142857142,0,0.0,0.0,0.0,0.0,0.0,0,1.5,6472.0,6522.3,6494.3,3.4,3.1,9.1,28.0,14.4,15.2,42.4,0.544,WET,50,POOR,surface moisture likely affecting traction; moderate precipitation today,47,29
2026-10-12,Silver Gate,Round Valley,WG073,40.72728013881357,-111.46748664430804,6513.4,51,64.4,49.3,55.2,0.11,0.035,0.0,0.11,0.713,0.713,57.13333333333333,59.271428571428565,0,0.0,0.0,0.0,0.0,0.0,0,0.4,6510.4,6517.6,6513.4,1.6,1.5,3.8,20.9,62.8,16.3,0.0,0.539,WET,50,POOR,surface moisture likely affecting traction; moderate precipitation today,47,29
2026-10-12,Sloppy Joe,Round Valley,WG067,40.71599935057343,-111.49742827056478,6658.4,51,64.0,48.9,54.8,0.11,0.035,0.0,0.11,0.713,0.741,56.7,58.4,0,0.0,0.0,0.0,0.0,0.0,0,0.3,6616.1,6684.3,6658.4,10.1,10.4,19.5,10.7,75.0,14.3,0.0,0.54,WET,50,POOR,surface moisture likely affecting traction; moderate precipitation today,47,29
2026-10-12,Sunny Slopes Trail,Round Valley,WG057,40.68377753714063,-111.48540217687854,6826.8,51,63.1,48.1,54.0,0.11,0.035,0.0,0.11,0.713,0.729,55.9,58.371428571428574,0,0.0,0.0,0.0,0.0,0.0,0,0.1,6823.0,6832.1,6826.8,2.4,2.3,3.7,14.3,0.0,14.3,71.4,0.54,WET,50,POOR,surface moisture likely affecting traction; moderate precipitation today,47,29
2026-10-12,Sven,Jordanelle,WG040,40.66216079919324,-111.41880056586604,6299.4,51,65.2,50.1,56.0,0.11,0.035,0.0,0.11,0.713,0.713,57.93333333333334,60.81428571428571,0,0.0,0.0,0.0,0.0,0.0,0,0.1,6282.2,6318.4,6299.4,11.9,10.3,19.9,13.3,86.7,0.0,0.0,0.544,WET,50,POOR,surface moisture likely affecting traction; moderate precipitation today,47,6
2026-10-12,Tar Pits Jump Line,Round Valley,WG067,40.70948336187246,-111.50501444482678,6663.3,51,64.0,48.9,54.8,0.11,0.035,0.0,0.11,0.713,0.741,56.7,58.4,0,0.0,0.0,0.0,0.0,0.0,0,0.1,6650.4,6685.4,6663.3,4.8,4.2,11.8,8.3,0.0,16.7,75.0,0.537,WET,50,POOR,surface moisture likely affecting traction; moderate precipitation today,47,29
2026-10-12,Town,Park City / PCMR,WG030,40.64755940729975,-111.49861999854691,6988.0,51,62.5,48.1,53.6,0.122,0.031,0.0,0.122,0.74,0.74,55.56666666666667,58.77142857142858,0,0.0,0.0,0.0,0.0,0.0,0,0.1,6981.2,7008.8,6988.0,4.7,3.6,14.7,0.0,50.0,41.7,8.3,0.539,WET,50,POOR,surface moisture likely affecting traction; moderate precipitation today,47,6
2026-10-12,Ashley Avenue,Round Valley,WG057,40.68155854272997,-111.50389122653404,6794.6,51,63.1,48.1,54.0,0.11,0.035,0.0,0.11,0.713,0.729,55.9,58.371428571428574,0,0.0,0.0,0.0,0.0,0.0,0,0.4,6774.5,6825.2,6794.6,11.9,14.5,19.8,21.2,0.0,0.0,78.8,0.551,WET,49,POOR,surface moisture likely affecting traction; moderate precipitation today,75,49
2026-10-12,Big Dipper,Jordanelle,WG042,40.66018548005414,-111.43175307695702,6961.2,51,63.5,48.4,54.3,0.11,0.035,0.0,0.11,0.713,0.713,56.23333333333333,59.05714285714286,0,0.0,0.0,0.0,0.0,0.0,0,2.2,6614.9,7331.5,6961.2,21.1,21.2,34.9,39.4,0.0,4.0,56.6,0.556,WET,49,POOR,surface moisture likely affecting traction; moderate precipitation today,75,11
2026-10-12,Boot Hill,Park City / PCMR,WG046,40.66311538182378,-111.50841776480048,6853.1,51,63.1,48.0,53.9,0.11,0.035,0.0,0.11,0.713,0.713,55.8,59.02857142857143,0,0.0,0.0,0.0,0.0,0.0,0,0.3,6805.1,6895.8,6853.1,16.2,16.7,22.9,46.2,50.0,3.8,0.0,0.56,WET,49,POOR,surface moisture likely affecting traction; moderate precipitation today,75,8
2026-10-12,Constellation Trail,Jordanelle,WG026,40.6428753631073,-111.43505033038012,6261.6,51,65.0,50.6,56.1,0.122,0.031,0.0,0.122,0.74,0.74,58.06666666666666,60.85714285714285,0,0.0,0.0,0.0,0.0,0.0,0,0.7,6191.6,6323.4,6261.6,9.0,8.6,16.7,5.2,0.0,10.3,84.5,0.559,WET,49,POOR,surface moisture likely affecting traction; moderate precipitation today,75,11
2026-10-12,Downward Dog,Round Valley,WG057,40.68865758594976,-111.48489883261024,6958.5,51,63.1,48.1,54.0,0.11,0.035,0.0,0.11,0.713,0.729,55.9,58.371428571428574,0,0.0,0.0,0.0,0.0,0.0,0,1.6,6818.7,7089.6,6958.5,8.2,7.9,14.2,35.1,59.5,5.3,0.0,0.556,WET,49,POOR,surface moisture likely affecting traction; moderate precipitation today,75,49
2026-10-12,Eagle Cove,Round Valley,WG057,40.68665016051084,-111.49786169389527,6799.6,51,63.1,48.1,54.0,0.11,0.035,0.0,0.11,0.713,0.729,55.9,58.371428571428574,0,0.0,0.0,0.0,0.0,0.0,0,0.1,6777.6,6823.9,6799.6,10.3,9.1,16.6,33.3,66.7,0.0,0.0,0.558,WET,49,POOR,surface moisture likely affecting traction; moderate precipitation today,75,49
2026-10-12,Euston,Round Valley,WG047,40.65772556817424,-111.48315877249176,7062.9,51,62.0,47.0,52.8,0.11,0.035,0.0,0.11,0.713,0.713,54.73333333333333,58.0,0,0.0,0.0,0.0,0.0,0.0,0,0.4,6904.9,7228.8,7062.9,12.2,12.4,19.9,0.0,31.2,68.8,0.0,0.553,WET,49,POOR,surface moisture likely affecting traction; moderate precipitation today,75,49
2026-10-12,Jordanelle (West Bank) Trail,Jordanelle,WG026,40.63639192686843,-111.4311179892118,6210.9,51,65.0,50.6,56.1,0.122,0.031,0.0,0.122,0.74,0.74,58.06666666666666,60.85714285714285,0,0.0,0.0,0.0,0.0,0.0,0,2.3,6170.8,6291.4,6210.9,9.7,9.2,24.7,24.1,2.0,42.2,31.7,0.552,WET,49,POOR,surface moisture likely affecting traction; moderate precipitation today,75,11
2026-10-12,Longview,Jordanelle,WG040,40.65785550770212,-111.4151527495857,6299.6,51,65.2,50.1,56.0,0.11,0.035,0.0,0.11,0.713,0.713,57.93333333333334,60.81428571428571,0,0.0,0.0,0.0,0.0,0.0,0,0.3,6286.3,6315.8,6299.6,9.2,8.1,22.1,26.9,69.2,3.8,0.0,0.549,WET,49,POOR,surface moisture likely affecting traction; moderate precipitation today,75,11
2026-10-12,Masonic,Park City / PCMR,WG047,40.65628760128763,-111.48965728213436,7283.0,51,62.0,47.0,52.8,0.11,0.035,0.0,0.11,0.713,0.713,54.73333333333333,58.0,0,0.0,0.0,0.0,0.0,0.0,0,1.3,7131.6,7508.3,7283.0,18.7,18.8,28.4,0.0,9.4,72.6,17.9,0.55,WET,49,POOR,surface moisture likely affecting traction; moderate precipitation today,75,8
2026-10-12,Nowhere Elks,Round Valley,WG058,40.69018989582584,-111.48311322310164,7036.6,51,62.5,47.5,53.3,0.11,0.035,0.0,0.11,0.713,0.729,55.23333333333333,57.84285714285714,0,0.0,0.0,0.0,0.0,0.0,0,1.3,6851.7,7128.6,7036.6,9.1,9.2,16.7,35.3,51.3,8.4,5.0,0.554,WET,49,POOR,surface moisture likely affecting traction; moderate precipitation today,75,49
2026-10-12,Riverview West Trail,Jordanelle,WG001,40.58565113588149,-111.41386481977428,6730.6,51,63.6,49.2,54.7,0.122,0.031,0.0,0.122,0.74,0.74,56.66666666666666,59.471428571428575,0,0.0,0.0,0.0,0.0,0.0,0,1.8,6501.9,6978.6,6730.6,18.7,20.9,27.7,11.7,51.9,33.1,3.2,0.55,WET,49,POOR,surface moisture likely affecting traction; moderate precipitation today,75,11
2026-10-12,Saved By The Bell,Round Valley,WG067,40.71689792497153,-111.49958806368429,6568.5,51,64.0,48.9,54.8,0.11,0.035,0.0,0.11,0.713,0.741,56.7,58.4,0,0.0,0.0,0.0,0.0,0.0,0,1.3,6511.5,6665.6,6568.5,9.7,10.4,18.0,15.0,85.0,0.0,0.0,0.55,WET,49,POOR,surface moisture likely affecting traction; moderate precipitation today,75,49
2026-10-12,South Canyon,Round Valley,WG055,40.697084178294816,-111.45372200426904,6732.0,51,63.4,48.4,54.3,0.11,0.035,0.0,0.11,0.713,0.713,56.2,58.457142857142856,0,0.0,0.0,0.0,0.0,0.0,0,4.0,6549.1,6909.1,6732.0,10.4,10.8,23.6,28.3,69.6,1.9,0.3,0.551,WET,49,POOR,surface moisture likely affecting traction; moderate precipitation today,75,49
2026-10-12,TSP Skils Area,Round Valley,WG067,40.70929244417837,-111.50545423904256,6671.9,51,64.0,48.9,54.8,0.11,0.035,0.0,0.11,0.713,0.741,56.7,58.4,0,0.0,0.0,0.0,0.0,0.0,0,0.3,6646.3,6691.8,6671.9,8.0,8.2,14.7,30.2,0.0,4.7,65.1,0.555,WET,49,POOR,surface moisture likely affecting traction; moderate precipitation today,75,49
2026-10-12,Wada Way,Jordanelle,WG040,40.65139897157171,-111.41292348157292,6267.2,51,65.2,50.1,56.0,0.11,0.035,0.0,0.11,0.713,0.713,57.93333333333334,60.81428571428571,0,0.0,0.0,0.0,0.0,0.0,0,1.7,6181.8,6350.5,6267.2,6.6,6.2,14.8,23.2,76.1,0.7,0.0,0.549,WET,49,POOR,surface moisture likely affecting traction; moderate precipitation today,75,11
2026-10-12,We'll Go From There,Jordanelle,WG027,40.633559740125165,-111.4528915193202,6692.5,51,63.3,48.9,54.3,0.122,0.031,0.0,0.122,0.74,0.74,56.333333333333336,59.18571428571428,0,0.0,0.0,0.0,0.0,0.0,0,0.1,6666.1,6712.9,6692.5,10.7,9.9,18.4,0.0,0.0,23.1,76.9,0.549,WET,49,POOR,surface moisture likely affecting traction; moderate precipitation today,75,11
2026-10-12,You Get It,Jordanelle,WG027,40.63417280890808,-111.45447628262694,6774.5,51,63.3,48.9,54.3,0.122,0.031,0.0,0.122,0.74,0.74,56.333333333333336,59.18571428571428,0,0.0,0.0,0.0,0.0,0.0,0,0.5,6702.7,6863.6,6774.5,14.4,14.5,21.0,4.8,0.0,4.8,90.5,0.562,WET,49,POOR,surface moisture likely affecting traction; moderate precipitation today,75,11
2026-10-12,An Unexpected Journey Trail,Jordanelle,WG001,40.584095263003086,-111.41492155800285,6731.9,51,63.6,49.2,54.7,0.122,0.031,0.0,0.122,0.74,0.74,56.66666666666666,59.471428571428575,0,0.0,0.0,0.0,0.0,0.0,0,0.6,6708.3,6758.4,6731.9,21.3,22.6,26.9,13.7,86.3,0.0,0.0,0.57,WET,48,POOR,surface moisture likely affecting traction; moderate precipitation today,93,19
2026-10-12,Barrel Roll,Round Valley,WG058,40.69153134198254,-111.48458530535574,7017.0,51,62.5,47.5,53.3,0.11,0.035,0.0,0.11,0.713,0.729,55.23333333333333,57.84285714285714,0,0.0,0.0,0.0,0.0,0.0,0,0.4,6940.9,7091.2,7017.0,7.0,6.7,14.7,34.4,65.6,0.0,0.0,0.575,WET,48,POOR,surface moisture likely affecting traction; moderate precipitation today,93,57
2026-10-12,Empire Alternate,Deer Valley,WG032,40.62635819528807,-111.50016350153602,7943.1,51,59.7,45.3,50.8,0.122,0.031,0.0,0.122,0.74,0.74,52.76666666666667,56.41428571428572,0,0.0,0.0,0.0,0.0,0.0,0,0.1,7918.3,7974.4,7943.1,16.3,16.4,21.6,0.0,0.0,100.0,0.0,0.576,WET,48,POOR,surface moisture likely affecting traction; moderate precipitation today,93,2
2026-10-12,First Time Return,Park City / PCMR,WG050,40.65021414919943,-111.51090683334832,7073.8,51,62.3,47.9,53.4,0.122,0.031,0.0,0.122,0.74,0.74,55.36666666666667,58.54285714285714,0,0.0,0.0,0.0,0.0,0.0,0,0.7,6953.0,7139.2,7073.8,15.6,15.9,24.7,0.0,0.0,22.4,77.6,0.566,WET,48,POOR,surface moisture likely affecting traction; moderate precipitation today,93,10
2026-10-12,Fox Tail Trail,Round Valley,WG045,40.66564803508002,-111.47503092801368,7133.0,51,61.7,46.7,52.6,0.11,0.035,0.0,0.11,0.713,0.713,54.5,57.72857142857142,0,0.0,0.0,0.0,0.0,0.0,0,0.8,7077.6,7206.1,7133.0,12.0,12.3,18.5,10.0,24.3,52.9,12.9,0.568,WET,48,POOR,surface moisture likely affecting traction; moderate precipitation today,93,57
2026-10-12,Glenwild Loop / Wasatch,Jeremy Ranch / Glenwild,WG074,40.74589846722535,-111.509614206256,6451.3,51,64.5,49.5,55.3,0.11,0.035,0.0,0.11,0.713,0.713,57.23333333333333,59.22857142857142,0,0.0,0.0,0.0,0.0,0.0,0,0.2,6444.0,6454.5,6451.3,3.4,1.7,9.0,57.1,0.0,0.0,42.9,0.568,WET,48,POOR,surface moisture likely affecting traction; moderate precipitation today,93,1
2026-10-12,Jordanelle Perimeter Trail,Jordanelle,WG024,40.633349610731685,-111.4121970547725,6216.7,51,65.2,50.8,56.3,0.122,0.031,0.0,0.122,0.74,0.74,58.26666666666667,61.0,0,0.0,0.0,0.0,0.0,0.0,0,9.3,6169.9,6411.7,6216.7,15.2,14.7,34.0,30.5,40.5,11.2,17.8,0.573,WET,48,POOR,surface moisture likely affecting traction; moderate precipitation today,93,19
2026-10-12,Lost Prospector,Park City / PCMR,WG047,40.659849225736586,-111.4888557229514,7044.5,51,62.0,47.0,52.8,0.11,0.035,0.0,0.11,0.713,0.713,54.73333333333333,58.0,0,0.0,0.0,0.0,0.0,0.0,0,3.2,6865.2,7153.9,7044.5,19.8,20.1,32.6,5.5,42.2,46.5,5.8,0.569,WET,48,POOR,surface moisture likely affecting traction; moderate precipitation today,93,10
2026-10-12,Milky Way / Two Rocks,Jordanelle,WG042,40.66056479638159,-111.42608338059031,6558.6,51,63.5,48.4,54.3,0.11,0.035,0.0,0.11,0.713,0.713,56.23333333333333,59.05714285714286,0,0.0,0.0,0.0,0.0,0.0,0,0.5,6482.8,6616.9,6558.6,17.8,17.5,24.0,64.3,0.0,0.0,35.7,0.571,WET,48,POOR,surface moisture likely affecting traction; moderate precipitation today,93,19
2026-10-12,Mr Muchrocks,Round Valley,WG067,40.70904482572548,-111.50323360919846,6653.2,51,64.0,48.9,54.8,0.11,0.035,0.0,0.11,0.713,0.741,56.7,58.4,0,0.0,0.0,0.0,0.0,0.0,0,0.5,6604.6,6731.1,6653.2,11.8,11.9,20.3,52.7,43.6,0.0,3.6,0.57,WET,48,POOR,surface moisture likely affecting traction; moderate precipitation today,93,57
2026-10-12,Pipeline,Deer Valley,WG028,40.63885618836171,-111.46966538134832,7356.9,51,61.5,47.1,52.6,0.122,0.031,0.0,0.122,0.74,0.74,54.56666666666667,58.18571428571429,0,0.0,0.0,0.0,0.0,0.0,0,1.7,7071.0,7635.0,7356.9,21.4,21.4,30.9,0.0,18.4,81.6,0.0,0.571,WET,48,POOR,surface moisture likely affecting traction; moderate precipitation today,93,2
2026-10-12,PorcUclimb,Round Valley,WG058,40.69402326414524,-111.48517031749344,7064.7,51,62.5,47.5,53.3,0.11,0.035,0.0,0.11,0.713,0.729,55.23333333333333,57.84285714285714,0,0.0,0.0,0.0,0.0,0.0,0,0.8,7000.3,7127.6,7064.7,6.1,5.6,12.3,21.7,75.4,2.9,0.0,0.567,WET,48,POOR,surface moisture likely affecting traction; moderate precipitation today,93,57
2026-10-12,Wasatch,Round Valley,WG074,40.742724215036304,-111.49568804225927,6475.9,51,64.5,49.5,55.3,0.11,0.035,0.0,0.11,0.713,0.713,57.23333333333333,59.22857142857142,0,0.0,0.0,0.0,0.0,0.0,0,1.6,6451.9,6521.0,6475.9,3.4,3.0,9.7,60.3,36.9,1.4,1.4,0.568,WET,48,POOR,surface moisture likely affecting traction; moderate precipitation today,93,57
2026-10-12,Gambel Oak North,Park City / PCMR,WG047,40.65915752473873,-111.48180315635692,7112.6,51,62.0,47.0,52.8,0.11,0.035,0.0,0.11,0.713,0.713,54.73333333333333,58.0,0,0.0,0.0,0.0,0.0,0.0,0,0.3,7038.2,7171.9,7112.6,14.8,14.6,18.8,0.0,92.9,7.1,0.0,0.589,WET,47,POOR,surface moisture likely affecting traction; moderate precipitation today,106,12
2026-10-12,Happy Trailside,Round Valley,WG067,40.708413441306845,-111.50471867526606,6595.6,51,64.0,48.9,54.8,0.11,0.035,0.0,0.11,0.713,0.741,56.7,58.4,0,0.0,0.0,0.0,0.0,0.0,0,0.1,6570.7,6621.7,6595.6,11.4,12.6,15.0,80.0,0.0,0.0,20.0,0.585,WET,47,POOR,surface moisture likely affecting traction; moderate precipitation today,106,62
2026-10-12,Keetley,Jordanelle,WG024,40.6438983646529,-111.4097274639112,6255.4,51,65.2,50.8,56.3,0.122,0.031,0.0,0.122,0.74,0.74,58.26666666666667,61.0,0,0.0,0.0,0.0,0.0,0.0,0,0.9,6176.9,6309.9,6255.4,5.8,5.5,11.3,36.8,59.2,3.9,0.0,0.58,WET,47,POOR,surface moisture likely affecting traction; moderate precipitation today,106,22
2026-10-12,Little Stick,Deer Valley,WG028,40.63409637421967,-111.478301770839,7464.6,51,61.5,47.1,52.6,0.122,0.031,0.0,0.122,0.74,0.74,54.56666666666667,58.18571428571429,0,0.0,0.0,0.0,0.0,0.0,0,0.3,7332.1,7603.8,7464.6,17.1,14.2,26.8,0.0,48.4,51.6,0.0,0.589,WET,47,POOR,surface moisture likely affecting traction; moderate precipitation today,106,4
2026-10-12,Lower Village,Deer Valley,WG028,40.64043848354113,-111.46360640728942,7008.1,51,61.5,47.1,52.6,0.122,0.031,0.0,0.122,0.74,0.74,54.56666666666667,58.18571428571429,0,0.0,0.0,0.0,0.0,0.0,0,0.3,6930.4,7071.0,7008.1,23.1,24.2,29.4,0.0,0.0,69.2,30.8,0.578,WET,47,POOR,surface moisture likely affecting traction; moderate precipitation today,106,4
2026-10-12,Milky Way,Jordanelle,WG042,40.65767372971338,-111.43373089841624,6795.1,51,63.5,48.4,54.3,0.11,0.035,0.0,0.11,0.713,0.713,56.23333333333333,59.05714285714286,0,0.0,0.0,0.0,0.0,0.0,0,1.2,6613.3,6963.5,6795.1,20.9,21.0,24.9,78.8,7.1,0.0,14.1,0.579,WET,47,POOR,surface moisture likely affecting traction; moderate precipitation today,106,22
2026-10-12,Old Skool,Deer Valley,WG032,40.631898683587,-111.48423208918877,7827.2,51,59.7,45.3,50.8,0.122,0.031,0.0,0.122,0.74,0.74,52.76666666666667,56.41428571428572,0,0.0,0.0,0.0,0.0,0.0,0,0.4,7642.0,7986.8,7827.2,13.0,12.6,19.9,0.0,2.8,91.7,5.6,0.581,WET,47,POOR,surface moisture likely affecting traction; moderate precipitation today,106,4
2026-10-12,Practice Loops,Round Valley,WG055,40.68336469607561,-111.47532267974417,6752.0,51,63.4,48.4,54.3,0.11,0.035,0.0,0.11,0.713,0.713,56.2,58.457142857142856,0,0.0,0.0,0.0,0.0,0.0,0,0.6,6717.5,6795.3,6752.0,6.6,6.5,8.7,76.5,0.0,0.0,23.5,0.578,WET,47,POOR,surface moisture likely affecting traction; moderate precipitation today,106,62
2026-10-12,Prospect,Deer Valley,WG031,40.63405408516434,-111.49547333835608,7482.8,51,61.1,46.7,52.2,0.122,0.031,0.0,0.122,0.74,0.74,54.16666666666666,57.785714285714285,0,0.0,0.0,0.0,0.0,0.0,0,0.6,7306.8,7711.1,7482.8,11.0,10.3,21.4,0.0,19.2,78.8,1.9,0.589,WET,47,POOR,surface moisture likely affecting traction; moderate precipitation today,106,4
2026-10-12,Round Valley Connect,Round Valley,WG067,40.70875221615484,-111.50427592382064,6606.7,51,64.0,48.9,54.8,0.11,0.035,0.0,0.11,0.713,0.741,56.7,58.4,0,0.0,0.0,0.0,0.0,0.0,0,0.1,6573.7,6646.8,6606.7,9.1,9.4,12.2,81.2,6.2,0.0,12.5,0.586,WET,47,POOR,surface moisture likely affecting traction; moderate precipitation today,106,62
2026-10-12,Solamere Connector,Deer Valley,WG045,40.651338463153365,-111.4797751905619,7331.1,51,61.7,46.7,52.6,0.11,0.035,0.0,0.11,0.713,0.713,54.5,57.72857142857142,0,0.0,0.0,0.0,0.0,0.0,0,1.0,7128.4,7532.8,7331.1,18.6,20.2,27.4,0.0,0.0,15.1,84.9,0.584,WET,47,POOR,surface moisture likely affecting traction; moderate precipitation today,106,4
2026-10-12,Somewhere Elks,Round Valley,WG055,40.68702802029736,-111.47813858810876,6977.4,51,63.4,48.4,54.3,0.11,0.035,0.0,0.11,0.713,0.713,56.2,58.457142857142856,0,0.0,0.0,0.0,0.0,0.0,0,1.0,6796.2,7145.1,6977.4,10.8,11.0,23.8,84.6,6.4,0.0,9.0,0.582,WET,47,POOR,surface moisture likely affecting traction; moderate precipitation today,106,62
2026-10-12,Sweeney Switchbacks,Park City / PCMR,WG031,40.64428684826398,-111.50263935593632,7442.9,51,61.1,46.7,52.2,0.122,0.031,0.0,0.122,0.74,0.74,54.16666666666666,57.785714285714285,0,0.0,0.0,0.0,0.0,0.0,0,1.0,7261.1,7656.2,7442.9,19.7,19.5,30.8,0.0,0.0,61.6,38.4,0.583,WET,47,POOR,surface moisture likely affecting traction; moderate precipitation today,106,12
2026-10-12,Sweeneys,Park City / PCMR,WG032,40.6416793962084,-111.50380066992643,7712.4,51,59.7,45.3,50.8,0.122,0.031,0.0,0.122,0.74,0.74,52.76666666666667,56.41428571428572,0,0.0,0.0,0.0,0.0,0.0,0,0.3,7656.2,7764.1,7712.4,17.7,17.3,23.8,0.0,0.0,96.9,3.1,0.578,WET,47,POOR,surface moisture likely affecting traction; moderate precipitation today,106,12
2026-10-12,Eagle Way,Park City / PCMR,WG048,40.65295946154777,-111.48775315119684,7538.9,51,60.7,45.7,51.6,0.11,0.035,0.0,0.11,0.713,0.713,53.5,57.25714285714286,0,0.0,0.0,0.0,0.0,0.0,0,0.9,7416.7,7660.5,7538.9,11.8,11.7,19.5,21.3,25.3,40.0,13.3,0.6,WET,46,POOR,surface moisture likely affecting traction; moderate precipitation today,120,15
2026-10-12,Gap Bypass Trail,Deer Valley,WG028,40.64123747413292,-111.47577580871994,7306.6,51,61.5,47.1,52.6,0.122,0.031,0.0,0.122,0.74,0.74,54.56666666666667,58.18571428571429,0,0.0,0.0,0.0,0.0,0.0,0,0.4,7278.0,7326.5,7306.6,24.8,27.1,36.1,0.0,64.1,35.9,0.0,0.599,WET,46,POOR,surface moisture likely affecting traction; moderate precipitation today,120,9
2026-10-12,Gap Loop,Deer Valley,WG028,40.6409109833561,-111.47399614902376,7445.8,51,61.5,47.1,52.6,0.122,0.031,0.0,0.122,0.74,0.74,54.56666666666667,58.18571428571429,0,0.0,0.0,0.0,0.0,0.0,0,1.9,7303.7,7618.9,7445.8,23.3,24.7,35.9,8.4,27.1,40.4,24.1,0.601,WET,46,POOR,surface moisture likely affecting traction; moderate precipitation today,120,9
2026-10-12,Moosehouse,Park City / PCMR,WG032,40.63204398195126,-111.5038481086022,7902.6,51,59.7,45.3,50.8,0.122,0.031,0.0,0.122,0.74,0.74,52.76666666666667,56.41428571428572,0,0.0,0.0,0.0,0.0,0.0,0,0.3,7714.9,8073.3,7902.6,16.2,18.9,24.8,7.7,0.0,65.4,26.9,0.603,WET,46,POOR,surface moisture likely affecting traction; moderate precipitation today,120,15
2026-10-12,NCS,Deer Valley,WG032,40.62911396321707,-111.4803727621932,7992.5,51,59.7,45.3,50.8,0.122,0.031,0.0,0.122,0.74,0.74,52.76666666666667,56.41428571428572,0,0.0,0.0,0.0,0.0,0.0,0,0.7,7538.6,8347.5,7992.5,21.0,19.3,37.7,0.0,6.2,70.3,23.4,0.595,WET,46,POOR,surface moisture likely affecting traction; moderate precipitation today,120,9
2026-10-12,Ontario Ridge,Deer Valley,WG032,40.62821582013441,-111.49780973717266,7815.3,51,59.7,45.3,50.8,0.122,0.031,0.0,0.122,0.74,0.74,52.76666666666667,56.41428571428572,0,0.0,0.0,0.0,0.0,0.0,0,0.2,7722.8,7903.4,7815.3,9.9,9.9,15.1,0.0,0.0,57.1,42.9,0.603,WET,46,POOR,surface moisture likely affecting traction; moderate precipitation today,120,9
2026-10-12,Rossi Hill Trail,Deer Valley,WG031,40.63808222920599,-111.4919292526201,7341.8,51,61.1,46.7,52.2,0.122,0.031,0.0,0.122,0.74,0.74,54.16666666666666,57.785714285714285,0,0.0,0.0,0.0,0.0,0.0,0,1.5,7288.7,7458.0,7341.8,18.8,19.8,32.7,0.0,56.0,41.0,3.0,0.596,WET,46,POOR,surface moisture likely affecting traction; moderate precipitation today,120,9
2026-10-12,Solamere,Deer Valley,WG045,40.65168830951934,-111.47267426337083,7304.0,51,61.7,46.7,52.6,0.11,0.035,0.0,0.11,0.713,0.713,54.5,57.72857142857142,0,0.0,0.0,0.0,0.0,0.0,0,2.3,7128.6,7460.6,7304.0,20.7,21.1,32.5,14.8,80.3,3.0,2.0,0.6,WET,46,POOR,surface moisture likely affecting traction; moderate precipitation today,120,9
2026-10-12,Spin Cycle Trail,Deer Valley,WG028,40.63411801502942,-111.46082430079326,7178.8,51,61.5,47.1,52.6,0.122,0.031,0.0,0.122,0.74,0.74,54.56666666666667,58.18571428571429,0,0.0,0.0,0.0,0.0,0.0,0,1.8,6835.8,7600.6,7178.8,21.4,21.1,31.7,2.8,0.0,51.0,46.2,0.591,WET,46,POOR,surface moisture likely affecting traction; moderate precipitation today,120,9
2026-10-12,Tour De Homes,Deer Valley,WG032,40.63205110837411,-111.48826887414292,7813.1,51,59.7,45.3,50.8,0.122,0.031,0.0,0.122,0.74,0.74,52.76666666666667,56.41428571428572,0,0.0,0.0,0.0,0.0,0.0,0,1.4,7579.1,8120.3,7813.1,12.5,12.9,23.4,0.9,36.3,58.4,4.4,0.603,WET,46,POOR,surface moisture likely affecting traction; moderate precipitation today,120,9
2026-10-12,Undertow Trail,Deer Valley,WG029,40.63057046785135,-111.47858549886824,7937.9,51,60.1,45.7,51.2,0.122,0.031,0.0,0.122,0.74,0.74,53.16666666666666,56.8,0,0.0,0.0,0.0,0.0,0.0,0,1.9,7530.0,8350.2,7937.9,21.8,23.2,30.8,0.0,38.8,57.0,4.2,0.603,WET,46,POOR,surface moisture likely affecting traction; moderate precipitation today,120,9
2026-10-12,Agitator Trail,Deer Valley,WG028,40.62594479567907,-111.46053082324435,7171.6,51,61.5,47.1,52.6,0.122,0.031,0.0,0.122,0.74,0.74,54.56666666666667,58.18571428571429,0,0.0,0.0,0.0,0.0,0.0,0,1.2,7047.5,7374.2,7171.6,24.5,24.5,33.9,22.8,0.0,42.6,34.7,0.609,WET,45,POOR,surface moisture likely affecting traction; moderate precipitation today,131,18
2026-10-12,Ant Farm,Jeremy Ranch / Glenwild,WG077,40.74632495230274,-111.55092174051572,6629.0,53,63.3,49.0,54.5,0.165,0.094,0.0,0.165,0.862,0.878,57.1,59.35714285714285,0,0.0,0.0,0.0,0.0,0.0,0,0.5,6534.5,6747.2,6629.0,11.9,12.8,18.9,0.0,6.8,93.2,0.0,0.609,WET,45,POOR,surface moisture likely affecting traction; moderate precipitation today,131,2
2026-10-12,April Mountain Trail,Deer Valley,WG047,40.650711302598815,-111.4870593388075,7472.0,51,62.0,47.0,52.8,0.11,0.035,0.0,0.11,0.713,0.713,54.73333333333333,58.0,0,0.0,0.0,0.0,0.0,0.0,0,0.6,7336.4,7548.4,7472.0,12.0,11.8,23.4,46.4,35.7,5.4,12.5,0.618,WET,45,POOR,surface moisture likely affecting traction; moderate precipitation today,131,18
2026-10-12,Daly Avenue,Deer Valley,WG031,40.63079192228995,-111.49966938212476,7430.3,51,61.1,46.7,52.2,0.122,0.031,0.0,0.122,0.74,0.74,54.16666666666666,57.785714285714285,0,0.0,0.0,0.0,0.0,0.0,0,0.8,7254.7,7610.0,7430.3,10.6,9.1,24.0,0.0,6.0,10.4,83.6,0.615,WET,45,POOR,surface moisture likely affecting traction; moderate precipitation today,131,18
2026-10-12,Dead Reckoning,Summit Park,WG078,40.74804102527887,-111.5901705440554,6808.0,53,62.7,48.4,53.9,0.165,0.094,0.0,0.165,0.862,0.862,56.53333333333333,59.3,0,0.0,0.0,0.0,0.0,0.0,0,0.6,6646.9,6981.7,6808.0,16.5,16.1,22.7,0.0,16.7,83.3,0.0,0.613,WET,45,POOR,surface moisture likely affecting traction; moderate precipitation today,131,2
2026-10-12,Deer Crest,Deer Valley,WG029,40.63553157935396,-111.47424740401932,7612.2,51,60.1,45.7,51.2,0.122,0.031,0.0,0.122,0.74,0.74,53.16666666666666,56.8,0,0.0,0.0,0.0,0.0,0.0,0,2.0,7265.1,7950.3,7612.2,21.7,21.4,38.3,0.0,50.3,49.1,0.6,0.608,WET,45,POOR,surface moisture likely affecting traction; moderate precipitation today,131,18
2026-10-12,Devo,Deer Valley,WG032,40.6296740826892,-111.48374523511592,7963.4,51,59.7,45.3,50.8,0.122,0.031,0.0,0.122,0.74,0.74,52.76666666666667,56.41428571428572,0,0.0,0.0,0.0,0.0,0.0,0,0.2,7893.9,8016.5,7963.4,11.3,9.9,17.7,0.0,0.0,47.1,52.9,0.61,WET,45,POOR,surface moisture likely affecting traction; moderate precipitation today,131,18
2026-10-12,Dropout,Jeremy Ranch / Glenwild,WG077,40.74673233142679,-111.55449028155309,6576.0,53,63.3,49.0,54.5,0.165,0.094,0.0,0.165,0.862,0.878,57.1,59.35714285714285,0,0.0,0.0,0.0,0.0,0.0,0,0.9,6420.7,6743.0,6576.0,8.2,7.7,12.5,0.0,16.5,83.5,0.0,0.615,WET,45,POOR,surface moisture likely affecting traction; moderate precipitation today,131,2
2026-10-12,Flat Cable,Park City / PCMR,WG032,40.644102718034645,-111.505628746172,7565.4,51,59.7,45.3,50.8,0.122,0.031,0.0,0.122,0.74,0.74,52.76666666666667,56.41428571428572,0,0.0,0.0,0.0,0.0,0.0,0,1.0,7399.9,7706.1,7565.4,13.5,12.9,28.3,0.0,37.0,51.1,12.0,0.607,WET,45,POOR,surface moisture likely affecting traction; moderate precipitation today,131,17
2026-10-12,Gorgoza Park,Pinebrook,WG089,40.75144469967726,-111.581432624726,6619.5,53,63.0,48.7,54.2,0.165,0.094,0.0,0.165,0.862,0.862,56.833333333333336,59.6,0,0.0,0.0,0.0,0.0,0.0,0,1.6,6378.8,6831.0,6619.5,13.6,13.9,25.2,2.2,1.5,87.5,8.8,0.612,WET,45,POOR,surface moisture likely affecting traction; moderate precipitation today,131,1
2026-10-12,Little Engine Trail,Summit Park,WG089,40.756690732809,-111.59562244098744,6709.3,53,63.0,48.7,54.2,0.165,0.094,0.0,0.165,0.862,0.862,56.833333333333336,59.6,0,0.0,0.0,0.0,0.0,0.0,0,0.3,6693.2,6736.7,6709.3,9.5,10.2,17.8,4.3,0.0,82.6,13.0,0.616,WET,45,POOR,surface moisture likely affecting traction; moderate precipitation today,131,2
2026-10-12,Loose Moose,Park City / PCMR,WG031,40.64358346695202,-111.50940341630726,7446.3,51,61.1,46.7,52.2,0.122,0.031,0.0,0.122,0.74,0.74,54.16666666666666,57.785714285714285,0,0.0,0.0,0.0,0.0,0.0,0,0.8,7294.0,7580.3,7446.3,22.5,23.8,36.4,0.0,77.1,22.9,0.0,0.607,WET,45,POOR,surface moisture likely affecting traction; moderate precipitation today,131,17
2026-10-12,Lower Masonic,Park City / PCMR,WG047,40.65358630670372,-111.49972319928794,7113.0,51,62.0,47.0,52.8,0.11,0.035,0.0,0.11,0.713,0.713,54.73333333333333,58.0,0,0.0,0.0,0.0,0.0,0.0,0,0.6,7070.4,7149.0,7113.0,21.2,21.4,30.9,27.8,63.0,9.3,0.0,0.604,WET,45,POOR,surface moisture likely affecting traction; moderate precipitation today,131,17
2026-10-12,Outlook,Deer Valley,WG029,40.63657831428653,-111.4685462481628,7646.2,51,60.1,45.7,51.2,0.122,0.031,0.0,0.122,0.74,0.74,53.16666666666666,56.8,0,0.0,0.0,0.0,0.0,0.0,0,0.5,7621.6,7707.0,7646.2,21.5,20.9,30.1,0.0,13.3,51.1,35.6,0.607,WET,45,POOR,surface moisture likely affecting traction; moderate precipitation today,131,18
2026-10-12,Pointy Rocks,Deer Valley,WG031,40.63679995846106,-111.48172224533342,7428.0,51,61.1,46.7,52.2,0.122,0.031,0.0,0.122,0.74,0.74,54.16666666666666,57.785714285714285,0,0.0,0.0,0.0,0.0,0.0,0,0.2,7323.2,7519.3,7428.0,22.1,22.9,31.8,0.0,0.0,11.1,88.9,0.614,WET,45,POOR,surface moisture likely affecting traction; moderate precipitation today,131,18
2026-10-12,Ripple Trail,Deer Valley,WG029,40.63554405253732,-111.47490110184252,7588.0,51,60.1,45.7,51.2,0.122,0.031,0.0,0.122,0.74,0.74,53.16666666666666,56.8,0,0.0,0.0,0.0,0.0,0.0,0,2.6,7239.4,7945.4,7588.0,19.9,19.6,34.1,0.0,28.5,45.5,26.0,0.611,WET,45,POOR,surface moisture likely affecting traction; moderate precipitation today,131,18
2026-10-12,South Sweeney,Park City / PCMR,WG031,40.64194117786604,-111.49870009761844,7400.1,51,61.1,46.7,52.2,0.122,0.031,0.0,0.122,0.74,0.74,54.16666666666666,57.785714285714285,0,0.0,0.0,0.0,0.0,0.0,0,0.7,7257.8,7492.4,7400.1,24.7,25.3,32.1,0.0,0.0,22.6,77.4,0.607,WET,45,POOR,surface moisture likely affecting traction; moderate precipitation today,131,17
2026-10-12,St. Regis Trail,Deer Valley,WG028,40.639112933407205,-111.47591481144916,7383.3,51,61.5,47.1,52.6,0.122,0.031,0.0,0.122,0.74,0.74,54.56666666666667,58.18571428571429,0,0.0,0.0,0.0,0.0,0.0,0,0.3,7301.5,7454.4,7383.3,24.3,27.6,31.8,0.0,91.2,8.8,0.0,0.616,WET,45,POOR,surface moisture likely affecting traction; moderate precipitation today,131,18
2026-10-12,TDS Ontario Bypass,Deer Valley,WG032,40.62591563844938,-111.49801252893096,7889.0,51,59.7,45.3,50.8,0.122,0.031,0.0,0.122,0.74,0.74,52.76666666666667,56.41428571428572,0,0.0,0.0,0.0,0.0,0.0,0,1.0,7719.2,8043.7,7889.0,16.0,15.1,26.9,0.0,2.1,35.4,62.5,0.617,WET,45,POOR,surface moisture likely affecting traction; moderate precipitation today,131,18
2026-10-12,Team Cutthroat Downhill,Jeremy Ranch / Glenwild,WG077,40.74619331694971,-111.55242052130288,6618.0,53,63.3,49.0,54.5,0.165,0.094,0.0,0.165,0.862,0.878,57.1,59.35714285714285,0,0.0,0.0,0.0,0.0,0.0,0,0.3,6546.5,6754.3,6618.0,12.4,12.3,17.8,0.0,0.0,100.0,0.0,0.604,WET,45,POOR,surface moisture likely affecting traction; moderate precipitation today,131,2
2026-10-12,The Sheep Trail,Summit Park,WG094,40.75746633469589,-111.667341513995,6217.2,53,64.4,51.2,56.1,0.161,0.102,0.0,0.161,0.744,0.748,59.23333333333333,62.971428571428575,0,0.0,0.0,0.0,0.0,0.0,0,2.2,5959.2,6672.0,6217.2,14.8,14.0,28.0,44.8,39.2,14.4,1.7,0.607,WET,45,POOR,surface moisture likely affecting traction; moderate precipitation today,131,2
2026-10-12,The Up Trail,Summit Park,WG078,40.74822119025095,-111.58934600493023,6821.1,53,62.7,48.4,53.9,0.165,0.094,0.0,0.165,0.862,0.862,56.53333333333333,59.3,0,0.0,0.0,0.0,0.0,0.0,0,1.0,6646.9,6985.9,6821.1,16.2,16.0,24.4,0.0,5.7,94.3,0.0,0.606,WET,45,POOR,surface moisture likely affecting traction; moderate precipitation today,131,2
2026-10-12,Tideline,Jordanelle,WG025,40.64171272429878,-111.40053564270964,6530.0,51,64.2,49.8,55.2,0.122,0.031,0.0,0.122,0.74,0.74,57.23333333333334,59.957142857142856,0,0.0,0.0,0.0,0.0,0.0,0,0.1,6521.2,6544.8,6530.0,15.1,14.5,25.1,91.7,8.3,0.0,0.0,0.614,WET,45,POOR,surface moisture likely affecting traction; moderate precipitation today,131,24
2026-10-12,Trappers Gate,Deer Valley,WG031,40.63197509989361,-111.497026036245,7462.8,51,61.1,46.7,52.2,0.122,0.031,0.0,0.122,0.74,0.74,54.16666666666666,57.785714285714285,0,0.0,0.0,0.0,0.0,0.0,0,0.5,7434.8,7486.1,7462.8,27.4,30.8,36.0,0.0,50.0,20.5,29.5,0.608,WET,45,POOR,surface moisture likely affecting traction; moderate precipitation today,131,18
2026-10-12,Upper Loose Moose,Park City / PCMR,WG032,40.64060459750891,-111.5062344507794,7788.9,51,59.7,45.3,50.8,0.122,0.031,0.0,0.122,0.74,0.74,52.76666666666667,56.41428571428572,0,0.0,0.0,0.0,0.0,0.0,0,0.2,7764.1,7798.8,7788.9,13.5,16.8,20.8,0.0,50.0,50.0,0.0,0.608,WET,45,POOR,surface moisture likely affecting traction; moderate precipitation today,131,17
2026-10-12,Village Pipeline Connector,Deer Valley,WG028,40.6391093200599,-111.472490526811,7336.8,51,61.5,47.1,52.6,0.122,0.031,0.0,0.122,0.74,0.74,54.56666666666667,58.18571428571429,0,0.0,0.0,0.0,0.0,0.0,0,0.2,7292.7,7375.4,7336.8,22.1,23.7,27.5,6.7,0.0,20.0,73.3,0.613,WET,45,POOR,surface moisture likely affecting traction; moderate precipitation today,131,18
2026-10-12,Village Trail / Pipeline,Deer Valley,WG028,40.64110752434245,-111.46934147070748,7182.6,51,61.5,47.1,52.6,0.122,0.031,0.0,0.122,0.74,0.74,54.56666666666667,58.18571428571429,0,0.0,0.0,0.0,0.0,0.0,0,0.5,7071.0,7292.7,7182.6,17.4,17.6,27.5,9.3,0.0,25.6,65.1,0.611,WET,45,POOR,surface moisture likely affecting traction; moderate precipitation today,131,18
2026-10-12,4:20,Deer Valley,WG032,40.63850725810498,-111.5016215026881,7810.7,51,59.7,45.3,50.8,0.122,0.031,0.0,0.122,0.74,0.74,52.76666666666667,56.41428571428572,0,0.0,0.0,0.0,0.0,0.0,0,0.4,7754.7,7849.9,7810.7,17.8,17.9,26.6,0.0,0.0,22.2,77.8,0.626,WET,44,POOR,surface moisture likely affecting traction; moderate precipitation today,158,31
2026-10-12,Daily Overlook,Deer Valley,WG031,40.631723443280656,-111.4987920660294,7430.4,51,61.1,46.7,52.2,0.122,0.031,0.0,0.122,0.74,0.74,54.16666666666666,57.785714285714285,0,0.0,0.0,0.0,0.0,0.0,0,0.3,7365.3,7455.3,7430.4,30.3,31.4,34.2,0.0,0.0,0.0,100.0,0.621,WET,44,POOR,surface moisture likely affecting traction; moderate precipitation today,158,31
2026-10-12,Daly Bypass,Deer Valley,WG031,40.63469577874592,-111.4972952534869,7351.3,51,61.1,46.7,52.2,0.122,0.031,0.0,0.122,0.74,0.74,54.16666666666666,57.785714285714285,0,0.0,0.0,0.0,0.0,0.0,0,0.3,7324.2,7370.0,7351.3,30.0,33.0,38.7,0.0,0.0,3.3,96.7,0.619,WET,44,POOR,surface moisture likely affecting traction; moderate precipitation today,158,31
2026-10-12,Finns,Deer Valley,WG028,40.640763495812735,-111.47689190658058,7214.2,51,61.5,47.1,52.6,0.122,0.031,0.0,0.122,0.74,0.74,54.56666666666667,58.18571428571429,0,0.0,0.0,0.0,0.0,0.0,0,0.3,7140.8,7279.6,7214.2,24.0,24.7,36.1,0.0,96.3,3.7,0.0,0.619,WET,44,POOR,surface moisture likely affecting traction; moderate precipitation today,158,31
2026-10-12,Hidden Cove,Summit Park,WG089,40.756655895607175,-111.597334386164,6686.2,53,63.0,48.7,54.2,0.165,0.094,0.0,0.165,0.862,0.862,56.833333333333336,59.6,0,0.0,0.0,0.0,0.0,0.0,0,0.2,6655.0,6725.6,6686.2,13.1,11.4,26.6,0.0,0.0,62.5,37.5,0.627,WET,44,POOR,surface moisture likely affecting traction; moderate precipitation today,158,6
2026-10-12,Humdinger,Deer Valley,WG029,40.626356336628135,-111.46720603877804,7537.3,51,60.1,45.7,51.2,0.122,0.031,0.0,0.122,0.74,0.74,53.16666666666666,56.8,0,0.0,0.0,0.0,0.0,0.0,0,3.2,7250.4,7937.0,7537.3,23.0,24.0,33.5,25.1,0.0,45.2,29.7,0.627,WET,44,POOR,surface moisture likely affecting traction; moderate precipitation today,158,31
2026-10-12,Lower Devo Trail,Deer Valley,WG032,40.63290230557317,-111.48205615844142,7656.5,51,59.7,45.3,50.8,0.122,0.031,0.0,0.122,0.74,0.74,52.76666666666667,56.41428571428572,0,0.0,0.0,0.0,0.0,0.0,0,1.1,7249.7,8016.5,7656.5,19.4,18.7,30.6,0.0,0.0,27.6,72.4,0.622,WET,44,POOR,surface moisture likely affecting traction; moderate precipitation today,158,31
2026-10-12,McHenry Avenue,Deer Valley,WG031,40.640126864152855,-111.49219625319049,7274.9,51,61.1,46.7,52.2,0.122,0.031,0.0,0.122,0.74,0.74,54.16666666666666,57.785714285714285,0,0.0,0.0,0.0,0.0,0.0,0,0.3,7264.9,7287.3,7274.9,23.9,24.5,32.6,0.0,100.0,0.0,0.0,0.621,WET,44,POOR,surface moisture likely affecting traction; moderate precipitation today,158,31
2026-10-12,Mother Urban,Deer Valley,WG032,40.63167066031289,-111.5034058570439,7904.1,51,59.7,45.3,50.8,0.122,0.031,0.0,0.122,0.74,0.74,52.76666666666667,56.41428571428572,0,0.0,0.0,0.0,0.0,0.0,0,2.4,7668.3,8272.5,7904.1,21.4,20.4,38.1,14.1,0.0,29.6,56.3,0.63,WET,44,POOR,surface moisture likely affecting traction; moderate precipitation today,158,31
2026-10-12,Mountain Ranch,Jeremy Ranch / Glenwild,WG066,40.719482563829935,-111.5082007499112,6453.3,53,63.7,49.4,55.0,0.165,0.094,0.0,0.165,0.862,0.89,57.56666666666666,59.39999999999999,0,0.0,0.0,0.0,0.0,0.0,0,0.2,6438.4,6472.3,6453.3,4.0,3.4,7.0,0.0,29.4,70.6,0.0,0.626,WET,44,POOR,surface moisture likely affecting traction; moderate precipitation today,158,5
2026-10-12,OMG,Deer Valley,WG032,40.631226274970665,-111.4973428195913,7571.3,51,59.7,45.3,50.8,0.122,0.031,0.0,0.122,0.74,0.74,52.76666666666667,56.41428571428572,0,0.0,0.0,0.0,0.0,0.0,0,0.3,7486.1,7662.1,7571.3,27.8,29.0,32.3,0.0,72.0,28.0,0.0,0.622,WET,44,POOR,surface moisture likely affecting traction; moderate precipitation today,158,31
2026-10-12,Rinse Cycle Trail,Deer Valley,WG028,40.62990230274806,-111.45944053119273,7191.1,51,61.5,47.1,52.6,0.122,0.031,0.0,0.122,0.74,0.74,54.56666666666667,58.18571428571429,0,0.0,0.0,0.0,0.0,0.0,0,2.6,6863.6,7603.9,7191.1,21.5,21.4,33.6,18.3,0.0,16.4,65.3,0.622,WET,44,POOR,surface moisture likely affecting traction; moderate precipitation today,158,31
2026-10-12,Silver Spur,Park City / PCMR,WG049,40.65266965116334,-111.5117818738982,6980.8,53,61.9,47.6,53.1,0.165,0.094,0.0,0.165,0.862,0.862,55.73333333333333,59.07142857142857,0,0.0,0.0,0.0,0.0,0.0,0,0.7,6926.4,7004.9,6980.8,13.8,13.5,24.9,0.0,7.6,60.6,31.8,0.628,WET,44,POOR,surface moisture likely affecting traction; moderate precipitation today,158,22
2026-10-12,Skyridge Peak Trail / Milky Way,Jordanelle,WG043,40.65984634182248,-111.4368345884266,7139.2,51,62.1,47.1,53.0,0.11,0.035,0.0,0.11,0.713,0.713,54.9,57.72857142857144,0,0.0,0.0,0.0,0.0,0.0,0,1.2,6963.5,7331.5,7139.2,22.4,23.3,33.7,59.8,28.9,0.0,11.3,0.629,WET,44,POOR,surface moisture likely affecting traction; moderate precipitation today,158,25
2026-10-12,The Lookout,Deer Valley,WG032,40.62921554675458,-111.4942829189022,7693.2,51,59.7,45.3,50.8,0.122,0.031,0.0,0.122,0.74,0.74,52.76666666666667,56.41428571428572,0,0.0,0.0,0.0,0.0,0.0,0,1.7,7338.4,8054.6,7693.2,27.6,27.5,44.1,0.0,87.3,12.7,0.0,0.632,WET,44,POOR,surface moisture likely affecting traction; moderate precipitation today,158,31
2026-10-12,A Toll New World,Summit Park,WG078,40.74525880222984,-111.59660432287036,6843.1,53,62.7,48.4,53.9,0.165,0.094,0.0,0.165,0.862,0.862,56.53333333333333,59.3,0,0.0,0.0,0.0,0.0,0.0,0,1.3,6620.4,7055.3,6843.1,16.3,16.7,26.9,1.9,40.7,53.7,3.7,0.634,WET,43,POOR,surface moisture likely affecting traction; moderate precipitation today,173,7
2026-10-12,Abilene Way,Jeremy Ranch / Glenwild,WG068,40.705162592888,-111.52848253655898,6454.0,53,63.8,49.5,55.0,0.165,0.094,0.0,0.165,0.862,0.933,57.633333333333326,59.52857142857143,0,0.0,0.0,0.0,0.0,0.0,0,0.5,6439.2,6463.1,6454.0,1.2,1.0,2.4,0.0,0.0,56.1,43.9,0.642,WET,43,POOR,surface moisture likely affecting traction; moderate precipitation today,173,6
2026-10-12,Cutter Lane,Jeremy Ranch / Glenwild,WG068,40.7083260127391,-111.53140227257067,6437.7,53,63.8,49.5,55.0,0.165,0.094,0.0,0.165,0.862,0.933,57.633333333333326,59.52857142857143,0,0.0,0.0,0.0,0.0,0.0,0,0.2,6431.6,6445.1,6437.7,2.1,2.0,3.3,0.0,33.3,66.7,0.0,0.635,WET,43,POOR,surface moisture likely affecting traction; moderate precipitation today,173,6
2026-10-12,Discovery,Summit Park,WG078,40.74903521550762,-111.59463162387972,6614.4,53,62.7,48.4,53.9,0.165,0.094,0.0,0.165,0.862,0.862,56.53333333333333,59.3,0,0.0,0.0,0.0,0.0,0.0,0,0.4,6578.7,6650.0,6614.4,11.5,10.0,24.8,0.0,20.9,46.5,32.6,0.638,WET,43,POOR,surface moisture likely affecting traction; moderate precipitation today,173,7
2026-10-12,Full Steam Billy,Park City / PCMR,WG031,40.64842922650065,-111.4945100220623,7246.4,51,61.1,46.7,52.2,0.122,0.031,0.0,0.122,0.74,0.74,54.16666666666666,57.785714285714285,0,0.0,0.0,0.0,0.0,0.0,0,0.3,7161.5,7277.5,7246.4,14.8,15.0,18.5,27.6,72.4,0.0,0.0,0.638,WET,43,POOR,surface moisture likely affecting traction; moderate precipitation today,173,23
2026-10-12,Grave Digger,Deer Valley,WG032,40.62962271716946,-111.50201210924322,7682.6,51,59.7,45.3,50.8,0.122,0.031,0.0,0.122,0.74,0.74,52.76666666666667,56.41428571428572,0,0.0,0.0,0.0,0.0,0.0,0,0.5,7659.8,7734.0,7682.6,24.7,26.7,36.3,10.5,0.0,2.6,86.8,0.645,WET,43,POOR,surface moisture likely affecting traction; moderate precipitation today,173,42
2026-10-12,Miss Billy's,Jeremy Ranch / Glenwild,WG059,40.69127466685039,-111.54016400735836,6614.6,53,62.7,48.4,54.0,0.165,0.094,0.0,0.165,0.862,0.933,56.56666666666666,58.457142857142856,0,0.0,0.0,0.0,0.0,0.0,0,1.1,6557.2,6663.6,6614.6,2.9,2.6,7.1,0.0,1.9,67.3,30.8,0.635,WET,43,POOR,surface moisture likely affecting traction; moderate precipitation today,173,6
2026-10-12,North 400 West,Jeremy Ranch / Glenwild,WG068,40.70279368500318,-111.51897621463831,6441.4,53,63.8,49.5,55.0,0.165,0.094,0.0,0.165,0.862,0.933,57.633333333333326,59.52857142857143,0,0.0,0.0,0.0,0.0,0.0,0,0.5,6427.3,6455.3,6441.4,1.2,1.0,3.2,0.0,7.3,53.7,39.0,0.644,WET,43,POOR,surface moisture likely affecting traction; moderate precipitation today,173,6
2026-10-12,Pinebrook Pointe South,Pinebrook,WG078,40.74959135152933,-111.5795998040212,6632.5,53,62.7,48.4,53.9,0.165,0.094,0.0,0.165,0.862,0.862,56.53333333333333,59.3,0,0.0,0.0,0.0,0.0,0.0,0,0.1,6602.3,6649.2,6632.5,13.9,11.6,22.3,0.0,0.0,54.5,45.5,0.632,WET,43,POOR,surface moisture likely affecting traction; moderate precipitation today,173,2
2026-10-12,Powerline Connector,Pinebrook,WG078,40.74298978990414,-111.5728828415412,6585.6,53,62.7,48.4,53.9,0.165,0.094,0.0,0.165,0.862,0.862,56.53333333333333,59.3,0,0.0,0.0,0.0,0.0,0.0,0,0.1,6554.5,6626.1,6585.6,17.9,18.6,21.5,0.0,0.0,46.2,53.8,0.638,WET,43,POOR,surface moisture likely affecting traction; moderate precipitation today,173,2
2026-10-12,Snowtop,Deer Valley,WG028,40.64752229561398,-111.4705824068134,7443.3,51,61.5,47.1,52.6,0.122,0.031,0.0,0.122,0.74,0.74,54.56666666666667,58.18571428571429,0,0.0,0.0,0.0,0.0,0.0,0,1.7,7307.2,7590.1,7443.3,19.4,21.1,29.7,41.6,14.6,19.7,24.1,0.635,WET,43,POOR,surface moisture likely affecting traction; moderate precipitation today,173,42
2026-10-12,Upper Loose,Park City / PCMR,WG032,40.64060205866311,-111.5081407284332,7678.0,51,59.7,45.3,50.8,0.122,0.031,0.0,0.122,0.74,0.74,52.76666666666667,56.41428571428572,0,0.0,0.0,0.0,0.0,0.0,0,0.3,7581.2,7789.4,7678.0,17.3,17.6,23.5,0.0,92.9,7.1,0.0,0.635,WET,43,POOR,surface moisture likely affecting traction; moderate precipitation today,173,23
2026-10-12,Village Trail,Deer Valley,WG028,40.64077448423082,-111.47113665558776,7315.2,51,61.5,47.1,52.6,0.122,0.031,0.0,0.122,0.74,0.74,54.56666666666667,58.18571428571429,0,0.0,0.0,0.0,0.0,0.0,0,0.2,7292.7,7333.1,7315.2,22.8,24.0,27.5,21.4,0.0,0.0,78.6,0.634,WET,43,POOR,surface moisture likely affecting traction; moderate precipitation today,173,42
2026-10-12,Bad Apple,Jeremy Ranch / Glenwild,WG076,40.74937514368386,-111.56017979748744,6367.9,53,64.0,49.7,55.2,0.165,0.094,0.0,0.165,0.862,0.878,57.833333333333336,60.08571428571429,0,0.0,0.0,0.0,0.0,0.0,0,0.7,6279.5,6445.1,6367.9,14.4,13.4,26.1,15.3,32.2,44.1,8.5,0.652,WET,42,POOR,surface moisture likely affecting traction; moderate precipitation today,186,10
2026-10-12,Ecker Hill Trail,Pinebrook,WG076,40.740364526144575,-111.5667817840803,6401.3,53,64.0,49.7,55.2,0.165,0.094,0.0,0.165,0.862,0.878,57.833333333333336,60.08571428571429,0,0.0,0.0,0.0,0.0,0.0,0,0.5,6356.3,6420.5,6401.3,8.7,8.9,14.0,0.0,0.0,22.2,77.8,0.656,WET,42,POOR,surface moisture likely affecting traction; moderate precipitation today,186,4
2026-10-12,Gambel Oak Trail,Park City / PCMR,WG031,40.64847351910524,-111.48419757905585,7408.0,51,61.1,46.7,52.2,0.122,0.031,0.0,0.122,0.74,0.74,54.16666666666666,57.785714285714285,0,0.0,0.0,0.0,0.0,0.0,0,1.0,7205.8,7543.6,7408.0,12.0,14.4,18.4,71.9,0.0,12.4,15.7,0.658,WET,42,POOR,surface moisture likely affecting traction; moderate precipitation today,186,25
2026-10-12,Great Western Trail / Great Western Trail bypass,Wasatch Crest / Millcreek,WG091,40.7535574542296,-111.6313027356856,7111.8,53,61.3,48.0,52.9,0.161,0.102,0.0,0.161,0.744,0.748,56.03333333333333,58.9,0,0.0,0.0,0.0,0.0,0.0,0,1.4,6865.3,7548.3,7111.8,13.7,13.4,22.9,68.4,22.8,0.0,8.8,0.649,WET,42,POOR,surface moisture likely affecting traction; moderate precipitation today,186,2
2026-10-12,Moose Poop,Deer Valley,WG032,40.633538239133244,-111.50120248027572,7607.1,51,59.7,45.3,50.8,0.122,0.031,0.0,0.122,0.74,0.74,52.76666666666667,56.41428571428572,0,0.0,0.0,0.0,0.0,0.0,0,0.2,7512.7,7714.9,7607.1,15.5,14.9,25.8,20.0,0.0,5.0,75.0,0.649,WET,42,POOR,surface moisture likely affecting traction; moderate precipitation today,186,45
2026-10-12,OMH,Pinebrook,WG070,40.71997692753587,-111.55773747935044,6677.5,53,62.8,48.5,54.0,0.165,0.094,0.0,0.165,0.862,0.878,56.63333333333333,58.885714285714286,0,0.0,0.0,0.0,0.0,0.0,0,0.9,6531.5,6827.5,6677.5,14.7,15.1,23.3,8.2,0.0,30.1,61.6,0.657,WET,42,POOR,surface moisture likely affecting traction; moderate precipitation today,186,4
2026-10-12,Pale Green Dot,Summit Park,WG078,40.74689592786439,-111.59182437672968,6802.1,53,62.7,48.4,53.9,0.165,0.094,0.0,0.165,0.862,0.862,56.53333333333333,59.3,0,0.0,0.0,0.0,0.0,0.0,0,1.0,6633.4,6985.9,6802.1,16.5,16.0,25.2,0.0,69.6,27.8,2.5,0.65,WET,42,POOR,surface moisture likely affecting traction; moderate precipitation today,186,9
2026-10-12,Powerline,Pinebrook,WG078,40.74237998272819,-111.5716363238219,6548.4,53,62.7,48.4,53.9,0.165,0.094,0.0,0.165,0.862,0.862,56.53333333333333,59.3,0,0.0,0.0,0.0,0.0,0.0,0,0.3,6493.6,6609.7,6548.4,15.7,15.5,21.0,0.0,0.0,25.8,74.2,0.651,WET,42,POOR,surface moisture likely affecting traction; moderate precipitation today,186,4
2026-10-12,RTS,Jeremy Ranch / Glenwild,WG070,40.71664642216084,-111.55523569599896,6598.1,53,62.8,48.5,54.0,0.165,0.094,0.0,0.165,0.862,0.878,56.63333333333333,58.885714285714286,0,0.0,0.0,0.0,0.0,0.0,0,2.6,6478.1,6718.6,6598.1,7.8,7.2,18.3,2.1,0.0,22.3,75.5,0.658,WET,42,POOR,surface moisture likely affecting traction; moderate precipitation today,186,10
2026-10-12,Spare Change,Summit Park,WG080,40.74164553017363,-111.60031464541484,6827.9,53,62.5,48.1,53.7,0.165,0.094,0.0,0.165,0.862,0.862,56.26666666666667,59.54285714285715,0,0.0,0.0,0.0,0.0,0.0,0,0.3,6772.5,6883.6,6827.9,23.6,25.8,34.2,0.0,0.0,25.0,75.0,0.652,WET,42,POOR,surface moisture likely affecting traction; moderate precipitation today,186,9
2026-10-12,Trailside,Round Valley,WG066,40.71864159830864,-111.50336949570412,6480.1,53,63.7,49.4,55.0,0.165,0.094,0.0,0.165,0.862,0.89,57.56666666666666,59.39999999999999,0,0.0,0.0,0.0,0.0,0.0,0,0.1,6473.9,6486.7,6480.1,3.6,3.6,5.7,0.0,0.0,28.6,71.4,0.654,WET,42,POOR,surface moisture likely affecting traction; moderate precipitation today,186,66
2026-10-12,BYOB,Pinebrook,WG070,40.718283985000745,-111.55661288864135,6639.8,53,62.8,48.5,54.0,0.165,0.094,0.0,0.165,0.862,0.878,56.63333333333333,58.885714285714286,0,0.0,0.0,0.0,0.0,0.0,0,0.7,6545.0,6701.6,6639.8,15.6,15.9,25.8,5.0,0.0,16.7,78.3,0.664,WET,41,POOR,surface moisture likely affecting traction; moderate precipitation today,197,7
2026-10-12,Colin's Trail,Jeremy Ranch / Glenwild,WG060,40.69629937433107,-111.55671582168428,7029.9,53,61.2,46.9,52.4,0.165,0.094,0.0,0.165,0.862,0.906,55.0,58.6,0,0.0,0.0,0.0,0.0,0.0,0,1.8,6641.1,7390.4,7029.9,21.7,22.5,34.0,3.3,0.0,53.9,42.8,0.662,WET,41,POOR,surface moisture likely affecting traction; moderate precipitation today,197,12
2026-10-12,Crazy Eights,Jeremy Ranch / Glenwild,WG077,40.74908550583131,-111.55291850861556,6580.7,53,63.3,49.0,54.5,0.165,0.094,0.0,0.165,0.862,0.878,57.1,59.35714285714285,0,0.0,0.0,0.0,0.0,0.0,0,0.8,6460.7,6726.9,6580.7,11.1,11.4,14.2,7.6,72.7,19.7,0.0,0.663,WET,41,POOR,surface moisture likely affecting traction; moderate precipitation today,197,12
2026-10-12,High Meadows Connector,Pinebrook,WG076,40.74134938710701,-111.56847869190176,6429.9,53,64.0,49.7,55.2,0.165,0.094,0.0,0.165,0.862,0.878,57.833333333333336,60.08571428571429,0,0.0,0.0,0.0,0.0,0.0,0,0.2,6418.7,6445.0,6429.9,8.6,9.1,12.6,0.0,0.0,14.3,85.7,0.662,WET,41,POOR,surface moisture likely affecting traction; moderate precipitation today,197,7
2026-10-12,Jailbreak,Jeremy Ranch / Glenwild,WG085,40.75712939272894,-111.56214780445411,6277.4,53,64.3,50.0,55.5,0.165,0.094,0.0,0.165,0.862,0.862,58.1,60.91428571428571,0,0.0,0.0,0.0,0.0,0.0,0,0.5,6261.8,6299.2,6277.4,10.6,8.6,29.3,18.0,60.0,22.0,0.0,0.666,WET,41,POOR,surface moisture likely affecting traction; moderate precipitation today,197,12
2026-10-12,Pinebrook Point,Pinebrook,WG089,40.75079411917499,-111.57994193527573,6623.3,53,63.0,48.7,54.2,0.165,0.094,0.0,0.165,0.862,0.862,56.833333333333336,59.6,0,0.0,0.0,0.0,0.0,0.0,0,0.3,6553.0,6684.0,6623.3,12.0,11.9,19.3,0.0,0.0,11.5,88.5,0.661,WET,41,POOR,surface moisture likely affecting traction; moderate precipitation today,197,7
2026-10-12,RTS / BLT,Jeremy Ranch / Glenwild,WG070,40.71544842193981,-111.5580228733734,6768.3,53,62.8,48.5,54.0,0.165,0.094,0.0,0.165,0.862,0.878,56.63333333333333,58.885714285714286,0,0.0,0.0,0.0,0.0,0.0,0,0.4,6711.6,6827.5,6768.3,17.1,17.3,28.4,10.0,0.0,6.7,83.3,0.674,WET,41,POOR,surface moisture likely affecting traction; moderate precipitation today,197,12
2026-10-12,Rambler DT,Round Valley,WG056,40.699080350519786,-111.50674680507665,6485.7,53,63.7,49.4,54.9,0.165,0.094,0.0,0.165,0.862,0.89,57.46666666666666,59.32857142857142,0,0.0,0.0,0.0,0.0,0.0,0,0.2,6470.0,6508.3,6485.7,12.3,12.3,16.9,0.0,100.0,0.0,0.0,0.673,WET,41,POOR,surface moisture likely affecting traction; moderate precipitation today,197,67
2026-10-12,The Graduate,Jeremy Ranch / Glenwild,WG085,40.7534431855279,-111.56237742796368,6343.1,53,64.3,50.0,55.5,0.165,0.094,0.0,0.165,0.862,0.862,58.1,60.91428571428571,0,0.0,0.0,0.0,0.0,0.0,0,0.7,6257.5,6445.1,6343.1,13.1,11.3,30.2,17.2,50.0,28.1,4.7,0.661,WET,41,POOR,surface moisture likely affecting traction; moderate precipitation today,197,12
2026-10-12,Woodside Gulch,Deer Valley,WG032,40.63428272582461,-111.50200856347875,7635.5,51,59.7,45.3,50.8,0.122,0.031,0.0,0.122,0.74,0.74,52.76666666666667,56.41428571428572,0,0.0,0.0,0.0,0.0,0.0,0,0.8,7305.3,7977.5,7635.5,22.8,24.0,31.3,46.5,0.0,2.8,50.7,0.668,WET,41,POOR,surface moisture likely affecting traction; moderate precipitation today,197,46
2026-10-12,24-7,Jeremy Ranch / Glenwild,WG086,40.7580938928905,-111.55747502780672,6689.5,53,63.1,48.8,54.3,0.165,0.094,0.0,0.165,0.862,0.878,56.93333333333334,59.24285714285715,0,0.0,0.0,0.0,0.0,0.0,0,5.1,6216.2,6897.6,6689.5,17.7,17.7,33.3,43.4,37.0,19.4,0.2,0.687,WET,40,POOR,surface moisture likely affecting traction; moderate precipitation today,207,17
2026-10-12,BLT,Jeremy Ranch / Glenwild,WG070,40.71492142685356,-111.56084442077211,6927.9,53,62.8,48.5,54.0,0.165,0.094,0.0,0.165,0.862,0.878,56.63333333333333,58.885714285714286,0,0.0,0.0,0.0,0.0,0.0,0,0.8,6827.5,6989.0,6927.9,17.6,17.3,29.1,23.5,8.8,0.0,67.6,0.687,WET,40,POOR,surface moisture likely affecting traction; moderate precipitation today,207,17
2026-10-12,Cobblestone Loop,Jeremy Ranch / Glenwild,WG084,40.75845647840704,-111.52582619388934,6805.4,53,62.7,48.4,53.9,0.165,0.094,0.0,0.165,0.862,0.862,56.5,60.04285714285714,0,0.0,0.0,0.0,0.0,0.0,0,0.8,6740.4,6867.4,6805.4,15.5,17.3,28.1,26.5,4.4,0.0,69.1,0.686,WET,40,POOR,surface moisture likely affecting traction; moderate precipitation today,207,17
2026-10-12,Cobblestone Trail,Jeremy Ranch / Glenwild,WG084,40.75512641497514,-111.52744418745776,6723.8,53,62.7,48.4,53.9,0.165,0.094,0.0,0.165,0.862,0.862,56.5,60.04285714285714,0,0.0,0.0,0.0,0.0,0.0,0,1.7,6505.3,6938.7,6723.8,11.4,10.3,28.4,25.5,10.6,8.5,55.3,0.68,WET,40,POOR,surface moisture likely affecting traction; moderate precipitation today,207,17
2026-10-12,Dubois,Jeremy Ranch / Glenwild,WG059,40.698630398586985,-111.55581872982933,6878.9,53,62.7,48.4,54.0,0.165,0.094,0.0,0.165,0.862,0.933,56.56666666666666,58.457142857142856,0,0.0,0.0,0.0,0.0,0.0,0,1.4,6622.8,7164.4,6878.9,16.3,18.1,32.1,24.8,1.7,34.7,38.8,0.674,WET,40,POOR,surface moisture likely affecting traction; moderate precipitation today,207,17
2026-10-12,Moose Hollow,Summit Park,WG088,40.76397899834495,-111.58866445905328,6467.6,53,63.7,49.4,55.0,0.165,0.094,0.0,0.165,0.862,0.862,57.56666666666666,60.385714285714286,0,0.0,0.0,0.0,0.0,0.0,0,1.0,6221.3,6678.6,6467.6,17.4,18.6,25.5,25.0,0.0,2.5,72.5,0.684,WET,40,POOR,surface moisture likely affecting traction; moderate precipitation today,207,11
2026-10-12,Parley's Lane,Summit Park,WG089,40.75375624958085,-111.59849347383722,6719.0,53,63.0,48.7,54.2,0.165,0.094,0.0,0.165,0.862,0.862,56.833333333333336,59.6,0,0.0,0.0,0.0,0.0,0.0,0,1.0,6641.6,6766.5,6719.0,9.3,8.9,19.0,33.7,2.3,19.8,44.2,0.678,WET,40,POOR,surface moisture likely affecting traction; moderate precipitation today,207,11
2026-10-12,Winchester Trail,Jeremy Ranch / Glenwild,WG069,40.71094932830698,-111.54449441430567,6453.0,53,63.8,49.5,55.0,0.165,0.094,0.0,0.165,0.862,0.933,57.6,59.5,0,0.0,0.0,0.0,0.0,0.0,0,0.2,6433.3,6465.9,6453.0,7.5,7.9,12.5,0.0,0.0,0.0,100.0,0.681,WET,40,POOR,surface moisture likely affecting traction; moderate precipitation today,207,17
2026-10-12,Eagle Trail,Park City / PCMR,WG051,40.65138382915936,-111.51929067308184,7664.9,53,59.8,45.5,51.0,0.165,0.094,0.0,0.165,0.862,0.921,53.56666666666666,57.37142857142857,0,0.0,0.0,0.0,0.0,0.0,0,0.5,7477.4,7838.4,7664.9,22.7,23.0,32.0,0.0,0.0,95.7,4.3,0.699,WET,39,POOR,surface moisture likely affecting traction; moderate precipitation today,215,26
2026-10-12,Glenwild Loop,Jeremy Ranch / Glenwild,WG075,40.73989427988239,-111.52813430357229,6701.6,53,63.2,48.9,54.4,0.165,0.094,0.0,0.165,0.862,0.878,57.0,59.32857142857142,0,0.0,0.0,0.0,0.0,0.0,0,5.9,6431.8,7136.4,6701.6,11.6,10.8,29.7,35.1,19.3,6.4,39.1,0.691,WET,39,POOR,surface moisture likely affecting traction; moderate precipitation today,215,23
2026-10-12,No Worries,Summit Park,WG081,40.73716048778493,-111.60234213265907,7289.1,53,60.8,46.5,52.0,0.165,0.094,0.0,0.165,0.862,0.862,54.633333333333326,58.385714285714286,0,0.0,0.0,0.0,0.0,0.0,0,2.1,6892.9,7679.1,7289.1,24.7,24.9,33.3,2.3,0.0,63.2,34.5,0.694,WET,39,POOR,surface moisture likely affecting traction; moderate precipitation today,215,13
2026-10-12,Pinebrook Southeast Perimeter Trail,Pinebrook,WG078,40.73058687532795,-111.57244227312069,6947.5,53,62.7,48.4,53.9,0.165,0.094,0.0,0.165,0.862,0.862,56.53333333333333,59.3,0,0.0,0.0,0.0,0.0,0.0,0,3.9,6418.7,7454.2,6947.5,22.5,22.0,36.2,48.1,1.6,18.4,31.9,0.689,WET,39,POOR,surface moisture likely affecting traction; moderate precipitation today,215,10
2026-10-12,Road to WOS,Summit Park,WG082,40.73344363030311,-111.61407104321202,7712.2,53,59.4,45.1,50.6,0.165,0.094,0.0,0.165,0.862,0.862,53.2,56.971428571428575,0,0.0,0.0,0.0,0.0,0.0,0,2.8,7391.3,7924.7,7712.2,25.7,27.6,35.9,0.0,13.6,79.2,7.2,0.701,WET,39,POOR,surface moisture likely affecting traction; moderate precipitation today,215,13
2026-10-12,Stealth Connector / Pheasant Way,Jeremy Ranch / Glenwild,WG076,40.73167942348123,-111.54708752211994,6361.5,53,64.0,49.7,55.2,0.165,0.094,0.0,0.165,0.862,0.878,57.833333333333336,60.08571428571429,0,0.0,0.0,0.0,0.0,0.0,0,0.3,6330.9,6398.1,6361.5,5.3,4.7,14.3,59.1,9.1,27.3,4.5,0.693,WET,39,POOR,surface moisture likely affecting traction; moderate precipitation today,215,23
2026-10-12,Tall Oaks Circle,Pinebrook,WG078,40.73938310561022,-111.57541687830556,6961.5,53,62.7,48.4,53.9,0.165,0.094,0.0,0.165,0.862,0.862,56.53333333333333,59.3,0,0.0,0.0,0.0,0.0,0.0,0,0.3,6901.0,7028.0,6961.5,12.3,12.6,19.5,47.8,47.8,4.3,0.0,0.698,WET,39,POOR,surface moisture likely affecting traction; moderate precipitation today,215,10
2026-10-12,Insurgent,Jeremy Ranch / Glenwild,WG063,40.68610182305705,-111.58195303109213,7873.2,53,59.1,44.8,50.3,0.165,0.094,0.0,0.165,0.862,0.905,52.93333333333333,56.67142857142858,0,0.0,0.0,0.0,0.0,0.0,0,0.6,7618.3,8148.8,7873.2,21.7,22.6,32.5,0.0,0.0,74.0,26.0,0.713,WET,38,POOR,surface moisture likely affecting traction; moderate precipitation today,222,25
2026-10-12,Blackhawk Trail,Jeremy Ranch / Glenwild,WG075,40.73111252615939,-111.53542276920604,6536.5,53,63.2,48.9,54.4,0.165,0.094,0.0,0.165,0.862,0.878,57.0,59.32857142857142,0,0.0,0.0,0.0,0.0,0.0,0,2.5,6347.6,6739.8,6536.5,16.6,16.7,28.9,74.3,21.4,0.0,4.3,0.721,WET,37,POOR,surface moisture likely affecting traction; moderate precipitation today,223,26
2026-10-12,Dawns Trail,Park City / PCMR,WG051,40.65039115727101,-111.52578815180028,7505.7,53,59.8,45.5,51.0,0.165,0.094,0.0,0.165,0.862,0.921,53.56666666666666,57.37142857142857,0,0.0,0.0,0.0,0.0,0.0,0,0.9,7415.0,7576.9,7505.7,21.9,20.3,35.0,0.0,46.5,31.0,22.5,0.727,WET,37,POOR,surface moisture likely affecting traction; moderate precipitation today,223,27
2026-10-12,Fink Again,Jeremy Ranch / Glenwild,WG086,40.75125285000831,-111.55541181172696,6586.2,53,63.1,48.8,54.3,0.165,0.094,0.0,0.165,0.862,0.878,56.93333333333334,59.24285714285715,0,0.0,0.0,0.0,0.0,0.0,0,0.9,6445.1,6727.8,6586.2,11.7,11.8,14.8,66.2,33.8,0.0,0.0,0.716,WET,37,POOR,surface moisture likely affecting traction; moderate precipitation today,223,26
2026-10-12,Holly's,Pinebrook,WG063,40.68604417524608,-111.57782170773478,7824.2,53,59.1,44.8,50.3,0.165,0.094,0.0,0.165,0.862,0.905,52.93333333333333,56.67142857142858,0,0.0,0.0,0.0,0.0,0.0,0,2.2,7520.7,8241.4,7824.2,27.2,28.3,42.4,12.1,1.6,67.0,19.2,0.727,WET,37,POOR,surface moisture likely affecting traction; moderate precipitation today,223,12
2026-10-12,Iron Bill,Jeremy Ranch / Glenwild,WG071,40.70817834974828,-111.55726593666238,7034.2,53,60.7,46.4,51.9,0.165,0.094,0.0,0.165,0.862,0.906,54.46666666666667,58.05714285714286,0,0.0,0.0,0.0,0.0,0.0,0,2.0,6718.2,7267.2,7034.2,19.0,19.1,32.3,16.6,0.0,29.0,54.4,0.716,WET,37,POOR,surface moisture likely affecting traction; moderate precipitation today,223,26
2026-10-12,Legacy. Loop,Jeremy Ranch / Glenwild,WG071,40.70737188748682,-111.5599210439625,7363.1,53,60.7,46.4,51.9,0.165,0.094,0.0,0.165,0.862,0.906,54.46666666666667,58.05714285714286,0,0.0,0.0,0.0,0.0,0.0,0,0.4,7345.2,7385.4,7363.1,15.4,15.0,20.8,0.0,29.4,38.2,32.4,0.719,WET,37,POOR,surface moisture likely affecting traction; moderate precipitation today,223,26
2026-10-12,Olympic,Pinebrook,WG064,40.69996684096533,-111.57868853500152,8004.0,53,58.1,43.8,49.3,0.165,0.094,0.0,0.165,0.862,0.894,51.93333333333334,55.614285714285714,0,0.0,0.0,0.0,0.0,0.0,0,1.2,7911.4,8056.5,8004.0,21.3,23.7,31.0,5.1,23.5,63.3,8.2,0.723,WET,37,POOR,surface moisture likely affecting traction; moderate precipitation today,223,12
2026-10-12,Richochet,Park City / PCMR,WG062,40.68638148266805,-111.57139393545772,7468.3,53,60.2,45.9,51.4,0.165,0.094,0.0,0.165,0.862,0.905,53.96666666666667,57.71428571428572,0,0.0,0.0,0.0,0.0,0.0,0,2.5,6918.4,8101.8,7468.3,22.5,22.8,36.7,0.0,1.4,60.1,38.5,0.723,WET,37,POOR,surface moisture likely affecting traction; moderate precipitation today,223,27
2026-10-12,Rob's Trail,Pinebrook,WG063,40.69704664952428,-111.5702364046946,7584.0,53,59.1,44.8,50.3,0.165,0.094,0.0,0.165,0.862,0.905,52.93333333333333,56.67142857142858,0,0.0,0.0,0.0,0.0,0.0,0,2.1,7146.5,7923.4,7584.0,25.6,26.0,35.1,18.2,1.1,75.0,5.7,0.726,WET,37,POOR,surface moisture likely affecting traction; moderate precipitation today,223,12
2026-10-12,Stealth Trail,Jeremy Ranch / Glenwild,WG077,40.73631275924013,-111.5447596003018,6560.0,53,63.3,49.0,54.5,0.165,0.094,0.0,0.165,0.862,0.878,57.1,59.35714285714285,0,0.0,0.0,0.0,0.0,0.0,0,2.3,6346.1,6903.5,6560.0,15.2,16.1,27.2,66.5,32.0,0.5,1.0,0.716,WET,37,POOR,surface moisture likely affecting traction; moderate precipitation today,223,26
2026-10-12,Yeti's,Pinebrook,WG072,40.70910944007779,-111.57083697014414,7539.3,53,59.3,45.0,50.5,0.165,0.094,0.0,0.165,0.862,0.862,53.13333333333333,56.9,0,0.0,0.0,0.0,0.0,0.0,0,3.0,6939.0,8064.3,7539.3,21.9,21.9,36.4,0.4,11.6,54.7,33.3,0.72,WET,37,POOR,surface moisture likely affecting traction; moderate precipitation today,223,12
2026-10-12,Canyons Downhill,Pinebrook,WG061,40.68430916809496,-111.56849091879047,7666.2,53,59.5,45.2,50.7,0.165,0.094,0.0,0.165,0.862,0.905,53.26666666666667,57.01428571428571,0,0.0,0.0,0.0,0.0,0.0,0,1.2,7182.1,8294.1,7666.2,26.4,27.3,37.8,17.8,0.0,64.4,17.8,0.734,WET,36,POOR,surface moisture likely affecting traction; moderate precipitation today,234,16
2026-10-12,Legacy Ridge,Jeremy Ranch / Glenwild,WG071,40.70648419743829,-111.5603960205038,7414.3,53,60.7,46.4,51.9,0.165,0.094,0.0,0.165,0.862,0.906,54.46666666666667,58.05714285714286,0,0.0,0.0,0.0,0.0,0.0,0,0.5,7364.1,7451.5,7414.3,10.3,9.7,21.0,2.4,43.9,12.2,41.5,0.74,WET,36,POOR,surface moisture likely affecting traction; moderate precipitation today,234,31
2026-10-12,Moose Puddle,Pinebrook,WG071,40.70548588260783,-111.56718578772085,7487.6,53,60.7,46.4,51.9,0.165,0.094,0.0,0.165,0.862,0.906,54.46666666666667,58.05714285714286,0,0.0,0.0,0.0,0.0,0.0,0,3.4,6993.8,8052.9,7487.6,23.4,24.1,33.7,6.4,0.0,55.0,38.6,0.732,WET,36,POOR,surface moisture likely affecting traction; moderate precipitation today,234,16
2026-10-12,Pinebrook Southeast Perimeter / Hunter's Trail of the Mid Mountain,Pinebrook,WG072,40.71419878562093,-111.5896757552273,7875.5,53,59.3,45.0,50.5,0.165,0.094,0.0,0.165,0.862,0.862,53.13333333333333,56.9,0,0.0,0.0,0.0,0.0,0.0,0,4.5,7281.3,8136.4,7875.5,23.6,23.4,40.6,8.7,12.8,35.0,43.4,0.741,WET,36,POOR,surface moisture likely affecting traction; moderate precipitation today,234,16
2026-10-12,Rosebud's Heaven,Park City / PCMR,WG060,40.69195554103422,-111.5659528759652,7326.9,53,61.2,46.9,52.4,0.165,0.094,0.0,0.165,0.862,0.906,55.0,58.6,0,0.0,0.0,0.0,0.0,0.0,0,2.1,7148.5,7503.1,7326.9,26.9,26.5,39.8,55.5,2.3,4.6,37.6,0.732,WET,36,POOR,surface moisture likely affecting traction; moderate precipitation today,234,29
2026-10-12,Short Stack,Summit Park,WG082,40.73936874753804,-111.6200542747078,7652.8,53,59.4,45.1,50.6,0.165,0.094,0.0,0.165,0.862,0.862,53.2,56.971428571428575,0,0.0,0.0,0.0,0.0,0.0,0,1.5,7374.7,7830.5,7652.8,26.7,26.7,36.8,7.1,0.0,43.3,49.6,0.734,WET,36,POOR,surface moisture likely affecting traction; moderate precipitation today,234,15
2026-10-12,Armstrong,Park City / PCMR,WG051,40.65248508262897,-111.52994268919429,7566.3,53,59.8,45.5,51.0,0.165,0.094,0.0,0.165,0.862,0.921,53.56666666666666,57.37142857142857,0,0.0,0.0,0.0,0.0,0.0,0,3.8,6958.3,8237.6,7566.3,20.8,21.5,33.2,0.0,8.3,30.4,61.2,0.749,WET,35,POOR,surface moisture likely affecting traction; moderate precipitation today,240,30
2026-10-12,Ambush,Jeremy Ranch / Glenwild,WG063,40.694225906082366,-111.58181443950004,7757.7,53,59.1,44.8,50.3,0.165,0.094,0.0,0.165,0.862,0.905,52.93333333333333,56.67142857142858,0,0.0,0.0,0.0,0.0,0.0,0,1.6,7418.5,8136.4,7757.7,25.9,26.8,35.6,21.2,0.0,24.8,54.0,0.767,MUDDY,20,AVOID,high retained moisture creates muddy or saturated risk; moderate precipitation today,241,32
2026-10-12,Legacy Loop,Jeremy Ranch / Glenwild,WG071,40.705995804360256,-111.55961886682412,7342.6,53,60.7,46.4,51.9,0.165,0.094,0.0,0.165,0.862,0.906,54.46666666666667,58.05714285714286,0,0.0,0.0,0.0,0.0,0.0,0,0.7,7260.5,7397.4,7342.6,17.1,16.5,26.3,25.0,30.0,1.7,43.3,0.765,MUDDY,20,AVOID,high retained moisture creates muddy or saturated risk; moderate precipitation today,241,32
2026-10-12,Pinebrook Southeast Perimeter / Pinebrook SE Perimeter,Pinebrook,WG079,40.72863077219642,-111.58102679054537,7392.0,53,60.4,46.1,51.7,0.165,0.094,0.0,0.165,0.862,0.906,54.26666666666667,57.885714285714286,0,0.0,0.0,0.0,0.0,0.0,0,1.7,7120.0,7559.3,7392.0,19.9,21.5,33.8,20.3,36.2,6.5,37.0,0.758,MUDDY,20,AVOID,high retained moisture creates muddy or saturated risk; moderate precipitation today,241,19
2026-10-12,Preserve Connector,Jeremy Ranch / Glenwild,WG087,40.76330147562161,-111.54585203221042,7230.0,53,60.9,46.5,52.1,0.165,0.094,0.0,0.165,0.862,0.862,54.66666666666666,58.15714285714286,0,0.0,0.0,0.0,0.0,0.0,0,0.9,7066.5,7395.2,7230.0,18.8,19.4,29.7,28.9,68.4,1.3,1.3,0.759,MUDDY,20,AVOID,high retained moisture creates muddy or saturated risk; moderate precipitation today,241,32
2026-10-12,Short Ribs,Summit Park,WG082,40.7348537895427,-111.62048055745409,7705.3,53,59.4,45.1,50.6,0.165,0.094,0.0,0.165,0.862,0.862,53.2,56.971428571428575,0,0.0,0.0,0.0,0.0,0.0,0,0.2,7670.7,7741.2,7705.3,24.0,23.9,30.9,0.0,0.0,0.0,100.0,0.761,MUDDY,20,AVOID,high retained moisture creates muddy or saturated risk; moderate precipitation today,241,16
2026-10-12,Flying Dog,Jeremy Ranch / Glenwild,WG087,40.77237660098178,-111.54161762597796,7321.2,53,60.9,46.5,52.1,0.165,0.094,0.0,0.165,0.862,0.862,54.66666666666666,58.15714285714286,0,0.0,0.0,0.0,0.0,0.0,0,6.1,6867.4,7759.1,7321.2,17.8,17.6,31.1,54.3,26.7,9.5,9.5,0.772,MUDDY,19,AVOID,high retained moisture creates muddy or saturated risk; moderate precipitation today,246,35
2026-10-12,Gold Finger,Park City / PCMR,WG053,40.65997467243904,-111.55431689925648,8081.9,53,57.6,43.3,48.8,0.165,0.094,0.0,0.165,0.862,0.917,51.4,54.72857142857144,0,0.0,0.0,0.0,0.0,0.0,0,1.1,7876.6,8290.6,8081.9,25.9,25.7,31.6,0.0,100.0,0.0,0.0,0.794,MUDDY,19,AVOID,high retained moisture creates muddy or saturated risk; moderate precipitation today,246,31
2026-10-12,Iron Man,Park City / PCMR,WG053,40.6585520468376,-111.5452566956134,8305.8,53,57.6,43.3,48.8,0.165,0.094,0.0,0.165,0.862,0.917,51.4,54.72857142857144,0,0.0,0.0,0.0,0.0,0.0,0,2.9,7976.8,8555.0,8305.8,25.4,25.4,36.0,9.5,45.9,16.5,28.1,0.789,MUDDY,19,AVOID,high retained moisture creates muddy or saturated risk; moderate precipitation today,246,31
2026-10-12,Iron Mountain Trail,Park City / PCMR,WG054,40.65649532455427,-111.54475504732362,8753.8,53,55.6,41.3,46.8,0.165,0.094,0.0,0.165,0.862,0.917,49.4,52.72857142857144,0,0.0,0.0,0.0,0.0,0.0,0,0.5,8553.9,9013.4,8753.8,19.3,20.1,26.2,26.7,53.3,15.6,4.4,0.803,MUDDY,19,AVOID,high retained moisture creates muddy or saturated risk; moderate precipitation today,246,31
2026-10-12,Short Cut,Jeremy Ranch / Glenwild,WG064,40.68025862222409,-111.57883598783349,8081.5,53,58.1,43.8,49.3,0.165,0.094,0.0,0.165,0.862,0.894,51.93333333333334,55.614285714285714,0,0.0,0.0,0.0,0.0,0.0,0,0.9,7945.4,8245.4,8081.5,19.6,23.0,31.3,28.9,0.0,47.4,23.7,0.775,MUDDY,19,AVOID,high retained moisture creates muddy or saturated risk; moderate precipitation today,246,35
2026-10-12,The Avenues,Summit Park,WG090,40.75998198374273,-111.6028265058925,7081.5,53,60.9,46.6,52.1,0.165,0.094,0.0,0.165,0.862,0.862,54.73333333333334,58.01428571428572,0,0.0,0.0,0.0,0.0,0.0,0,1.7,6907.1,7241.2,7081.5,20.5,20.6,30.1,62.7,0.0,0.0,37.3,0.785,MUDDY,19,AVOID,high retained moisture creates muddy or saturated risk; moderate precipitation today,246,17
2026-10-12,The Upper Avenues,Summit Park,WG090,40.75942210135698,-111.60997791538348,7425.0,53,60.9,46.6,52.1,0.165,0.094,0.0,0.165,0.862,0.862,54.73333333333334,58.01428571428572,0,0.0,0.0,0.0,0.0,0.0,0,1.5,7235.4,7548.3,7425.0,12.4,12.1,27.0,56.3,8.4,16.0,19.3,0.769,MUDDY,19,AVOID,high retained moisture creates muddy or saturated risk; moderate precipitation today,246,17
2026-10-12,Fireswamp,Deer Valley,WG013,40.61340925382439,-111.48239833860336,8873.0,53,53.0,41.9,46.3,0.189,0.087,0.0,0.189,1.02,1.02,48.56666666666666,52.12857142857143,0,0.0,0.0,0.0,0.0,0.0,0,0.7,8482.6,9273.9,8873.0,18.8,19.8,25.9,0.0,0.0,100.0,0.0,0.83,MUDDY,18,AVOID,high retained moisture creates muddy or saturated risk; moderate precipitation today,253,47
2026-10-12,Payday,Park City / PCMR,WG035,40.64053545819342,-111.51124538504462,7598.1,53,56.8,45.8,50.2,0.189,0.087,0.0,0.189,1.02,1.079,52.43333333333334,56.51428571428572,0,0.0,0.0,0.0,0.0,0.0,0,1.7,7139.7,8117.7,7598.1,11.4,11.3,22.6,0.0,16.6,75.9,7.6,0.839,MUDDY,18,AVOID,high retained moisture creates muddy or saturated risk; moderate precipitation today,253,34
2026-10-12,Pedalers Inn,Deer Valley,WG012,40.61923438649311,-111.4865707901735,8286.8,53,54.9,43.8,48.2,0.189,0.087,0.0,0.189,1.02,1.02,50.46666666666666,54.57142857142857,0,0.0,0.0,0.0,0.0,0.0,0,0.3,8165.9,8405.8,8286.8,16.8,17.9,22.3,0.0,8.3,91.7,0.0,0.838,MUDDY,18,AVOID,high retained moisture creates muddy or saturated risk; moderate precipitation today,253,47
2026-10-12,Upper Devo Trail,Deer Valley,WG033,40.62826200901757,-111.4850494481263,8097.8,53,55.3,44.3,48.7,0.189,0.087,0.0,0.189,1.02,1.036,50.93333333333333,54.84285714285714,0,0.0,0.0,0.0,0.0,0.0,0,0.2,8012.6,8210.0,8097.8,15.1,15.6,18.3,0.0,0.0,100.0,0.0,0.833,MUDDY,18,AVOID,high retained moisture creates muddy or saturated risk; moderate precipitation today,253,47
2026-10-12,Aspen Slalom,Deer Valley,WG013,40.61311265842392,-111.48457791355952,8816.9,53,53.0,41.9,46.3,0.189,0.087,0.0,0.189,1.02,1.02,48.56666666666666,52.12857142857143,0,0.0,0.0,0.0,0.0,0.0,0,1.4,8481.2,9250.5,8816.9,18.7,18.5,29.6,0.0,39.7,59.5,0.8,0.868,MUDDY,17,AVOID,high retained moisture creates muddy or saturated risk; moderate precipitation today,257,50
2026-10-12,Black Forest,Deer Valley,WG016,40.61940428916709,-111.52036519166067,8929.3,53,52.9,41.8,46.2,0.189,0.087,0.0,0.189,1.02,1.02,48.43333333333334,52.0,0,0.0,0.0,0.0,0.0,0.0,0,0.8,8567.5,9099.9,8929.3,15.9,16.4,31.7,3.0,9.1,77.3,10.6,0.854,MUDDY,17,AVOID,high retained moisture creates muddy or saturated risk; moderate precipitation today,257,50
2026-10-12,Boulder,Deer Valley,WG013,40.61539223980999,-111.50399769475118,8635.0,53,53.0,41.9,46.3,0.189,0.087,0.0,0.189,1.02,1.02,48.56666666666666,52.12857142857143,0,0.0,0.0,0.0,0.0,0.0,0,1.4,8415.7,8851.3,8635.0,15.8,15.5,21.0,0.0,19.7,80.3,0.0,0.848,MUDDY,17,AVOID,high retained moisture creates muddy or saturated risk; moderate precipitation today,257,50
2026-10-12,Boulder / Trump,Deer Valley,WG013,40.610998229404565,-111.50208555144307,8996.4,53,53.0,41.9,46.3,0.189,0.087,0.0,0.189,1.02,1.02,48.56666666666666,52.12857142857143,0,0.0,0.0,0.0,0.0,0.0,0,0.4,8942.9,9037.1,8996.4,12.9,12.6,22.7,0.0,8.6,60.0,31.4,0.867,MUDDY,17,AVOID,high retained moisture creates muddy or saturated risk; moderate precipitation today,257,50
2026-10-12,CMG,Park City / PCMR,WG035,40.645848884326966,-111.51679268892973,7606.5,53,56.8,45.8,50.2,0.189,0.087,0.0,0.189,1.02,1.079,52.43333333333334,56.51428571428572,0,0.0,0.0,0.0,0.0,0.0,0,2.9,7010.6,8231.6,7606.5,21.0,21.5,38.4,0.0,36.1,41.0,22.9,0.871,MUDDY,17,AVOID,high retained moisture creates muddy or saturated risk; moderate precipitation today,257,35
2026-10-12,Corvair,Deer Valley,WG016,40.61099169805087,-111.51230389508405,8648.6,53,52.9,41.8,46.2,0.189,0.087,0.0,0.189,1.02,1.02,48.43333333333334,52.0,0,0.0,0.0,0.0,0.0,0.0,0,1.3,8388.6,8848.4,8648.6,19.4,19.3,30.4,0.0,7.1,73.5,19.5,0.855,MUDDY,17,AVOID,high retained moisture creates muddy or saturated risk; moderate precipitation today,257,50
2026-10-12,Corvair Connector,Deer Valley,WG016,40.61070239150149,-111.5115633319795,8812.1,53,52.9,41.8,46.2,0.189,0.087,0.0,0.189,1.02,1.02,48.43333333333334,52.0,0,0.0,0.0,0.0,0.0,0.0,0,0.1,8779.5,8843.9,8812.1,12.3,11.4,17.1,0.0,0.0,80.0,20.0,0.849,MUDDY,17,AVOID,high retained moisture creates muddy or saturated risk; moderate precipitation today,257,50
2026-10-12,Crescent Ridge,Park City / PCMR,WG036,40.64328062856461,-111.5205999025961,8289.2,53,54.6,43.5,47.9,0.189,0.087,0.0,0.189,1.02,1.036,50.16666666666666,54.057142857142864,0,0.0,0.0,0.0,0.0,0.0,0,1.0,7832.5,8633.9,8289.2,11.1,10.8,16.6,1.1,23.2,75.8,0.0,0.857,MUDDY,17,AVOID,high retained moisture creates muddy or saturated risk; moderate precipitation today,257,35
2026-10-12,Cyn City,Park City / PCMR,WG016,40.62106458390316,-111.52108056020784,8700.1,53,52.9,41.8,46.2,0.189,0.087,0.0,0.189,1.02,1.02,48.43333333333334,52.0,0,0.0,0.0,0.0,0.0,0.0,0,2.6,8372.6,9048.5,8700.1,21.1,21.0,34.1,1.4,7.0,85.5,6.1,0.845,MUDDY,17,AVOID,high retained moisture creates muddy or saturated risk; moderate precipitation today,257,35
2026-10-12,Daly Canyon,Deer Valley,WG011,40.620194319264456,-111.50922727258838,7986.4,53,56.1,45.0,49.4,0.189,0.087,0.0,0.189,1.02,1.036,51.7,55.58571428571429,0,0.0,0.0,0.0,0.0,0.0,0,0.4,7856.6,8124.1,7986.4,10.4,9.7,18.5,0.0,17.5,55.0,27.5,0.85,MUDDY,17,AVOID,high retained moisture creates muddy or saturated risk; moderate precipitation today,257,50
2026-10-12,East Fallen Pines Lane,Park City / PCMR,WG022,40.61551642366452,-111.57912837068116,8712.4,53,53.1,42.0,46.4,0.189,0.087,0.0,0.189,1.02,1.107,48.70000000000001,51.614285714285714,0,0.0,0.0,0.0,0.0,0.0,0,0.6,8602.1,8801.9,8712.4,12.6,12.9,19.7,0.0,2.0,72.0,26.0,0.872,MUDDY,17,AVOID,high retained moisture creates muddy or saturated risk; moderate precipitation today,257,35
2026-10-12,Evil Empire,Park City / PCMR,WG016,40.61923823662483,-111.52513988679308,8746.8,53,52.9,41.8,46.2,0.189,0.087,0.0,0.189,1.02,1.02,48.43333333333334,52.0,0,0.0,0.0,0.0,0.0,0.0,0,0.9,8443.1,9143.3,8746.8,13.8,14.4,22.8,0.0,0.0,68.0,32.0,0.86,MUDDY,17,AVOID,high retained moisture creates muddy or saturated risk; moderate precipitation today,257,35
2026-10-12,Izzy's Inferno (Dog Pound),Deer Valley,WG012,40.619811878384205,-111.48856422719636,8193.5,53,54.9,43.8,48.2,0.189,0.087,0.0,0.189,1.02,1.02,50.46666666666666,54.57142857142857,0,0.0,0.0,0.0,0.0,0.0,0,0.1,8143.3,8219.5,8193.5,12.8,13.0,23.6,0.0,0.0,85.7,14.3,0.843,MUDDY,17,AVOID,high retained moisture creates muddy or saturated risk; moderate precipitation today,257,50
2026-10-12,Jenni's Trail,Park City / PCMR,WG034,40.64869166733497,-111.51220769740809,7207.7,53,58.2,47.1,51.5,0.189,0.087,0.0,0.189,1.02,1.079,53.8,57.89999999999999,0,0.0,0.0,0.0,0.0,0.0,0,1.4,6966.1,7501.1,7207.7,15.8,15.8,25.3,1.6,8.9,35.5,54.0,0.851,MUDDY,17,AVOID,high retained moisture creates muddy or saturated risk; moderate precipitation today,257,35
2026-10-12,Jenni's Trail upper,Park City / PCMR,WG035,40.63937813819639,-111.5112423147728,7789.7,53,56.8,45.8,50.2,0.189,0.087,0.0,0.189,1.02,1.079,52.43333333333334,56.51428571428572,0,0.0,0.0,0.0,0.0,0.0,0,3.1,7487.3,8174.7,7789.7,20.5,20.2,38.0,0.0,22.6,47.4,30.1,0.865,MUDDY,17,AVOID,high retained moisture creates muddy or saturated risk; moderate precipitation today,257,35
2026-10-12,Johns Trail,Park City / PCMR,WG033,40.63760825426597,-111.50539626371148,8041.4,53,55.3,44.3,48.7,0.189,0.087,0.0,0.189,1.02,1.036,50.93333333333333,54.84285714285714,0,0.0,0.0,0.0,0.0,0.0,0,1.8,7711.1,8249.6,8041.4,13.1,13.9,25.5,8.2,3.8,53.5,34.6,0.859,MUDDY,17,AVOID,high retained moisture creates muddy or saturated risk; moderate precipitation today,257,35
2026-10-12,Link,Deer Valley,WG015,40.624117394272574,-111.51614328186776,8385.3,53,54.7,43.6,48.0,0.189,0.087,0.0,0.189,1.02,1.036,50.26666666666667,54.15714285714285,0,0.0,0.0,0.0,0.0,0.0,0,0.7,8257.2,8456.8,8385.3,21.9,23.1,32.9,1.6,0.0,67.7,30.6,0.865,MUDDY,17,AVOID,high retained moisture creates muddy or saturated risk; moderate precipitation today,257,50
2026-10-12,Perrier Pass,Park City / PCMR,WG017,40.61814002894983,-111.53826776190397,9445.9,53,51.4,40.3,44.7,0.189,0.087,0.0,0.189,1.02,1.036,46.96666666666667,50.2,0,0.0,0.0,0.0,0.0,0.0,0,0.1,9397.1,9469.1,9445.9,21.9,24.1,25.7,0.0,0.0,90.9,9.1,0.873,MUDDY,17,AVOID,high retained moisture creates muddy or saturated risk; moderate precipitation today,257,35
2026-10-12,Red Bull,Park City / PCMR,WG035,40.63958635838598,-111.51326842477698,7769.0,53,56.8,45.8,50.2,0.189,0.087,0.0,0.189,1.02,1.079,52.43333333333334,56.51428571428572,0,0.0,0.0,0.0,0.0,0.0,0,1.2,7139.7,8293.6,7769.0,19.0,20.4,29.9,0.0,0.0,48.6,51.4,0.864,MUDDY,17,AVOID,high retained moisture creates muddy or saturated risk; moderate precipitation today,257,35
2026-10-12,Regulator Trail,Deer Valley,WG033,40.62910164594688,-111.48142418804063,8033.8,53,55.3,44.3,48.7,0.189,0.087,0.0,0.189,1.02,1.036,50.93333333333333,54.84285714285714,0,0.0,0.0,0.0,0.0,0.0,0,1.4,7733.1,8330.3,8033.8,22.2,21.4,35.8,0.0,25.0,66.7,8.3,0.864,MUDDY,17,AVOID,high retained moisture creates muddy or saturated risk; moderate precipitation today,257,50
2026-10-12,Seldom Seen,Park City / PCMR,WG034,40.64892938917546,-111.51571616491609,7435.6,53,58.2,47.1,51.5,0.189,0.087,0.0,0.189,1.02,1.079,53.8,57.89999999999999,0,0.0,0.0,0.0,0.0,0.0,0,1.9,7104.9,7720.5,7435.6,20.5,19.1,37.4,0.6,9.2,19.0,71.2,0.865,MUDDY,17,AVOID,high retained moisture creates muddy or saturated risk; moderate precipitation today,257,35
2026-10-12,Shenanigans,Deer Valley,WG012,40.62034189886961,-111.49849814997506,8237.7,53,54.9,43.8,48.2,0.189,0.087,0.0,0.189,1.02,1.02,50.46666666666666,54.57142857142857,0,0.0,0.0,0.0,0.0,0.0,0,0.2,8225.2,8255.4,8237.7,16.3,16.2,19.8,0.0,0.0,85.7,14.3,0.843,MUDDY,17,AVOID,high retained moisture creates muddy or saturated risk; moderate precipitation today,257,50
2026-10-12,Short Fuse,Park City / PCMR,WG036,40.6346970517688,-111.52339576593836,8439.4,53,54.6,43.5,47.9,0.189,0.087,0.0,0.189,1.02,1.036,50.16666666666666,54.057142857142864,0,0.0,0.0,0.0,0.0,0.0,0,0.3,8340.4,8526.1,8439.4,19.4,21.8,26.7,0.0,3.7,77.8,18.5,0.854,MUDDY,17,AVOID,high retained moisture creates muddy or saturated risk; moderate precipitation today,257,35
2026-10-12,Spiro Trail,Park City / PCMR,WG035,40.64755384631944,-111.52407012433112,7617.4,53,56.8,45.8,50.2,0.189,0.087,0.0,0.189,1.02,1.079,52.43333333333334,56.51428571428572,0,0.0,0.0,0.0,0.0,0.0,0,3.1,6934.7,8185.7,7617.4,21.4,21.5,33.5,0.0,37.4,43.9,18.7,0.868,MUDDY,17,AVOID,high retained moisture creates muddy or saturated risk; moderate precipitation today,257,35
2026-10-12,Team Big Bear,Deer Valley,WG013,40.61639926546102,-111.50010669410356,8610.0,53,53.0,41.9,46.3,0.189,0.087,0.0,0.189,1.02,1.02,48.56666666666666,52.12857142857143,0,0.0,0.0,0.0,0.0,0.0,0,1.3,8332.9,8855.8,8610.0,15.5,15.9,23.1,0.0,13.8,68.8,17.4,0.859,MUDDY,17,AVOID,high retained moisture creates muddy or saturated risk; moderate precipitation today,257,50
2026-10-12,Thaynes Canyon,Park City / PCMR,WG037,40.62644528922062,-111.539067377105,8520.6,53,53.4,42.4,46.8,0.189,0.087,0.0,0.189,1.02,1.036,49.03333333333333,52.942857142857136,0,0.0,0.0,0.0,0.0,0.0,0,1.2,8185.7,8832.6,8520.6,11.3,10.7,22.7,1.0,13.1,81.8,4.0,0.851,MUDDY,17,AVOID,high retained moisture creates muddy or saturated risk; moderate precipitation today,257,35
2026-10-12,Thieves Forest,Deer Valley,WG013,40.61553068086176,-111.48245627012813,8597.7,53,53.0,41.9,46.3,0.189,0.087,0.0,0.189,1.02,1.02,48.56666666666666,52.12857142857143,0,0.0,0.0,0.0,0.0,0.0,0,0.5,8441.5,8810.3,8597.7,19.6,20.1,27.0,0.0,2.5,90.0,7.5,0.84,MUDDY,17,AVOID,high retained moisture creates muddy or saturated risk; moderate precipitation today,257,50
2026-10-12,Thieves Forrest,Deer Valley,WG014,40.611364491739,-111.4804590615015,9072.7,53,52.0,40.9,45.3,0.189,0.087,0.0,0.189,1.02,1.02,47.6,51.114285714285714,0,0.0,0.0,0.0,0.0,0.0,0,0.3,8820.3,9276.0,9072.7,18.5,18.9,29.1,0.0,0.0,89.7,10.3,0.871,MUDDY,17,AVOID,high retained moisture creates muddy or saturated risk; moderate precipitation today,257,50
2026-10-12,Three Candles,Park City / PCMR,WG037,40.62931137475258,-111.52248914366156,8843.3,53,53.4,42.4,46.8,0.189,0.087,0.0,0.189,1.02,1.036,49.03333333333333,52.942857142857136,0,0.0,0.0,0.0,0.0,0.0,0,0.7,8739.8,8959.2,8843.3,10.2,9.4,21.3,0.0,0.0,55.7,44.3,0.874,MUDDY,17,AVOID,high retained moisture creates muddy or saturated risk; moderate precipitation today,257,35
2026-10-12,Trestle,Park City / PCMR,WG033,40.63650074050743,-111.50791633233914,8071.5,53,55.3,44.3,48.7,0.189,0.087,0.0,0.189,1.02,1.036,50.93333333333333,54.84285714285714,0,0.0,0.0,0.0,0.0,0.0,0,1.3,7656.2,8253.4,8071.5,17.4,18.3,30.5,0.0,46.6,48.3,5.1,0.856,MUDDY,17,AVOID,high retained moisture creates muddy or saturated risk; moderate precipitation today,257,35
2026-10-12,Wasatch Wiggle Trail,Park City / PCMR,WG010,40.58570056880523,-111.57390345809982,9702.8,53,49.6,38.5,42.9,0.189,0.087,0.0,0.189,1.02,1.02,45.20000000000001,48.457142857142856,0,0.0,0.0,0.0,0.0,0.0,0,1.8,9472.6,9972.8,9702.8,13.0,13.0,32.2,0.0,5.2,87.7,7.1,0.873,MUDDY,17,AVOID,high retained moisture creates muddy or saturated risk; moderate precipitation today,257,35
2026-10-12,Apex,Park City / PCMR,WG038,40.62520958876211,-111.53395003281469,9146.4,53,51.7,40.6,45.0,0.189,0.087,0.0,0.189,1.02,1.052,47.26666666666667,50.457142857142856,0,0.0,0.0,0.0,0.0,0.0,0,2.2,8755.5,9591.9,9146.4,18.6,17.3,36.0,0.0,34.4,65.1,0.5,0.901,MUDDY,16,AVOID,high retained moisture creates muddy or saturated risk; moderate precipitation today,288,52
2026-10-12,Claim Jumper,Park City / PCMR,WG036,40.63958065995946,-111.52518162563226,8147.6,53,54.6,43.5,47.9,0.189,0.087,0.0,0.189,1.02,1.036,50.16666666666666,54.057142857142864,0,0.0,0.0,0.0,0.0,0.0,0,1.4,7689.3,8633.5,8147.6,17.2,19.1,28.0,2.3,66.9,21.1,9.8,0.908,MUDDY,16,AVOID,high retained moisture creates muddy or saturated risk; moderate precipitation today,288,52
2026-10-12,Clayton Peak Trail,Park City / PCMR,WG010,40.58693552999217,-111.57085635011327,9813.5,53,49.6,38.5,42.9,0.189,0.087,0.0,0.189,1.02,1.02,45.20000000000001,48.457142857142856,0,0.0,0.0,0.0,0.0,0.0,0,2.0,9358.3,10347.8,9813.5,19.0,18.5,35.6,1.1,38.3,54.3,6.3,0.906,MUDDY,16,AVOID,high retained moisture creates muddy or saturated risk; moderate precipitation today,288,52
2026-10-12,Corvair (Upper),Deer Valley,WG016,40.60840912265719,-111.51090449857222,8883.3,53,52.9,41.8,46.2,0.189,0.087,0.0,0.189,1.02,1.02,48.43333333333334,52.0,0,0.0,0.0,0.0,0.0,0.0,0,0.7,8839.3,8949.2,8883.3,19.9,19.0,29.7,0.0,0.0,43.5,56.5,0.882,MUDDY,16,AVOID,high retained moisture creates muddy or saturated risk; moderate precipitation today,288,64
2026-10-12,Daly Grind,Deer Valley,WG011,40.62436395642222,-111.5065519695764,7745.3,53,56.1,45.0,49.4,0.189,0.087,0.0,0.189,1.02,1.036,51.7,55.58571428571429,0,0.0,0.0,0.0,0.0,0.0,0,0.3,7630.5,7856.6,7745.3,10.8,9.8,18.2,0.0,0.0,14.3,85.7,0.887,MUDDY,16,AVOID,high retained moisture creates muddy or saturated risk; moderate precipitation today,288,64
2026-10-12,Deer Camp,Deer Valley,WG013,40.60519585339864,-111.4911066437841,8920.6,53,53.0,41.9,46.3,0.189,0.087,0.0,0.189,1.02,1.02,48.56666666666666,52.12857142857143,0,0.0,0.0,0.0,0.0,0.0,0,0.7,8822.7,8995.5,8920.6,10.1,10.4,15.8,0.0,69.2,18.5,12.3,0.905,MUDDY,16,AVOID,high retained moisture creates muddy or saturated risk; moderate precipitation today,288,64
2026-10-12,Empire Link,Deer Valley,WG012,40.62422557470265,-111.50748256286928,8022.2,53,54.9,43.8,48.2,0.189,0.087,0.0,0.189,1.02,1.02,50.46666666666666,54.57142857142857,0,0.0,0.0,0.0,0.0,0.0,0,2.2,7856.6,8281.6,8022.2,22.6,23.7,35.5,4.7,19.4,50.3,25.7,0.88,MUDDY,16,AVOID,high retained moisture creates muddy or saturated risk; moderate precipitation today,288,64
2026-10-12,Flagstaff Loop,Deer Valley,WG013,40.60758047007656,-111.496735533601,8898.0,53,53.0,41.9,46.3,0.189,0.087,0.0,0.189,1.02,1.02,48.56666666666666,52.12857142857143,0,0.0,0.0,0.0,0.0,0.0,0,3.0,8785.5,9010.6,8898.0,10.1,10.0,23.7,8.7,13.0,40.1,38.3,0.894,MUDDY,16,AVOID,high retained moisture creates muddy or saturated risk; moderate precipitation today,288,64
2026-10-12,Gotcha Cuttoff,Park City / PCMR,WG035,40.64587964864319,-111.5166123821088,7673.2,53,56.8,45.8,50.2,0.189,0.087,0.0,0.189,1.02,1.079,52.43333333333334,56.51428571428572,0,0.0,0.0,0.0,0.0,0.0,0,1.5,7178.9,8078.5,7673.2,20.8,21.4,35.8,0.8,0.0,3.1,96.2,0.906,MUDDY,16,AVOID,high retained moisture creates muddy or saturated risk; moderate precipitation today,288,52
2026-10-12,H.A.M.,Park City / PCMR,WG035,40.64547382276132,-111.53139851516626,7780.5,53,56.8,45.8,50.2,0.189,0.087,0.0,0.189,1.02,1.079,52.43333333333334,56.51428571428572,0,0.0,0.0,0.0,0.0,0.0,0,0.8,7699.4,7896.1,7780.5,25.5,24.6,37.0,1.4,15.9,36.2,46.4,0.876,MUDDY,16,AVOID,high retained moisture creates muddy or saturated risk; moderate precipitation today,288,52
2026-10-12,Holy Roller,Deer Valley,WG013,40.6113609111251,-111.48708066137604,8716.2,53,53.0,41.9,46.3,0.189,0.087,0.0,0.189,1.02,1.02,48.56666666666666,52.12857142857143,0,0.0,0.0,0.0,0.0,0.0,0,4.2,8121.6,9298.2,8716.2,17.9,17.7,32.1,20.8,29.4,36.0,13.9,0.909,MUDDY,16,AVOID,high retained moisture creates muddy or saturated risk; moderate precipitation today,288,64
2026-10-12,Mid-Mountain Trail,Park City / PCMR,WG036,40.64534582424172,-111.53118141177607,8168.3,53,54.6,43.5,47.9,0.189,0.087,0.0,0.189,1.02,1.036,50.16666666666666,54.057142857142864,0,0.0,0.0,0.0,0.0,0.0,0,18.5,7828.1,8515.6,8168.3,22.2,22.8,43.0,9.3,15.6,32.0,43.0,0.905,MUDDY,16,AVOID,high retained moisture creates muddy or saturated risk; moderate precipitation today,288,52
2026-10-12,Miner's Mile,Park City / PCMR,WG036,40.62728968091632,-111.51804021102016,8457.0,53,54.6,43.5,47.9,0.189,0.087,0.0,0.189,1.02,1.036,50.16666666666666,54.057142857142864,0,0.0,0.0,0.0,0.0,0.0,0,0.4,8340.5,8549.3,8457.0,7.8,7.9,11.2,0.0,0.0,21.6,78.4,0.906,MUDDY,16,AVOID,high retained moisture creates muddy or saturated risk; moderate precipitation today,288,52
2026-10-12,Moosebones,Deer Valley,WG013,40.61167254823319,-111.50326786094648,8857.2,53,53.0,41.9,46.3,0.189,0.087,0.0,0.189,1.02,1.02,48.56666666666666,52.12857142857143,0,0.0,0.0,0.0,0.0,0.0,0,0.9,8763.2,8943.9,8857.2,15.8,17.3,22.9,0.0,52.5,46.2,1.2,0.88,MUDDY,16,AVOID,high retained moisture creates muddy or saturated risk; moderate precipitation today,288,64
2026-10-12,Old Homeward Bound,Deer Valley,WG012,40.61357496233911,-111.48964629692756,8441.1,53,54.9,43.8,48.2,0.189,0.087,0.0,0.189,1.02,1.02,50.46666666666666,54.57142857142857,0,0.0,0.0,0.0,0.0,0.0,0,0.7,8264.5,8597.2,8441.1,23.2,23.8,29.4,0.0,71.2,28.8,0.0,0.896,MUDDY,16,AVOID,high retained moisture creates muddy or saturated risk; moderate precipitation today,288,64
2026-10-12,Ontario Canyon,Deer Valley,WG013,40.61130277448227,-111.48755898005427,8755.1,53,53.0,41.9,46.3,0.189,0.087,0.0,0.189,1.02,1.02,48.56666666666666,52.12857142857143,0,0.0,0.0,0.0,0.0,0.0,0,2.0,8138.9,9327.9,8755.1,12.1,11.9,26.1,7.9,28.4,56.8,6.8,0.877,MUDDY,16,AVOID,high retained moisture creates muddy or saturated risk; moderate precipitation today,288,64
2026-10-12,Payroll,Deer Valley,WG013,40.61095393430099,-111.5094443089702,8630.4,53,53.0,41.9,46.3,0.189,0.087,0.0,0.189,1.02,1.02,48.56666666666666,52.12857142857143,0,0.0,0.0,0.0,0.0,0.0,0,0.3,8529.1,8727.3,8630.4,18.9,19.2,27.9,0.0,3.4,13.8,82.8,0.91,MUDDY,16,AVOID,high retained moisture creates muddy or saturated risk; moderate precipitation today,288,64
2026-10-12,Pioneer Ridge,Park City / PCMR,WG018,40.61649374604546,-111.53892521633333,9598.5,53,49.7,38.7,43.1,0.189,0.087,0.0,0.189,1.02,1.02,45.333333333333336,48.48571428571428,0,0.0,0.0,0.0,0.0,0.0,0,0.8,9398.0,9865.2,9598.5,17.9,16.4,31.7,2.9,10.0,58.6,28.6,0.904,MUDDY,16,AVOID,high retained moisture creates muddy or saturated risk; moderate precipitation today,288,52
2026-10-12,Rogue Rider Trail,Park City / PCMR,WG020,40.60699361060532,-111.56187339427328,9423.9,53,51.1,40.0,44.4,0.189,0.087,0.0,0.189,1.02,1.036,46.7,49.92857142857143,0,0.0,0.0,0.0,0.0,0.0,0,2.2,9049.7,9871.9,9423.9,16.5,15.5,29.0,0.5,27.8,71.7,0.0,0.892,MUDDY,16,AVOID,high retained moisture creates muddy or saturated risk; moderate precipitation today,288,52
2026-10-12,Rosebud,Park City / PCMR,WG036,40.63966083548988,-111.52257618003053,8390.4,53,54.6,43.5,47.9,0.189,0.087,0.0,0.189,1.02,1.036,50.16666666666666,54.057142857142864,0,0.0,0.0,0.0,0.0,0.0,0,0.4,8315.5,8439.7,8390.4,17.4,16.4,24.9,0.0,75.7,24.3,0.0,0.903,MUDDY,16,AVOID,high retained moisture creates muddy or saturated risk; moderate precipitation today,288,52
2026-10-12,Sam's Trail,Deer Valley,WG012,40.61912724197413,-111.50964994268364,8145.3,53,54.9,43.8,48.2,0.189,0.087,0.0,0.189,1.02,1.02,50.46666666666666,54.57142857142857,0,0.0,0.0,0.0,0.0,0.0,0,0.9,8032.3,8261.1,8145.3,21.8,22.0,27.6,0.0,47.5,13.8,38.8,0.91,MUDDY,16,AVOID,high retained moisture creates muddy or saturated risk; moderate precipitation today,288,64
2026-10-12,Secret of My Success Trail,Deer Valley,WG033,40.62597453280468,-111.48566192002252,8293.6,53,55.3,44.3,48.7,0.189,0.087,0.0,0.189,1.02,1.036,50.93333333333333,54.84285714285714,0,0.0,0.0,0.0,0.0,0.0,0,0.4,8228.9,8353.6,8293.6,19.1,20.0,25.2,0.0,59.5,40.5,0.0,0.888,MUDDY,16,AVOID,high retained moisture creates muddy or saturated risk; moderate precipitation today,288,64
2026-10-12,Snake Pit Trail,Park City / PCMR,WG010,40.58750533085767,-111.57189033610032,9625.4,53,49.6,38.5,42.9,0.189,0.087,0.0,0.189,1.02,1.02,45.20000000000001,48.457142857142856,0,0.0,0.0,0.0,0.0,0.0,0,1.1,9378.6,9871.8,9625.4,15.8,14.9,33.7,0.0,46.3,53.7,0.0,0.906,MUDDY,16,AVOID,high retained moisture creates muddy or saturated risk; moderate precipitation today,288,52
2026-10-12,Speedbag,Deer Valley,WG011,40.624406811076895,-111.50919273225593,7987.6,53,56.1,45.0,49.4,0.189,0.087,0.0,0.189,1.02,1.036,51.7,55.58571428571429,0,0.0,0.0,0.0,0.0,0.0,0,0.8,7729.6,8257.2,7987.6,24.5,24.9,33.1,22.1,0.0,19.1,58.8,0.902,MUDDY,16,AVOID,high retained moisture creates muddy or saturated risk; moderate precipitation today,288,64
2026-10-12,Sunset,Deer Valley,WG013,40.61222429898699,-111.48546906629171,8777.5,53,53.0,41.9,46.3,0.189,0.087,0.0,0.189,1.02,1.02,48.56666666666666,52.12857142857143,0,0.0,0.0,0.0,0.0,0.0,0,1.2,8436.0,9053.2,8777.5,15.2,14.9,28.2,0.0,51.4,45.9,2.7,0.88,MUDDY,16,AVOID,high retained moisture creates muddy or saturated risk; moderate precipitation today,288,64
2026-10-12,T&G,Deer Valley,WG016,40.611941402305575,-111.51506977898008,8673.3,53,52.9,41.8,46.2,0.189,0.087,0.0,0.189,1.02,1.02,48.43333333333334,52.0,0,0.0,0.0,0.0,0.0,0.0,0,1.2,8586.9,8760.0,8673.3,16.7,19.3,29.1,19.0,9.5,34.3,37.1,0.908,MUDDY,16,AVOID,high retained moisture creates muddy or saturated risk; moderate precipitation today,288,64
2026-10-12,T&G 2,Deer Valley,WG016,40.62089143656375,-111.51568549288604,8599.5,53,52.9,41.8,46.2,0.189,0.087,0.0,0.189,1.02,1.02,48.43333333333334,52.0,0,0.0,0.0,0.0,0.0,0.0,0,0.9,8357.2,8729.4,8599.5,20.7,23.5,35.6,2.6,0.0,42.1,55.3,0.886,MUDDY,16,AVOID,high retained moisture creates muddy or saturated risk; moderate precipitation today,288,64
2026-10-12,Tidal Wave,Deer Valley,WG013,40.610548014761406,-111.48897388892838,8737.9,53,53.0,41.9,46.3,0.189,0.087,0.0,0.189,1.02,1.02,48.56666666666666,52.12857142857143,0,0.0,0.0,0.0,0.0,0.0,0,2.7,8128.2,9286.4,8737.9,20.0,21.7,33.5,3.3,55.8,23.1,17.8,0.904,MUDDY,16,AVOID,high retained moisture creates muddy or saturated risk; moderate precipitation today,288,64
2026-10-12,Tommys Two Step,Park City / PCMR,WG036,40.629024211109055,-111.51829238121942,8474.2,53,54.6,43.5,47.9,0.189,0.087,0.0,0.189,1.02,1.036,50.16666666666666,54.057142857142864,0,0.0,0.0,0.0,0.0,0.0,0,1.5,8250.0,8718.0,8474.2,21.9,22.0,33.1,13.6,0.0,31.1,55.3,0.91,MUDDY,16,AVOID,high retained moisture creates muddy or saturated risk; moderate precipitation today,288,52
2026-10-12,Tour De Suds (Upper),Deer Valley,WG013,40.614682713092186,-111.50609195133156,8563.5,53,53.0,41.9,46.3,0.189,0.087,0.0,0.189,1.02,1.02,48.56666666666666,52.12857142857143,0,0.0,0.0,0.0,0.0,0.0,0,0.7,8407.1,8694.1,8563.5,17.1,16.8,24.3,0.0,74.6,25.4,0.0,0.899,MUDDY,16,AVOID,high retained moisture creates muddy or saturated risk; moderate precipitation today,288,64
2026-10-12,Trump,Deer Valley,WG013,40.60903529522874,-111.4964159868453,8771.6,53,53.0,41.9,46.3,0.189,0.087,0.0,0.189,1.02,1.02,48.56666666666666,52.12857142857143,0,0.0,0.0,0.0,0.0,0.0,0,0.6,8585.9,8974.3,8771.6,9.3,8.1,20.4,1.7,0.0,26.7,71.7,0.899,MUDDY,16,AVOID,high retained moisture creates muddy or saturated risk; moderate precipitation today,288,64
2026-10-12,Tsunami,Deer Valley,WG013,40.61166268615432,-111.48706860055302,8747.8,53,53.0,41.9,46.3,0.189,0.087,0.0,0.189,1.02,1.02,48.56666666666666,52.12857142857143,0,0.0,0.0,0.0,0.0,0.0,0,1.2,8508.1,8991.5,8747.8,18.1,17.6,28.8,0.0,72.8,27.2,0.0,0.897,MUDDY,16,AVOID,high retained moisture creates muddy or saturated risk; moderate precipitation today,288,64
2026-10-12,Twist and Shout,Deer Valley,WG013,40.61146669404505,-111.486662413967,8799.9,53,53.0,41.9,46.3,0.189,0.087,0.0,0.189,1.02,1.02,48.56666666666666,52.12857142857143,0,0.0,0.0,0.0,0.0,0.0,0,1.0,8512.5,9065.3,8799.9,17.9,18.6,28.0,0.0,81.3,18.7,0.0,0.905,MUDDY,16,AVOID,high retained moisture creates muddy or saturated risk; moderate precipitation today,288,64
2026-10-12,Wowza Trail,Deer Valley,WG006,40.58754867198866,-111.51557993987645,8552.8,53,53.7,42.6,47.0,0.189,0.087,0.0,0.189,1.02,1.02,49.3,52.85714285714285,0,0.0,0.0,0.0,0.0,0.0,0,1.2,8375.1,8733.0,8552.8,12.1,11.9,25.4,10.4,1.0,31.2,57.3,0.903,MUDDY,16,AVOID,high retained moisture creates muddy or saturated risk; moderate precipitation today,288,64
2026-10-12,9K Trail,Park City / PCMR,WG017,40.61454424262402,-111.5340694590712,9222.8,53,51.4,40.3,44.7,0.189,0.087,0.0,0.189,1.02,1.036,46.96666666666667,50.2,0,0.0,0.0,0.0,0.0,0.0,0,5.8,8959.5,9439.0,9222.8,20.4,21.0,37.9,18.4,9.7,46.2,25.8,0.934,MUDDY,15,AVOID,high retained moisture creates muddy or saturated risk; moderate precipitation today,322,64
2026-10-12,Alta-Brighton Trail,Park City / PCMR,WG009,40.59874189108338,-111.5904390735144,9081.0,53,51.5,40.4,44.8,0.189,0.087,0.0,0.189,1.02,1.02,47.1,50.35714285714285,0,0.0,0.0,0.0,0.0,0.0,0,0.9,8748.9,9462.1,9081.0,12.4,11.7,28.0,13.5,2.7,25.7,58.1,0.946,MUDDY,15,AVOID,high retained moisture creates muddy or saturated risk; moderate precipitation today,322,64
2026-10-12,Brighton Lakes Trail,Park City / PCMR,WG009,40.59287052758444,-111.58751257009568,9276.0,53,51.5,40.4,44.8,0.189,0.087,0.0,0.189,1.02,1.02,47.1,50.35714285714285,0,0.0,0.0,0.0,0.0,0.0,0,1.9,8827.7,9547.3,9276.0,15.1,13.7,36.8,6.5,16.0,50.9,26.6,0.915,MUDDY,15,AVOID,high retained moisture creates muddy or saturated risk; moderate precipitation today,322,64
2026-10-12,Colony Mid Mountain Connector,Park City / PCMR,WG052,40.65011049975458,-111.53932673410868,8429.2,53,54.2,43.1,47.5,0.189,0.087,0.0,0.189,1.02,1.075,49.8,53.42857142857143,0,0.0,0.0,0.0,0.0,0.0,0,0.5,8408.0,8464.3,8429.2,26.1,29.3,34.9,0.0,0.0,17.9,82.1,0.917,MUDDY,15,AVOID,high retained moisture creates muddy or saturated risk; moderate precipitation today,322,64
2026-10-12,Comstock Mine Trail,Park City / PCMR,WG019,40.62270505527668,-111.54357954562096,8723.6,53,53.2,42.1,46.5,0.189,0.087,0.0,0.189,1.02,1.052,48.8,51.971428571428575,0,0.0,0.0,0.0,0.0,0.0,0,0.6,8545.6,8846.5,8723.6,13.4,13.2,25.9,0.0,0.0,13.5,86.5,0.916,MUDDY,15,AVOID,high retained moisture creates muddy or saturated risk; moderate precipitation today,322,64
2026-10-12,Easy Rider,Park City / PCMR,WG009,40.59580193116481,-111.57632308440664,9141.3,53,51.5,40.4,44.8,0.189,0.087,0.0,0.189,1.02,1.02,47.1,50.35714285714285,0,0.0,0.0,0.0,0.0,0.0,0,2.3,8764.0,9471.9,9141.3,14.6,13.4,33.3,0.5,82.3,16.1,1.0,0.942,MUDDY,15,AVOID,high retained moisture creates muddy or saturated risk; moderate precipitation today,322,64
2026-10-12,Flat Iron,Park City / PCMR,WG036,40.62696082564811,-111.51719430456902,8393.5,53,54.6,43.5,47.9,0.189,0.087,0.0,0.189,1.02,1.036,50.16666666666666,54.057142857142864,0,0.0,0.0,0.0,0.0,0.0,0,0.6,8260.7,8492.0,8393.5,15.3,14.7,28.6,19.2,0.0,15.4,65.4,0.929,MUDDY,15,AVOID,high retained moisture creates muddy or saturated risk; moderate precipitation today,322,64
2026-10-12,Forest Glen Trail,Park City / PCMR,WG022,40.61089948644494,-111.5784844905115,8765.8,53,53.1,42.0,46.4,0.189,0.087,0.0,0.189,1.02,1.107,48.70000000000001,51.614285714285714,0,0.0,0.0,0.0,0.0,0.0,0,0.2,8661.3,8874.6,8765.8,24.6,26.4,35.4,0.0,95.2,4.8,0.0,0.935,MUDDY,15,AVOID,high retained moisture creates muddy or saturated risk; moderate precipitation today,322,64
2026-10-12,Heard It Both Ways Trail,Deer Valley,WG004,40.593082879194085,-111.49125770411068,8855.0,53,53.3,42.2,46.6,0.189,0.087,0.0,0.189,1.02,1.02,48.9,52.37142857142857,0,0.0,0.0,0.0,0.0,0.0,0,3.6,8658.9,9073.5,8855.0,15.0,14.9,30.6,38.3,18.2,15.2,28.4,0.944,MUDDY,15,AVOID,high retained moisture creates muddy or saturated risk; moderate precipitation today,322,86
2026-10-12,Johns '99,Park City / PCMR,WG033,40.62911828578874,-111.50998374795329,8128.2,53,55.3,44.3,48.7,0.189,0.087,0.0,0.189,1.02,1.036,50.93333333333333,54.84285714285714,0,0.0,0.0,0.0,0.0,0.0,0,1.1,8080.5,8193.1,8128.2,19.7,20.3,35.7,43.8,0.0,38.5,17.7,0.931,MUDDY,15,AVOID,high retained moisture creates muddy or saturated risk; moderate precipitation today,322,64
2026-10-12,Johns 99,Deer Valley,WG015,40.62450457371346,-111.51231498110546,8231.6,53,54.7,43.6,48.0,0.189,0.087,0.0,0.189,1.02,1.036,50.26666666666667,54.15714285714285,0,0.0,0.0,0.0,0.0,0.0,0,0.6,8182.7,8279.9,8231.6,22.2,21.3,31.9,26.9,0.0,36.5,36.5,0.917,MUDDY,15,AVOID,high retained moisture creates muddy or saturated risk; moderate precipitation today,322,86
2026-10-12,Keystone Trail,Park City / PCMR,WG037,40.62506440637064,-111.53055382777043,8890.7,53,53.4,42.4,46.8,0.189,0.087,0.0,0.189,1.02,1.036,49.03333333333333,52.942857142857136,0,0.0,0.0,0.0,0.0,0.0,0,2.6,8572.7,9030.6,8890.7,17.5,17.7,34.7,19.5,26.7,25.8,28.1,0.92,MUDDY,15,AVOID,high retained moisture creates muddy or saturated risk; moderate precipitation today,322,64
2026-10-12,Little Chief,Deer Valley,WG015,40.61872839208637,-111.51243052868438,8322.6,53,54.7,43.6,48.0,0.189,0.087,0.0,0.189,1.02,1.036,50.26666666666667,54.15714285714285,0,0.0,0.0,0.0,0.0,0.0,0,0.7,8247.5,8462.5,8322.6,21.5,20.5,33.1,0.0,0.0,3.1,96.9,0.923,MUDDY,15,AVOID,high retained moisture creates muddy or saturated risk; moderate precipitation today,322,86
2026-10-12,McConkeys,Park City / PCMR,WG016,40.617956923480186,-111.52625119796232,8958.8,53,52.9,41.8,46.2,0.189,0.087,0.0,0.189,1.02,1.02,48.43333333333334,52.0,0,0.0,0.0,0.0,0.0,0.0,0,2.1,8486.4,9586.3,8958.8,14.0,13.8,26.4,1.1,3.2,40.3,55.4,0.92,MUDDY,15,AVOID,high retained moisture creates muddy or saturated risk; moderate precipitation today,322,64
2026-10-12,Mid-Mountain Connect,Park City / PCMR,WG036,40.63223012461414,-111.51309555497544,8201.7,53,54.6,43.5,47.9,0.189,0.087,0.0,0.189,1.02,1.036,50.16666666666666,54.057142857142864,0,0.0,0.0,0.0,0.0,0.0,0,0.1,8162.9,8233.9,8201.7,12.6,11.6,20.5,18.2,0.0,18.2,63.6,0.926,MUDDY,15,AVOID,high retained moisture creates muddy or saturated risk; moderate precipitation today,322,64
2026-10-12,Mojave,Park City / PCMR,WG037,40.634971780917176,-111.5211432294971,8540.4,53,53.4,42.4,46.8,0.189,0.087,0.0,0.189,1.02,1.036,49.03333333333333,52.942857142857136,0,0.0,0.0,0.0,0.0,0.0,0,0.9,8364.7,8732.7,8540.4,18.7,19.2,30.2,0.0,86.7,13.3,0.0,0.913,MUDDY,15,AVOID,high retained moisture creates muddy or saturated risk; moderate precipitation today,322,64
2026-10-12,Pinecone Ridge,Park City / PCMR,WG039,40.63337906740186,-111.54644099265712,9084.9,53,51.9,40.8,45.2,0.189,0.087,0.0,0.189,1.02,1.052,47.5,50.68571428571429,0,0.0,0.0,0.0,0.0,0.0,0,3.9,8421.5,9841.4,9084.9,22.7,23.0,32.2,6.2,20.0,35.6,38.1,0.936,MUDDY,15,AVOID,high retained moisture creates muddy or saturated risk; moderate precipitation today,322,64
2026-10-12,Powerline Trail,Park City / PCMR,WG036,40.63015217582808,-111.53743024085954,8362.6,53,54.6,43.5,47.9,0.189,0.087,0.0,0.189,1.02,1.036,50.16666666666666,54.057142857142864,0,0.0,0.0,0.0,0.0,0.0,0,0.6,8185.7,8545.6,8362.6,13.0,13.1,19.1,0.0,3.6,7.3,89.1,0.919,MUDDY,15,AVOID,high retained moisture creates muddy or saturated risk; moderate precipitation today,322,64
2026-10-12,Rock Chuck Trail,Park City / PCMR,WG008,40.58874474594925,-111.56839301918852,9680.6,53,49.5,38.4,42.8,0.189,0.087,0.0,0.189,1.02,1.063,45.1,48.2,0,0.0,0.0,0.0,0.0,0.0,0,1.0,9377.3,9855.0,9680.6,12.5,11.5,28.4,0.0,47.1,52.9,0.0,0.915,MUDDY,15,AVOID,high retained moisture creates muddy or saturated risk; moderate precipitation today,322,64
2026-10-12,Shadow Lake,Park City / PCMR,WG020,40.61596037279941,-111.55009628848111,9179.4,53,51.1,40.0,44.4,0.189,0.087,0.0,0.189,1.02,1.036,46.7,49.92857142857143,0,0.0,0.0,0.0,0.0,0.0,0,0.8,9037.5,9310.6,9179.4,15.7,14.4,34.6,8.3,15.3,41.7,34.7,0.929,MUDDY,15,AVOID,high retained moisture creates muddy or saturated risk; moderate precipitation today,322,64
2026-10-12,Silver Queen,Park City / PCMR,WG037,40.63391819864852,-111.51755091640152,8558.9,53,53.4,42.4,46.8,0.189,0.087,0.0,0.189,1.02,1.036,49.03333333333333,52.942857142857136,0,0.0,0.0,0.0,0.0,0.0,0,1.0,8376.5,8720.1,8558.9,22.5,23.1,30.5,2.5,0.0,0.0,97.5,0.928,MUDDY,15,AVOID,high retained moisture creates muddy or saturated risk; moderate precipitation today,322,64
2026-10-12,Steps,Park City / PCMR,WG037,40.63116043759045,-111.5173271228493,8520.8,53,53.4,42.4,46.8,0.189,0.087,0.0,0.189,1.02,1.036,49.03333333333333,52.942857142857136,0,0.0,0.0,0.0,0.0,0.0,0,1.0,8366.1,8730.0,8520.8,24.0,25.7,34.0,18.0,0.0,0.0,82.0,0.942,MUDDY,15,AVOID,high retained moisture creates muddy or saturated risk; moderate precipitation today,322,64
2026-10-12,Stiff Upper Lip,Park City / PCMR,WG017,40.61611691879028,-111.52987009616064,9025.4,53,51.4,40.3,44.7,0.189,0.087,0.0,0.189,1.02,1.036,46.96666666666667,50.2,0,0.0,0.0,0.0,0.0,0.0,0,0.5,8926.8,9139.2,9025.4,16.3,16.1,27.9,0.0,0.0,33.3,66.7,0.929,MUDDY,15,AVOID,high retained moisture creates muddy or saturated risk; moderate precipitation today,322,64
2026-10-12,Super G,Deer Valley,WG013,40.6078734147108,-111.486644562986,8939.8,53,53.0,41.9,46.3,0.189,0.087,0.0,0.189,1.02,1.02,48.56666666666666,52.12857142857143,0,0.0,0.0,0.0,0.0,0.0,0,0.4,8867.6,8997.5,8939.8,15.7,15.0,27.9,5.9,94.1,0.0,0.0,0.928,MUDDY,15,AVOID,high retained moisture creates muddy or saturated risk; moderate precipitation today,322,86
2026-10-12,Tricky Pickle Trail,Deer Valley,WG004,40.59197973531048,-111.49789592532872,8532.5,53,53.3,42.2,46.6,0.189,0.087,0.0,0.189,1.02,1.02,48.9,52.37142857142857,0,0.0,0.0,0.0,0.0,0.0,0,2.6,8268.2,8873.6,8532.5,20.0,22.3,31.9,21.7,70.8,0.9,6.6,0.942,MUDDY,15,AVOID,high retained moisture creates muddy or saturated risk; moderate precipitation today,322,86
2026-10-12,Twist & Shout,Deer Valley,WG012,40.61590669002216,-111.48826576454944,8415.6,53,54.9,43.8,48.2,0.189,0.087,0.0,0.189,1.02,1.02,50.46666666666666,54.57142857142857,0,0.0,0.0,0.0,0.0,0.0,0,0.2,8324.5,8505.1,8415.6,26.0,26.7,29.2,0.0,100.0,0.0,0.0,0.923,MUDDY,15,AVOID,high retained moisture creates muddy or saturated risk; moderate precipitation today,322,86
2026-10-12,Wasatch Crest Connect,Park City / PCMR,WG020,40.616974136223725,-111.55736099806312,9245.9,53,51.1,40.0,44.4,0.189,0.087,0.0,0.189,1.02,1.036,46.7,49.92857142857143,0,0.0,0.0,0.0,0.0,0.0,0,1.7,8958.2,9481.6,9245.9,17.1,17.3,33.0,12.9,15.5,34.2,37.4,0.94,MUDDY,15,AVOID,high retained moisture creates muddy or saturated risk; moderate precipitation today,322,64
2026-10-12,Bonanza Loop Trail,Deer Valley,WG016,40.60282163896819,-111.52815381158308,8908.5,53,52.9,41.8,46.2,0.189,0.087,0.0,0.189,1.02,1.02,48.43333333333334,52.0,0,0.0,0.0,0.0,0.0,0.0,0,4.8,8695.4,9086.5,8908.5,11.5,11.2,26.8,44.0,4.9,11.1,40.0,0.953,MUDDY,14,AVOID,high retained moisture creates muddy or saturated risk; moderate precipitation today,349,92
2026-10-12,Bow Hunter Extension,Deer Valley,WG005,40.59796119210968,-111.4848069886625,9014.7,53,52.1,41.1,45.4,0.189,0.087,0.0,0.189,1.02,1.02,47.7,51.21428571428572,0,0.0,0.0,0.0,0.0,0.0,0,0.2,8991.5,9031.2,9014.7,17.1,20.8,26.6,28.6,9.5,19.0,42.9,0.967,MUDDY,14,AVOID,high retained moisture creates muddy or saturated risk; moderate precipitation today,349,92
2026-10-12,Catherine's Pass Trail,Park City / PCMR,WG010,40.585096359880005,-111.59078643106362,9753.9,53,49.6,38.5,42.9,0.189,0.087,0.0,0.189,1.02,1.02,45.20000000000001,48.457142857142856,0,0.0,0.0,0.0,0.0,0.0,0,1.5,9379.6,10222.3,9753.9,16.9,17.1,36.8,16.9,39.5,16.9,26.6,0.957,MUDDY,14,AVOID,high retained moisture creates muddy or saturated risk; moderate precipitation today,349,85
2026-10-12,Dead Tree,Park City / PCMR,WG021,40.611358588022426,-111.54588982448988,9653.6,53,49.6,38.5,42.9,0.189,0.087,0.0,0.189,1.02,1.02,45.2,48.31428571428573,0,0.0,0.0,0.0,0.0,0.0,0,0.8,9569.8,9775.6,9653.6,26.5,27.5,37.8,35.4,21.5,43.1,0.0,0.95,MUDDY,14,AVOID,high retained moisture creates muddy or saturated risk; moderate precipitation today,349,85
2026-10-12,Empire Lodge,Deer Valley,WG015,40.61442062316093,-111.51298418240138,8439.2,53,54.7,43.6,48.0,0.189,0.087,0.0,0.189,1.02,1.036,50.26666666666667,54.15714285714285,0,0.0,0.0,0.0,0.0,0.0,0,0.4,8326.0,8614.8,8439.2,13.0,12.8,26.8,28.2,0.0,5.1,66.7,0.947,MUDDY,14,AVOID,high retained moisture creates muddy or saturated risk; moderate precipitation today,349,92
2026-10-12,Fat Lip,Park City / PCMR,WG016,40.62192963761681,-111.5279713594279,8931.1,53,52.9,41.8,46.2,0.189,0.087,0.0,0.189,1.02,1.02,48.43333333333334,52.0,0,0.0,0.0,0.0,0.0,0.0,0,1.0,8870.4,8982.9,8931.1,20.9,20.7,36.0,34.9,0.0,6.0,59.0,0.949,MUDDY,14,AVOID,high retained moisture creates muddy or saturated risk; moderate precipitation today,349,85
2026-10-12,Golden Needle,Park City / PCMR,WG008,40.59452078975266,-111.56725110409884,9811.4,53,49.5,38.4,42.8,0.189,0.087,0.0,0.189,1.02,1.063,45.1,48.2,0,0.0,0.0,0.0,0.0,0.0,0,0.8,9288.1,10347.8,9811.4,17.7,17.1,28.2,2.9,95.7,1.4,0.0,0.968,MUDDY,14,AVOID,high retained moisture creates muddy or saturated risk; moderate precipitation today,349,85
2026-10-12,Jupiter Peak,Park City / PCMR,WG021,40.610319419324455,-111.54904593331813,9871.3,53,49.6,38.5,42.9,0.189,0.087,0.0,0.189,1.02,1.02,45.2,48.31428571428573,0,0.0,0.0,0.0,0.0,0.0,0,1.2,9729.6,9994.3,9871.3,14.3,12.7,30.3,26.2,39.3,21.5,13.1,0.962,MUDDY,14,AVOID,high retained moisture creates muddy or saturated risk; moderate precipitation today,349,85
2026-10-12,Jupiter Ridge,Park City / PCMR,WG018,40.61268065771163,-111.53867835914352,9869.4,53,49.7,38.7,43.1,0.189,0.087,0.0,0.189,1.02,1.02,45.333333333333336,48.48571428571428,0,0.0,0.0,0.0,0.0,0.0,0,0.2,9741.8,9992.4,9869.4,16.9,16.3,26.1,12.5,0.0,6.2,81.2,0.963,MUDDY,14,AVOID,high retained moisture creates muddy or saturated risk; moderate precipitation today,349,85
2026-10-12,Lavina,Deer Valley,WG006,40.58376333945228,-111.52567195673171,8621.7,53,53.7,42.6,47.0,0.189,0.087,0.0,0.189,1.02,1.02,49.3,52.85714285714285,0,0.0,0.0,0.0,0.0,0.0,0,1.0,8267.0,8818.5,8621.7,13.7,12.4,29.5,68.3,13.4,9.8,8.5,0.977,MUDDY,14,AVOID,high retained moisture creates muddy or saturated risk; moderate precipitation today,349,92
2026-10-12,Moose Tracks Trail,Park City / PCMR,WG009,40.59516414126596,-111.57427709390586,9258.1,53,51.5,40.4,44.8,0.189,0.087,0.0,0.189,1.02,1.02,47.1,50.35714285714285,0,0.0,0.0,0.0,0.0,0.0,0,0.9,9081.2,9389.1,9258.1,16.5,15.7,26.8,14.6,78.0,7.3,0.0,0.964,MUDDY,14,AVOID,high retained moisture creates muddy or saturated risk; moderate precipitation today,349,85
2026-10-12,Old Stage Crest Connect,Park City / PCMR,WG023,40.61247305094488,-111.5715274805363,9057.3,53,52.0,40.9,45.3,0.189,0.087,0.0,0.189,1.02,1.052,47.6,50.785714285714285,0,0.0,0.0,0.0,0.0,0.0,0,0.3,8989.0,9157.0,9057.3,21.7,19.4,31.0,10.7,75.0,14.3,0.0,0.96,MUDDY,14,AVOID,high retained moisture creates muddy or saturated risk; moderate precipitation today,349,85
2026-10-12,Ore Cart,Deer Valley,WG015,40.621755910380834,-111.51139929264724,8146.4,53,54.7,43.6,48.0,0.189,0.087,0.0,0.189,1.02,1.036,50.26666666666667,54.15714285714285,0,0.0,0.0,0.0,0.0,0.0,0,0.3,8064.8,8251.4,8146.4,22.7,23.7,28.3,25.0,0.0,0.0,75.0,0.949,MUDDY,14,AVOID,high retained moisture creates muddy or saturated risk; moderate precipitation today,349,92
2026-10-12,Scott's Bypass,Park City / PCMR,WG021,40.612047856355446,-111.55918064050742,9658.7,53,49.6,38.5,42.9,0.189,0.087,0.0,0.189,1.02,1.02,45.2,48.31428571428573,0,0.0,0.0,0.0,0.0,0.0,0,1.4,9481.4,9770.8,9658.7,20.2,20.1,35.8,21.1,69.3,9.6,0.0,0.968,MUDDY,14,AVOID,high retained moisture creates muddy or saturated risk; moderate precipitation today,349,85
2026-10-12,Tall T Trail,Deer Valley,WG007,40.59029104976929,-111.52734087474852,9033.3,53,52.1,41.0,45.4,0.189,0.087,0.0,0.189,1.02,1.02,47.66666666666666,51.15714285714286,0,0.0,0.0,0.0,0.0,0.0,0,4.4,8733.0,9353.0,9033.3,18.9,19.0,34.3,27.0,2.8,28.7,41.5,0.956,MUDDY,14,AVOID,high retained moisture creates muddy or saturated risk; moderate precipitation today,349,92
2026-10-12,Tug of War Trail,Deer Valley,WG013,40.60218815889535,-111.4963014769127,8962.3,53,53.0,41.9,46.3,0.189,0.087,0.0,0.189,1.02,1.02,48.56666666666666,52.12857142857143,0,0.0,0.0,0.0,0.0,0.0,0,1.4,8867.6,9065.0,8962.3,16.3,16.3,25.0,52.5,23.3,23.3,0.8,0.949,MUDDY,14,AVOID,high retained moisture creates muddy or saturated risk; moderate precipitation today,349,92
2026-10-12,WOW (Wasatch Over Wasatch) Trail,Deer Valley,WG003,40.585198990338895,-111.50729227137398,8248.2,53,54.9,43.8,48.2,0.189,0.087,0.0,0.189,1.02,1.051,50.46666666666667,54.371428571428574,0,0.0,0.0,0.0,0.0,0.0,0,2.7,8125.9,8428.2,8248.2,11.4,10.0,31.9,57.1,9.7,5.3,27.9,0.977,MUDDY,14,AVOID,high retained moisture creates muddy or saturated risk; moderate precipitation today,349,92
2026-10-12,Wowza Downhill Trail,Deer Valley,WG006,40.58677474689952,-111.51626735679228,8564.8,53,53.7,42.6,47.0,0.189,0.087,0.0,0.189,1.02,1.02,49.3,52.85714285714285,0,0.0,0.0,0.0,0.0,0.0,0,0.9,8378.1,8738.8,8564.8,10.4,10.8,21.9,55.1,10.3,1.3,33.3,0.972,MUDDY,14,AVOID,high retained moisture creates muddy or saturated risk; moderate precipitation today,349,92
2026-10-12,Blazing Saddle,Park City / PCMR,WG020,40.61652898868821,-111.55635878361066,9384.9,53,51.1,40.0,44.4,0.189,0.087,0.0,0.189,1.02,1.036,46.7,49.92857142857143,0,0.0,0.0,0.0,0.0,0.0,0,0.7,9295.6,9481.6,9384.9,18.3,19.7,28.9,51.7,0.0,0.0,48.3,1.01,MUDDY,13,AVOID,high retained moisture creates muddy or saturated risk; moderate precipitation today,367,94
2026-10-12,Bow Hunter,Deer Valley,WG014,40.60108596513679,-111.48484426536052,9020.3,53,52.0,40.9,45.3,0.189,0.087,0.0,0.189,1.02,1.02,47.6,51.114285714285714,0,0.0,0.0,0.0,0.0,0.0,0,0.7,8978.5,9076.6,9020.3,21.4,21.6,33.7,28.6,0.0,0.0,71.4,0.985,MUDDY,13,AVOID,high retained moisture creates muddy or saturated risk; moderate precipitation today,367,101
2026-10-12,Empire Pass Connector,Deer Valley,WG016,40.60627316294136,-111.51481095351645,8948.4,53,52.9,41.8,46.2,0.189,0.087,0.0,0.189,1.02,1.02,48.43333333333334,52.0,0,0.0,0.0,0.0,0.0,0.0,0,0.4,8924.0,8965.9,8948.4,12.8,13.4,22.3,87.8,2.4,0.0,9.8,1.004,MUDDY,13,AVOID,high retained moisture creates muddy or saturated risk; moderate precipitation today,367,101
2026-10-12,Jeep Hill (Safety Coridoor),Deer Valley,WG013,40.60451306969404,-111.50923514571896,8820.6,53,53.0,41.9,46.3,0.189,0.087,0.0,0.189,1.02,1.02,48.56666666666666,52.12857142857143,0,0.0,0.0,0.0,0.0,0.0,0,0.2,8699.5,8951.8,8820.6,12.6,13.1,16.8,100.0,0.0,0.0,0.0,1.015,MUDDY,13,AVOID,high retained moisture creates muddy or saturated risk; moderate precipitation today,367,101
2026-10-12,Bonanza Flat Overlook,Deer Valley,WG017,40.60116766018752,-111.5344182482656,9112.3,53,51.4,40.3,44.7,0.189,0.087,0.0,0.189,1.02,1.036,46.96666666666667,50.2,0,0.0,0.0,0.0,0.0,0.0,0,0.1,9086.5,9126.7,9112.3,13.8,14.1,20.1,70.0,0.0,10.0,20.0,1.018,MUDDY,12,AVOID,high retained moisture creates muddy or saturated risk; moderate precipitation today,371,104
2026-10-12,Io Trail (Middle),Deer Valley,WG017,40.61025792344493,-111.52770861008732,9342.5,53,51.4,40.3,44.7,0.189,0.087,0.0,0.189,1.02,1.036,46.96666666666667,50.2,0,0.0,0.0,0.0,0.0,0.0,0,0.3,9253.3,9432.7,9342.5,18.6,22.1,28.2,92.3,0.0,0.0,7.7,1.049,MUDDY,12,AVOID,high retained moisture creates muddy or saturated risk; moderate precipitation today,371,104
2026-10-12,McConkeys / Io Trail (Middle),Park City / PCMR,WG018,40.61168680632571,-111.53326494678502,9588.6,53,49.7,38.7,43.1,0.189,0.087,0.0,0.189,1.02,1.02,45.333333333333336,48.48571428571428,0,0.0,0.0,0.0,0.0,0.0,0,0.6,9432.6,9692.2,9588.6,19.8,24.9,29.9,72.5,0.0,7.8,19.6,1.019,MUDDY,12,AVOID,high retained moisture creates muddy or saturated risk; moderate precipitation today,371,95
2026-10-13,Bonanza Trail,Deer Valley,WG046,40.661614248984336,-111.49584605339936,6814.3,51,62.2,45.1,52.1,0.016,0.0,0.0,0.016,0.717,0.729,53.333333333333336,57.67142857142857,0,0.0,0.0,0.0,0.0,0.0,0,0.3,6806.6,6827.9,6814.3,16.8,16.8,23.7,0.0,4.5,95.5,0.0,0.469,DAMP,79,GOOD,surface slightly wetter than ideal,1,1
2026-10-13,Bronto Jam,Round Valley,WG067,40.71004954775594,-111.501977414722,6672.8,51,63.1,46.0,53.0,0.016,0.0,0.0,0.016,0.717,0.757,54.23333333333333,57.557142857142864,0,0.0,0.0,0.0,0.0,0.0,0,0.5,6604.0,6731.1,6672.8,10.2,10.4,15.6,2.6,0.0,89.7,7.7,0.478,DAMP,79,GOOD,surface slightly wetter than ideal,1,1
2026-10-13,Cammy's,Round Valley,WG057,40.69072662264133,-111.49673800313964,6953.5,51,62.2,45.1,52.2,0.016,0.0,0.0,0.016,0.717,0.745,53.43333333333334,57.24285714285715,0,0.0,0.0,0.0,0.0,0.0,0,0.2,6937.8,6961.6,6953.5,5.2,4.3,11.3,3.8,7.7,69.2,19.2,0.488,DAMP,79,GOOD,surface slightly wetter than ideal,1,1
2026-10-13,Deep Park Circle,Jordanelle,WG026,40.626894083286025,-111.43587347972714,6383.2,51,63.4,48.8,54.7,0.016,0.0,0.0,0.016,0.748,0.756,55.76666666666667,59.81428571428573,0,0.0,0.0,0.0,0.0,0.0,0,0.2,6368.7,6401.6,6383.2,7.2,6.4,17.5,0.0,0.0,50.0,50.0,0.479,DAMP,79,GOOD,surface slightly wetter than ideal,1,1
2026-10-13,Hang Time South,Park City / PCMR,WG046,40.65853660632904,-111.49606808644194,6970.8,51,62.2,45.1,52.1,0.016,0.0,0.0,0.016,0.717,0.729,53.333333333333336,57.67142857142857,0,0.0,0.0,0.0,0.0,0.0,0,0.3,6861.7,7117.7,6970.8,12.7,12.3,19.7,0.0,33.3,66.7,0.0,0.484,DAMP,79,GOOD,surface slightly wetter than ideal,1,1
2026-10-13,Lynx #2,Round Valley,WG044,40.66734087696376,-111.46694625830712,6898.8,51,62.3,45.2,52.3,0.016,0.0,0.0,0.016,0.717,0.729,53.53333333333333,57.47142857142857,0,0.0,0.0,0.0,0.0,0.0,0,1.6,6672.4,7099.9,6898.8,15.2,14.6,28.9,0.0,8.4,72.5,19.1,0.481,DAMP,79,GOOD,surface slightly wetter than ideal,1,1
2026-10-13,Oh Deer Flow,Jordanelle,WG041,40.66237367218405,-111.42118550237925,6403.1,51,63.9,46.8,53.8,0.016,0.0,0.0,0.016,0.717,0.729,55.06666666666666,59.27142857142858,0,0.0,0.0,0.0,0.0,0.0,0,0.6,6282.9,6510.0,6403.1,14.6,15.3,20.1,7.8,0.0,0.0,92.2,0.488,DAMP,79,GOOD,surface slightly wetter than ideal,1,1
2026-10-13,SOS,Park City / PCMR,WG046,40.666448184385416,-111.48116864087982,6803.8,51,62.2,45.1,52.1,0.016,0.0,0.0,0.016,0.717,0.729,53.333333333333336,57.67142857142857,0,0.0,0.0,0.0,0.0,0.0,0,0.3,6720.9,6916.3,6803.8,13.6,14.3,26.1,0.0,8.7,78.3,13.0,0.478,DAMP,79,GOOD,surface slightly wetter than ideal,1,1
2026-10-13,Skid Row,Park City / PCMR,WG044,40.66845831872771,-111.47381352761975,6920.8,51,62.3,45.2,52.3,0.016,0.0,0.0,0.016,0.717,0.729,53.53333333333333,57.47142857142857,0,0.0,0.0,0.0,0.0,0.0,0,1.2,6678.1,7107.5,6920.8,17.9,17.4,29.9,0.0,1.9,96.1,1.9,0.469,DAMP,79,GOOD,surface slightly wetter than ideal,1,1
2026-10-13,Unga Bunga Skills and Pump Tradk,Round Valley,WG067,40.71158064400824,-111.50217787755837,6590.1,51,63.1,46.0,53.0,0.016,0.0,0.0,0.016,0.717,0.757,54.23333333333333,57.557142857142864,0,0.0,0.0,0.0,0.0,0.0,0,0.2,6579.8,6601.1,6590.1,5.9,5.5,12.3,0.0,2.9,94.1,2.9,0.475,DAMP,79,GOOD,surface slightly wetter than ideal,1,1
2026-10-13,Yabba Dabba Doo,Round Valley,WG067,40.71031601545331,-111.5039304608668,6636.2,51,63.1,46.0,53.0,0.016,0.0,0.0,0.016,0.717,0.757,54.23333333333333,57.557142857142864,0,0.0,0.0,0.0,0.0,0.0,0,0.3,6613.2,6659.8,6636.2,6.5,6.8,9.5,0.0,0.0,90.9,9.1,0.476,DAMP,79,GOOD,surface slightly wetter than ideal,1,1
2026-10-13,Bamm Bamm,Round Valley,WG067,40.71001316656963,-111.50256230173504,6667.3,51,63.1,46.0,53.0,0.016,0.0,0.0,0.016,0.717,0.757,54.23333333333333,57.557142857142864,0,0.0,0.0,0.0,0.0,0.0,0,0.4,6610.1,6731.1,6667.3,9.9,9.9,16.2,2.9,35.3,61.8,0.0,0.493,DAMP,78,GOOD,surface slightly wetter than ideal,12,6
2026-10-13,Euston,Round Valley,WG047,40.65772556817424,-111.48315877249176,7062.9,51,61.1,44.0,51.1,0.016,0.0,0.0,0.016,0.717,0.729,52.3,56.642857142857146,0,0.0,0.0,0.0,0.0,0.0,0,0.4,6904.9,7228.8,7062.9,12.2,12.4,19.9,0.0,31.2,68.8,0.0,0.498,DAMP,78,GOOD,surface slightly wetter than ideal,12,6
2026-10-13,Fairway Hills Trail,Round Valley,WG055,40.67853348641883,-111.47699791832557,6747.4,51,62.5,45.4,52.5,0.016,0.0,0.0,0.016,0.717,0.729,53.73333333333333,57.48571428571428,0,0.0,0.0,0.0,0.0,0.0,0,0.3,6716.2,6779.8,6747.4,2.3,2.2,3.5,0.0,0.0,44.8,55.2,0.496,DAMP,78,GOOD,surface slightly wetter than ideal,12,6
2026-10-13,Freemason,Park City / PCMR,WG046,40.65768683021079,-111.49819012622744,6949.6,51,62.2,45.1,52.1,0.016,0.0,0.0,0.016,0.717,0.729,53.333333333333336,57.67142857142857,0,0.0,0.0,0.0,0.0,0.0,0,1.5,6779.4,7074.6,6949.6,21.4,21.4,30.0,5.4,40.3,54.3,0.0,0.494,DAMP,78,GOOD,surface slightly wetter than ideal,12,4
2026-10-13,Gambel Oak Cut,Round Valley,WG045,40.65967079074984,-111.47871602858976,7240.9,51,60.8,43.7,50.8,0.016,0.0,0.0,0.016,0.717,0.729,52.03333333333334,56.371428571428574,0,0.0,0.0,0.0,0.0,0.0,0,0.3,7160.2,7299.6,7240.9,14.9,14.8,20.3,0.0,8.3,79.2,12.5,0.493,DAMP,78,GOOD,surface slightly wetter than ideal,12,6
2026-10-13,Jordanelle (West Bank) Trail,Jordanelle,WG026,40.63639192686843,-111.4311179892118,6210.9,51,63.4,48.8,54.7,0.016,0.0,0.0,0.016,0.748,0.756,55.76666666666667,59.81428571428573,0,0.0,0.0,0.0,0.0,0.0,0,2.3,6170.8,6291.4,6210.9,9.7,9.2,24.7,24.1,2.0,42.2,31.7,0.495,DAMP,78,GOOD,surface slightly wetter than ideal,12,3
2026-10-13,Longview,Jordanelle,WG040,40.65785550770212,-111.4151527495857,6299.6,51,64.3,47.2,54.2,0.016,0.0,0.0,0.016,0.717,0.729,55.46666666666667,59.7,0,0.0,0.0,0.0,0.0,0.0,0,0.3,6286.3,6315.8,6299.6,9.2,8.1,22.1,26.9,69.2,3.8,0.0,0.495,DAMP,78,GOOD,surface slightly wetter than ideal,12,3
2026-10-13,Lower Sparky Trail,Clark Ranch,WG044,40.66761130235187,-111.4559551589961,6689.8,51,62.3,45.2,52.3,0.016,0.0,0.0,0.016,0.717,0.729,53.53333333333333,57.47142857142857,0,0.0,0.0,0.0,0.0,0.0,0,1.5,6645.8,6769.7,6689.8,4.2,3.5,14.5,0.0,7.0,36.7,56.2,0.5,DAMP,78,GOOD,surface slightly wetter than ideal,12,1
2026-10-13,Masonic,Park City / PCMR,WG047,40.65628760128763,-111.48965728213436,7283.0,51,61.1,44.0,51.1,0.016,0.0,0.0,0.016,0.717,0.729,52.3,56.642857142857146,0,0.0,0.0,0.0,0.0,0.0,0,1.3,7131.6,7508.3,7283.0,18.7,18.8,28.4,0.0,9.4,72.6,17.9,0.496,DAMP,78,GOOD,surface slightly wetter than ideal,12,4
2026-10-13,Mountain Willow,Round Valley,WG067,40.71402930681007,-111.48565937361776,6571.7,51,63.1,46.0,53.0,0.016,0.0,0.0,0.016,0.717,0.757,54.23333333333333,57.557142857142864,0,0.0,0.0,0.0,0.0,0.0,0,0.4,6544.8,6592.9,6571.7,5.3,3.4,18.2,3.3,46.7,50.0,0.0,0.5,DAMP,78,GOOD,surface slightly wetter than ideal,12,6
2026-10-13,North Ross Creek Trail,Jordanelle,WG041,40.66585897507511,-111.42082357173696,6405.0,51,63.9,46.8,53.8,0.016,0.0,0.0,0.016,0.717,0.729,55.06666666666666,59.27142857142858,0,0.0,0.0,0.0,0.0,0.0,0,0.8,6296.2,6565.5,6405.0,11.7,9.8,33.0,31.4,12.9,15.7,40.0,0.492,DAMP,78,GOOD,surface slightly wetter than ideal,12,3
2026-10-13,Ramble On,Round Valley,WG067,40.70159467934347,-111.48028465593316,6781.5,51,63.1,46.0,53.0,0.016,0.0,0.0,0.016,0.717,0.757,54.23333333333333,57.557142857142864,0,0.0,0.0,0.0,0.0,0.0,0,2.8,6720.6,6841.6,6781.5,11.0,10.2,23.4,0.0,6.4,48.9,44.7,0.498,DAMP,78,GOOD,surface slightly wetter than ideal,12,6
2026-10-13,Rusty Shovel,Round Valley,WG057,40.69776625143012,-111.4804885556652,6868.8,51,62.2,45.1,52.2,0.016,0.0,0.0,0.016,0.717,0.745,53.43333333333334,57.24285714285715,0,0.0,0.0,0.0,0.0,0.0,0,1.7,6727.2,7062.5,6868.8,10.0,9.9,18.9,8.9,0.0,54.8,36.3,0.498,DAMP,78,GOOD,surface slightly wetter than ideal,12,6
2026-10-13,Sven,Jordanelle,WG040,40.66216079919324,-111.41880056586604,6299.4,51,64.3,47.2,54.2,0.016,0.0,0.0,0.016,0.717,0.729,55.46666666666667,59.7,0,0.0,0.0,0.0,0.0,0.0,0,0.1,6282.2,6318.4,6299.4,11.9,10.3,19.9,13.3,86.7,0.0,0.0,0.49,DAMP,78,GOOD,surface slightly wetter than ideal,12,3
2026-10-13,The Great Gazoo,Round Valley,WG067,40.70997890100696,-111.50140660314835,6662.9,51,63.1,46.0,53.0,0.016,0.0,0.0,0.016,0.717,0.757,54.23333333333333,57.557142857142864,0,0.0,0.0,0.0,0.0,0.0,0,0.5,6602.3,6731.1,6662.9,11.1,11.7,16.5,5.0,0.0,52.5,42.5,0.499,DAMP,78,GOOD,surface slightly wetter than ideal,12,6
2026-10-13,Tweety Bird Trail,Jordanelle,WG001,40.59084253440856,-111.40816741687898,6568.1,51,62.0,47.4,53.3,0.016,0.0,0.0,0.016,0.748,0.756,54.36666666666667,58.41428571428572,0,0.0,0.0,0.0,0.0,0.0,0,0.7,6477.2,6665.7,6568.1,10.6,10.3,18.3,0.0,20.0,80.0,0.0,0.497,DAMP,78,GOOD,surface slightly wetter than ideal,12,3
2026-10-13,Up Track,Round Valley,WG067,40.71007968280768,-111.50314659118624,6643.1,51,63.1,46.0,53.0,0.016,0.0,0.0,0.016,0.717,0.757,54.23333333333333,57.557142857142864,0,0.0,0.0,0.0,0.0,0.0,0,0.5,6566.9,6731.1,6643.1,6.8,5.8,16.9,1.5,22.7,60.6,15.2,0.493,DAMP,78,GOOD,surface slightly wetter than ideal,12,6
2026-10-13,Wada Way,Jordanelle,WG040,40.65139897157171,-111.41292348157292,6267.2,51,64.3,47.2,54.2,0.016,0.0,0.0,0.016,0.717,0.729,55.46666666666667,59.7,0,0.0,0.0,0.0,0.0,0.0,0,1.7,6181.8,6350.5,6267.2,6.6,6.2,14.8,23.2,76.1,0.7,0.0,0.495,DAMP,78,GOOD,surface slightly wetter than ideal,12,3
2026-10-13,Backslide,Round Valley,WG057,40.686236769495366,-111.49111386346571,6972.4,51,62.2,45.1,52.2,0.016,0.0,0.0,0.016,0.717,0.745,53.43333333333334,57.24285714285715,0,0.0,0.0,0.0,0.0,0.0,0,1.0,6860.3,7059.5,6972.4,10.2,8.7,22.4,2.3,19.3,34.1,44.3,0.505,WET,58,FAIR,surface moisture likely affecting traction,30,15
2026-10-13,Beep Beep Trail,Jordanelle,WG001,40.59039066618902,-111.4033797731244,6670.3,51,62.0,47.4,53.3,0.016,0.0,0.0,0.016,0.748,0.756,54.36666666666667,58.41428571428572,0,0.0,0.0,0.0,0.0,0.0,0,1.5,6583.6,6771.5,6670.3,16.3,16.1,26.5,0.0,20.2,66.7,13.2,0.504,WET,58,FAIR,surface moisture likely affecting traction,30,9
2026-10-13,Constellation Trail,Jordanelle,WG026,40.6428753631073,-111.43505033038012,6261.6,51,63.4,48.8,54.7,0.016,0.0,0.0,0.016,0.748,0.756,55.76666666666667,59.81428571428573,0,0.0,0.0,0.0,0.0,0.0,0,0.7,6191.6,6323.4,6261.6,9.0,8.6,16.7,5.2,0.0,10.3,84.5,0.501,WET,58,FAIR,surface moisture likely affecting traction,30,9
2026-10-13,Cousin Eddy Trail,Clark Ranch,WG044,40.66170094764518,-111.45386933866466,6817.2,51,62.3,45.2,52.3,0.016,0.0,0.0,0.016,0.717,0.729,53.53333333333333,57.47142857142857,0,0.0,0.0,0.0,0.0,0.0,0,0.5,6718.9,6929.3,6817.2,12.7,12.6,22.5,0.0,0.0,29.5,70.5,0.504,WET,58,FAIR,surface moisture likely affecting traction,30,2
2026-10-13,Family Truckster Trail,Clark Ranch,WG044,40.66038172048119,-111.452885753204,6847.4,51,62.3,45.2,52.3,0.016,0.0,0.0,0.016,0.717,0.729,53.53333333333333,57.47142857142857,0,0.0,0.0,0.0,0.0,0.0,0,0.7,6733.2,6970.1,6847.4,11.5,11.2,18.1,0.0,0.0,30.5,69.5,0.503,WET,58,FAIR,surface moisture likely affecting traction,30,2
2026-10-13,Fast Pitch Trail,Round Valley,WG055,40.6798165110769,-111.47671870073196,6759.1,51,62.5,45.4,52.5,0.016,0.0,0.0,0.016,0.717,0.729,53.73333333333333,57.48571428571428,0,0.0,0.0,0.0,0.0,0.0,0,1.3,6689.0,6826.1,6759.1,5.6,4.8,14.7,16.2,0.9,40.2,42.7,0.507,WET,58,FAIR,surface moisture likely affecting traction,30,15
2026-10-13,Hat Trick Trail,Round Valley,WG055,40.678830976721535,-111.47596646172724,6757.0,51,62.5,45.4,52.5,0.016,0.0,0.0,0.016,0.717,0.729,53.73333333333333,57.48571428571428,0,0.0,0.0,0.0,0.0,0.0,0,1.3,6681.3,6803.8,6757.0,5.6,5.1,13.8,7.1,1.8,39.3,51.8,0.502,WET,58,FAIR,surface moisture likely affecting traction,30,15
2026-10-13,High Side,Round Valley,WG055,40.69388247977245,-111.4770589235944,6909.3,51,62.5,45.4,52.5,0.016,0.0,0.0,0.016,0.717,0.729,53.73333333333333,57.48571428571428,0,0.0,0.0,0.0,0.0,0.0,0,0.6,6857.9,6929.0,6909.3,14.8,13.7,25.3,8.7,0.0,39.1,52.2,0.503,WET,58,FAIR,surface moisture likely affecting traction,30,15
2026-10-13,Mountain Ranch Estates,Round Valley,WG067,40.7173985998433,-111.50812726137713,6520.0,51,63.1,46.0,53.0,0.016,0.0,0.0,0.016,0.717,0.757,54.23333333333333,57.557142857142864,0,0.0,0.0,0.0,0.0,0.0,0,1.4,6426.1,6632.7,6520.0,5.2,4.4,19.0,6.8,30.8,50.4,12.0,0.501,WET,58,FAIR,surface moisture likely affecting traction,30,15
2026-10-13,Round Valley Connector,Round Valley,WG067,40.709506874143365,-111.48774034228174,6611.3,51,63.1,46.0,53.0,0.016,0.0,0.0,0.016,0.717,0.757,54.23333333333333,57.557142857142864,0,0.0,0.0,0.0,0.0,0.0,0,1.9,6533.0,6760.4,6611.3,4.1,2.8,11.2,1.7,59.1,38.1,1.1,0.505,WET,58,FAIR,surface moisture likely affecting traction,30,15
2026-10-13,Tim Man,Round Valley,WG067,40.70348842863846,-111.50080894755244,6766.9,51,63.1,46.0,53.0,0.016,0.0,0.0,0.016,0.717,0.757,54.23333333333333,57.557142857142864,0,0.0,0.0,0.0,0.0,0.0,0,1.4,6648.4,6875.3,6766.9,7.3,6.8,15.0,0.8,59.8,38.5,0.8,0.504,WET,58,FAIR,surface moisture likely affecting traction,30,15
2026-10-13,Trailside Loop,Round Valley,WG067,40.71199117049012,-111.50483999800892,6609.7,51,63.1,46.0,53.0,0.016,0.0,0.0,0.016,0.717,0.757,54.23333333333333,57.557142857142864,0,0.0,0.0,0.0,0.0,0.0,0,1.2,6532.2,6679.2,6609.7,7.7,7.4,17.1,0.0,0.0,42.2,57.8,0.502,WET,58,FAIR,surface moisture likely affecting traction,30,15
2026-10-13,Truckhole,Round Valley,WG067,40.704351116822174,-111.50022157042804,6773.9,51,63.1,46.0,53.0,0.016,0.0,0.0,0.016,0.717,0.757,54.23333333333333,57.557142857142864,0,0.0,0.0,0.0,0.0,0.0,0,0.7,6641.4,6877.9,6773.9,6.7,6.0,15.2,13.8,37.9,48.3,0.0,0.506,WET,58,FAIR,surface moisture likely affecting traction,30,15
2026-10-13,Upper Sparky Trail,Clark Ranch,WG044,40.6599723509711,-111.45534390616216,6878.4,51,62.3,45.2,52.3,0.016,0.0,0.0,0.016,0.717,0.729,53.53333333333333,57.47142857142857,0,0.0,0.0,0.0,0.0,0.0,0,1.9,6752.0,6971.6,6878.4,13.5,12.2,28.4,0.6,54.7,25.2,19.5,0.506,WET,58,FAIR,surface moisture likely affecting traction,30,2
2026-10-13,Ancient Forest Loop,Round Valley,WG074,40.7314260153664,-111.49224006112888,6485.8,51,63.6,46.5,53.6,0.016,0.0,0.0,0.016,0.717,0.729,54.79999999999999,58.3,0,0.0,0.0,0.0,0.0,0.0,0,1.0,6455.0,6516.1,6485.8,4.0,3.9,10.5,8.4,60.2,27.7,3.6,0.509,WET,57,FAIR,surface moisture likely affecting traction,44,24
2026-10-13,Boot Hill Connect,Park City / PCMR,WG046,40.66384832032967,-111.50809692977944,6921.4,51,62.2,45.1,52.1,0.016,0.0,0.0,0.016,0.717,0.729,53.333333333333336,57.67142857142857,0,0.0,0.0,0.0,0.0,0.0,0,0.2,6895.8,6941.9,6921.4,11.7,12.5,16.7,20.0,45.0,30.0,5.0,0.514,WET,57,FAIR,surface moisture likely affecting traction,44,6
2026-10-13,Bourbon Street,Round Valley,WG067,40.70798253656,-111.48164466049944,6673.3,51,63.1,46.0,53.0,0.016,0.0,0.0,0.016,0.717,0.757,54.23333333333333,57.557142857142864,0,0.0,0.0,0.0,0.0,0.0,0,0.3,6651.3,6703.8,6673.3,8.6,8.9,15.2,0.0,18.2,31.8,50.0,0.507,WET,57,FAIR,surface moisture likely affecting traction,44,24
2026-10-13,Coyote Loop Trail,Jordanelle,WG001,40.58676467246392,-111.40272629625528,6895.7,51,62.0,47.4,53.3,0.016,0.0,0.0,0.016,0.748,0.756,54.36666666666667,58.41428571428572,0,0.0,0.0,0.0,0.0,0.0,0,0.8,6834.6,6980.4,6895.7,11.1,10.1,26.7,9.7,6.5,58.1,25.8,0.514,WET,57,FAIR,surface moisture likely affecting traction,44,11
2026-10-13,Empire Alternate,Deer Valley,WG032,40.62635819528807,-111.50016350153602,7943.1,51,58.1,43.5,49.4,0.016,0.0,0.0,0.016,0.748,0.756,50.46666666666666,54.957142857142856,0,0.0,0.0,0.0,0.0,0.0,0,0.1,7918.3,7974.4,7943.1,16.3,16.4,21.6,0.0,0.0,100.0,0.0,0.516,WET,57,FAIR,surface moisture likely affecting traction,44,2
2026-10-13,Fox Tail Trail,Round Valley,WG045,40.66564803508002,-111.47503092801368,7133.0,51,60.8,43.7,50.8,0.016,0.0,0.0,0.016,0.717,0.729,52.03333333333334,56.371428571428574,0,0.0,0.0,0.0,0.0,0.0,0,0.8,7077.6,7206.1,7133.0,12.0,12.3,18.5,10.0,24.3,52.9,12.9,0.512,WET,57,FAIR,surface moisture likely affecting traction,44,24
2026-10-13,Happy Gilmor,Round Valley,WG067,40.70712360033319,-111.5014684546231,6569.0,51,63.1,46.0,53.0,0.016,0.0,0.0,0.016,0.717,0.757,54.23333333333333,57.557142857142864,0,0.0,0.0,0.0,0.0,0.0,0,2.0,6488.3,6651.3,6569.0,9.1,8.8,21.8,27.0,27.6,39.5,5.9,0.518,WET,57,FAIR,surface moisture likely affecting traction,44,24
2026-10-13,Jordanelle Perimeter Trail,Jordanelle,WG024,40.633349610731685,-111.4121970547725,6216.7,51,63.6,49.0,54.9,0.016,0.0,0.0,0.016,0.748,0.756,55.96666666666667,59.971428571428575,0,0.0,0.0,0.0,0.0,0.0,0,9.3,6169.9,6411.7,6216.7,15.2,14.7,34.0,30.5,40.5,11.2,17.8,0.514,WET,57,FAIR,surface moisture likely affecting traction,44,11
2026-10-13,Kari's,Round Valley,WG055,40.69160040530727,-111.47515847036864,6850.2,51,62.5,45.4,52.5,0.016,0.0,0.0,0.016,0.717,0.729,53.73333333333333,57.48571428571428,0,0.0,0.0,0.0,0.0,0.0,0,0.8,6807.2,6882.7,6850.2,12.1,11.6,20.1,4.3,0.0,17.4,78.3,0.512,WET,57,FAIR,surface moisture likely affecting traction,44,24
2026-10-13,Keetley,Jordanelle,WG024,40.6438983646529,-111.4097274639112,6255.4,51,63.6,49.0,54.9,0.016,0.0,0.0,0.016,0.748,0.756,55.96666666666667,59.971428571428575,0,0.0,0.0,0.0,0.0,0.0,0,0.9,6176.9,6309.9,6255.4,5.8,5.5,11.3,36.8,59.2,3.9,0.0,0.52,WET,57,FAIR,surface moisture likely affecting traction,44,11
2026-10-13,La Dee Duh,Round Valley,WG057,40.69261799590889,-111.5001632592338,6864.5,51,62.2,45.1,52.2,0.016,0.0,0.0,0.016,0.717,0.745,53.43333333333334,57.24285714285715,0,0.0,0.0,0.0,0.0,0.0,0,0.9,6814.7,6919.2,6864.5,11.9,12.5,21.3,2.4,80.5,17.1,0.0,0.514,WET,57,FAIR,surface moisture likely affecting traction,44,24
2026-10-13,Looney Tunes Trail,Jordanelle,WG002,40.58370423178651,-111.40605522395904,7149.3,51,60.3,45.8,51.6,0.016,0.0,0.0,0.016,0.748,0.756,52.70000000000001,56.8,0,0.0,0.0,0.0,0.0,0.0,0,1.2,6976.5,7255.9,7149.3,12.9,13.2,21.5,0.0,3.0,78.8,18.2,0.513,WET,57,FAIR,surface moisture likely affecting traction,44,11
2026-10-13,Lost Prospector,Park City / PCMR,WG047,40.659849225736586,-111.4888557229514,7044.5,51,61.1,44.0,51.1,0.016,0.0,0.0,0.016,0.717,0.729,52.3,56.642857142857146,0,0.0,0.0,0.0,0.0,0.0,0,3.2,6865.2,7153.9,7044.5,19.8,20.1,32.6,5.5,42.2,46.5,5.8,0.513,WET,57,FAIR,surface moisture likely affecting traction,44,6
2026-10-13,Lower Village,Deer Valley,WG028,40.64043848354113,-111.46360640728942,7008.1,51,59.8,45.3,51.1,0.016,0.0,0.0,0.016,0.748,0.756,52.23333333333334,56.71428571428572,0,0.0,0.0,0.0,0.0,0.0,0,0.3,6930.4,7071.0,7008.1,23.1,24.2,29.4,0.0,0.0,69.2,30.8,0.518,WET,57,FAIR,surface moisture likely affecting traction,44,2
2026-10-13,Pipeline,Deer Valley,WG028,40.63885618836171,-111.46966538134832,7356.9,51,59.8,45.3,51.1,0.016,0.0,0.0,0.016,0.748,0.756,52.23333333333334,56.71428571428572,0,0.0,0.0,0.0,0.0,0.0,0,1.7,7071.0,7635.0,7356.9,21.4,21.4,30.9,0.0,18.4,81.6,0.0,0.511,WET,57,FAIR,surface moisture likely affecting traction,44,2
2026-10-13,Putty Tat Trail,Jordanelle,WG001,40.59267845848291,-111.40267007297948,6514.0,51,62.0,47.4,53.3,0.016,0.0,0.0,0.016,0.748,0.756,54.36666666666667,58.41428571428572,0,0.0,0.0,0.0,0.0,0.0,0,0.6,6468.3,6590.1,6514.0,10.5,9.5,25.2,0.0,30.6,59.2,10.2,0.508,WET,57,FAIR,surface moisture likely affecting traction,44,11
2026-10-13,Rambler,Round Valley,WG057,40.69772226627651,-111.49065578495473,6809.2,51,62.2,45.1,52.2,0.016,0.0,0.0,0.016,0.717,0.745,53.43333333333334,57.24285714285715,0,0.0,0.0,0.0,0.0,0.0,0,5.4,6468.6,7063.9,6809.2,10.5,9.3,23.6,8.4,41.3,24.2,26.1,0.514,WET,57,FAIR,surface moisture likely affecting traction,44,24
2026-10-13,Round Valley Express,Round Valley,WG057,40.69308554123404,-111.4897696424948,6812.1,51,62.2,45.1,52.2,0.016,0.0,0.0,0.016,0.717,0.745,53.43333333333334,57.24285714285715,0,0.0,0.0,0.0,0.0,0.0,0,3.7,6624.2,6963.0,6812.1,5.9,5.2,20.9,29.7,16.3,32.9,21.1,0.52,WET,57,FAIR,surface moisture likely affecting traction,44,24
2026-10-13,Rusty Spur,Round Valley,WG065,40.70159189598121,-111.4765958017646,6731.2,51,62.7,45.6,52.7,0.016,0.0,0.0,0.016,0.717,0.729,53.9,57.557142857142864,0,0.0,0.0,0.0,0.0,0.0,0,0.1,6714.0,6747.5,6731.2,10.1,10.0,11.8,0.0,0.0,0.0,100.0,0.519,WET,57,FAIR,surface moisture likely affecting traction,44,24
2026-10-13,Seventy 101,Round Valley,WG057,40.68968411592925,-111.49103639156762,6974.3,51,62.2,45.1,52.2,0.016,0.0,0.0,0.016,0.717,0.745,53.43333333333334,57.24285714285715,0,0.0,0.0,0.0,0.0,0.0,0,0.4,6955.8,7036.1,6974.3,3.6,2.9,8.3,23.1,17.9,46.2,12.8,0.51,WET,57,FAIR,surface moisture likely affecting traction,44,24
2026-10-13,Sparky's Return,Clark Ranch,WG044,40.6617858998794,-111.45698342605078,6783.6,51,62.3,45.2,52.3,0.016,0.0,0.0,0.016,0.717,0.729,53.53333333333333,57.47142857142857,0,0.0,0.0,0.0,0.0,0.0,0,0.4,6750.7,6826.6,6783.6,11.3,11.6,16.9,0.0,15.6,21.9,62.5,0.508,WET,57,FAIR,surface moisture likely affecting traction,44,5
2026-10-13,Sweeneys,Park City / PCMR,WG032,40.6416793962084,-111.50380066992643,7712.4,51,58.1,43.5,49.4,0.016,0.0,0.0,0.016,0.748,0.756,50.46666666666666,54.957142857142856,0,0.0,0.0,0.0,0.0,0.0,0,0.3,7656.2,7764.1,7712.4,17.7,17.3,23.8,0.0,0.0,96.9,3.1,0.518,WET,57,FAIR,surface moisture likely affecting traction,44,6
2026-10-13,Tar Pits Jump Line,Round Valley,WG067,40.70948336187246,-111.50501444482678,6663.3,51,63.1,46.0,53.0,0.016,0.0,0.0,0.016,0.717,0.757,54.23333333333333,57.557142857142864,0,0.0,0.0,0.0,0.0,0.0,0,0.1,6650.4,6685.4,6663.3,4.8,4.2,11.8,8.3,0.0,16.7,75.0,0.52,WET,57,FAIR,surface moisture likely affecting traction,44,24
2026-10-13,Town,Park City / PCMR,WG030,40.64755940729975,-111.49861999854691,6988.0,51,60.9,46.3,52.2,0.016,0.0,0.0,0.016,0.748,0.756,53.26666666666667,57.471428571428575,0,0.0,0.0,0.0,0.0,0.0,0,0.1,6981.2,7008.8,6988.0,4.7,3.6,14.7,0.0,50.0,41.7,8.3,0.518,WET,57,FAIR,surface moisture likely affecting traction,44,6
2026-10-13,Trailside Connector,Round Valley,WG067,40.71611276967259,-111.5017965665912,6504.2,51,63.1,46.0,53.0,0.016,0.0,0.0,0.016,0.717,0.757,54.23333333333333,57.557142857142864,0,0.0,0.0,0.0,0.0,0.0,0,0.1,6498.8,6512.4,6504.2,2.6,2.8,4.3,10.0,60.0,30.0,0.0,0.514,WET,57,FAIR,surface moisture likely affecting traction,44,24
2026-10-13,Amenti,Round Valley,WG067,40.71749758221375,-111.50096260266577,6526.6,51,63.1,46.0,53.0,0.016,0.0,0.0,0.016,0.717,0.757,54.23333333333333,57.557142857142864,0,0.0,0.0,0.0,0.0,0.0,0,0.6,6473.3,6585.7,6526.6,5.3,4.8,12.4,12.5,82.1,3.6,1.8,0.529,WET,56,FAIR,surface moisture likely affecting traction,69,36
2026-10-13,Ashley Avenue,Round Valley,WG057,40.68155854272997,-111.50389122653404,6794.6,51,62.2,45.1,52.2,0.016,0.0,0.0,0.016,0.717,0.745,53.43333333333334,57.24285714285715,0,0.0,0.0,0.0,0.0,0.0,0,0.4,6774.5,6825.2,6794.6,11.9,14.5,19.8,21.2,0.0,0.0,78.8,0.533,WET,56,FAIR,surface moisture likely affecting traction,69,36
2026-10-13,Big Easy,Round Valley,WG057,40.696128326880846,-111.48285293654745,6776.5,51,62.2,45.1,52.2,0.016,0.0,0.0,0.016,0.717,0.745,53.43333333333334,57.24285714285715,0,0.0,0.0,0.0,0.0,0.0,0,4.8,6685.3,6939.8,6776.5,10.0,9.0,19.4,19.7,6.2,21.4,52.7,0.521,WET,56,FAIR,surface moisture likely affecting traction,69,36
2026-10-13,Equestrian,Round Valley,WG067,40.70215181343843,-111.50219785223597,6719.1,51,63.1,46.0,53.0,0.016,0.0,0.0,0.016,0.717,0.757,54.23333333333333,57.557142857142864,0,0.0,0.0,0.0,0.0,0.0,0,0.7,6462.5,6858.9,6719.1,7.8,7.4,19.2,8.1,79.0,0.0,12.9,0.528,WET,56,FAIR,surface moisture likely affecting traction,69,36
2026-10-13,Field Stone,Round Valley,WG067,40.71706243943152,-111.49059329339536,6526.3,51,63.1,46.0,53.0,0.016,0.0,0.0,0.016,0.717,0.757,54.23333333333333,57.557142857142864,0,0.0,0.0,0.0,0.0,0.0,0,0.4,6512.5,6549.9,6526.3,5.5,5.6,8.4,9.1,72.7,3.0,15.2,0.527,WET,56,FAIR,surface moisture likely affecting traction,69,36
2026-10-13,First Time,Park City / PCMR,WG050,40.65050878239233,-111.51048291433958,7041.1,51,60.7,46.1,52.0,0.016,0.0,0.0,0.016,0.748,0.756,53.06666666666666,57.25714285714286,0,0.0,0.0,0.0,0.0,0.0,0,0.5,6905.7,7178.9,7041.1,8.6,8.6,19.4,0.0,3.6,57.1,39.3,0.525,WET,56,FAIR,surface moisture likely affecting traction,69,10
2026-10-13,Gambel Oak North,Park City / PCMR,WG047,40.65915752473873,-111.48180315635692,7112.6,51,61.1,44.0,51.1,0.016,0.0,0.0,0.016,0.717,0.729,52.3,56.642857142857146,0,0.0,0.0,0.0,0.0,0.0,0,0.3,7038.2,7171.9,7112.6,14.8,14.6,18.8,0.0,92.9,7.1,0.0,0.531,WET,56,FAIR,surface moisture likely affecting traction,69,10
2026-10-13,Great Western Trail,Wasatch Crest / Millcreek,WG092,40.77286580912175,-111.6406537725031,7571.3,51,57.5,43.8,49.9,0.087,0.024,0.0,0.087,0.571,0.575,51.400000000000006,55.771428571428565,0,0.0,0.0,0.0,0.0,0.0,0,4.1,7338.2,7867.0,7571.3,11.5,10.4,34.6,44.7,31.4,10.3,13.6,0.506,WET,56,FAIR,surface moisture likely affecting traction; light precipitation today,69,1
2026-10-13,Kaboom Trail / Call Sign Casa Trail,Jordanelle,WG027,40.62794719612903,-111.45468580169128,6888.6,51,61.6,47.1,52.9,0.016,0.0,0.0,0.016,0.748,0.756,54.0,58.114285714285714,0,0.0,0.0,0.0,0.0,0.0,0,1.1,6791.2,7063.8,6888.6,22.7,22.4,32.9,0.0,0.0,35.5,64.5,0.521,WET,56,FAIR,surface moisture likely affecting traction,69,16
2026-10-13,Little Stick,Deer Valley,WG028,40.63409637421967,-111.478301770839,7464.6,51,59.8,45.3,51.1,0.016,0.0,0.0,0.016,0.748,0.756,52.23333333333334,56.71428571428572,0,0.0,0.0,0.0,0.0,0.0,0,0.3,7332.1,7603.8,7464.6,17.1,14.2,26.8,0.0,48.4,51.6,0.0,0.528,WET,56,FAIR,surface moisture likely affecting traction,69,5
2026-10-13,Matt's Flat,Round Valley,WG057,40.68924275786925,-111.49221205396208,6921.6,51,62.2,45.1,52.2,0.016,0.0,0.0,0.016,0.717,0.745,53.43333333333334,57.24285714285715,0,0.0,0.0,0.0,0.0,0.0,0,1.0,6842.3,6958.4,6921.6,6.5,5.2,15.4,21.8,57.4,8.9,11.9,0.529,WET,56,FAIR,surface moisture likely affecting traction,69,36
2026-10-13,NCS,Deer Valley,WG032,40.62911396321707,-111.4803727621932,7992.5,51,58.1,43.5,49.4,0.016,0.0,0.0,0.016,0.748,0.756,50.46666666666666,54.957142857142856,0,0.0,0.0,0.0,0.0,0.0,0,0.7,7538.6,8347.5,7992.5,21.0,19.3,37.7,0.0,6.2,70.3,23.4,0.533,WET,56,FAIR,surface moisture likely affecting traction,69,5
2026-10-13,Nick NAC,Round Valley,WG057,40.69210865876878,-111.490120990647,6959.3,51,62.2,45.1,52.2,0.016,0.0,0.0,0.016,0.717,0.745,53.43333333333334,57.24285714285715,0,0.0,0.0,0.0,0.0,0.0,0,0.1,6953.7,6971.6,6959.3,5.2,3.8,10.1,0.0,100.0,0.0,0.0,0.522,WET,56,FAIR,surface moisture likely affecting traction,69,36
2026-10-13,Old Skool,Deer Valley,WG032,40.631898683587,-111.48423208918877,7827.2,51,58.1,43.5,49.4,0.016,0.0,0.0,0.016,0.748,0.756,50.46666666666666,54.957142857142856,0,0.0,0.0,0.0,0.0,0.0,0,0.4,7642.0,7986.8,7827.2,13.0,12.6,19.9,0.0,2.8,91.7,5.6,0.521,WET,56,FAIR,surface moisture likely affecting traction,69,5
2026-10-13,Princess Di's,Clark Ranch,WG083,40.751465442037045,-111.43628535405452,6858.8,51,62.2,45.1,52.2,0.016,0.0,0.0,0.016,0.717,0.729,53.43333333333334,57.58571428571429,0,0.0,0.0,0.0,0.0,0.0,0,2.9,6662.7,7029.2,6858.8,17.2,17.8,28.0,32.1,1.3,27.8,38.9,0.521,WET,56,FAIR,surface moisture likely affecting traction,69,6
2026-10-13,Prospect,Deer Valley,WG031,40.63405408516434,-111.49547333835608,7482.8,51,59.5,44.9,50.7,0.016,0.0,0.0,0.016,0.748,0.756,51.833333333333336,56.31428571428571,0,0.0,0.0,0.0,0.0,0.0,0,0.6,7306.8,7711.1,7482.8,11.0,10.3,21.4,0.0,19.2,78.8,1.9,0.528,WET,56,FAIR,surface moisture likely affecting traction,69,5
2026-10-13,Pulp Friction,Round Valley,WG057,40.69884233324062,-111.50344523686547,6681.3,51,62.2,45.1,52.2,0.016,0.0,0.0,0.016,0.717,0.745,53.43333333333334,57.24285714285715,0,0.0,0.0,0.0,0.0,0.0,0,1.4,6472.9,6878.8,6681.3,15.2,16.9,28.3,11.4,76.3,11.4,0.9,0.522,WET,56,FAIR,surface moisture likely affecting traction,69,36
2026-10-13,Quinn's Connect,Round Valley,WG055,40.68185946906874,-111.4726829059293,6720.8,51,62.5,45.4,52.5,0.016,0.0,0.0,0.016,0.717,0.729,53.73333333333333,57.48571428571428,0,0.0,0.0,0.0,0.0,0.0,0,0.5,6686.8,6763.4,6720.8,8.1,6.3,17.0,34.8,28.3,23.9,13.0,0.525,WET,56,FAIR,surface moisture likely affecting traction,69,36
2026-10-13,Rademan Ridge,Round Valley,WG057,40.69522706920315,-111.49835765815162,6895.6,51,62.2,45.1,52.2,0.016,0.0,0.0,0.016,0.717,0.745,53.43333333333334,57.24285714285715,0,0.0,0.0,0.0,0.0,0.0,0,1.3,6783.4,6991.2,6895.6,6.0,4.0,15.0,38.5,27.0,26.2,8.2,0.528,WET,56,FAIR,surface moisture likely affecting traction,69,36
2026-10-13,Riverview West Trail,Jordanelle,WG001,40.58565113588149,-111.41386481977428,6730.6,51,62.0,47.4,53.3,0.016,0.0,0.0,0.016,0.748,0.756,54.36666666666667,58.41428571428572,0,0.0,0.0,0.0,0.0,0.0,0,1.8,6501.9,6978.6,6730.6,18.7,20.9,27.7,11.7,51.9,33.1,3.2,0.529,WET,56,FAIR,surface moisture likely affecting traction,69,16
2026-10-13,RocMon,Round Valley,WG055,40.68788668982749,-111.4548390225179,6677.5,51,62.5,45.4,52.5,0.016,0.0,0.0,0.016,0.717,0.729,53.73333333333333,57.48571428571428,0,0.0,0.0,0.0,0.0,0.0,0,0.6,6571.6,6786.6,6677.5,15.4,14.0,24.5,10.9,89.1,0.0,0.0,0.525,WET,56,FAIR,surface moisture likely affecting traction,69,36
2026-10-13,Rossi Hill Trail,Deer Valley,WG031,40.63808222920599,-111.4919292526201,7341.8,51,59.5,44.9,50.7,0.016,0.0,0.0,0.016,0.748,0.756,51.833333333333336,56.31428571428571,0,0.0,0.0,0.0,0.0,0.0,0,1.5,7288.7,7458.0,7341.8,18.8,19.8,32.7,0.0,56.0,41.0,3.0,0.534,WET,56,FAIR,surface moisture likely affecting traction,69,5
2026-10-13,SQ Connector Trail,Round Valley,WG055,40.68949659271035,-111.47067515084642,6728.8,51,62.5,45.4,52.5,0.016,0.0,0.0,0.016,0.717,0.729,53.73333333333333,57.48571428571428,0,0.0,0.0,0.0,0.0,0.0,0,0.3,6689.9,6760.9,6728.8,6.3,5.8,15.7,15.4,0.0,0.0,84.6,0.527,WET,56,FAIR,surface moisture likely affecting traction,69,36
2026-10-13,Saved By The Bell,Round Valley,WG067,40.71689792497153,-111.49958806368429,6568.5,51,63.1,46.0,53.0,0.016,0.0,0.0,0.016,0.717,0.757,54.23333333333333,57.557142857142864,0,0.0,0.0,0.0,0.0,0.0,0,1.3,6511.5,6665.6,6568.5,9.7,10.4,18.0,15.0,85.0,0.0,0.0,0.532,WET,56,FAIR,surface moisture likely affecting traction,69,36
2026-10-13,Silver Creek Trail,Round Valley,WG074,40.728195917662575,-111.48449884114967,6494.3,51,63.6,46.5,53.6,0.016,0.0,0.0,0.016,0.717,0.729,54.79999999999999,58.3,0,0.0,0.0,0.0,0.0,0.0,0,1.5,6472.0,6522.3,6494.3,3.4,3.1,9.1,28.0,14.4,15.2,42.4,0.526,WET,56,FAIR,surface moisture likely affecting traction,69,36
2026-10-13,Silver Gate,Round Valley,WG073,40.72728013881357,-111.46748664430804,6513.4,51,63.5,46.4,53.4,0.016,0.0,0.0,0.016,0.717,0.729,54.66666666666666,58.32857142857143,0,0.0,0.0,0.0,0.0,0.0,0,0.4,6510.4,6517.6,6513.4,1.6,1.5,3.8,20.9,62.8,16.3,0.0,0.521,WET,56,FAIR,surface moisture likely affecting traction,69,36
2026-10-13,Sloppy Joe,Round Valley,WG067,40.71599935057343,-111.49742827056478,6658.4,51,63.1,46.0,53.0,0.016,0.0,0.0,0.016,0.717,0.757,54.23333333333333,57.557142857142864,0,0.0,0.0,0.0,0.0,0.0,0,0.3,6616.1,6684.3,6658.4,10.1,10.4,19.5,10.7,75.0,14.3,0.0,0.522,WET,56,FAIR,surface moisture likely affecting traction,69,36
2026-10-13,Solamere Connector,Deer Valley,WG045,40.651338463153365,-111.4797751905619,7331.1,51,60.8,43.7,50.8,0.016,0.0,0.0,0.016,0.717,0.729,52.03333333333334,56.371428571428574,0,0.0,0.0,0.0,0.0,0.0,0,1.0,7128.4,7532.8,7331.1,18.6,20.2,27.4,0.0,0.0,15.1,84.9,0.527,WET,56,FAIR,surface moisture likely affecting traction,69,5
2026-10-13,South Canyon,Round Valley,WG055,40.697084178294816,-111.45372200426904,6732.0,51,62.5,45.4,52.5,0.016,0.0,0.0,0.016,0.717,0.729,53.73333333333333,57.48571428571428,0,0.0,0.0,0.0,0.0,0.0,0,4.0,6549.1,6909.1,6732.0,10.4,10.8,23.6,28.3,69.6,1.9,0.3,0.533,WET,56,FAIR,surface moisture likely affecting traction,69,36
2026-10-13,Spin Cycle Trail,Deer Valley,WG028,40.63411801502942,-111.46082430079326,7178.8,51,59.8,45.3,51.1,0.016,0.0,0.0,0.016,0.748,0.756,52.23333333333334,56.71428571428572,0,0.0,0.0,0.0,0.0,0.0,0,1.8,6835.8,7600.6,7178.8,21.4,21.1,31.7,2.8,0.0,51.0,46.2,0.53,WET,56,FAIR,surface moisture likely affecting traction,69,5
2026-10-13,Sunny Slopes Trail,Round Valley,WG057,40.68377753714063,-111.48540217687854,6826.8,51,62.2,45.1,52.2,0.016,0.0,0.0,0.016,0.717,0.745,53.43333333333334,57.24285714285715,0,0.0,0.0,0.0,0.0,0.0,0,0.1,6823.0,6832.1,6826.8,2.4,2.3,3.7,14.3,0.0,14.3,71.4,0.522,WET,56,FAIR,surface moisture likely affecting traction,69,36
2026-10-13,Sweeney Switchbacks,Park City / PCMR,WG031,40.64428684826398,-111.50263935593632,7442.9,51,59.5,44.9,50.7,0.016,0.0,0.0,0.016,0.748,0.756,51.833333333333336,56.31428571428571,0,0.0,0.0,0.0,0.0,0.0,0,1.0,7261.1,7656.2,7442.9,19.7,19.5,30.8,0.0,0.0,61.6,38.4,0.523,WET,56,FAIR,surface moisture likely affecting traction,69,10
2026-10-13,We'll Go From There,Jordanelle,WG027,40.633559740125165,-111.4528915193202,6692.5,51,61.6,47.1,52.9,0.016,0.0,0.0,0.016,0.748,0.756,54.0,58.114285714285714,0,0.0,0.0,0.0,0.0,0.0,0,0.1,6666.1,6712.9,6692.5,10.7,9.9,18.4,0.0,0.0,23.1,76.9,0.528,WET,56,FAIR,surface moisture likely affecting traction,69,16
2026-10-13,Agitator Trail,Deer Valley,WG028,40.62594479567907,-111.46053082324435,7171.6,51,59.8,45.3,51.1,0.016,0.0,0.0,0.016,0.748,0.756,52.23333333333334,56.71428571428572,0,0.0,0.0,0.0,0.0,0.0,0,1.2,7047.5,7374.2,7171.6,24.5,24.5,33.9,22.8,0.0,42.6,34.7,0.546,WET,55,FAIR,surface moisture likely affecting traction,102,12
2026-10-13,An Unexpected Journey Trail,Jordanelle,WG001,40.584095263003086,-111.41492155800285,6731.9,51,62.0,47.4,53.3,0.016,0.0,0.0,0.016,0.748,0.756,54.36666666666667,58.41428571428572,0,0.0,0.0,0.0,0.0,0.0,0,0.6,6708.3,6758.4,6731.9,21.3,22.6,26.9,13.7,86.3,0.0,0.0,0.548,WET,55,FAIR,surface moisture likely affecting traction,102,19
2026-10-13,Big Dipper,Jordanelle,WG042,40.66018548005414,-111.43175307695702,6961.2,51,62.6,45.5,52.5,0.016,0.0,0.0,0.016,0.717,0.729,53.76666666666666,57.97142857142857,0,0.0,0.0,0.0,0.0,0.0,0,2.2,6614.9,7331.5,6961.2,21.1,21.2,34.9,39.4,0.0,4.0,56.6,0.537,WET,55,FAIR,surface moisture likely affecting traction,102,19
2026-10-13,Boot Hill,Park City / PCMR,WG046,40.66311538182378,-111.50841776480048,6853.1,51,62.2,45.1,52.1,0.016,0.0,0.0,0.016,0.717,0.729,53.333333333333336,57.67142857142857,0,0.0,0.0,0.0,0.0,0.0,0,0.3,6805.1,6895.8,6853.1,16.2,16.7,22.9,46.2,50.0,3.8,0.0,0.541,WET,55,FAIR,surface moisture likely affecting traction,102,13
2026-10-13,Deer Crest,Deer Valley,WG029,40.63553157935396,-111.47424740401932,7612.2,51,58.5,43.9,49.8,0.016,0.0,0.0,0.016,0.748,0.756,50.866666666666674,55.34285714285714,0,0.0,0.0,0.0,0.0,0.0,0,2.0,7265.1,7950.3,7612.2,21.7,21.4,38.3,0.0,50.3,49.1,0.6,0.545,WET,55,FAIR,surface moisture likely affecting traction,102,12
2026-10-13,Devo,Deer Valley,WG032,40.6296740826892,-111.48374523511592,7963.4,51,58.1,43.5,49.4,0.016,0.0,0.0,0.016,0.748,0.756,50.46666666666666,54.957142857142856,0,0.0,0.0,0.0,0.0,0.0,0,0.2,7893.9,8016.5,7963.4,11.3,9.9,17.7,0.0,0.0,47.1,52.9,0.547,WET,55,FAIR,surface moisture likely affecting traction,102,12
2026-10-13,Downward Dog,Round Valley,WG057,40.68865758594976,-111.48489883261024,6958.5,51,62.2,45.1,52.2,0.016,0.0,0.0,0.016,0.717,0.745,53.43333333333334,57.24285714285715,0,0.0,0.0,0.0,0.0,0.0,0,1.6,6818.7,7089.6,6958.5,8.2,7.9,14.2,35.1,59.5,5.3,0.0,0.537,WET,55,FAIR,surface moisture likely affecting traction,102,54
2026-10-13,Eagle Cove,Round Valley,WG057,40.68665016051084,-111.49786169389527,6799.6,51,62.2,45.1,52.2,0.016,0.0,0.0,0.016,0.717,0.745,53.43333333333334,57.24285714285715,0,0.0,0.0,0.0,0.0,0.0,0,0.1,6777.6,6823.9,6799.6,10.3,9.1,16.6,33.3,66.7,0.0,0.0,0.539,WET,55,FAIR,surface moisture likely affecting traction,102,54
2026-10-13,Eagle Way,Park City / PCMR,WG048,40.65295946154777,-111.48775315119684,7538.9,51,59.8,42.7,49.8,0.016,0.0,0.0,0.016,0.717,0.729,51.03333333333333,55.72857142857144,0,0.0,0.0,0.0,0.0,0.0,0,0.9,7416.7,7660.5,7538.9,11.8,11.7,19.5,21.3,25.3,40.0,13.3,0.541,WET,55,FAIR,surface moisture likely affecting traction,102,13
2026-10-13,First Time Return,Park City / PCMR,WG050,40.65021414919943,-111.51090683334832,7073.8,51,60.7,46.1,52.0,0.016,0.0,0.0,0.016,0.748,0.756,53.06666666666666,57.25714285714286,0,0.0,0.0,0.0,0.0,0.0,0,0.7,6953.0,7139.2,7073.8,15.6,15.9,24.7,0.0,0.0,22.4,77.6,0.544,WET,55,FAIR,surface moisture likely affecting traction,102,13
2026-10-13,Flat Cable,Park City / PCMR,WG032,40.644102718034645,-111.505628746172,7565.4,51,58.1,43.5,49.4,0.016,0.0,0.0,0.016,0.748,0.756,50.46666666666666,54.957142857142856,0,0.0,0.0,0.0,0.0,0.0,0,1.0,7399.9,7706.1,7565.4,13.5,12.9,28.3,0.0,37.0,51.1,12.0,0.544,WET,55,FAIR,surface moisture likely affecting traction,102,13
2026-10-13,Gap Bypass Trail,Deer Valley,WG028,40.64123747413292,-111.47577580871994,7306.6,51,59.8,45.3,51.1,0.016,0.0,0.0,0.016,0.748,0.756,52.23333333333334,56.71428571428572,0,0.0,0.0,0.0,0.0,0.0,0,0.4,7278.0,7326.5,7306.6,24.8,27.1,36.1,0.0,64.1,35.9,0.0,0.537,WET,55,FAIR,surface moisture likely affecting traction,102,12
2026-10-13,Gap Loop,Deer Valley,WG028,40.6409109833561,-111.47399614902376,7445.8,51,59.8,45.3,51.1,0.016,0.0,0.0,0.016,0.748,0.756,52.23333333333334,56.71428571428572,0,0.0,0.0,0.0,0.0,0.0,0,1.9,7303.7,7618.9,7445.8,23.3,24.7,35.9,8.4,27.1,40.4,24.1,0.539,WET,55,FAIR,surface moisture likely affecting traction,102,12
2026-10-13,Loose Moose,Park City / PCMR,WG031,40.64358346695202,-111.50940341630726,7446.3,51,59.5,44.9,50.7,0.016,0.0,0.0,0.016,0.748,0.756,51.833333333333336,56.31428571428571,0,0.0,0.0,0.0,0.0,0.0,0,0.8,7294.0,7580.3,7446.3,22.5,23.8,36.4,0.0,77.1,22.9,0.0,0.544,WET,55,FAIR,surface moisture likely affecting traction,102,13
2026-10-13,Lower Masonic,Park City / PCMR,WG047,40.65358630670372,-111.49972319928794,7113.0,51,61.1,44.0,51.1,0.016,0.0,0.0,0.016,0.717,0.729,52.3,56.642857142857146,0,0.0,0.0,0.0,0.0,0.0,0,0.6,7070.4,7149.0,7113.0,21.2,21.4,30.9,27.8,63.0,9.3,0.0,0.545,WET,55,FAIR,surface moisture likely affecting traction,102,13
2026-10-13,Moosehouse,Park City / PCMR,WG032,40.63204398195126,-111.5038481086022,7902.6,51,58.1,43.5,49.4,0.016,0.0,0.0,0.016,0.748,0.756,50.46666666666666,54.957142857142856,0,0.0,0.0,0.0,0.0,0.0,0,0.3,7714.9,8073.3,7902.6,16.2,18.9,24.8,7.7,0.0,65.4,26.9,0.54,WET,55,FAIR,surface moisture likely affecting traction,102,13
2026-10-13,Nowhere Elks,Round Valley,WG058,40.69018989582584,-111.48311322310164,7036.6,51,61.6,44.5,51.6,0.016,0.0,0.0,0.016,0.717,0.745,52.8,56.71428571428572,0,0.0,0.0,0.0,0.0,0.0,0,1.3,6851.7,7128.6,7036.6,9.1,9.2,16.7,35.3,51.3,8.4,5.0,0.536,WET,55,FAIR,surface moisture likely affecting traction,102,54
2026-10-13,Ontario Ridge,Deer Valley,WG032,40.62821582013441,-111.49780973717266,7815.3,51,58.1,43.5,49.4,0.016,0.0,0.0,0.016,0.748,0.756,50.46666666666666,54.957142857142856,0,0.0,0.0,0.0,0.0,0.0,0,0.2,7722.8,7903.4,7815.3,9.9,9.9,15.1,0.0,0.0,57.1,42.9,0.541,WET,55,FAIR,surface moisture likely affecting traction,102,12
2026-10-13,Outlook,Deer Valley,WG029,40.63657831428653,-111.4685462481628,7646.2,51,58.5,43.9,49.8,0.016,0.0,0.0,0.016,0.748,0.756,50.866666666666674,55.34285714285714,0,0.0,0.0,0.0,0.0,0.0,0,0.5,7621.6,7707.0,7646.2,21.5,20.9,30.1,0.0,13.3,51.1,35.6,0.544,WET,55,FAIR,surface moisture likely affecting traction,102,12
2026-10-13,PorcUclimb,Round Valley,WG058,40.69402326414524,-111.48517031749344,7064.7,51,61.6,44.5,51.6,0.016,0.0,0.0,0.016,0.717,0.745,52.8,56.71428571428572,0,0.0,0.0,0.0,0.0,0.0,0,0.8,7000.3,7127.6,7064.7,6.1,5.6,12.3,21.7,75.4,2.9,0.0,0.548,WET,55,FAIR,surface moisture likely affecting traction,102,54
2026-10-13,Ripple Trail,Deer Valley,WG029,40.63554405253732,-111.47490110184252,7588.0,51,58.5,43.9,49.8,0.016,0.0,0.0,0.016,0.748,0.756,50.866666666666674,55.34285714285714,0,0.0,0.0,0.0,0.0,0.0,0,2.6,7239.4,7945.4,7588.0,19.9,19.6,34.1,0.0,28.5,45.5,26.0,0.547,WET,55,FAIR,surface moisture likely affecting traction,102,12
2026-10-13,Solamere,Deer Valley,WG045,40.65168830951934,-111.47267426337083,7304.0,51,60.8,43.7,50.8,0.016,0.0,0.0,0.016,0.717,0.729,52.03333333333334,56.371428571428574,0,0.0,0.0,0.0,0.0,0.0,0,2.3,7128.6,7460.6,7304.0,20.7,21.1,32.5,14.8,80.3,3.0,2.0,0.541,WET,55,FAIR,surface moisture likely affecting traction,102,12
2026-10-13,South Sweeney,Park City / PCMR,WG031,40.64194117786604,-111.49870009761844,7400.1,51,59.5,44.9,50.7,0.016,0.0,0.0,0.016,0.748,0.756,51.833333333333336,56.31428571428571,0,0.0,0.0,0.0,0.0,0.0,0,0.7,7257.8,7492.4,7400.1,24.7,25.3,32.1,0.0,0.0,22.6,77.4,0.544,WET,55,FAIR,surface moisture likely affecting traction,102,13
2026-10-13,TSP Skils Area,Round Valley,WG067,40.70929244417837,-111.50545423904256,6671.9,51,63.1,46.0,53.0,0.016,0.0,0.0,0.016,0.717,0.757,54.23333333333333,57.557142857142864,0,0.0,0.0,0.0,0.0,0.0,0,0.3,6646.3,6691.8,6671.9,8.0,8.2,14.7,30.2,0.0,4.7,65.1,0.537,WET,55,FAIR,surface moisture likely affecting traction,102,54
2026-10-13,The Sheep Trail,Summit Park,WG094,40.75746633469589,-111.667341513995,6217.2,51,62.6,49.2,55.0,0.035,0.008,0.0,0.035,0.7709999999999999,0.7829999999999999,56.3,61.5,0,0.0,0.0,0.0,0.0,0.0,0,2.2,5959.2,6672.0,6217.2,14.8,14.0,28.0,44.8,39.2,14.4,1.7,0.547,WET,55,FAIR,surface moisture likely affecting traction,102,1
2026-10-13,Tour De Homes,Deer Valley,WG032,40.63205110837411,-111.48826887414292,7813.1,51,58.1,43.5,49.4,0.016,0.0,0.0,0.016,0.748,0.756,50.46666666666666,54.957142857142856,0,0.0,0.0,0.0,0.0,0.0,0,1.4,7579.1,8120.3,7813.1,12.5,12.9,23.4,0.9,36.3,58.4,4.4,0.541,WET,55,FAIR,surface moisture likely affecting traction,102,12
2026-10-13,Trappers Gate,Deer Valley,WG031,40.63197509989361,-111.497026036245,7462.8,51,59.5,44.9,50.7,0.016,0.0,0.0,0.016,0.748,0.756,51.833333333333336,56.31428571428571,0,0.0,0.0,0.0,0.0,0.0,0,0.5,7434.8,7486.1,7462.8,27.4,30.8,36.0,0.0,50.0,20.5,29.5,0.545,WET,55,FAIR,surface moisture likely affecting traction,102,12
2026-10-13,Undertow Trail,Deer Valley,WG029,40.63057046785135,-111.47858549886824,7937.9,51,58.5,43.9,49.8,0.016,0.0,0.0,0.016,0.748,0.756,50.866666666666674,55.34285714285714,0,0.0,0.0,0.0,0.0,0.0,0,1.9,7530.0,8350.2,7937.9,21.8,23.2,30.8,0.0,38.8,57.0,4.2,0.541,WET,55,FAIR,surface moisture likely affecting traction,102,12
2026-10-13,Upper Loose Moose,Park City / PCMR,WG032,40.64060459750891,-111.5062344507794,7788.9,51,58.1,43.5,49.4,0.016,0.0,0.0,0.016,0.748,0.756,50.46666666666666,54.957142857142856,0,0.0,0.0,0.0,0.0,0.0,0,0.2,7764.1,7798.8,7788.9,13.5,16.8,20.8,0.0,50.0,50.0,0.0,0.545,WET,55,FAIR,surface moisture likely affecting traction,102,13
2026-10-13,Village Trail / Pipeline,Deer Valley,WG028,40.64110752434245,-111.46934147070748,7182.6,51,59.8,45.3,51.1,0.016,0.0,0.0,0.016,0.748,0.756,52.23333333333334,56.71428571428572,0,0.0,0.0,0.0,0.0,0.0,0,0.5,7071.0,7292.7,7182.6,17.4,17.6,27.5,9.3,0.0,25.6,65.1,0.548,WET,55,FAIR,surface moisture likely affecting traction,102,12
2026-10-13,You Get It,Jordanelle,WG027,40.63417280890808,-111.45447628262694,6774.5,51,61.6,47.1,52.9,0.016,0.0,0.0,0.016,0.748,0.756,54.0,58.114285714285714,0,0.0,0.0,0.0,0.0,0.0,0,0.5,6702.7,6863.6,6774.5,14.4,14.5,21.0,4.8,0.0,4.8,90.5,0.54,WET,55,FAIR,surface moisture likely affecting traction,102,19
2026-10-13,4:20,Deer Valley,WG032,40.63850725810498,-111.5016215026881,7810.7,51,58.1,43.5,49.4,0.016,0.0,0.0,0.016,0.748,0.756,50.46666666666666,54.957142857142856,0,0.0,0.0,0.0,0.0,0.0,0,0.4,7754.7,7849.9,7810.7,17.8,17.9,26.6,0.0,0.0,22.2,77.8,0.561,WET,54,POOR,surface moisture likely affecting traction,133,25
2026-10-13,April Mountain Trail,Deer Valley,WG047,40.650711302598815,-111.4870593388075,7472.0,51,61.1,44.0,51.1,0.016,0.0,0.0,0.016,0.717,0.729,52.3,56.642857142857146,0,0.0,0.0,0.0,0.0,0.0,0,0.6,7336.4,7548.4,7472.0,12.0,11.8,23.4,46.4,35.7,5.4,12.5,0.557,WET,54,POOR,surface moisture likely affecting traction,133,25
2026-10-13,Barrel Roll,Round Valley,WG058,40.69153134198254,-111.48458530535574,7017.0,51,61.6,44.5,51.6,0.016,0.0,0.0,0.016,0.717,0.745,52.8,56.71428571428572,0,0.0,0.0,0.0,0.0,0.0,0,0.4,6940.9,7091.2,7017.0,7.0,6.7,14.7,34.4,65.6,0.0,0.0,0.557,WET,54,POOR,surface moisture likely affecting traction,133,59
2026-10-13,Daily Overlook,Deer Valley,WG031,40.631723443280656,-111.4987920660294,7430.4,51,59.5,44.9,50.7,0.016,0.0,0.0,0.016,0.748,0.756,51.833333333333336,56.31428571428571,0,0.0,0.0,0.0,0.0,0.0,0,0.3,7365.3,7455.3,7430.4,30.3,31.4,34.2,0.0,0.0,0.0,100.0,0.557,WET,54,POOR,surface moisture likely affecting traction,133,25
2026-10-13,Daly Avenue,Deer Valley,WG031,40.63079192228995,-111.49966938212476,7430.3,51,59.5,44.9,50.7,0.016,0.0,0.0,0.016,0.748,0.756,51.833333333333336,56.31428571428571,0,0.0,0.0,0.0,0.0,0.0,0,0.8,7254.7,7610.0,7430.3,10.6,9.1,24.0,0.0,6.0,10.4,83.6,0.551,WET,54,POOR,surface moisture likely affecting traction,133,25
2026-10-13,Daly Bypass,Deer Valley,WG031,40.63469577874592,-111.4972952534869,7351.3,51,59.5,44.9,50.7,0.016,0.0,0.0,0.016,0.748,0.756,51.833333333333336,56.31428571428571,0,0.0,0.0,0.0,0.0,0.0,0,0.3,7324.2,7370.0,7351.3,30.0,33.0,38.7,0.0,0.0,3.3,96.7,0.555,WET,54,POOR,surface moisture likely affecting traction,133,25
2026-10-13,Finns,Deer Valley,WG028,40.640763495812735,-111.47689190658058,7214.2,51,59.8,45.3,51.1,0.016,0.0,0.0,0.016,0.748,0.756,52.23333333333334,56.71428571428572,0,0.0,0.0,0.0,0.0,0.0,0,0.3,7140.8,7279.6,7214.2,24.0,24.7,36.1,0.0,96.3,3.7,0.0,0.555,WET,54,POOR,surface moisture likely affecting traction,133,25
2026-10-13,Glenwild Loop / Wasatch,Jeremy Ranch / Glenwild,WG074,40.74589846722535,-111.509614206256,6451.3,51,63.6,46.5,53.6,0.016,0.0,0.0,0.016,0.717,0.729,54.79999999999999,58.3,0,0.0,0.0,0.0,0.0,0.0,0,0.2,6444.0,6454.5,6451.3,3.4,1.7,9.0,57.1,0.0,0.0,42.9,0.549,WET,54,POOR,surface moisture likely affecting traction,133,1
2026-10-13,Humdinger,Deer Valley,WG029,40.626356336628135,-111.46720603877804,7537.3,51,58.5,43.9,49.8,0.016,0.0,0.0,0.016,0.748,0.756,50.866666666666674,55.34285714285714,0,0.0,0.0,0.0,0.0,0.0,0,3.2,7250.4,7937.0,7537.3,23.0,24.0,33.5,25.1,0.0,45.2,29.7,0.562,WET,54,POOR,surface moisture likely affecting traction,133,25
2026-10-13,Lower Devo Trail,Deer Valley,WG032,40.63290230557317,-111.48205615844142,7656.5,51,58.1,43.5,49.4,0.016,0.0,0.0,0.016,0.748,0.756,50.46666666666666,54.957142857142856,0,0.0,0.0,0.0,0.0,0.0,0,1.1,7249.7,8016.5,7656.5,19.4,18.7,30.6,0.0,0.0,27.6,72.4,0.558,WET,54,POOR,surface moisture likely affecting traction,133,25
2026-10-13,McHenry Avenue,Deer Valley,WG031,40.640126864152855,-111.49219625319049,7274.9,51,59.5,44.9,50.7,0.016,0.0,0.0,0.016,0.748,0.756,51.833333333333336,56.31428571428571,0,0.0,0.0,0.0,0.0,0.0,0,0.3,7264.9,7287.3,7274.9,23.9,24.5,32.6,0.0,100.0,0.0,0.0,0.557,WET,54,POOR,surface moisture likely affecting traction,133,25
2026-10-13,Milky Way,Jordanelle,WG042,40.65767372971338,-111.43373089841624,6795.1,51,62.6,45.5,52.5,0.016,0.0,0.0,0.016,0.717,0.729,53.76666666666666,57.97142857142857,0,0.0,0.0,0.0,0.0,0.0,0,1.2,6613.3,6963.5,6795.1,20.9,21.0,24.9,78.8,7.1,0.0,14.1,0.56,WET,54,POOR,surface moisture likely affecting traction,133,22
2026-10-13,Milky Way / Two Rocks,Jordanelle,WG042,40.66056479638159,-111.42608338059031,6558.6,51,62.6,45.5,52.5,0.016,0.0,0.0,0.016,0.717,0.729,53.76666666666666,57.97142857142857,0,0.0,0.0,0.0,0.0,0.0,0,0.5,6482.8,6616.9,6558.6,17.8,17.5,24.0,64.3,0.0,0.0,35.7,0.552,WET,54,POOR,surface moisture likely affecting traction,133,22
2026-10-13,Mr Muchrocks,Round Valley,WG067,40.70904482572548,-111.50323360919846,6653.2,51,63.1,46.0,53.0,0.016,0.0,0.0,0.016,0.717,0.757,54.23333333333333,57.557142857142864,0,0.0,0.0,0.0,0.0,0.0,0,0.5,6604.6,6731.1,6653.2,11.8,11.9,20.3,52.7,43.6,0.0,3.6,0.552,WET,54,POOR,surface moisture likely affecting traction,133,59
2026-10-13,OMG,Deer Valley,WG032,40.631226274970665,-111.4973428195913,7571.3,51,58.1,43.5,49.4,0.016,0.0,0.0,0.016,0.748,0.756,50.46666666666666,54.957142857142856,0,0.0,0.0,0.0,0.0,0.0,0,0.3,7486.1,7662.1,7571.3,27.8,29.0,32.3,0.0,72.0,28.0,0.0,0.558,WET,54,POOR,surface moisture likely affecting traction,133,25
2026-10-13,Pointy Rocks,Deer Valley,WG031,40.63679995846106,-111.48172224533342,7428.0,51,59.5,44.9,50.7,0.016,0.0,0.0,0.016,0.748,0.756,51.833333333333336,56.31428571428571,0,0.0,0.0,0.0,0.0,0.0,0,0.2,7323.2,7519.3,7428.0,22.1,22.9,31.8,0.0,0.0,11.1,88.9,0.551,WET,54,POOR,surface moisture likely affecting traction,133,25
2026-10-13,Practice Loops,Round Valley,WG055,40.68336469607561,-111.47532267974417,6752.0,51,62.5,45.4,52.5,0.016,0.0,0.0,0.016,0.717,0.729,53.73333333333333,57.48571428571428,0,0.0,0.0,0.0,0.0,0.0,0,0.6,6717.5,6795.3,6752.0,6.6,6.5,8.7,76.5,0.0,0.0,23.5,0.559,WET,54,POOR,surface moisture likely affecting traction,133,59
2026-10-13,Rinse Cycle Trail,Deer Valley,WG028,40.62990230274806,-111.45944053119273,7191.1,51,59.8,45.3,51.1,0.016,0.0,0.0,0.016,0.748,0.756,52.23333333333334,56.71428571428572,0,0.0,0.0,0.0,0.0,0.0,0,2.6,6863.6,7603.9,7191.1,21.5,21.4,33.6,18.3,0.0,16.4,65.3,0.558,WET,54,POOR,surface moisture likely affecting traction,133,25
2026-10-13,St. Regis Trail,Deer Valley,WG028,40.639112933407205,-111.47591481144916,7383.3,51,59.8,45.3,51.1,0.016,0.0,0.0,0.016,0.748,0.756,52.23333333333334,56.71428571428572,0,0.0,0.0,0.0,0.0,0.0,0,0.3,7301.5,7454.4,7383.3,24.3,27.6,31.8,0.0,91.2,8.8,0.0,0.552,WET,54,POOR,surface moisture likely affecting traction,133,25
2026-10-13,TDS Ontario Bypass,Deer Valley,WG032,40.62591563844938,-111.49801252893096,7889.0,51,58.1,43.5,49.4,0.016,0.0,0.0,0.016,0.748,0.756,50.46666666666666,54.957142857142856,0,0.0,0.0,0.0,0.0,0.0,0,1.0,7719.2,8043.7,7889.0,16.0,15.1,26.9,0.0,2.1,35.4,62.5,0.553,WET,54,POOR,surface moisture likely affecting traction,133,25
2026-10-13,Village Pipeline Connector,Deer Valley,WG028,40.6391093200599,-111.472490526811,7336.8,51,59.8,45.3,51.1,0.016,0.0,0.0,0.016,0.748,0.756,52.23333333333334,56.71428571428572,0,0.0,0.0,0.0,0.0,0.0,0,0.2,7292.7,7375.4,7336.8,22.1,23.7,27.5,6.7,0.0,20.0,73.3,0.549,WET,54,POOR,surface moisture likely affecting traction,133,25
2026-10-13,Wasatch,Round Valley,WG074,40.742724215036304,-111.49568804225927,6475.9,51,63.6,46.5,53.6,0.016,0.0,0.0,0.016,0.717,0.729,54.79999999999999,58.3,0,0.0,0.0,0.0,0.0,0.0,0,1.6,6451.9,6521.0,6475.9,3.4,3.0,9.7,60.3,36.9,1.4,1.4,0.55,WET,54,POOR,surface moisture likely affecting traction,133,59
2026-10-13,Full Steam Billy,Park City / PCMR,WG031,40.64842922650065,-111.4945100220623,7246.4,51,59.5,44.9,50.7,0.016,0.0,0.0,0.016,0.748,0.756,51.833333333333336,56.31428571428571,0,0.0,0.0,0.0,0.0,0.0,0,0.3,7161.5,7277.5,7246.4,14.8,15.0,18.5,27.6,72.4,0.0,0.0,0.572,WET,53,POOR,surface moisture likely affecting traction,155,22
2026-10-13,Happy Trailside,Round Valley,WG067,40.708413441306845,-111.50471867526606,6595.6,51,63.1,46.0,53.0,0.016,0.0,0.0,0.016,0.717,0.757,54.23333333333333,57.557142857142864,0,0.0,0.0,0.0,0.0,0.0,0,0.1,6570.7,6621.7,6595.6,11.4,12.6,15.0,80.0,0.0,0.0,20.0,0.566,WET,53,POOR,surface moisture likely affecting traction,155,63
2026-10-13,Mother Urban,Deer Valley,WG032,40.63167066031289,-111.5034058570439,7904.1,51,58.1,43.5,49.4,0.016,0.0,0.0,0.016,0.748,0.756,50.46666666666666,54.957142857142856,0,0.0,0.0,0.0,0.0,0.0,0,2.4,7668.3,8272.5,7904.1,21.4,20.4,38.1,14.1,0.0,29.6,56.3,0.565,WET,53,POOR,surface moisture likely affecting traction,155,40
2026-10-13,Round Valley Connect,Round Valley,WG067,40.70875221615484,-111.50427592382064,6606.7,51,63.1,46.0,53.0,0.016,0.0,0.0,0.016,0.717,0.757,54.23333333333333,57.557142857142864,0,0.0,0.0,0.0,0.0,0.0,0,0.1,6573.7,6646.8,6606.7,9.1,9.4,12.2,81.2,6.2,0.0,12.5,0.567,WET,53,POOR,surface moisture likely affecting traction,155,63
2026-10-13,Skyridge Peak Trail / Milky Way,Jordanelle,WG043,40.65984634182248,-111.4368345884266,7139.2,51,61.2,44.1,51.2,0.016,0.0,0.0,0.016,0.717,0.729,52.43333333333334,56.65714285714285,0,0.0,0.0,0.0,0.0,0.0,0,1.2,6963.5,7331.5,7139.2,22.4,23.3,33.7,59.8,28.9,0.0,11.3,0.567,WET,53,POOR,surface moisture likely affecting traction,155,24
2026-10-13,Snowtop,Deer Valley,WG028,40.64752229561398,-111.4705824068134,7443.3,51,59.8,45.3,51.1,0.016,0.0,0.0,0.016,0.748,0.756,52.23333333333334,56.71428571428572,0,0.0,0.0,0.0,0.0,0.0,0,1.7,7307.2,7590.1,7443.3,19.4,21.1,29.7,41.6,14.6,19.7,24.1,0.569,WET,53,POOR,surface moisture likely affecting traction,155,40
2026-10-13,Somewhere Elks,Round Valley,WG055,40.68702802029736,-111.47813858810876,6977.4,51,62.5,45.4,52.5,0.016,0.0,0.0,0.016,0.717,0.729,53.73333333333333,57.48571428571428,0,0.0,0.0,0.0,0.0,0.0,0,1.0,6796.2,7145.1,6977.4,10.8,11.0,23.8,84.6,6.4,0.0,9.0,0.563,WET,53,POOR,surface moisture likely affecting traction,155,63
2026-10-13,The Lookout,Deer Valley,WG032,40.62921554675458,-111.4942829189022,7693.2,51,58.1,43.5,49.4,0.016,0.0,0.0,0.016,0.748,0.756,50.46666666666666,54.957142857142856,0,0.0,0.0,0.0,0.0,0.0,0,1.7,7338.4,8054.6,7693.2,27.6,27.5,44.1,0.0,87.3,12.7,0.0,0.566,WET,53,POOR,surface moisture likely affecting traction,155,40
2026-10-13,Upper Loose,Park City / PCMR,WG032,40.64060205866311,-111.5081407284332,7678.0,51,58.1,43.5,49.4,0.016,0.0,0.0,0.016,0.748,0.756,50.46666666666666,54.957142857142856,0,0.0,0.0,0.0,0.0,0.0,0,0.3,7581.2,7789.4,7678.0,17.3,17.6,23.5,0.0,92.9,7.1,0.0,0.569,WET,53,POOR,surface moisture likely affecting traction,155,22
2026-10-13,Village Trail,Deer Valley,WG028,40.64077448423082,-111.47113665558776,7315.2,51,59.8,45.3,51.1,0.016,0.0,0.0,0.016,0.748,0.756,52.23333333333334,56.71428571428572,0,0.0,0.0,0.0,0.0,0.0,0,0.2,7292.7,7333.1,7315.2,22.8,24.0,27.5,21.4,0.0,0.0,78.6,0.569,WET,53,POOR,surface moisture likely affecting traction,155,40
2026-10-13,Alexander Creek Trail,Summit Park,WG093,40.75856130522611,-111.67962308025976,5873.5,53,64.4,55.1,59.2,0.165,0.004,0.0,0.165,0.582,0.606,60.36666666666667,65.0142857142857,0,0.0,0.0,0.0,0.0,0.0,0,0.8,5784.7,5966.1,5873.5,8.7,7.0,24.8,66.1,14.5,19.4,0.0,0.511,WET,52,POOR,surface moisture likely affecting traction; moderate precipitation today,165,2
2026-10-13,Gambel Oak Trail,Park City / PCMR,WG031,40.64847351910524,-111.48419757905585,7408.0,51,59.5,44.9,50.7,0.016,0.0,0.0,0.016,0.748,0.756,51.833333333333336,56.31428571428571,0,0.0,0.0,0.0,0.0,0.0,0,1.0,7205.8,7543.6,7408.0,12.0,14.4,18.4,71.9,0.0,12.4,15.7,0.59,WET,52,POOR,surface moisture likely affecting traction,165,24
2026-10-13,Grave Digger,Deer Valley,WG032,40.62962271716946,-111.50201210924322,7682.6,51,58.1,43.5,49.4,0.016,0.0,0.0,0.016,0.748,0.756,50.46666666666666,54.957142857142856,0,0.0,0.0,0.0,0.0,0.0,0,0.5,7659.8,7734.0,7682.6,24.7,26.7,36.3,10.5,0.0,2.6,86.8,0.578,WET,52,POOR,surface moisture likely affecting traction,165,44
2026-10-13,Moose Poop,Deer Valley,WG032,40.633538239133244,-111.50120248027572,7607.1,51,58.1,43.5,49.4,0.016,0.0,0.0,0.016,0.748,0.756,50.46666666666666,54.957142857142856,0,0.0,0.0,0.0,0.0,0.0,0,0.2,7512.7,7714.9,7607.1,15.5,14.9,25.8,20.0,0.0,5.0,75.0,0.582,WET,52,POOR,surface moisture likely affecting traction,165,44
2026-10-13,Tideline,Jordanelle,WG025,40.64171272429878,-111.40053564270964,6530.0,51,62.5,48.0,53.8,0.016,0.0,0.0,0.016,0.748,0.756,54.9,58.91428571428572,0,0.0,0.0,0.0,0.0,0.0,0,0.1,6521.2,6544.8,6530.0,15.1,14.5,25.1,91.7,8.3,0.0,0.0,0.59,WET,52,POOR,surface moisture likely affecting traction,165,25
2026-10-13,Woodside Gulch,Deer Valley,WG032,40.63428272582461,-111.50200856347875,7635.5,51,58.1,43.5,49.4,0.016,0.0,0.0,0.016,0.748,0.756,50.46666666666666,54.957142857142856,0,0.0,0.0,0.0,0.0,0.0,0,0.8,7305.3,7977.5,7635.5,22.8,24.0,31.3,46.5,0.0,2.8,50.7,0.599,WET,51,POOR,surface moisture likely affecting traction,170,46
2026-10-13,Cutter Lane,Jeremy Ranch / Glenwild,WG068,40.7083260127391,-111.53140227257067,6437.7,51,62.7,47.8,54.4,0.055,0.004,0.0,0.055,0.909,0.988,55.13333333333333,58.75714285714286,0,0.0,0.0,0.0,0.0,0.0,0,0.2,6431.6,6445.1,6437.7,2.1,2.0,3.3,0.0,33.3,66.7,0.0,0.603,WET,49,POOR,surface moisture likely affecting traction; light precipitation today,171,2
2026-10-13,Great Western Trail / Great Western Trail bypass,Wasatch Crest / Millcreek,WG091,40.7535574542296,-111.6313027356856,7111.8,51,59.4,46.0,51.8,0.035,0.008,0.0,0.035,0.7709999999999999,0.7829999999999999,53.1,57.58571428571429,0,0.0,0.0,0.0,0.0,0.0,0,1.4,6865.3,7548.3,7111.8,13.7,13.4,22.9,68.4,22.8,0.0,8.8,0.627,WET,49,POOR,surface moisture likely affecting traction,171,2
2026-10-13,Mountain Ranch,Jeremy Ranch / Glenwild,WG066,40.719482563829935,-111.5082007499112,6453.3,51,62.6,47.7,54.3,0.055,0.004,0.0,0.055,0.909,0.945,55.06666666666666,58.65714285714285,0,0.0,0.0,0.0,0.0,0.0,0,0.2,6438.4,6472.3,6453.3,4.0,3.4,7.0,0.0,29.4,70.6,0.0,0.593,WET,49,POOR,surface moisture likely affecting traction; light precipitation today,171,2
2026-10-13,Abilene Way,Jeremy Ranch / Glenwild,WG068,40.705162592888,-111.52848253655898,6454.0,51,62.7,47.8,54.4,0.055,0.004,0.0,0.055,0.909,0.988,55.13333333333333,58.75714285714286,0,0.0,0.0,0.0,0.0,0.0,0,0.5,6439.2,6463.1,6454.0,1.2,1.0,2.4,0.0,0.0,56.1,43.9,0.609,WET,48,POOR,surface moisture likely affecting traction; light precipitation today,174,4
2026-10-13,North 400 West,Jeremy Ranch / Glenwild,WG068,40.70279368500318,-111.51897621463831,6441.4,51,62.7,47.8,54.4,0.055,0.004,0.0,0.055,0.909,0.988,55.13333333333333,58.75714285714286,0,0.0,0.0,0.0,0.0,0.0,0,0.5,6427.3,6455.3,6441.4,1.2,1.0,3.2,0.0,7.3,53.7,39.0,0.611,WET,48,POOR,surface moisture likely affecting traction; light precipitation today,174,4
2026-10-13,Team Cutthroat Downhill,Jeremy Ranch / Glenwild,WG077,40.74619331694971,-111.55242052130288,6618.0,51,62.1,47.3,53.9,0.055,0.004,0.0,0.055,0.909,0.933,54.6,58.41428571428572,0,0.0,0.0,0.0,0.0,0.0,0,0.3,6546.5,6754.3,6618.0,12.4,12.3,17.8,0.0,0.0,100.0,0.0,0.614,WET,48,POOR,surface moisture likely affecting traction; light precipitation today,174,4
2026-10-13,The Up Trail,Summit Park,WG078,40.74822119025095,-111.58934600493023,6821.1,51,61.5,46.7,53.3,0.055,0.004,0.0,0.055,0.909,0.917,54.03333333333333,58.18571428571429,0,0.0,0.0,0.0,0.0,0.0,0,1.0,6646.9,6985.9,6821.1,16.2,16.0,24.4,0.0,5.7,94.3,0.0,0.615,WET,48,POOR,surface moisture likely affecting traction; light precipitation today,174,3
2026-10-13,Ant Farm,Jeremy Ranch / Glenwild,WG077,40.74632495230274,-111.55092174051572,6629.0,51,62.1,47.3,53.9,0.055,0.004,0.0,0.055,0.909,0.933,54.6,58.41428571428572,0,0.0,0.0,0.0,0.0,0.0,0,0.5,6534.5,6747.2,6629.0,11.9,12.8,18.9,0.0,6.8,93.2,0.0,0.619,WET,47,POOR,surface moisture likely affecting traction; light precipitation today,178,7
2026-10-13,Bad Apple,Jeremy Ranch / Glenwild,WG076,40.74937514368386,-111.56017979748744,6367.9,51,62.8,48.0,54.6,0.055,0.004,0.0,0.055,0.909,0.933,55.333333333333336,59.142857142857146,0,0.0,0.0,0.0,0.0,0.0,0,0.7,6279.5,6445.1,6367.9,14.4,13.4,26.1,15.3,32.2,44.1,8.5,0.618,WET,47,POOR,surface moisture likely affecting traction; light precipitation today,178,7
2026-10-13,Dead Reckoning,Summit Park,WG078,40.74804102527887,-111.5901705440554,6808.0,51,61.5,46.7,53.3,0.055,0.004,0.0,0.055,0.909,0.917,54.03333333333333,58.18571428571429,0,0.0,0.0,0.0,0.0,0.0,0,0.6,6646.9,6981.7,6808.0,16.5,16.1,22.7,0.0,16.7,83.3,0.0,0.623,WET,47,POOR,surface moisture likely affecting traction; light precipitation today,178,4
2026-10-13,Dropout,Jeremy Ranch / Glenwild,WG077,40.74673233142679,-111.55449028155309,6576.0,51,62.1,47.3,53.9,0.055,0.004,0.0,0.055,0.909,0.933,54.6,58.41428571428572,0,0.0,0.0,0.0,0.0,0.0,0,0.9,6420.7,6743.0,6576.0,8.2,7.7,12.5,0.0,16.5,83.5,0.0,0.625,WET,47,POOR,surface moisture likely affecting traction; light precipitation today,178,7
2026-10-13,Ecker Hill Trail,Pinebrook,WG076,40.740364526144575,-111.5667817840803,6401.3,51,62.8,48.0,54.6,0.055,0.004,0.0,0.055,0.909,0.933,55.333333333333336,59.142857142857146,0,0.0,0.0,0.0,0.0,0.0,0,0.5,6356.3,6420.5,6401.3,8.7,8.9,14.0,0.0,0.0,22.2,77.8,0.622,WET,47,POOR,surface moisture likely affecting traction; light precipitation today,178,1
2026-10-13,Gorgoza Park,Pinebrook,WG089,40.75144469967726,-111.581432624726,6619.5,51,61.8,47.0,53.6,0.055,0.004,0.0,0.055,0.909,0.917,54.333333333333336,58.48571428571429,0,0.0,0.0,0.0,0.0,0.0,0,1.6,6378.8,6831.0,6619.5,13.6,13.9,25.2,2.2,1.5,87.5,8.8,0.621,WET,47,POOR,surface moisture likely affecting traction; light precipitation today,178,1
2026-10-13,High Meadows Connector,Pinebrook,WG076,40.74134938710701,-111.56847869190176,6429.9,51,62.8,48.0,54.6,0.055,0.004,0.0,0.055,0.909,0.933,55.333333333333336,59.142857142857146,0,0.0,0.0,0.0,0.0,0.0,0,0.2,6418.7,6445.0,6429.9,8.6,9.1,12.6,0.0,0.0,14.3,85.7,0.627,WET,47,POOR,surface moisture likely affecting traction; light precipitation today,178,1
2026-10-13,Jailbreak,Jeremy Ranch / Glenwild,WG085,40.75712939272894,-111.56214780445411,6277.4,51,63.1,48.3,54.9,0.055,0.004,0.0,0.055,0.909,0.917,55.6,59.8,0,0.0,0.0,0.0,0.0,0.0,0,0.5,6261.8,6299.2,6277.4,10.6,8.6,29.3,18.0,60.0,22.0,0.0,0.631,WET,47,POOR,surface moisture likely affecting traction; light precipitation today,178,7
2026-10-13,Little Engine Trail,Summit Park,WG089,40.756690732809,-111.59562244098744,6709.3,51,61.8,47.0,53.6,0.055,0.004,0.0,0.055,0.909,0.917,54.333333333333336,58.48571428571429,0,0.0,0.0,0.0,0.0,0.0,0,0.3,6693.2,6736.7,6709.3,9.5,10.2,17.8,4.3,0.0,82.6,13.0,0.626,WET,47,POOR,surface moisture likely affecting traction; light precipitation today,178,4
2026-10-13,The Graduate,Jeremy Ranch / Glenwild,WG085,40.7534431855279,-111.56237742796368,6343.1,51,63.1,48.3,54.9,0.055,0.004,0.0,0.055,0.909,0.917,55.6,59.8,0,0.0,0.0,0.0,0.0,0.0,0,0.7,6257.5,6445.1,6343.1,13.1,11.3,30.2,17.2,50.0,28.1,4.7,0.627,WET,47,POOR,surface moisture likely affecting traction; light precipitation today,178,7
2026-10-13,Trailside,Round Valley,WG066,40.71864159830864,-111.50336949570412,6480.1,51,62.6,47.7,54.3,0.055,0.004,0.0,0.055,0.909,0.945,55.06666666666666,58.65714285714285,0,0.0,0.0,0.0,0.0,0.0,0,0.1,6473.9,6486.7,6480.1,3.6,3.6,5.7,0.0,0.0,28.6,71.4,0.62,WET,47,POOR,surface moisture likely affecting traction; light precipitation today,178,66
2026-10-13,A Toll New World,Summit Park,WG078,40.74525880222984,-111.59660432287036,6843.1,51,61.5,46.7,53.3,0.055,0.004,0.0,0.055,0.909,0.917,54.03333333333333,58.18571428571429,0,0.0,0.0,0.0,0.0,0.0,0,1.3,6620.4,7055.3,6843.1,16.3,16.7,26.9,1.9,40.7,53.7,3.7,0.644,WET,46,POOR,surface moisture likely affecting traction; light precipitation today,189,6
2026-10-13,Hidden Cove,Summit Park,WG089,40.756655895607175,-111.597334386164,6686.2,51,61.8,47.0,53.6,0.055,0.004,0.0,0.055,0.909,0.917,54.333333333333336,58.48571428571429,0,0.0,0.0,0.0,0.0,0.0,0,0.2,6655.0,6725.6,6686.2,13.1,11.4,26.6,0.0,0.0,62.5,37.5,0.637,WET,46,POOR,surface moisture likely affecting traction; light precipitation today,189,6
2026-10-13,Miss Billy's,Jeremy Ranch / Glenwild,WG059,40.69127466685039,-111.54016400735836,6614.6,51,61.6,46.7,53.3,0.055,0.004,0.0,0.055,0.909,0.988,54.06666666666666,57.68571428571429,0,0.0,0.0,0.0,0.0,0.0,0,1.1,6557.2,6663.6,6614.6,2.9,2.6,7.1,0.0,1.9,67.3,30.8,0.646,WET,46,POOR,surface moisture likely affecting traction; light precipitation today,189,12
2026-10-13,Pinebrook Pointe South,Pinebrook,WG078,40.74959135152933,-111.5795998040212,6632.5,51,61.5,46.7,53.3,0.055,0.004,0.0,0.055,0.909,0.917,54.03333333333333,58.18571428571429,0,0.0,0.0,0.0,0.0,0.0,0,0.1,6602.3,6649.2,6632.5,13.9,11.6,22.3,0.0,0.0,54.5,45.5,0.642,WET,46,POOR,surface moisture likely affecting traction; light precipitation today,189,4
2026-10-13,Silver Spur,Park City / PCMR,WG049,40.65266965116334,-111.5117818738982,6980.8,51,60.7,45.9,52.5,0.055,0.004,0.0,0.055,0.909,0.917,53.23333333333333,57.81428571428573,0,0.0,0.0,0.0,0.0,0.0,0,0.7,6926.4,7004.9,6980.8,13.8,13.5,24.9,0.0,7.6,60.6,31.8,0.638,WET,46,POOR,surface moisture likely affecting traction; light precipitation today,189,25
2026-10-13,Winchester Trail,Jeremy Ranch / Glenwild,WG069,40.71094932830698,-111.54449441430567,6453.0,51,62.6,47.8,54.4,0.055,0.004,0.0,0.055,0.909,0.988,55.1,58.72857142857144,0,0.0,0.0,0.0,0.0,0.0,0,0.2,6433.3,6465.9,6453.0,7.5,7.9,12.5,0.0,0.0,0.0,100.0,0.646,WET,46,POOR,surface moisture likely affecting traction; light precipitation today,189,12
2026-10-13,Discovery,Summit Park,WG078,40.74903521550762,-111.59463162387972,6614.4,51,61.5,46.7,53.3,0.055,0.004,0.0,0.055,0.909,0.917,54.03333333333333,58.18571428571429,0,0.0,0.0,0.0,0.0,0.0,0,0.4,6578.7,6650.0,6614.4,11.5,10.0,24.8,0.0,20.9,46.5,32.6,0.648,WET,45,POOR,surface moisture likely affecting traction; light precipitation today,195,8
2026-10-13,Moose Hollow,Summit Park,WG088,40.76397899834495,-111.58866445905328,6467.6,51,62.6,47.7,54.3,0.055,0.004,0.0,0.055,0.909,0.917,55.06666666666666,59.25714285714286,0,0.0,0.0,0.0,0.0,0.0,0,1.0,6221.3,6678.6,6467.6,17.4,18.6,25.5,25.0,0.0,2.5,72.5,0.648,WET,45,POOR,surface moisture likely affecting traction; light precipitation today,195,8
2026-10-13,No Worries,Summit Park,WG081,40.73716048778493,-111.60234213265907,7289.1,51,59.6,44.8,51.4,0.055,0.004,0.0,0.055,0.909,0.917,52.13333333333333,56.971428571428575,0,0.0,0.0,0.0,0.0,0.0,0,2.1,6892.9,7679.1,7289.1,24.7,24.9,33.3,2.3,0.0,63.2,34.5,0.658,WET,45,POOR,surface moisture likely affecting traction; light precipitation today,195,8
2026-10-13,Powerline Connector,Pinebrook,WG078,40.74298978990414,-111.5728828415412,6585.6,51,61.5,46.7,53.3,0.055,0.004,0.0,0.055,0.909,0.917,54.03333333333333,58.18571428571429,0,0.0,0.0,0.0,0.0,0.0,0,0.1,6554.5,6626.1,6585.6,17.9,18.6,21.5,0.0,0.0,46.2,53.8,0.648,WET,45,POOR,surface moisture likely affecting traction; light precipitation today,195,5
2026-10-13,Stealth Connector / Pheasant Way,Jeremy Ranch / Glenwild,WG076,40.73167942348123,-111.54708752211994,6361.5,51,62.8,48.0,54.6,0.055,0.004,0.0,0.055,0.909,0.933,55.333333333333336,59.142857142857146,0,0.0,0.0,0.0,0.0,0.0,0,0.3,6330.9,6398.1,6361.5,5.3,4.7,14.3,59.1,9.1,27.3,4.5,0.657,WET,45,POOR,surface moisture likely affecting traction; light precipitation today,195,14
2026-10-13,Colin's Trail,Jeremy Ranch / Glenwild,WG060,40.69629937433107,-111.55671582168428,7029.9,51,60.0,45.2,51.8,0.055,0.004,0.0,0.055,0.909,0.933,52.5,57.2,0,0.0,0.0,0.0,0.0,0.0,0,1.8,6641.1,7390.4,7029.9,21.7,22.5,34.0,3.3,0.0,53.9,42.8,0.668,WET,44,POOR,surface moisture likely affecting traction; light precipitation today,200,15
2026-10-13,Eagle Trail,Park City / PCMR,WG051,40.65138382915936,-111.51929067308184,7664.9,51,58.6,43.8,50.3,0.055,0.004,0.0,0.055,0.909,0.976,51.06666666666666,55.85714285714285,0,0.0,0.0,0.0,0.0,0.0,0,0.5,7477.4,7838.4,7664.9,22.7,23.0,32.0,0.0,0.0,95.7,4.3,0.663,WET,44,POOR,surface moisture likely affecting traction; light precipitation today,200,26
2026-10-13,OMH,Pinebrook,WG070,40.71997692753587,-111.55773747935044,6677.5,51,61.7,46.8,53.4,0.055,0.004,0.0,0.055,0.909,0.933,54.13333333333333,57.94285714285714,0,0.0,0.0,0.0,0.0,0.0,0,0.9,6531.5,6827.5,6677.5,14.7,15.1,23.3,8.2,0.0,30.1,61.6,0.667,WET,44,POOR,surface moisture likely affecting traction; light precipitation today,200,6
2026-10-13,Pale Green Dot,Summit Park,WG078,40.74689592786439,-111.59182437672968,6802.1,51,61.5,46.7,53.3,0.055,0.004,0.0,0.055,0.909,0.917,54.03333333333333,58.18571428571429,0,0.0,0.0,0.0,0.0,0.0,0,1.0,6633.4,6985.9,6802.1,16.5,16.0,25.2,0.0,69.6,27.8,2.5,0.661,WET,44,POOR,surface moisture likely affecting traction; light precipitation today,200,11
2026-10-13,Pinebrook Point,Pinebrook,WG089,40.75079411917499,-111.57994193527573,6623.3,51,61.8,47.0,53.6,0.055,0.004,0.0,0.055,0.909,0.917,54.333333333333336,58.48571428571429,0,0.0,0.0,0.0,0.0,0.0,0,0.3,6553.0,6684.0,6623.3,12.0,11.9,19.3,0.0,0.0,11.5,88.5,0.672,WET,44,POOR,surface moisture likely affecting traction; light precipitation today,200,6
2026-10-13,Powerline,Pinebrook,WG078,40.74237998272819,-111.5716363238219,6548.4,51,61.5,46.7,53.3,0.055,0.004,0.0,0.055,0.909,0.917,54.03333333333333,58.18571428571429,0,0.0,0.0,0.0,0.0,0.0,0,0.3,6493.6,6609.7,6548.4,15.7,15.5,21.0,0.0,0.0,25.8,74.2,0.662,WET,44,POOR,surface moisture likely affecting traction; light precipitation today,200,6
2026-10-13,RTS,Jeremy Ranch / Glenwild,WG070,40.71664642216084,-111.55523569599896,6598.1,51,61.7,46.8,53.4,0.055,0.004,0.0,0.055,0.909,0.933,54.13333333333333,57.94285714285714,0,0.0,0.0,0.0,0.0,0.0,0,2.6,6478.1,6718.6,6598.1,7.8,7.2,18.3,2.1,0.0,22.3,75.5,0.669,WET,44,POOR,surface moisture likely affecting traction; light precipitation today,200,15
2026-10-13,Road to WOS,Summit Park,WG082,40.73344363030311,-111.61407104321202,7712.2,51,58.2,43.4,49.9,0.055,0.004,0.0,0.055,0.909,0.917,50.66666666666666,55.54285714285714,0,0.0,0.0,0.0,0.0,0.0,0,2.8,7391.3,7924.7,7712.2,25.7,27.6,35.9,0.0,13.6,79.2,7.2,0.664,WET,44,POOR,surface moisture likely affecting traction; light precipitation today,200,11
2026-10-13,Spare Change,Summit Park,WG080,40.74164553017363,-111.60031464541484,6827.9,51,61.3,46.4,53.0,0.055,0.004,0.0,0.055,0.909,0.917,53.76666666666667,58.25714285714287,0,0.0,0.0,0.0,0.0,0.0,0,0.3,6772.5,6883.6,6827.9,23.6,25.8,34.2,0.0,0.0,25.0,75.0,0.662,WET,44,POOR,surface moisture likely affecting traction; light precipitation today,200,11
2026-10-13,BYOB,Pinebrook,WG070,40.718283985000745,-111.55661288864135,6639.8,51,61.7,46.8,53.4,0.055,0.004,0.0,0.055,0.909,0.933,54.13333333333333,57.94285714285714,0,0.0,0.0,0.0,0.0,0.0,0,0.7,6545.0,6701.6,6639.8,15.6,15.9,25.8,5.0,0.0,16.7,78.3,0.674,WET,43,POOR,surface moisture likely affecting traction; light precipitation today,209,9
2026-10-13,Crazy Eights,Jeremy Ranch / Glenwild,WG077,40.74908550583131,-111.55291850861556,6580.7,51,62.1,47.3,53.9,0.055,0.004,0.0,0.055,0.909,0.933,54.6,58.41428571428572,0,0.0,0.0,0.0,0.0,0.0,0,0.8,6460.7,6726.9,6580.7,11.1,11.4,14.2,7.6,72.7,19.7,0.0,0.674,WET,43,POOR,surface moisture likely affecting traction; light precipitation today,209,17
2026-10-13,Dubois,Jeremy Ranch / Glenwild,WG059,40.698630398586985,-111.55581872982933,6878.9,51,61.6,46.7,53.3,0.055,0.004,0.0,0.055,0.909,0.988,54.06666666666666,57.68571428571429,0,0.0,0.0,0.0,0.0,0.0,0,1.4,6622.8,7164.4,6878.9,16.3,18.1,32.1,24.8,1.7,34.7,38.8,0.685,WET,43,POOR,surface moisture likely affecting traction; light precipitation today,209,17
2026-10-13,Insurgent,Jeremy Ranch / Glenwild,WG063,40.68610182305705,-111.58195303109213,7873.2,51,58.0,43.1,49.7,0.055,0.004,0.0,0.055,0.909,0.96,50.43333333333334,55.12857142857143,0,0.0,0.0,0.0,0.0,0.0,0,0.6,7618.3,8148.8,7873.2,21.7,22.6,32.5,0.0,0.0,74.0,26.0,0.676,WET,43,POOR,surface moisture likely affecting traction; light precipitation today,209,17
2026-10-13,Iron Bill,Jeremy Ranch / Glenwild,WG071,40.70817834974828,-111.55726593666238,7034.2,51,59.5,44.6,51.2,0.055,0.004,0.0,0.055,0.909,0.933,51.96666666666667,56.642857142857146,0,0.0,0.0,0.0,0.0,0.0,0,2.0,6718.2,7267.2,7034.2,19.0,19.1,32.3,16.6,0.0,29.0,54.4,0.674,WET,43,POOR,surface moisture likely affecting traction; light precipitation today,209,17
2026-10-13,Legacy. Loop,Jeremy Ranch / Glenwild,WG071,40.70737188748682,-111.5599210439625,7363.1,51,59.5,44.6,51.2,0.055,0.004,0.0,0.055,0.909,0.933,51.96666666666667,56.642857142857146,0,0.0,0.0,0.0,0.0,0.0,0,0.4,7345.2,7385.4,7363.1,15.4,15.0,20.8,0.0,29.4,38.2,32.4,0.677,WET,43,POOR,surface moisture likely affecting traction; light precipitation today,209,17
2026-10-13,Olympic,Pinebrook,WG064,40.69996684096533,-111.57868853500152,8004.0,51,57.0,42.1,48.7,0.055,0.004,0.0,0.055,0.909,0.933,49.43333333333334,54.271428571428565,0,0.0,0.0,0.0,0.0,0.0,0,1.2,7911.4,8056.5,8004.0,21.3,23.7,31.0,5.1,23.5,63.3,8.2,0.682,WET,43,POOR,surface moisture likely affecting traction; light precipitation today,209,9
2026-10-13,RTS / BLT,Jeremy Ranch / Glenwild,WG070,40.71544842193981,-111.5580228733734,6768.3,51,61.7,46.8,53.4,0.055,0.004,0.0,0.055,0.909,0.933,54.13333333333333,57.94285714285714,0,0.0,0.0,0.0,0.0,0.0,0,0.4,6711.6,6827.5,6768.3,17.1,17.3,28.4,10.0,0.0,6.7,83.3,0.685,WET,43,POOR,surface moisture likely affecting traction; light precipitation today,209,17
2026-10-13,Rambler DT,Round Valley,WG056,40.699080350519786,-111.50674680507665,6485.7,51,62.5,47.7,54.2,0.055,0.004,0.0,0.055,0.909,0.945,54.96666666666667,58.58571428571429,0,0.0,0.0,0.0,0.0,0.0,0,0.2,6470.0,6508.3,6485.7,12.3,12.3,16.9,0.0,100.0,0.0,0.0,0.685,WET,43,POOR,surface moisture likely affecting traction; light precipitation today,209,67
2026-10-13,Richochet,Park City / PCMR,WG062,40.68638148266805,-111.57139393545772,7468.3,51,59.0,44.1,50.7,0.055,0.004,0.0,0.055,0.909,0.96,51.46666666666668,56.17142857142858,0,0.0,0.0,0.0,0.0,0.0,0,2.5,6918.4,8101.8,7468.3,22.5,22.8,36.7,0.0,1.4,60.1,38.5,0.686,WET,43,POOR,surface moisture likely affecting traction; light precipitation today,209,27
2026-10-13,Yeti's,Pinebrook,WG072,40.70910944007779,-111.57083697014414,7539.3,51,58.1,43.3,49.9,0.055,0.004,0.0,0.055,0.909,0.917,50.633333333333326,55.48571428571428,0,0.0,0.0,0.0,0.0,0.0,0,3.0,6939.0,8064.3,7539.3,21.9,21.9,36.4,0.4,11.6,54.7,33.3,0.682,WET,43,POOR,surface moisture likely affecting traction; light precipitation today,209,9
2026-10-13,24-7,Jeremy Ranch / Glenwild,WG086,40.7580938928905,-111.55747502780672,6689.5,51,62.0,47.1,53.7,0.055,0.004,0.0,0.055,0.909,0.933,54.43333333333334,58.3,0,0.0,0.0,0.0,0.0,0.0,0,5.1,6216.2,6897.6,6689.5,17.7,17.7,33.3,43.4,37.0,19.4,0.2,0.699,WET,42,POOR,surface moisture likely affecting traction; light precipitation today,220,23
2026-10-13,BLT,Jeremy Ranch / Glenwild,WG070,40.71492142685356,-111.56084442077211,6927.9,51,61.7,46.8,53.4,0.055,0.004,0.0,0.055,0.909,0.933,54.13333333333333,57.94285714285714,0,0.0,0.0,0.0,0.0,0.0,0,0.8,6827.5,6989.0,6927.9,17.6,17.3,29.1,23.5,8.8,0.0,67.6,0.698,WET,42,POOR,surface moisture likely affecting traction; light precipitation today,220,23
2026-10-13,Canyons Downhill,Pinebrook,WG061,40.68430916809496,-111.56849091879047,7666.2,51,58.3,43.4,50.0,0.055,0.004,0.0,0.055,0.909,0.96,50.76666666666667,55.471428571428575,0,0.0,0.0,0.0,0.0,0.0,0,1.2,7182.1,8294.1,7666.2,26.4,27.3,37.8,17.8,0.0,64.4,17.8,0.696,WET,42,POOR,surface moisture likely affecting traction; light precipitation today,220,12
2026-10-13,Cobblestone Loop,Jeremy Ranch / Glenwild,WG084,40.75845647840704,-111.52582619388934,6805.4,51,61.5,46.7,53.2,0.055,0.004,0.0,0.055,0.909,0.917,53.96666666666667,58.67142857142857,0,0.0,0.0,0.0,0.0,0.0,0,0.8,6740.4,6867.4,6805.4,15.5,17.3,28.1,26.5,4.4,0.0,69.1,0.697,WET,42,POOR,surface moisture likely affecting traction; light precipitation today,220,23
2026-10-13,Cobblestone Trail,Jeremy Ranch / Glenwild,WG084,40.75512641497514,-111.52744418745776,6723.8,51,61.5,46.7,53.2,0.055,0.004,0.0,0.055,0.909,0.917,53.96666666666667,58.67142857142857,0,0.0,0.0,0.0,0.0,0.0,0,1.7,6505.3,6938.7,6723.8,11.4,10.3,28.4,25.5,10.6,8.5,55.3,0.691,WET,42,POOR,surface moisture likely affecting traction; light precipitation today,220,23
2026-10-13,Dawns Trail,Park City / PCMR,WG051,40.65039115727101,-111.52578815180028,7505.7,51,58.6,43.8,50.3,0.055,0.004,0.0,0.055,0.909,0.976,51.06666666666666,55.85714285714285,0,0.0,0.0,0.0,0.0,0.0,0,0.9,7415.0,7576.9,7505.7,21.9,20.3,35.0,0.0,46.5,31.0,22.5,0.689,WET,42,POOR,surface moisture likely affecting traction; light precipitation today,220,28
2026-10-13,Holly's,Pinebrook,WG063,40.68604417524608,-111.57782170773478,7824.2,51,58.0,43.1,49.7,0.055,0.004,0.0,0.055,0.909,0.96,50.43333333333334,55.12857142857143,0,0.0,0.0,0.0,0.0,0.0,0,2.2,7520.7,8241.4,7824.2,27.2,28.3,42.4,12.1,1.6,67.0,19.2,0.69,WET,42,POOR,surface moisture likely affecting traction; light precipitation today,220,12
2026-10-13,Legacy Ridge,Jeremy Ranch / Glenwild,WG071,40.70648419743829,-111.5603960205038,7414.3,51,59.5,44.6,51.2,0.055,0.004,0.0,0.055,0.909,0.933,51.96666666666667,56.642857142857146,0,0.0,0.0,0.0,0.0,0.0,0,0.5,7364.1,7451.5,7414.3,10.3,9.7,21.0,2.4,43.9,12.2,41.5,0.697,WET,42,POOR,surface moisture likely affecting traction; light precipitation today,220,23
2026-10-13,Moose Puddle,Pinebrook,WG071,40.70548588260783,-111.56718578772085,7487.6,51,59.5,44.6,51.2,0.055,0.004,0.0,0.055,0.909,0.933,51.96666666666667,56.642857142857146,0,0.0,0.0,0.0,0.0,0.0,0,3.4,6993.8,8052.9,7487.6,23.4,24.1,33.7,6.4,0.0,55.0,38.6,0.689,WET,42,POOR,surface moisture likely affecting traction; light precipitation today,220,12
2026-10-13,Parley's Lane,Summit Park,WG089,40.75375624958085,-111.59849347383722,6719.0,51,61.8,47.0,53.6,0.055,0.004,0.0,0.055,0.909,0.917,54.333333333333336,58.48571428571429,0,0.0,0.0,0.0,0.0,0.0,0,1.0,6641.6,6766.5,6719.0,9.3,8.9,19.0,33.7,2.3,19.8,44.2,0.689,WET,42,POOR,surface moisture likely affecting traction; light precipitation today,220,14
2026-10-13,Pinebrook Southeast Perimeter Trail,Pinebrook,WG078,40.73058687532795,-111.57244227312069,6947.5,51,61.5,46.7,53.3,0.055,0.004,0.0,0.055,0.909,0.917,54.03333333333333,58.18571428571429,0,0.0,0.0,0.0,0.0,0.0,0,3.9,6418.7,7454.2,6947.5,22.5,22.0,36.2,48.1,1.6,18.4,31.9,0.7,WET,42,POOR,surface moisture likely affecting traction; light precipitation today,220,12
2026-10-13,Rob's Trail,Pinebrook,WG063,40.69704664952428,-111.5702364046946,7584.0,51,58.0,43.1,49.7,0.055,0.004,0.0,0.055,0.909,0.96,50.43333333333334,55.12857142857143,0,0.0,0.0,0.0,0.0,0.0,0,2.1,7146.5,7923.4,7584.0,25.6,26.0,35.1,18.2,1.1,75.0,5.7,0.688,WET,42,POOR,surface moisture likely affecting traction; light precipitation today,220,12
2026-10-13,Short Stack,Summit Park,WG082,40.73936874753804,-111.6200542747078,7652.8,51,58.2,43.4,49.9,0.055,0.004,0.0,0.055,0.909,0.917,50.66666666666666,55.54285714285714,0,0.0,0.0,0.0,0.0,0.0,0,1.5,7374.7,7830.5,7652.8,26.7,26.7,36.8,7.1,0.0,43.3,49.6,0.695,WET,42,POOR,surface moisture likely affecting traction; light precipitation today,220,14
2026-10-13,Armstrong,Park City / PCMR,WG051,40.65248508262897,-111.52994268919429,7566.3,51,58.6,43.8,50.3,0.055,0.004,0.0,0.055,0.909,0.976,51.06666666666666,55.85714285714285,0,0.0,0.0,0.0,0.0,0.0,0,3.8,6958.3,8237.6,7566.3,20.8,21.5,33.2,0.0,8.3,30.4,61.2,0.711,WET,41,POOR,surface moisture likely affecting traction; light precipitation today,233,29
2026-10-13,Glenwild Loop,Jeremy Ranch / Glenwild,WG075,40.73989427988239,-111.52813430357229,6701.6,51,62.0,47.2,53.8,0.055,0.004,0.0,0.055,0.909,0.933,54.5,58.385714285714286,0,0.0,0.0,0.0,0.0,0.0,0,5.9,6431.8,7136.4,6701.6,11.6,10.8,29.7,35.1,19.3,6.4,39.1,0.702,WET,41,POOR,surface moisture likely affecting traction; light precipitation today,233,28
2026-10-13,Pinebrook Southeast Perimeter / Hunter's Trail of the Mid Mountain,Pinebrook,WG072,40.71419878562093,-111.5896757552273,7875.5,51,58.1,43.3,49.9,0.055,0.004,0.0,0.055,0.909,0.917,50.633333333333326,55.48571428571428,0,0.0,0.0,0.0,0.0,0.0,0,4.5,7281.3,8136.4,7875.5,23.6,23.4,40.6,8.7,12.8,35.0,43.4,0.702,WET,41,POOR,surface moisture likely affecting traction; light precipitation today,233,17
2026-10-13,Pinebrook Southeast Perimeter / Pinebrook SE Perimeter,Pinebrook,WG079,40.72863077219642,-111.58102679054537,7392.0,51,59.3,44.4,51.0,0.055,0.004,0.0,0.055,0.909,0.933,51.76666666666667,56.471428571428575,0,0.0,0.0,0.0,0.0,0.0,0,1.7,7120.0,7559.3,7392.0,19.9,21.5,33.8,20.3,36.2,6.5,37.0,0.713,WET,41,POOR,surface moisture likely affecting traction; light precipitation today,233,17
2026-10-13,Tall Oaks Circle,Pinebrook,WG078,40.73938310561022,-111.57541687830556,6961.5,51,61.5,46.7,53.3,0.055,0.004,0.0,0.055,0.909,0.917,54.03333333333333,58.18571428571429,0,0.0,0.0,0.0,0.0,0.0,0,0.3,6901.0,7028.0,6961.5,12.3,12.6,19.5,47.8,47.8,4.3,0.0,0.709,WET,41,POOR,surface moisture likely affecting traction; light precipitation today,233,17
2026-10-13,Ambush,Jeremy Ranch / Glenwild,WG063,40.694225906082366,-111.58181443950004,7757.7,51,58.0,43.1,49.7,0.055,0.004,0.0,0.055,0.909,0.96,50.43333333333334,55.12857142857143,0,0.0,0.0,0.0,0.0,0.0,0,1.6,7418.5,8136.4,7757.7,25.9,26.8,35.6,21.2,0.0,24.8,54.0,0.727,WET,40,POOR,surface moisture likely affecting traction; light precipitation today,238,29
2026-10-13,Fink Again,Jeremy Ranch / Glenwild,WG086,40.75125285000831,-111.55541181172696,6586.2,51,62.0,47.1,53.7,0.055,0.004,0.0,0.055,0.909,0.933,54.43333333333334,58.3,0,0.0,0.0,0.0,0.0,0.0,0,0.9,6445.1,6727.8,6586.2,11.7,11.8,14.8,66.2,33.8,0.0,0.0,0.727,WET,40,POOR,surface moisture likely affecting traction; light precipitation today,238,29
2026-10-13,Legacy Loop,Jeremy Ranch / Glenwild,WG071,40.705995804360256,-111.55961886682412,7342.6,51,59.5,44.6,51.2,0.055,0.004,0.0,0.055,0.909,0.933,51.96666666666667,56.642857142857146,0,0.0,0.0,0.0,0.0,0.0,0,0.7,7260.5,7397.4,7342.6,17.1,16.5,26.3,25.0,30.0,1.7,43.3,0.72,WET,40,POOR,surface moisture likely affecting traction; light precipitation today,238,29
2026-10-13,Preserve Connector,Jeremy Ranch / Glenwild,WG087,40.76330147562161,-111.54585203221042,7230.0,51,59.7,44.8,51.4,0.055,0.004,0.0,0.055,0.909,0.917,52.16666666666666,56.82857142857143,0,0.0,0.0,0.0,0.0,0.0,0,0.9,7066.5,7395.2,7230.0,18.8,19.4,29.7,28.9,68.4,1.3,1.3,0.72,WET,40,POOR,surface moisture likely affecting traction; light precipitation today,238,29
2026-10-13,Short Ribs,Summit Park,WG082,40.7348537895427,-111.62048055745409,7705.3,51,58.2,43.4,49.9,0.055,0.004,0.0,0.055,0.909,0.917,50.66666666666666,55.54285714285714,0,0.0,0.0,0.0,0.0,0.0,0,0.2,7670.7,7741.2,7705.3,24.0,23.9,30.9,0.0,0.0,0.0,100.0,0.721,WET,40,POOR,surface moisture likely affecting traction; light precipitation today,238,16
2026-10-13,Stealth Trail,Jeremy Ranch / Glenwild,WG077,40.73631275924013,-111.5447596003018,6560.0,51,62.1,47.3,53.9,0.055,0.004,0.0,0.055,0.909,0.933,54.6,58.41428571428572,0,0.0,0.0,0.0,0.0,0.0,0,2.3,6346.1,6903.5,6560.0,15.2,16.1,27.2,66.5,32.0,0.5,1.0,0.727,WET,40,POOR,surface moisture likely affecting traction; light precipitation today,238,29
2026-10-13,The Upper Avenues,Summit Park,WG090,40.75942210135698,-111.60997791538348,7425.0,51,59.8,44.9,51.5,0.055,0.004,0.0,0.055,0.909,0.917,52.23333333333334,56.72857142857144,0,0.0,0.0,0.0,0.0,0.0,0,1.5,7235.4,7548.3,7425.0,12.4,12.1,27.0,56.3,8.4,16.0,19.3,0.729,WET,40,POOR,surface moisture likely affecting traction; light precipitation today,238,16
2026-10-13,Blackhawk Trail,Jeremy Ranch / Glenwild,WG075,40.73111252615939,-111.53542276920604,6536.5,51,62.0,47.2,53.8,0.055,0.004,0.0,0.055,0.909,0.933,54.5,58.385714285714286,0,0.0,0.0,0.0,0.0,0.0,0,2.5,6347.6,6739.8,6536.5,16.6,16.7,28.9,74.3,21.4,0.0,4.3,0.733,WET,39,POOR,surface moisture likely affecting traction; light precipitation today,245,34
2026-10-13,Flying Dog,Jeremy Ranch / Glenwild,WG087,40.77237660098178,-111.54161762597796,7321.2,51,59.7,44.8,51.4,0.055,0.004,0.0,0.055,0.909,0.917,52.16666666666666,56.82857142857143,0,0.0,0.0,0.0,0.0,0.0,0,6.1,6867.4,7759.1,7321.2,17.8,17.6,31.1,54.3,26.7,9.5,9.5,0.732,WET,39,POOR,surface moisture likely affecting traction; light precipitation today,245,34
2026-10-13,Rosebud's Heaven,Park City / PCMR,WG060,40.69195554103422,-111.5659528759652,7326.9,51,60.0,45.2,51.8,0.055,0.004,0.0,0.055,0.909,0.933,52.5,57.2,0,0.0,0.0,0.0,0.0,0.0,0,2.1,7148.5,7503.1,7326.9,26.9,26.5,39.8,55.5,2.3,4.6,37.6,0.739,WET,39,POOR,surface moisture likely affecting traction; light precipitation today,245,30
2026-10-13,Short Cut,Jeremy Ranch / Glenwild,WG064,40.68025862222409,-111.57883598783349,8081.5,51,57.0,42.1,48.7,0.055,0.004,0.0,0.055,0.909,0.933,49.43333333333334,54.271428571428565,0,0.0,0.0,0.0,0.0,0.0,0,0.9,7945.4,8245.4,8081.5,19.6,23.0,31.3,28.9,0.0,47.4,23.7,0.732,WET,39,POOR,surface moisture likely affecting traction; light precipitation today,245,34
2026-10-13,Iron Man,Park City / PCMR,WG053,40.6585520468376,-111.5452566956134,8305.8,51,56.4,41.6,48.1,0.055,0.004,0.0,0.055,0.909,0.972,48.866666666666674,53.371428571428574,0,0.0,0.0,0.0,0.0,0.0,0,2.9,7976.8,8555.0,8305.8,25.4,25.4,36.0,9.5,45.9,16.5,28.1,0.748,WET,38,POOR,surface moisture likely affecting traction; light precipitation today,249,31
2026-10-13,The Avenues,Summit Park,WG090,40.75998198374273,-111.6028265058925,7081.5,51,59.8,44.9,51.5,0.055,0.004,0.0,0.055,0.909,0.917,52.23333333333334,56.72857142857144,0,0.0,0.0,0.0,0.0,0.0,0,1.7,6907.1,7241.2,7081.5,20.5,20.6,30.1,62.7,0.0,0.0,37.3,0.744,WET,38,POOR,surface moisture likely affecting traction; light precipitation today,249,18
2026-10-13,Gold Finger,Park City / PCMR,WG053,40.65997467243904,-111.55431689925648,8081.9,51,56.4,41.6,48.1,0.055,0.004,0.0,0.055,0.909,0.972,48.866666666666674,53.371428571428574,0,0.0,0.0,0.0,0.0,0.0,0,1.1,7876.6,8290.6,8081.9,25.9,25.7,31.6,0.0,100.0,0.0,0.0,0.753,MUDDY,23,AVOID,high retained moisture creates muddy or saturated risk; light precipitation today,251,32
2026-10-13,Iron Mountain Trail,Park City / PCMR,WG054,40.65649532455427,-111.54475504732362,8753.8,51,54.4,39.6,46.1,0.055,0.004,0.0,0.055,0.909,0.972,46.866666666666674,51.371428571428574,0,0.0,0.0,0.0,0.0,0.0,0,0.5,8553.9,9013.4,8753.8,19.3,20.1,26.2,26.7,53.3,15.6,4.4,0.762,MUDDY,23,AVOID,high retained moisture creates muddy or saturated risk; light precipitation today,251,32
2026-10-13,Cyn City,Park City / PCMR,WG016,40.62106458390316,-111.52108056020784,8700.1,51,52.3,41.0,46.2,0.091,0.0,0.0,0.091,1.099,1.111,46.4,50.785714285714285,0,0.0,0.0,0.0,0.0,0.0,0,2.6,8372.6,9048.5,8700.1,21.1,21.0,34.1,1.4,7.0,85.5,6.1,0.839,MUDDY,21,AVOID,high retained moisture creates muddy or saturated risk; light precipitation today,253,34
2026-10-13,Fireswamp,Deer Valley,WG013,40.61340925382439,-111.48239833860336,8873.0,51,52.4,41.1,46.3,0.091,0.0,0.0,0.091,1.099,1.111,46.5,50.9,0,0.0,0.0,0.0,0.0,0.0,0,0.7,8482.6,9273.9,8873.0,18.8,19.8,25.9,0.0,0.0,100.0,0.0,0.824,MUDDY,21,AVOID,high retained moisture creates muddy or saturated risk; light precipitation today,253,47
2026-10-13,Izzy's Inferno (Dog Pound),Deer Valley,WG012,40.619811878384205,-111.48856422719636,8193.5,51,54.3,43.0,48.2,0.091,0.0,0.0,0.091,1.099,1.111,48.4,53.2,0,0.0,0.0,0.0,0.0,0.0,0,0.1,8143.3,8219.5,8193.5,12.8,13.0,23.6,0.0,0.0,85.7,14.3,0.837,MUDDY,21,AVOID,high retained moisture creates muddy or saturated risk; light precipitation today,253,47
2026-10-13,Payday,Park City / PCMR,WG035,40.64053545819342,-111.51124538504462,7598.1,51,56.3,45.0,50.2,0.091,0.0,0.0,0.091,1.099,1.17,50.4,55.04285714285714,0,0.0,0.0,0.0,0.0,0.0,0,1.7,7139.7,8117.7,7598.1,11.4,11.3,22.6,0.0,16.6,75.9,7.6,0.833,MUDDY,21,AVOID,high retained moisture creates muddy or saturated risk; light precipitation today,253,34
2026-10-13,Pedalers Inn,Deer Valley,WG012,40.61923438649311,-111.4865707901735,8286.8,51,54.3,43.0,48.2,0.091,0.0,0.0,0.091,1.099,1.111,48.4,53.2,0,0.0,0.0,0.0,0.0,0.0,0,0.3,8165.9,8405.8,8286.8,16.8,17.9,22.3,0.0,8.3,91.7,0.0,0.832,MUDDY,21,AVOID,high retained moisture creates muddy or saturated risk; light precipitation today,253,47
2026-10-13,Shenanigans,Deer Valley,WG012,40.62034189886961,-111.49849814997506,8237.7,51,54.3,43.0,48.2,0.091,0.0,0.0,0.091,1.099,1.111,48.4,53.2,0,0.0,0.0,0.0,0.0,0.0,0,0.2,8225.2,8255.4,8237.7,16.3,16.2,19.8,0.0,0.0,85.7,14.3,0.837,MUDDY,21,AVOID,high retained moisture creates muddy or saturated risk; light precipitation today,253,47
2026-10-13,Thieves Forest,Deer Valley,WG013,40.61553068086176,-111.48245627012813,8597.7,51,52.4,41.1,46.3,0.091,0.0,0.0,0.091,1.099,1.111,46.5,50.9,0,0.0,0.0,0.0,0.0,0.0,0,0.5,8441.5,8810.3,8597.7,19.6,20.1,27.0,0.0,2.5,90.0,7.5,0.833,MUDDY,21,AVOID,high retained moisture creates muddy or saturated risk; light precipitation today,253,47
2026-10-13,Upper Devo Trail,Deer Valley,WG033,40.62826200901757,-111.4850494481263,8097.8,51,54.8,43.5,48.7,0.091,0.0,0.0,0.091,1.099,1.127,48.900000000000006,53.48571428571429,0,0.0,0.0,0.0,0.0,0.0,0,0.2,8012.6,8210.0,8097.8,15.1,15.6,18.3,0.0,0.0,100.0,0.0,0.827,MUDDY,21,AVOID,high retained moisture creates muddy or saturated risk; light precipitation today,253,47
2026-10-13,Aspen Slalom,Deer Valley,WG013,40.61311265842392,-111.48457791355952,8816.9,51,52.4,41.1,46.3,0.091,0.0,0.0,0.091,1.099,1.111,46.5,50.9,0,0.0,0.0,0.0,0.0,0.0,0,1.4,8481.2,9250.5,8816.9,18.7,18.5,29.6,0.0,39.7,59.5,0.8,0.861,MUDDY,20,AVOID,high retained moisture creates muddy or saturated risk; light precipitation today,261,53
2026-10-13,Black Forest,Deer Valley,WG016,40.61940428916709,-111.52036519166067,8929.3,51,52.3,41.0,46.2,0.091,0.0,0.0,0.091,1.099,1.111,46.4,50.785714285714285,0,0.0,0.0,0.0,0.0,0.0,0,0.8,8567.5,9099.9,8929.3,15.9,16.4,31.7,3.0,9.1,77.3,10.6,0.848,MUDDY,20,AVOID,high retained moisture creates muddy or saturated risk; light precipitation today,261,53
2026-10-13,Boulder,Deer Valley,WG013,40.61539223980999,-111.50399769475118,8635.0,51,52.4,41.1,46.3,0.091,0.0,0.0,0.091,1.099,1.111,46.5,50.9,0,0.0,0.0,0.0,0.0,0.0,0,1.4,8415.7,8851.3,8635.0,15.8,15.5,21.0,0.0,19.7,80.3,0.0,0.842,MUDDY,20,AVOID,high retained moisture creates muddy or saturated risk; light precipitation today,261,53
2026-10-13,Boulder / Trump,Deer Valley,WG013,40.610998229404565,-111.50208555144307,8996.4,51,52.4,41.1,46.3,0.091,0.0,0.0,0.091,1.099,1.111,46.5,50.9,0,0.0,0.0,0.0,0.0,0.0,0,0.4,8942.9,9037.1,8996.4,12.9,12.6,22.7,0.0,8.6,60.0,31.4,0.861,MUDDY,20,AVOID,high retained moisture creates muddy or saturated risk; light precipitation today,261,53
2026-10-13,CMG,Park City / PCMR,WG035,40.645848884326966,-111.51679268892973,7606.5,51,56.3,45.0,50.2,0.091,0.0,0.0,0.091,1.099,1.17,50.4,55.04285714285714,0,0.0,0.0,0.0,0.0,0.0,0,2.9,7010.6,8231.6,7606.5,21.0,21.5,38.4,0.0,36.1,41.0,22.9,0.864,MUDDY,20,AVOID,high retained moisture creates muddy or saturated risk; light precipitation today,261,36
2026-10-13,Corvair,Deer Valley,WG016,40.61099169805087,-111.51230389508405,8648.6,51,52.3,41.0,46.2,0.091,0.0,0.0,0.091,1.099,1.111,46.4,50.785714285714285,0,0.0,0.0,0.0,0.0,0.0,0,1.3,8388.6,8848.4,8648.6,19.4,19.3,30.4,0.0,7.1,73.5,19.5,0.848,MUDDY,20,AVOID,high retained moisture creates muddy or saturated risk; light precipitation today,261,53
2026-10-13,Corvair Connector,Deer Valley,WG016,40.61070239150149,-111.5115633319795,8812.1,51,52.3,41.0,46.2,0.091,0.0,0.0,0.091,1.099,1.111,46.4,50.785714285714285,0,0.0,0.0,0.0,0.0,0.0,0,0.1,8779.5,8843.9,8812.1,12.3,11.4,17.1,0.0,0.0,80.0,20.0,0.842,MUDDY,20,AVOID,high retained moisture creates muddy or saturated risk; light precipitation today,261,53
2026-10-13,Crescent Ridge,Park City / PCMR,WG036,40.64328062856461,-111.5205999025961,8289.2,51,54.0,42.7,47.9,0.091,0.0,0.0,0.091,1.099,1.127,48.1,52.7,0,0.0,0.0,0.0,0.0,0.0,0,1.0,7832.5,8633.9,8289.2,11.1,10.8,16.6,1.1,23.2,75.8,0.0,0.85,MUDDY,20,AVOID,high retained moisture creates muddy or saturated risk; light precipitation today,261,36
2026-10-13,Daly Canyon,Deer Valley,WG011,40.620194319264456,-111.50922727258838,7986.4,51,55.5,44.2,49.4,0.091,0.0,0.0,0.091,1.099,1.127,49.63333333333333,54.22857142857144,0,0.0,0.0,0.0,0.0,0.0,0,0.4,7856.6,8124.1,7986.4,10.4,9.7,18.5,0.0,17.5,55.0,27.5,0.844,MUDDY,20,AVOID,high retained moisture creates muddy or saturated risk; light precipitation today,261,53
2026-10-13,East Fallen Pines Lane,Park City / PCMR,WG022,40.61551642366452,-111.57912837068116,8712.4,51,52.6,41.2,46.4,0.091,0.0,0.0,0.091,1.099,1.198,46.63333333333333,50.51428571428572,0,0.0,0.0,0.0,0.0,0.0,0,0.6,8602.1,8801.9,8712.4,12.6,12.9,19.7,0.0,2.0,72.0,26.0,0.866,MUDDY,20,AVOID,high retained moisture creates muddy or saturated risk; light precipitation today,261,36
2026-10-13,Empire Link,Deer Valley,WG012,40.62422557470265,-111.50748256286928,8022.2,51,54.3,43.0,48.2,0.091,0.0,0.0,0.091,1.099,1.111,48.4,53.2,0,0.0,0.0,0.0,0.0,0.0,0,2.2,7856.6,8281.6,8022.2,22.6,23.7,35.5,4.7,19.4,50.3,25.7,0.874,MUDDY,20,AVOID,high retained moisture creates muddy or saturated risk; light precipitation today,261,53
2026-10-13,Evil Empire,Park City / PCMR,WG016,40.61923823662483,-111.52513988679308,8746.8,51,52.3,41.0,46.2,0.091,0.0,0.0,0.091,1.099,1.111,46.4,50.785714285714285,0,0.0,0.0,0.0,0.0,0.0,0,0.9,8443.1,9143.3,8746.8,13.8,14.4,22.8,0.0,0.0,68.0,32.0,0.853,MUDDY,20,AVOID,high retained moisture creates muddy or saturated risk; light precipitation today,261,36
2026-10-13,H.A.M.,Park City / PCMR,WG035,40.64547382276132,-111.53139851516626,7780.5,51,56.3,45.0,50.2,0.091,0.0,0.0,0.091,1.099,1.17,50.4,55.04285714285714,0,0.0,0.0,0.0,0.0,0.0,0,0.8,7699.4,7896.1,7780.5,25.5,24.6,37.0,1.4,15.9,36.2,46.4,0.87,MUDDY,20,AVOID,high retained moisture creates muddy or saturated risk; light precipitation today,261,36
2026-10-13,Jenni's Trail,Park City / PCMR,WG034,40.64869166733497,-111.51220769740809,7207.7,51,57.6,46.3,51.5,0.091,0.0,0.0,0.091,1.099,1.17,51.73333333333334,56.42857142857143,0,0.0,0.0,0.0,0.0,0.0,0,1.4,6966.1,7501.1,7207.7,15.8,15.8,25.3,1.6,8.9,35.5,54.0,0.845,MUDDY,20,AVOID,high retained moisture creates muddy or saturated risk; light precipitation today,261,36
2026-10-13,Jenni's Trail upper,Park City / PCMR,WG035,40.63937813819639,-111.5112423147728,7789.7,51,56.3,45.0,50.2,0.091,0.0,0.0,0.091,1.099,1.17,50.4,55.04285714285714,0,0.0,0.0,0.0,0.0,0.0,0,3.1,7487.3,8174.7,7789.7,20.5,20.2,38.0,0.0,22.6,47.4,30.1,0.858,MUDDY,20,AVOID,high retained moisture creates muddy or saturated risk; light precipitation today,261,36
2026-10-13,Johns Trail,Park City / PCMR,WG033,40.63760825426597,-111.50539626371148,8041.4,51,54.8,43.5,48.7,0.091,0.0,0.0,0.091,1.099,1.127,48.900000000000006,53.48571428571429,0,0.0,0.0,0.0,0.0,0.0,0,1.8,7711.1,8249.6,8041.4,13.1,13.9,25.5,8.2,3.8,53.5,34.6,0.852,MUDDY,20,AVOID,high retained moisture creates muddy or saturated risk; light precipitation today,261,36
2026-10-13,Link,Deer Valley,WG015,40.624117394272574,-111.51614328186776,8385.3,51,54.1,42.8,48.0,0.091,0.0,0.0,0.091,1.099,1.127,48.2,52.8,0,0.0,0.0,0.0,0.0,0.0,0,0.7,8257.2,8456.8,8385.3,21.9,23.1,32.9,1.6,0.0,67.7,30.6,0.858,MUDDY,20,AVOID,high retained moisture creates muddy or saturated risk; light precipitation today,261,53
2026-10-13,Moosebones,Deer Valley,WG013,40.61167254823319,-111.50326786094648,8857.2,51,52.4,41.1,46.3,0.091,0.0,0.0,0.091,1.099,1.111,46.5,50.9,0,0.0,0.0,0.0,0.0,0.0,0,0.9,8763.2,8943.9,8857.2,15.8,17.3,22.9,0.0,52.5,46.2,1.2,0.873,MUDDY,20,AVOID,high retained moisture creates muddy or saturated risk; light precipitation today,261,53
2026-10-13,Ontario Canyon,Deer Valley,WG013,40.61130277448227,-111.48755898005427,8755.1,51,52.4,41.1,46.3,0.091,0.0,0.0,0.091,1.099,1.111,46.5,50.9,0,0.0,0.0,0.0,0.0,0.0,0,2.0,8138.9,9327.9,8755.1,12.1,11.9,26.1,7.9,28.4,56.8,6.8,0.871,MUDDY,20,AVOID,high retained moisture creates muddy or saturated risk; light precipitation today,261,53
2026-10-13,Red Bull,Park City / PCMR,WG035,40.63958635838598,-111.51326842477698,7769.0,51,56.3,45.0,50.2,0.091,0.0,0.0,0.091,1.099,1.17,50.4,55.04285714285714,0,0.0,0.0,0.0,0.0,0.0,0,1.2,7139.7,8293.6,7769.0,19.0,20.4,29.9,0.0,0.0,48.6,51.4,0.857,MUDDY,20,AVOID,high retained moisture creates muddy or saturated risk; light precipitation today,261,36
2026-10-13,Regulator Trail,Deer Valley,WG033,40.62910164594688,-111.48142418804063,8033.8,51,54.8,43.5,48.7,0.091,0.0,0.0,0.091,1.099,1.127,48.900000000000006,53.48571428571429,0,0.0,0.0,0.0,0.0,0.0,0,1.4,7733.1,8330.3,8033.8,22.2,21.4,35.8,0.0,25.0,66.7,8.3,0.858,MUDDY,20,AVOID,high retained moisture creates muddy or saturated risk; light precipitation today,261,53
2026-10-13,Seldom Seen,Park City / PCMR,WG034,40.64892938917546,-111.51571616491609,7435.6,51,57.6,46.3,51.5,0.091,0.0,0.0,0.091,1.099,1.17,51.73333333333334,56.42857142857143,0,0.0,0.0,0.0,0.0,0.0,0,1.9,7104.9,7720.5,7435.6,20.5,19.1,37.4,0.6,9.2,19.0,71.2,0.859,MUDDY,20,AVOID,high retained moisture creates muddy or saturated risk; light precipitation today,261,36
2026-10-13,Short Fuse,Park City / PCMR,WG036,40.6346970517688,-111.52339576593836,8439.4,51,54.0,42.7,47.9,0.091,0.0,0.0,0.091,1.099,1.127,48.1,52.7,0,0.0,0.0,0.0,0.0,0.0,0,0.3,8340.4,8526.1,8439.4,19.4,21.8,26.7,0.0,3.7,77.8,18.5,0.847,MUDDY,20,AVOID,high retained moisture creates muddy or saturated risk; light precipitation today,261,36
2026-10-13,Spiro Trail,Park City / PCMR,WG035,40.64755384631944,-111.52407012433112,7617.4,51,56.3,45.0,50.2,0.091,0.0,0.0,0.091,1.099,1.17,50.4,55.04285714285714,0,0.0,0.0,0.0,0.0,0.0,0,3.1,6934.7,8185.7,7617.4,21.4,21.5,33.5,0.0,37.4,43.9,18.7,0.862,MUDDY,20,AVOID,high retained moisture creates muddy or saturated risk; light precipitation today,261,36
2026-10-13,Sunset,Deer Valley,WG013,40.61222429898699,-111.48546906629171,8777.5,51,52.4,41.1,46.3,0.091,0.0,0.0,0.091,1.099,1.111,46.5,50.9,0,0.0,0.0,0.0,0.0,0.0,0,1.2,8436.0,9053.2,8777.5,15.2,14.9,28.2,0.0,51.4,45.9,2.7,0.874,MUDDY,20,AVOID,high retained moisture creates muddy or saturated risk; light precipitation today,261,53
2026-10-13,Team Big Bear,Deer Valley,WG013,40.61639926546102,-111.50010669410356,8610.0,51,52.4,41.1,46.3,0.091,0.0,0.0,0.091,1.099,1.111,46.5,50.9,0,0.0,0.0,0.0,0.0,0.0,0,1.3,8332.9,8855.8,8610.0,15.5,15.9,23.1,0.0,13.8,68.8,17.4,0.853,MUDDY,20,AVOID,high retained moisture creates muddy or saturated risk; light precipitation today,261,53
2026-10-13,Thaynes Canyon,Park City / PCMR,WG037,40.62644528922062,-111.539067377105,8520.6,51,52.9,41.6,46.8,0.091,0.0,0.0,0.091,1.099,1.127,47.0,51.58571428571429,0,0.0,0.0,0.0,0.0,0.0,0,1.2,8185.7,8832.6,8520.6,11.3,10.7,22.7,1.0,13.1,81.8,4.0,0.845,MUDDY,20,AVOID,high retained moisture creates muddy or saturated risk; light precipitation today,261,36
2026-10-13,Thieves Forrest,Deer Valley,WG014,40.611364491739,-111.4804590615015,9072.7,51,51.5,40.1,45.3,0.091,0.0,0.0,0.091,1.099,1.111,45.53333333333333,49.885714285714286,0,0.0,0.0,0.0,0.0,0.0,0,0.3,8820.3,9276.0,9072.7,18.5,18.9,29.1,0.0,0.0,89.7,10.3,0.865,MUDDY,20,AVOID,high retained moisture creates muddy or saturated risk; light precipitation today,261,53
2026-10-13,Three Candles,Park City / PCMR,WG037,40.62931137475258,-111.52248914366156,8843.3,51,52.9,41.6,46.8,0.091,0.0,0.0,0.091,1.099,1.127,47.0,51.58571428571429,0,0.0,0.0,0.0,0.0,0.0,0,0.7,8739.8,8959.2,8843.3,10.2,9.4,21.3,0.0,0.0,55.7,44.3,0.868,MUDDY,20,AVOID,high retained moisture creates muddy or saturated risk; light precipitation today,261,36
2026-10-13,Trestle,Park City / PCMR,WG033,40.63650074050743,-111.50791633233914,8071.5,51,54.8,43.5,48.7,0.091,0.0,0.0,0.091,1.099,1.127,48.900000000000006,53.48571428571429,0,0.0,0.0,0.0,0.0,0.0,0,1.3,7656.2,8253.4,8071.5,17.4,18.3,30.5,0.0,46.6,48.3,5.1,0.85,MUDDY,20,AVOID,high retained moisture creates muddy or saturated risk; light precipitation today,261,36
2026-10-13,Apex,Park City / PCMR,WG038,40.62520958876211,-111.53395003281469,9146.4,51,51.1,39.8,45.0,0.091,0.0,0.0,0.091,1.099,1.143,45.2,49.285714285714285,0,0.0,0.0,0.0,0.0,0.0,0,2.2,8755.5,9591.9,9146.4,18.6,17.3,36.0,0.0,34.4,65.1,0.5,0.895,MUDDY,19,AVOID,high retained moisture creates muddy or saturated risk; light precipitation today,291,51
2026-10-13,Brighton Lakes Trail,Park City / PCMR,WG009,40.59287052758444,-111.58751257009568,9276.0,51,51.0,39.6,44.8,0.091,0.0,0.0,0.091,1.099,1.111,45.03333333333333,49.21428571428572,0,0.0,0.0,0.0,0.0,0.0,0,1.9,8827.7,9547.3,9276.0,15.1,13.7,36.8,6.5,16.0,50.9,26.6,0.908,MUDDY,19,AVOID,high retained moisture creates muddy or saturated risk; light precipitation today,291,51
2026-10-13,Claim Jumper,Park City / PCMR,WG036,40.63958065995946,-111.52518162563226,8147.6,51,54.0,42.7,47.9,0.091,0.0,0.0,0.091,1.099,1.127,48.1,52.7,0,0.0,0.0,0.0,0.0,0.0,0,1.4,7689.3,8633.5,8147.6,17.2,19.1,28.0,2.3,66.9,21.1,9.8,0.902,MUDDY,19,AVOID,high retained moisture creates muddy or saturated risk; light precipitation today,291,51
2026-10-13,Colony Mid Mountain Connector,Park City / PCMR,WG052,40.65011049975458,-111.53932673410868,8429.2,51,53.7,42.3,47.5,0.091,0.0,0.0,0.091,1.099,1.166,47.73333333333333,52.114285714285714,0,0.0,0.0,0.0,0.0,0.0,0,0.5,8408.0,8464.3,8429.2,26.1,29.3,34.9,0.0,0.0,17.9,82.1,0.91,MUDDY,19,AVOID,high retained moisture creates muddy or saturated risk; light precipitation today,291,51
2026-10-13,Comstock Mine Trail,Park City / PCMR,WG019,40.62270505527668,-111.54357954562096,8723.6,51,52.6,41.3,46.5,0.091,0.0,0.0,0.091,1.099,1.143,46.73333333333334,50.8,0,0.0,0.0,0.0,0.0,0.0,0,0.6,8545.6,8846.5,8723.6,13.4,13.2,25.9,0.0,0.0,13.5,86.5,0.91,MUDDY,19,AVOID,high retained moisture creates muddy or saturated risk; light precipitation today,291,51
2026-10-13,Corvair (Upper),Deer Valley,WG016,40.60840912265719,-111.51090449857222,8883.3,51,52.3,41.0,46.2,0.091,0.0,0.0,0.091,1.099,1.111,46.4,50.785714285714285,0,0.0,0.0,0.0,0.0,0.0,0,0.7,8839.3,8949.2,8883.3,19.9,19.0,29.7,0.0,0.0,43.5,56.5,0.876,MUDDY,19,AVOID,high retained moisture creates muddy or saturated risk; light precipitation today,291,68
2026-10-13,Daly Grind,Deer Valley,WG011,40.62436395642222,-111.5065519695764,7745.3,51,55.5,44.2,49.4,0.091,0.0,0.0,0.091,1.099,1.127,49.63333333333333,54.22857142857144,0,0.0,0.0,0.0,0.0,0.0,0,0.3,7630.5,7856.6,7745.3,10.8,9.8,18.2,0.0,0.0,14.3,85.7,0.88,MUDDY,19,AVOID,high retained moisture creates muddy or saturated risk; light precipitation today,291,68
2026-10-13,Deer Camp,Deer Valley,WG013,40.60519585339864,-111.4911066437841,8920.6,51,52.4,41.1,46.3,0.091,0.0,0.0,0.091,1.099,1.111,46.5,50.9,0,0.0,0.0,0.0,0.0,0.0,0,0.7,8822.7,8995.5,8920.6,10.1,10.4,15.8,0.0,69.2,18.5,12.3,0.899,MUDDY,19,AVOID,high retained moisture creates muddy or saturated risk; light precipitation today,291,68
2026-10-13,Flagstaff Loop,Deer Valley,WG013,40.60758047007656,-111.496735533601,8898.0,51,52.4,41.1,46.3,0.091,0.0,0.0,0.091,1.099,1.111,46.5,50.9,0,0.0,0.0,0.0,0.0,0.0,0,3.0,8785.5,9010.6,8898.0,10.1,10.0,23.7,8.7,13.0,40.1,38.3,0.887,MUDDY,19,AVOID,high retained moisture creates muddy or saturated risk; light precipitation today,291,68
2026-10-13,Gotcha Cuttoff,Park City / PCMR,WG035,40.64587964864319,-111.5166123821088,7673.2,51,56.3,45.0,50.2,0.091,0.0,0.0,0.091,1.099,1.17,50.4,55.04285714285714,0,0.0,0.0,0.0,0.0,0.0,0,1.5,7178.9,8078.5,7673.2,20.8,21.4,35.8,0.8,0.0,3.1,96.2,0.899,MUDDY,19,AVOID,high retained moisture creates muddy or saturated risk; light precipitation today,291,51
2026-10-13,Holy Roller,Deer Valley,WG013,40.6113609111251,-111.48708066137604,8716.2,51,52.4,41.1,46.3,0.091,0.0,0.0,0.091,1.099,1.111,46.5,50.9,0,0.0,0.0,0.0,0.0,0.0,0,4.2,8121.6,9298.2,8716.2,17.9,17.7,32.1,20.8,29.4,36.0,13.9,0.902,MUDDY,19,AVOID,high retained moisture creates muddy or saturated risk; light precipitation today,291,68
2026-10-13,Johns 99,Deer Valley,WG015,40.62450457371346,-111.51231498110546,8231.6,51,54.1,42.8,48.0,0.091,0.0,0.0,0.091,1.099,1.127,48.2,52.8,0,0.0,0.0,0.0,0.0,0.0,0,0.6,8182.7,8279.9,8231.6,22.2,21.3,31.9,26.9,0.0,36.5,36.5,0.91,MUDDY,19,AVOID,high retained moisture creates muddy or saturated risk; light precipitation today,291,68
2026-10-13,Mid-Mountain Trail,Park City / PCMR,WG036,40.64534582424172,-111.53118141177607,8168.3,51,54.0,42.7,47.9,0.091,0.0,0.0,0.091,1.099,1.127,48.1,52.7,0,0.0,0.0,0.0,0.0,0.0,0,18.5,7828.1,8515.6,8168.3,22.2,22.8,43.0,9.3,15.6,32.0,43.0,0.898,MUDDY,19,AVOID,high retained moisture creates muddy or saturated risk; light precipitation today,291,51
2026-10-13,Miner's Mile,Park City / PCMR,WG036,40.62728968091632,-111.51804021102016,8457.0,51,54.0,42.7,47.9,0.091,0.0,0.0,0.091,1.099,1.127,48.1,52.7,0,0.0,0.0,0.0,0.0,0.0,0,0.4,8340.5,8549.3,8457.0,7.8,7.9,11.2,0.0,0.0,21.6,78.4,0.899,MUDDY,19,AVOID,high retained moisture creates muddy or saturated risk; light precipitation today,291,51
2026-10-13,Mojave,Park City / PCMR,WG037,40.634971780917176,-111.5211432294971,8540.4,51,52.9,41.6,46.8,0.091,0.0,0.0,0.091,1.099,1.127,47.0,51.58571428571429,0,0.0,0.0,0.0,0.0,0.0,0,0.9,8364.7,8732.7,8540.4,18.7,19.2,30.2,0.0,86.7,13.3,0.0,0.907,MUDDY,19,AVOID,high retained moisture creates muddy or saturated risk; light precipitation today,291,51
2026-10-13,Old Homeward Bound,Deer Valley,WG012,40.61357496233911,-111.48964629692756,8441.1,51,54.3,43.0,48.2,0.091,0.0,0.0,0.091,1.099,1.111,48.4,53.2,0,0.0,0.0,0.0,0.0,0.0,0,0.7,8264.5,8597.2,8441.1,23.2,23.8,29.4,0.0,71.2,28.8,0.0,0.889,MUDDY,19,AVOID,high retained moisture creates muddy or saturated risk; light precipitation today,291,68
2026-10-13,Payroll,Deer Valley,WG013,40.61095393430099,-111.5094443089702,8630.4,51,52.4,41.1,46.3,0.091,0.0,0.0,0.091,1.099,1.111,46.5,50.9,0,0.0,0.0,0.0,0.0,0.0,0,0.3,8529.1,8727.3,8630.4,18.9,19.2,27.9,0.0,3.4,13.8,82.8,0.903,MUDDY,19,AVOID,high retained moisture creates muddy or saturated risk; light precipitation today,291,68
2026-10-13,Rosebud,Park City / PCMR,WG036,40.63966083548988,-111.52257618003053,8390.4,51,54.0,42.7,47.9,0.091,0.0,0.0,0.091,1.099,1.127,48.1,52.7,0,0.0,0.0,0.0,0.0,0.0,0,0.4,8315.5,8439.7,8390.4,17.4,16.4,24.9,0.0,75.7,24.3,0.0,0.897,MUDDY,19,AVOID,high retained moisture creates muddy or saturated risk; light precipitation today,291,51
2026-10-13,Sam's Trail,Deer Valley,WG012,40.61912724197413,-111.50964994268364,8145.3,51,54.3,43.0,48.2,0.091,0.0,0.0,0.091,1.099,1.111,48.4,53.2,0,0.0,0.0,0.0,0.0,0.0,0,0.9,8032.3,8261.1,8145.3,21.8,22.0,27.6,0.0,47.5,13.8,38.8,0.903,MUDDY,19,AVOID,high retained moisture creates muddy or saturated risk; light precipitation today,291,68
2026-10-13,Secret of My Success Trail,Deer Valley,WG033,40.62597453280468,-111.48566192002252,8293.6,51,54.8,43.5,48.7,0.091,0.0,0.0,0.091,1.099,1.127,48.900000000000006,53.48571428571429,0,0.0,0.0,0.0,0.0,0.0,0,0.4,8228.9,8353.6,8293.6,19.1,20.0,25.2,0.0,59.5,40.5,0.0,0.882,MUDDY,19,AVOID,high retained moisture creates muddy or saturated risk; light precipitation today,291,68
2026-10-13,Speedbag,Deer Valley,WG011,40.624406811076895,-111.50919273225593,7987.6,51,55.5,44.2,49.4,0.091,0.0,0.0,0.091,1.099,1.127,49.63333333333333,54.22857142857144,0,0.0,0.0,0.0,0.0,0.0,0,0.8,7729.6,8257.2,7987.6,24.5,24.9,33.1,22.1,0.0,19.1,58.8,0.896,MUDDY,19,AVOID,high retained moisture creates muddy or saturated risk; light precipitation today,291,68
2026-10-13,T&G,Deer Valley,WG016,40.611941402305575,-111.51506977898008,8673.3,51,52.3,41.0,46.2,0.091,0.0,0.0,0.091,1.099,1.111,46.4,50.785714285714285,0,0.0,0.0,0.0,0.0,0.0,0,1.2,8586.9,8760.0,8673.3,16.7,19.3,29.1,19.0,9.5,34.3,37.1,0.902,MUDDY,19,AVOID,high retained moisture creates muddy or saturated risk; light precipitation today,291,68
2026-10-13,T&G 2,Deer Valley,WG016,40.62089143656375,-111.51568549288604,8599.5,51,52.3,41.0,46.2,0.091,0.0,0.0,0.091,1.099,1.111,46.4,50.785714285714285,0,0.0,0.0,0.0,0.0,0.0,0,0.9,8357.2,8729.4,8599.5,20.7,23.5,35.6,2.6,0.0,42.1,55.3,0.879,MUDDY,19,AVOID,high retained moisture creates muddy or saturated risk; light precipitation today,291,68
2026-10-13,Tidal Wave,Deer Valley,WG013,40.610548014761406,-111.48897388892838,8737.9,51,52.4,41.1,46.3,0.091,0.0,0.0,0.091,1.099,1.111,46.5,50.9,0,0.0,0.0,0.0,0.0,0.0,0,2.7,8128.2,9286.4,8737.9,20.0,21.7,33.5,3.3,55.8,23.1,17.8,0.898,MUDDY,19,AVOID,high retained moisture creates muddy or saturated risk; light precipitation today,291,68
2026-10-13,Tommys Two Step,Park City / PCMR,WG036,40.629024211109055,-111.51829238121942,8474.2,51,54.0,42.7,47.9,0.091,0.0,0.0,0.091,1.099,1.127,48.1,52.7,0,0.0,0.0,0.0,0.0,0.0,0,1.5,8250.0,8718.0,8474.2,21.9,22.0,33.1,13.6,0.0,31.1,55.3,0.903,MUDDY,19,AVOID,high retained moisture creates muddy or saturated risk; light precipitation today,291,51
2026-10-13,Tour De Suds (Upper),Deer Valley,WG013,40.614682713092186,-111.50609195133156,8563.5,51,52.4,41.1,46.3,0.091,0.0,0.0,0.091,1.099,1.111,46.5,50.9,0,0.0,0.0,0.0,0.0,0.0,0,0.7,8407.1,8694.1,8563.5,17.1,16.8,24.3,0.0,74.6,25.4,0.0,0.892,MUDDY,19,AVOID,high retained moisture creates muddy or saturated risk; light precipitation today,291,68
2026-10-13,Trump,Deer Valley,WG013,40.60903529522874,-111.4964159868453,8771.6,51,52.4,41.1,46.3,0.091,0.0,0.0,0.091,1.099,1.111,46.5,50.9,0,0.0,0.0,0.0,0.0,0.0,0,0.6,8585.9,8974.3,8771.6,9.3,8.1,20.4,1.7,0.0,26.7,71.7,0.893,MUDDY,19,AVOID,high retained moisture creates muddy or saturated risk; light precipitation today,291,68
2026-10-13,Tsunami,Deer Valley,WG013,40.61166268615432,-111.48706860055302,8747.8,51,52.4,41.1,46.3,0.091,0.0,0.0,0.091,1.099,1.111,46.5,50.9,0,0.0,0.0,0.0,0.0,0.0,0,1.2,8508.1,8991.5,8747.8,18.1,17.6,28.8,0.0,72.8,27.2,0.0,0.891,MUDDY,19,AVOID,high retained moisture creates muddy or saturated risk; light precipitation today,291,68
2026-10-13,Twist and Shout,Deer Valley,WG013,40.61146669404505,-111.486662413967,8799.9,51,52.4,41.1,46.3,0.091,0.0,0.0,0.091,1.099,1.111,46.5,50.9,0,0.0,0.0,0.0,0.0,0.0,0,1.0,8512.5,9065.3,8799.9,17.9,18.6,28.0,0.0,81.3,18.7,0.0,0.899,MUDDY,19,AVOID,high retained moisture creates muddy or saturated risk; light precipitation today,291,68
2026-10-13,Wowza Trail,Deer Valley,WG006,40.58754867198866,-111.51557993987645,8552.8,51,53.1,41.8,47.0,0.091,0.0,0.0,0.091,1.099,1.111,47.23333333333333,51.62857142857143,0,0.0,0.0,0.0,0.0,0.0,0,1.2,8375.1,8733.0,8552.8,12.1,11.9,25.4,10.4,1.0,31.2,57.3,0.897,MUDDY,19,AVOID,high retained moisture creates muddy or saturated risk; light precipitation today,291,68
2026-10-13,Alta-Brighton Trail,Park City / PCMR,WG009,40.59874189108338,-111.5904390735144,9081.0,51,51.0,39.6,44.8,0.091,0.0,0.0,0.091,1.099,1.111,45.03333333333333,49.21428571428572,0,0.0,0.0,0.0,0.0,0.0,0,0.9,8748.9,9462.1,9081.0,12.4,11.7,28.0,13.5,2.7,25.7,58.1,0.939,MUDDY,18,AVOID,high retained moisture creates muddy or saturated risk; light precipitation today,321,62
2026-10-13,Bonanza Loop Trail,Deer Valley,WG016,40.60282163896819,-111.52815381158308,8908.5,51,52.3,41.0,46.2,0.091,0.0,0.0,0.091,1.099,1.111,46.4,50.785714285714285,0,0.0,0.0,0.0,0.0,0.0,0,4.8,8695.4,9086.5,8908.5,11.5,11.2,26.8,44.0,4.9,11.1,40.0,0.946,MUDDY,18,AVOID,high retained moisture creates muddy or saturated risk; light precipitation today,321,87
2026-10-13,Easy Rider,Park City / PCMR,WG009,40.59580193116481,-111.57632308440664,9141.3,51,51.0,39.6,44.8,0.091,0.0,0.0,0.091,1.099,1.111,45.03333333333333,49.21428571428572,0,0.0,0.0,0.0,0.0,0.0,0,2.3,8764.0,9471.9,9141.3,14.6,13.4,33.3,0.5,82.3,16.1,1.0,0.935,MUDDY,18,AVOID,high retained moisture creates muddy or saturated risk; light precipitation today,321,62
2026-10-13,Empire Lodge,Deer Valley,WG015,40.61442062316093,-111.51298418240138,8439.2,51,54.1,42.8,48.0,0.091,0.0,0.0,0.091,1.099,1.127,48.2,52.8,0,0.0,0.0,0.0,0.0,0.0,0,0.4,8326.0,8614.8,8439.2,13.0,12.8,26.8,28.2,0.0,5.1,66.7,0.94,MUDDY,18,AVOID,high retained moisture creates muddy or saturated risk; light precipitation today,321,87
2026-10-13,Fat Lip,Park City / PCMR,WG016,40.62192963761681,-111.5279713594279,8931.1,51,52.3,41.0,46.2,0.091,0.0,0.0,0.091,1.099,1.111,46.4,50.785714285714285,0,0.0,0.0,0.0,0.0,0.0,0,1.0,8870.4,8982.9,8931.1,20.9,20.7,36.0,34.9,0.0,6.0,59.0,0.942,MUDDY,18,AVOID,high retained moisture creates muddy or saturated risk; light precipitation today,321,62
2026-10-13,Flat Iron,Park City / PCMR,WG036,40.62696082564811,-111.51719430456902,8393.5,51,54.0,42.7,47.9,0.091,0.0,0.0,0.091,1.099,1.127,48.1,52.7,0,0.0,0.0,0.0,0.0,0.0,0,0.6,8260.7,8492.0,8393.5,15.3,14.7,28.6,19.2,0.0,15.4,65.4,0.922,MUDDY,18,AVOID,high retained moisture creates muddy or saturated risk; light precipitation today,321,62
2026-10-13,Forest Glen Trail,Park City / PCMR,WG022,40.61089948644494,-111.5784844905115,8765.8,51,52.6,41.2,46.4,0.091,0.0,0.0,0.091,1.099,1.198,46.63333333333333,50.51428571428572,0,0.0,0.0,0.0,0.0,0.0,0,0.2,8661.3,8874.6,8765.8,24.6,26.4,35.4,0.0,95.2,4.8,0.0,0.928,MUDDY,18,AVOID,high retained moisture creates muddy or saturated risk; light precipitation today,321,62
2026-10-13,Heard It Both Ways Trail,Deer Valley,WG004,40.593082879194085,-111.49125770411068,8855.0,51,52.7,41.4,46.6,0.091,0.0,0.0,0.091,1.099,1.111,46.833333333333336,51.142857142857146,0,0.0,0.0,0.0,0.0,0.0,0,3.6,8658.9,9073.5,8855.0,15.0,14.9,30.6,38.3,18.2,15.2,28.4,0.937,MUDDY,18,AVOID,high retained moisture creates muddy or saturated risk; light precipitation today,321,87
2026-10-13,Johns '99,Park City / PCMR,WG033,40.62911828578874,-111.50998374795329,8128.2,51,54.8,43.5,48.7,0.091,0.0,0.0,0.091,1.099,1.127,48.900000000000006,53.48571428571429,0,0.0,0.0,0.0,0.0,0.0,0,1.1,8080.5,8193.1,8128.2,19.7,20.3,35.7,43.8,0.0,38.5,17.7,0.924,MUDDY,18,AVOID,high retained moisture creates muddy or saturated risk; light precipitation today,321,62
2026-10-13,Keystone Trail,Park City / PCMR,WG037,40.62506440637064,-111.53055382777043,8890.7,51,52.9,41.6,46.8,0.091,0.0,0.0,0.091,1.099,1.127,47.0,51.58571428571429,0,0.0,0.0,0.0,0.0,0.0,0,2.6,8572.7,9030.6,8890.7,17.5,17.7,34.7,19.5,26.7,25.8,28.1,0.913,MUDDY,18,AVOID,high retained moisture creates muddy or saturated risk; light precipitation today,321,62
2026-10-13,Little Chief,Deer Valley,WG015,40.61872839208637,-111.51243052868438,8322.6,51,54.1,42.8,48.0,0.091,0.0,0.0,0.091,1.099,1.127,48.2,52.8,0,0.0,0.0,0.0,0.0,0.0,0,0.7,8247.5,8462.5,8322.6,21.5,20.5,33.1,0.0,0.0,3.1,96.9,0.916,MUDDY,18,AVOID,high retained moisture creates muddy or saturated risk; light precipitation today,321,87
2026-10-13,McConkeys,Park City / PCMR,WG016,40.617956923480186,-111.52625119796232,8958.8,51,52.3,41.0,46.2,0.091,0.0,0.0,0.091,1.099,1.111,46.4,50.785714285714285,0,0.0,0.0,0.0,0.0,0.0,0,2.1,8486.4,9586.3,8958.8,14.0,13.8,26.4,1.1,3.2,40.3,55.4,0.913,MUDDY,18,AVOID,high retained moisture creates muddy or saturated risk; light precipitation today,321,62
2026-10-13,Mid-Mountain Connect,Park City / PCMR,WG036,40.63223012461414,-111.51309555497544,8201.7,51,54.0,42.7,47.9,0.091,0.0,0.0,0.091,1.099,1.127,48.1,52.7,0,0.0,0.0,0.0,0.0,0.0,0,0.1,8162.9,8233.9,8201.7,12.6,11.6,20.5,18.2,0.0,18.2,63.6,0.919,MUDDY,18,AVOID,high retained moisture creates muddy or saturated risk; light precipitation today,321,62
2026-10-13,Ore Cart,Deer Valley,WG015,40.621755910380834,-111.51139929264724,8146.4,51,54.1,42.8,48.0,0.091,0.0,0.0,0.091,1.099,1.127,48.2,52.8,0,0.0,0.0,0.0,0.0,0.0,0,0.3,8064.8,8251.4,8146.4,22.7,23.7,28.3,25.0,0.0,0.0,75.0,0.942,MUDDY,18,AVOID,high retained moisture creates muddy or saturated risk; light precipitation today,321,87
2026-10-13,Perrier Pass,Park City / PCMR,WG017,40.61814002894983,-111.53826776190397,9445.9,51,50.8,39.5,44.7,0.091,0.0,0.0,0.091,1.099,1.127,44.9,49.02857142857143,0,0.0,0.0,0.0,0.0,0.0,0,0.1,9397.1,9469.1,9445.9,21.9,24.1,25.7,0.0,0.0,90.9,9.1,0.934,MUDDY,18,AVOID,high retained moisture creates muddy or saturated risk; light precipitation today,321,62
2026-10-13,Pinecone Ridge,Park City / PCMR,WG039,40.63337906740186,-111.54644099265712,9084.9,51,51.3,40.0,45.2,0.091,0.0,0.0,0.091,1.099,1.143,45.43333333333334,49.51428571428572,0,0.0,0.0,0.0,0.0,0.0,0,3.9,8421.5,9841.4,9084.9,22.7,23.0,32.2,6.2,20.0,35.6,38.1,0.929,MUDDY,18,AVOID,high retained moisture creates muddy or saturated risk; light precipitation today,321,62
2026-10-13,Powerline Trail,Park City / PCMR,WG036,40.63015217582808,-111.53743024085954,8362.6,51,54.0,42.7,47.9,0.091,0.0,0.0,0.091,1.099,1.127,48.1,52.7,0,0.0,0.0,0.0,0.0,0.0,0,0.6,8185.7,8545.6,8362.6,13.0,13.1,19.1,0.0,3.6,7.3,89.1,0.912,MUDDY,18,AVOID,high retained moisture creates muddy or saturated risk; light precipitation today,321,62
2026-10-13,Silver Queen,Park City / PCMR,WG037,40.63391819864852,-111.51755091640152,8558.9,51,52.9,41.6,46.8,0.091,0.0,0.0,0.091,1.099,1.127,47.0,51.58571428571429,0,0.0,0.0,0.0,0.0,0.0,0,1.0,8376.5,8720.1,8558.9,22.5,23.1,30.5,2.5,0.0,0.0,97.5,0.921,MUDDY,18,AVOID,high retained moisture creates muddy or saturated risk; light precipitation today,321,62
2026-10-13,Steps,Park City / PCMR,WG037,40.63116043759045,-111.5173271228493,8520.8,51,52.9,41.6,46.8,0.091,0.0,0.0,0.091,1.099,1.127,47.0,51.58571428571429,0,0.0,0.0,0.0,0.0,0.0,0,1.0,8366.1,8730.0,8520.8,24.0,25.7,34.0,18.0,0.0,0.0,82.0,0.935,MUDDY,18,AVOID,high retained moisture creates muddy or saturated risk; light precipitation today,321,62
2026-10-13,Super G,Deer Valley,WG013,40.6078734147108,-111.486644562986,8939.8,51,52.4,41.1,46.3,0.091,0.0,0.0,0.091,1.099,1.111,46.5,50.9,0,0.0,0.0,0.0,0.0,0.0,0,0.4,8867.6,8997.5,8939.8,15.7,15.0,27.9,5.9,94.1,0.0,0.0,0.921,MUDDY,18,AVOID,high retained moisture creates muddy or saturated risk; light precipitation today,321,87
2026-10-13,Tricky Pickle Trail,Deer Valley,WG004,40.59197973531048,-111.49789592532872,8532.5,51,52.7,41.4,46.6,0.091,0.0,0.0,0.091,1.099,1.111,46.833333333333336,51.142857142857146,0,0.0,0.0,0.0,0.0,0.0,0,2.6,8268.2,8873.6,8532.5,20.0,22.3,31.9,21.7,70.8,0.9,6.6,0.935,MUDDY,18,AVOID,high retained moisture creates muddy or saturated risk; light precipitation today,321,87
2026-10-13,Tug of War Trail,Deer Valley,WG013,40.60218815889535,-111.4963014769127,8962.3,51,52.4,41.1,46.3,0.091,0.0,0.0,0.091,1.099,1.111,46.5,50.9,0,0.0,0.0,0.0,0.0,0.0,0,1.4,8867.6,9065.0,8962.3,16.3,16.3,25.0,52.5,23.3,23.3,0.8,0.942,MUDDY,18,AVOID,high retained moisture creates muddy or saturated risk; light precipitation today,321,87
2026-10-13,Twist & Shout,Deer Valley,WG012,40.61590669002216,-111.48826576454944,8415.6,51,54.3,43.0,48.2,0.091,0.0,0.0,0.091,1.099,1.111,48.4,53.2,0,0.0,0.0,0.0,0.0,0.0,0,0.2,8324.5,8505.1,8415.6,26.0,26.7,29.2,0.0,100.0,0.0,0.0,0.916,MUDDY,18,AVOID,high retained moisture creates muddy or saturated risk; light precipitation today,321,87
2026-10-13,Wasatch Wiggle Trail,Park City / PCMR,WG010,40.58570056880523,-111.57390345809982,9702.8,51,49.1,37.7,42.9,0.091,0.0,0.0,0.091,1.099,1.111,43.13333333333333,47.31428571428571,0,0.0,0.0,0.0,0.0,0.0,0,1.8,9472.6,9972.8,9702.8,13.0,13.0,32.2,0.0,5.2,87.7,7.1,0.934,MUDDY,18,AVOID,high retained moisture creates muddy or saturated risk; light precipitation today,321,62
2026-10-13,Bow Hunter,Deer Valley,WG014,40.60108596513679,-111.48484426536052,9020.3,51,51.5,40.1,45.3,0.091,0.0,0.0,0.091,1.099,1.111,45.53333333333333,49.885714285714286,0,0.0,0.0,0.0,0.0,0.0,0,0.7,8978.5,9076.6,9020.3,21.4,21.6,33.7,28.6,0.0,0.0,71.4,0.977,MUDDY,17,AVOID,high retained moisture creates muddy or saturated risk; light precipitation today,345,96
2026-10-13,Bow Hunter Extension,Deer Valley,WG005,40.59796119210968,-111.4848069886625,9014.7,51,51.6,40.2,45.4,0.091,0.0,0.0,0.091,1.099,1.111,45.63333333333333,49.98571428571428,0,0.0,0.0,0.0,0.0,0.0,0,0.2,8991.5,9031.2,9014.7,17.1,20.8,26.6,28.6,9.5,19.0,42.9,0.959,MUDDY,17,AVOID,high retained moisture creates muddy or saturated risk; light precipitation today,345,96
2026-10-13,Clayton Peak Trail,Park City / PCMR,WG010,40.58693552999217,-111.57085635011327,9813.5,51,49.1,37.7,42.9,0.091,0.0,0.0,0.091,1.099,1.111,43.13333333333333,47.31428571428571,0,0.0,0.0,0.0,0.0,0.0,0,2.0,9358.3,10347.8,9813.5,19.0,18.5,35.6,1.1,38.3,54.3,6.3,0.969,MUDDY,17,AVOID,high retained moisture creates muddy or saturated risk; light precipitation today,345,77
2026-10-13,Lavina,Deer Valley,WG006,40.58376333945228,-111.52567195673171,8621.7,51,53.1,41.8,47.0,0.091,0.0,0.0,0.091,1.099,1.111,47.23333333333333,51.62857142857143,0,0.0,0.0,0.0,0.0,0.0,0,1.0,8267.0,8818.5,8621.7,13.7,12.4,29.5,68.3,13.4,9.8,8.5,0.969,MUDDY,17,AVOID,high retained moisture creates muddy or saturated risk; light precipitation today,345,96
2026-10-13,Moose Tracks Trail,Park City / PCMR,WG009,40.59516414126596,-111.57427709390586,9258.1,51,51.0,39.6,44.8,0.091,0.0,0.0,0.091,1.099,1.111,45.03333333333333,49.21428571428572,0,0.0,0.0,0.0,0.0,0.0,0,0.9,9081.2,9389.1,9258.1,16.5,15.7,26.8,14.6,78.0,7.3,0.0,0.957,MUDDY,17,AVOID,high retained moisture creates muddy or saturated risk; light precipitation today,345,77
2026-10-13,Old Stage Crest Connect,Park City / PCMR,WG023,40.61247305094488,-111.5715274805363,9057.3,51,51.4,40.1,45.3,0.091,0.0,0.0,0.091,1.099,1.143,45.53333333333333,49.614285714285714,0,0.0,0.0,0.0,0.0,0.0,0,0.3,8989.0,9157.0,9057.3,21.7,19.4,31.0,10.7,75.0,14.3,0.0,0.953,MUDDY,17,AVOID,high retained moisture creates muddy or saturated risk; light precipitation today,345,77
2026-10-13,Pioneer Ridge,Park City / PCMR,WG018,40.61649374604546,-111.53892521633333,9598.5,51,49.2,37.9,43.1,0.091,0.0,0.0,0.091,1.099,1.111,43.3,47.4,0,0.0,0.0,0.0,0.0,0.0,0,0.8,9398.0,9865.2,9598.5,17.9,16.4,31.7,2.9,10.0,58.6,28.6,0.966,MUDDY,17,AVOID,high retained moisture creates muddy or saturated risk; light precipitation today,345,77
2026-10-13,Rock Chuck Trail,Park City / PCMR,WG008,40.58874474594925,-111.56839301918852,9680.6,51,49.0,37.6,42.8,0.091,0.0,0.0,0.091,1.099,1.154,43.03333333333333,47.09999999999999,0,0.0,0.0,0.0,0.0,0.0,0,1.0,9377.3,9855.0,9680.6,12.5,11.5,28.4,0.0,47.1,52.9,0.0,0.978,MUDDY,17,AVOID,high retained moisture creates muddy or saturated risk; light precipitation today,345,77
2026-10-13,Rogue Rider Trail,Park City / PCMR,WG020,40.60699361060532,-111.56187339427328,9423.9,51,50.5,39.2,44.4,0.091,0.0,0.0,0.091,1.099,1.127,44.63333333333333,48.75714285714286,0,0.0,0.0,0.0,0.0,0.0,0,2.2,9049.7,9871.9,9423.9,16.5,15.5,29.0,0.5,27.8,71.7,0.0,0.954,MUDDY,17,AVOID,high retained moisture creates muddy or saturated risk; light precipitation today,345,77
2026-10-13,Snake Pit Trail,Park City / PCMR,WG010,40.58750533085767,-111.57189033610032,9625.4,51,49.1,37.7,42.9,0.091,0.0,0.0,0.091,1.099,1.111,43.13333333333333,47.31428571428571,0,0.0,0.0,0.0,0.0,0.0,0,1.1,9378.6,9871.8,9625.4,15.8,14.9,33.7,0.0,46.3,53.7,0.0,0.968,MUDDY,17,AVOID,high retained moisture creates muddy or saturated risk; light precipitation today,345,77
2026-10-13,Tall T Trail,Deer Valley,WG007,40.59029104976929,-111.52734087474852,9033.3,51,51.5,40.2,45.4,0.091,0.0,0.0,0.091,1.099,1.111,45.6,49.92857142857143,0,0.0,0.0,0.0,0.0,0.0,0,4.4,8733.0,9353.0,9033.3,18.9,19.0,34.3,27.0,2.8,28.7,41.5,0.949,MUDDY,17,AVOID,high retained moisture creates muddy or saturated risk; light precipitation today,345,96
2026-10-13,WOW (Wasatch Over Wasatch) Trail,Deer Valley,WG003,40.585198990338895,-111.50729227137398,8248.2,51,54.3,43.0,48.2,0.091,0.0,0.0,0.091,1.099,1.142,48.4,53.02857142857143,0,0.0,0.0,0.0,0.0,0.0,0,2.7,8125.9,8428.2,8248.2,11.4,10.0,31.9,57.1,9.7,5.3,27.9,0.97,MUDDY,17,AVOID,high retained moisture creates muddy or saturated risk; light precipitation today,345,96
2026-10-13,Wowza Downhill Trail,Deer Valley,WG006,40.58677474689952,-111.51626735679228,8564.8,51,53.1,41.8,47.0,0.091,0.0,0.0,0.091,1.099,1.111,47.23333333333333,51.62857142857143,0,0.0,0.0,0.0,0.0,0.0,0,0.9,8378.1,8738.8,8564.8,10.4,10.8,21.9,55.1,10.3,1.3,33.3,0.965,MUDDY,17,AVOID,high retained moisture creates muddy or saturated risk; light precipitation today,345,96
2026-10-13,9K Trail,Park City / PCMR,WG017,40.61454424262402,-111.5340694590712,9222.8,51,50.8,39.5,44.7,0.091,0.0,0.0,0.091,1.099,1.127,44.9,49.02857142857143,0,0.0,0.0,0.0,0.0,0.0,0,5.8,8959.5,9439.0,9222.8,20.4,21.0,37.9,18.4,9.7,46.2,25.8,0.998,MUDDY,16,AVOID,high retained moisture creates muddy or saturated risk; light precipitation today,358,84
2026-10-13,Dead Tree,Park City / PCMR,WG021,40.611358588022426,-111.54588982448988,9653.6,51,49.0,37.7,42.9,0.091,0.0,0.0,0.091,1.099,1.111,43.13333333333333,47.22857142857144,0,0.0,0.0,0.0,0.0,0.0,0,0.8,9569.8,9775.6,9653.6,26.5,27.5,37.8,35.4,21.5,43.1,0.0,1.015,MUDDY,16,AVOID,high retained moisture creates muddy or saturated risk; light precipitation today,358,84
2026-10-13,Empire Pass Connector,Deer Valley,WG016,40.60627316294136,-111.51481095351645,8948.4,51,52.3,41.0,46.2,0.091,0.0,0.0,0.091,1.099,1.111,46.4,50.785714285714285,0,0.0,0.0,0.0,0.0,0.0,0,0.4,8924.0,8965.9,8948.4,12.8,13.4,22.3,87.8,2.4,0.0,9.8,0.996,MUDDY,16,AVOID,high retained moisture creates muddy or saturated risk; light precipitation today,358,102
2026-10-13,Jeep Hill (Safety Coridoor),Deer Valley,WG013,40.60451306969404,-111.50923514571896,8820.6,51,52.4,41.1,46.3,0.091,0.0,0.0,0.091,1.099,1.111,46.5,50.9,0,0.0,0.0,0.0,0.0,0.0,0,0.2,8699.5,8951.8,8820.6,12.6,13.1,16.8,100.0,0.0,0.0,0.0,1.007,MUDDY,16,AVOID,high retained moisture creates muddy or saturated risk; light precipitation today,358,102
2026-10-13,Shadow Lake,Park City / PCMR,WG020,40.61596037279941,-111.55009628848111,9179.4,51,50.5,39.2,44.4,0.091,0.0,0.0,0.091,1.099,1.127,44.63333333333333,48.75714285714286,0,0.0,0.0,0.0,0.0,0.0,0,0.8,9037.5,9310.6,9179.4,15.7,14.4,34.6,8.3,15.3,41.7,34.7,0.993,MUDDY,16,AVOID,high retained moisture creates muddy or saturated risk; light precipitation today,358,84
2026-10-13,Stiff Upper Lip,Park City / PCMR,WG017,40.61611691879028,-111.52987009616064,9025.4,51,50.8,39.5,44.7,0.091,0.0,0.0,0.091,1.099,1.127,44.9,49.02857142857143,0,0.0,0.0,0.0,0.0,0.0,0,0.5,8926.8,9139.2,9025.4,16.3,16.1,27.9,0.0,0.0,33.3,66.7,0.993,MUDDY,16,AVOID,high retained moisture creates muddy or saturated risk; light precipitation today,358,84
2026-10-13,Wasatch Crest Connect,Park City / PCMR,WG020,40.616974136223725,-111.55736099806312,9245.9,51,50.5,39.2,44.4,0.091,0.0,0.0,0.091,1.099,1.127,44.63333333333333,48.75714285714286,0,0.0,0.0,0.0,0.0,0.0,0,1.7,8958.2,9481.6,9245.9,17.1,17.3,33.0,12.9,15.5,34.2,37.4,1.005,MUDDY,16,AVOID,high retained moisture creates muddy or saturated risk; light precipitation today,358,84
2026-10-13,Catherine's Pass Trail,Park City / PCMR,WG010,40.585096359880005,-111.59078643106362,9753.9,51,49.1,37.7,42.9,0.091,0.0,0.0,0.091,1.099,1.111,43.13333333333333,47.31428571428571,0,0.0,0.0,0.0,0.0,0.0,0,1.5,9379.6,10222.3,9753.9,16.9,17.1,36.8,16.9,39.5,16.9,26.6,1.023,MUDDY,15,AVOID,high retained moisture creates muddy or saturated risk; light precipitation today,365,89
2026-10-13,Golden Needle,Park City / PCMR,WG008,40.59452078975266,-111.56725110409884,9811.4,51,49.0,37.6,42.8,0.091,0.0,0.0,0.091,1.099,1.154,43.03333333333333,47.09999999999999,0,0.0,0.0,0.0,0.0,0.0,0,0.8,9288.1,10347.8,9811.4,17.7,17.1,28.2,2.9,95.7,1.4,0.0,1.034,MUDDY,15,AVOID,high retained moisture creates muddy or saturated risk; light precipitation today,365,89
2026-10-13,Jupiter Peak,Park City / PCMR,WG021,40.610319419324455,-111.54904593331813,9871.3,51,49.0,37.7,42.9,0.091,0.0,0.0,0.091,1.099,1.111,43.13333333333333,47.22857142857144,0,0.0,0.0,0.0,0.0,0.0,0,1.2,9729.6,9994.3,9871.3,14.3,12.7,30.3,26.2,39.3,21.5,13.1,1.028,MUDDY,15,AVOID,high retained moisture creates muddy or saturated risk; light precipitation today,365,89
2026-10-13,Jupiter Ridge,Park City / PCMR,WG018,40.61268065771163,-111.53867835914352,9869.4,51,49.2,37.9,43.1,0.091,0.0,0.0,0.091,1.099,1.111,43.3,47.4,0,0.0,0.0,0.0,0.0,0.0,0,0.2,9741.8,9992.4,9869.4,16.9,16.3,26.1,12.5,0.0,6.2,81.2,1.03,MUDDY,15,AVOID,high retained moisture creates muddy or saturated risk; light precipitation today,365,89
2026-10-13,Scott's Bypass,Park City / PCMR,WG021,40.612047856355446,-111.55918064050742,9658.7,51,49.0,37.7,42.9,0.091,0.0,0.0,0.091,1.099,1.111,43.13333333333333,47.22857142857144,0,0.0,0.0,0.0,0.0,0.0,0,1.4,9481.4,9770.8,9658.7,20.2,20.1,35.8,21.1,69.3,9.6,0.0,1.035,MUDDY,15,AVOID,high retained moisture creates muddy or saturated risk; light precipitation today,365,89
2026-10-13,Blazing Saddle,Park City / PCMR,WG020,40.61652898868821,-111.55635878361066,9384.9,51,50.5,39.2,44.4,0.091,0.0,0.0,0.091,1.099,1.127,44.63333333333333,48.75714285714286,0,0.0,0.0,0.0,0.0,0.0,0,0.7,9295.6,9481.6,9384.9,18.3,19.7,28.9,51.7,0.0,0.0,48.3,1.08,MUDDY,14,AVOID,high retained moisture creates muddy or saturated risk; light precipitation today,370,94
2026-10-13,Bonanza Flat Overlook,Deer Valley,WG017,40.60116766018752,-111.5344182482656,9112.3,51,50.8,39.5,44.7,0.091,0.0,0.0,0.091,1.099,1.127,44.9,49.02857142857143,0,0.0,0.0,0.0,0.0,0.0,0,0.1,9086.5,9126.7,9112.3,13.8,14.1,20.1,70.0,0.0,10.0,20.0,1.088,MUDDY,14,AVOID,high retained moisture creates muddy or saturated risk; light precipitation today,370,104
2026-10-13,Io Trail (Middle),Deer Valley,WG017,40.61025792344493,-111.52770861008732,9342.5,51,50.8,39.5,44.7,0.091,0.0,0.0,0.091,1.099,1.127,44.9,49.02857142857143,0,0.0,0.0,0.0,0.0,0.0,0,0.3,9253.3,9432.7,9342.5,18.6,22.1,28.2,92.3,0.0,0.0,7.7,1.122,MUDDY,13,AVOID,high retained moisture creates muddy or saturated risk; light precipitation today,372,105
2026-10-13,McConkeys / Io Trail (Middle),Park City / PCMR,WG018,40.61168680632571,-111.53326494678502,9588.6,51,49.2,37.9,43.1,0.091,0.0,0.0,0.091,1.099,1.111,43.3,47.4,0,0.0,0.0,0.0,0.0,0.0,0,0.6,9432.6,9692.2,9588.6,19.8,24.9,29.9,72.5,0.0,7.8,19.6,1.09,MUDDY,13,AVOID,high retained moisture creates muddy or saturated risk; light precipitation today,372,95
