u,v,key,osmid,trail_name,highway,length_meters,length_miles
83834794,3148162062,0,309480609,Apex,path,989.9227553789792,0.615109482732703
83834794,5058404584,0,309480609,Apex,path,1761.1428183995806,1.094323412769166
83834794,2790449253,0,309481196,Keystone Trail,path,1697.6629003828373,1.054878820427974
83834794,83834806,0,309481196,Keystone Trail,path,697.1093517649622,0.4331636690259896
83834806,3635410683,0,309481196,Keystone Trail,path,281.1883987135581,0.17472237055195042
83834806,3635410626,0,358640059,Three Candles,path,1184.804724197913,0.7362035240432828
83834827,9898350491,0,1343884061,Meadow Road,track,46.36523907566767,0.028810023882816643
83834827,9898350468,0,1343884061,Meadow Road,track,383.45907472941053,0.23827042243883875
83848255,83848635,0,1036052864,Powerline Trail,path,208.32071129460388,0.12944448874485745
83848255,3058125149,0,1036052864,Powerline Trail,path,825.8181831970966,0.513139629064449
83848255,2481633161,0,"[1411064794, 518350723, 1411064795]",Mid-Mountain Trail,path,76.22999406259763,0.047367122294921175
83848635,2481633161,0,10158304,Thaynes Canyon,track,164.78613136756388,0.1023933549120411
83848635,1509418695,0,1036083677,Spiro Trail,track,428.31897357136415,0.2661450712659097
83849064,10099170104,0,10161591,Flat Iron,track,112.9785365237073,0.07020160793696519
83849064,9898312441,0,10161591,Flat Iron,track,234.31893315892043,0.14559903486073855
83849064,10099170102,0,302343123,Miner's Mile,track,82.73211126767033,0.051407350614704084
83849236,3065981121,0,10159683,Trestle,track,16.183601876416212,0.010056023992643097
83849245,10099187193,0,10158170,Drift Road,track,6.982968164038763,0.004339015253444113
83849245,9898312600,0,10158170,Drift Road,track,110.89752873679525,0.06890852964735647
83849245,6595563369,0,10159683,Trestle,track,290.5139856035386,0.18051702159609043
83849245,3065981126,0,302341129,Johns Trail,track,265.69579372744187,0.1650957121208653
83849245,3066008879,0,302343848,Mid-Mountain Connect,track,187.83224542378787,0.11671354627959458
83849245,9898609390,0,302343850,Jenni's Trail upper,path,58.48180089969,0.03633890634922676
83849262,2790415975,0,10159975,Wasatch Crest Connect,track,585.7875311254487,0.3639914966131844
83849262,3058133583,0,10159975,Wasatch Crest Connect,track,418.8158164314337,0.26024008318385233
83854789,9128711762,0,10160014,Empire Pass Connector,path,32.907775375150536,0.020447943618735667
83854807,83854809,0,1080350940,Bow Hunter Connect Road,track,63.85417053663075,0.039677142075672286
83854807,84209895,0,1103861755,Bow Hunter Connect,track,52.76457201799476,0.032786385022714075
83854809,84209895,0,10160017,Deer Camp Road,track,66.04391765523765,0.04103778785345933
83854809,83854814,0,10160017,Deer Camp Road,track,299.18672594584115,0.1859060126025518
83854814,5057896311,0,10160017,Deer Camp Road,track,161.30235942944256,0.10022863938936769
83854814,5057896462,0,518525915,Bow Hunter,path,170.07388030560367,0.10567900977392258
83854819,8939371851,0,518525913,To Deer Camp,path,17.169426247055256,0.010668586857163698
83854819,5057896311,0,10160017,Deer Camp Road,track,140.627081327581,0.08738161718537553
83860792,83860805,0,10160400,Bonanza Trail,track,415.9102532712069,0.25843464993886134
83860805,4984146478,0,1103954333,Freemason,track,56.71655204949506,0.03524203156658555
83860805,4984146500,0,509133071,Freemason,path,877.2959299217013,0.5451264179204081
83876728,12434458503,0,1036071253,Meadow Road,track,77.82691170885388,0.04835940091668026
83880087,2485118332,0,"[240822979, 10161933]",Morning Sky Court / Fairway Hills Trail,"['path', 'residential']",499.58665168320505,0.3104287533822508
83881910,7054290935,0,"[10162091, 1344389468]",Iron Mountain Drive,"['residential', 'track']",143.21965508019775,0.08899256782900222
83882178,3727626125,0,368924260,Prospect,path,527.6017295768407,0.327836515733641
83882999,3057927618,0,"[963605648, 963674683]",Silver Star Drive,"['path', 'residential']",192.17090103072044,0.11940946188678148
83883303,5058230755,0,"[10162259, 302331627]",Daly Avenue,"['residential', 'track']",393.48232688950077,0.24449858258364945
83883485,3714741445,0,"[1104743649, 98208883]",Ashley Avenue,"['path', 'residential']",624.1694548594878,0.38784091832416673
83885328,4984146500,0,509297830,Hang Time South,path,198.16531132368453,0.12313421575728031
83886557,3065065032,0,"[302253792, 10162818, 302253795]",Eagle Way,"['path', 'residential', 'track']",1475.6402596362782,0.9169203474436032
83886573,10102156413,0,1103954337,Full Steam Billy,path,101.10291630308704,0.06282243964192058
83886580,3724208706,0,368565996,Lost Prospector,path,122.16452957407917,0.07590951939055862
83886591,485571472,0,"[10162579, 1103646551]",Crescent Road / Crescent Ridge Road,"['path', 'residential']",540.0054005802824,0.3355437995731692
83887992,4984146525,0,302251013,Lost Prospector,path,91.72913524356048,0.056997842129190825
83889656,3065022397,0,"[302253786, 10163178]",April Mountain Summit Trail / Sunridge Court,"['path', 'residential']",521.6100801339102,0.3241134773758191
83889664,3065065751,0,302253805,Gambel Oak North,track,289.55907712636935,0.17992366897715426
83889918,10167373348,0,1103646570,Mother Urban,path,506.3658073359982,0.3146411254125894
83889933,3727506339,0,1079917618,South Sweeney,path,83.8048995715478,0.05207395036210269
83889940,5058230737,0,309420640,Woodside Gulch,track,100.26994312549685,0.06230485410545965
83893038,3727506387,0,1103646564,Sweeney Switchbacks Access,path,218.20652107926628,0.13558724615698464
83893038,3727506339,0,"[368909392, 1298662537, 1298662536]",South Sweeney,path,546.8203089266793,0.339778387297358
420404296,3057936180,0,240427892,Silver Spur,path,439.6461941800369,0.273183479840256
420404296,2481633177,0,"[358641204, 1298662541]",Spiro Trail,path,1569.8138118014158,0.9754370798296795
420404296,3057927614,0,358641204,Spiro Trail,path,168.30522536457232,0.10458001854455748
427143539,427158376,0,36744119,Deer Valley Service,track,146.9328483503759,0.09129983915830046
427149409,427149427,0,36744115,Silverlake Access Road,track,218.41115165657183,0.1357143977027732
427149409,427149413,0,36744115,Silverlake Access Road,track,100.37080745899135,0.06236752829661735
427149413,2670682895,0,1079561245,Mid-Mountain Trail,track,29.742597089993318,0.018481193014043808
427149413,9895874389,0,1079561245,Mid-Mountain Trail,track,51.53727455212644,0.03202377773311762
427149442,427149468,0,36744118,Silverlake Access Road,track,87.11895047359154,0.054133206122240825
427149468,427149483,0,36744118,Silverlake Access Road,track,236.94039076318407,0.14722793309769946
427149468,2670679190,0,1103896216,Old NCS Access,track,222.05028675513734,0.13797565141768156
427149483,11895878443,0,36744118,Silverlake Access Road,track,35.92603753520929,0.022323404775616205
427149483,11895879041,0,1281843750,Secret of My Success Trail,path,53.94518101750207,0.033519981444304056
427149487,11895878448,0,36744119,Deer Valley Service,track,16.027824879198707,0.009959228654158905
427149487,11895878443,0,36744118,Silverlake Access Road,track,28.373837306352087,0.01763068511539614
427149487,10101969821,0,36744119,Deer Valley Service,track,327.7854749858276,0.2036764513900245
427149605,427149632,0,36744123,Lower Devo Trail,path,145.29487484845453,0.09028204961055841
427149605,10101958082,0,1103930187,Devo,path,86.1470453704746,0.0535292922895755
427149605,9896217729,0,1281843751,Upper Devo Trail,path,326.52670909388337,0.20289429052699942
427149632,10101958091,0,36744123,Lower Devo Trail,path,188.9243668631823,0.11739215908045907
427149632,2670679587,0,1103896219,Deer Valley Service,track,130.86552922365115,0.08131606991646978
427149632,10101958087,0,1103896219,Deer Valley Service,track,107.69851216731655,0.0669207529075925
427149960,11895879031,0,36744119,Deer Valley Service,track,52.62410151443793,0.03269910069844479
427149960,10101652128,0,36744119,Deer Valley Service,track,24.135460424273774,0.014997079819027984
427149960,11895872267,0,1281843748,Ripple Trail,path,164.5004978082368,0.10221587044673903
427149960,11895879007,0,1281843748,Ripple Trail,path,139.1005495883433,0.08643307433857728
427149960,12958554994,0,1410265611,Regulator Trail,path,456.1873102776718,0.2834616528707795
427150002,427158362,0,36744119,Deer Valley Service,track,55.436372182059635,0.03444656467607897
427150002,11895879031,0,36744119,Deer Valley Service,track,39.85858130943039,0.024766974189129477
427150002,11895879090,0,1103896221,Little Stick,track,55.83215223158699,0.034692490997317534
427158362,427158376,0,36744119,Deer Valley Service,track,191.1301126926732,0.11876274599630235
427158362,3694546127,0,1103930200,Deer Crest Access,path,214.93161160317544,0.13355231175135673
427158376,11895879099,0,1281843748,Ripple Trail,path,16.12794661438931,0.01002144141612316
427158544,8939371851,0,966240025,Holy Roller,path,48.26423807357775,0.029990007154205533
427159933,427159934,0,518525897,Old Homeward Bound,track,14.853596637967067,0.009229597051946052
427159933,9894398116,0,1103861726,Trump,track,24.174940334450394,0.015021611497883855
427159933,2672230165,0,1103861726,Trump,track,30.718986629093948,0.019087893346042828
427159934,2672230201,0,36744565,Ontario Canyon,track,23.62278881933548,0.01467852045264125
427159934,9894398116,0,36744565,Ontario Canyon,track,13.560348721112716,0.008426010051991815
427159934,9895924786,0,518525897,Old Homeward Bound,track,940.3127194313362,0.5842832355489791
427159968,9895924749,0,36744885,Naildriver,path,15.607591640406053,0.009698107825552556
427159968,9895924786,0,518525897,Old Homeward Bound,track,148.13867171004495,0.09204910305692564
427159968,12958804168,0,36744885,Naildriver,path,8.463414315215482,0.005258921843443964
427159984,12958804147,0,36744885,Naildriver,path,4.895624211490034,0.0030419998530395206
427159984,5057896885,0,36744565,Ontario Canyon,track,62.887823093600694,0.039076681612881206
427159984,9894521344,0,1079370844,Silver Lake Road,track,117.87700991936575,0.07324537819096834
427159984,9895874397,0,1079561225,Izzy's Inferno (Dog Pound),path,31.310978922558924,0.019455740303228473
427159984,9895924749,0,36744885,Naildriver,path,100.51030136004147,0.062454205788222694
427159984,10101652004,0,1103896213,Lila's Lair (Dog Pound),path,45.71493674440009,0.028405944747922192
427162678,427162709,0,518525821,Tidal Wave,path,225.15102653100516,0.1399023617890303
427162678,9894520354,0,518525855,Sunset,path,105.72553479536647,0.0656948016057266
427162678,9894520318,0,518525821,Tidal Wave,path,43.86935632916403,0.027259154244937085
427162709,427162711,0,518525821,Tidal Wave,path,1.5468482039375064,0.0009611669126908271
427162709,5057894318,0,518525830,Super G,path,48.08453292859455,0.029878343554016137
427162711,427162713,0,518525821,Tidal Wave,path,18.887026665803653,0.011735854277148733
427162711,9894519959,0,1079370836,Tsunami,path,520.849375700206,0.3236407975549081
427162713,9894519959,0,36744885,Naildriver,path,631.1254310019865,0.3921631615130056
427162713,9894398314,0,518525821,Tidal Wave,path,691.0096659703083,0.4293734999914924
427162958,12958804184,0,966240025,Holy Roller,path,42.10387741643776,0.02616213650806649
427162958,8939371886,0,966240025,Holy Roller,path,430.5331171476784,0.2675208762997087
427163046,10101651968,0,36744885,Naildriver,path,8.301510574390912,0.005158319522980116
427163046,12958804147,0,36744885,Naildriver,path,236.77070107050343,0.1471224928110481
427163046,12958804147,1,1103896212,Piper's Playground (Dog Pound),path,119.213561812193,0.07407587303410147
427163050,3694521629,0,304758338,Mid-Mountain Trail,path,428.6096349567703,0.26632567987749683
427163050,9895874217,0,1079561245,Mid-Mountain Trail,track,67.84890872175454,0.04215935730443866
429425764,9895874112,0,518350728,TDS Ontario Bypass,path,42.59335274772467,0.026466282378239003
429426090,9818619189,0,"[1069788816, 611032716]",Red Cloud Trail,"['residential', 'track']",141.4958586235379,0.087921450369553
433481718,11164143273,0,"[37222260, 612605989, 612605990]",Town,path,101.59814264480444,0.06313015902430086
433481720,11164143273,0,"[37222264, 612605989, 37222262]",Town,"['path', 'pedestrian']",70.91443192156152,0.04406418510993393
485561166,3065085933,0,302255831,Snowtop,path,48.831630197486135,0.030342568274704558
485562066,5057861480,0,518521587,Village Trail,path,246.90412009099734,0.15341910746925289
485569428,3065065759,0,"[302253802, 10163199]",Euston Drive / Euston,"['residential', 'track']",334.45465042873883,0.2078204848862262
485571472,9898526084,0,369488639,PCMR Road,track,146.76698465238937,0.09119677623453368
485571472,3057936180,0,369488639,PCMR Road,track,81.30378014408242,0.050519826801530575
662295389,6595557870,0,702340528,Sweeney Switchbacks Access,track,32.73267923310926,0.020339143920199323
664668580,4985467837,0,368565996,Lost Prospector,path,138.77372242733284,0.08622999335588466
664696718,1793626877,0,137625538,McConkeys,track,67.53140842242851,0.04196207176491074
664696718,9545984023,0,137625538,McConkeys,track,830.817808360442,0.5162462521129366
664708941,2790415975,0,10159975,Wasatch Crest Connect,track,141.01814660268474,0.08762461388160936
664708941,2790449338,0,274287066,Jupiter Access,track,46.1738490798116,0.028691099652909263
727654518,2622992806,0,240822993,Round Valley Express,path,138.3320328411059,0.08595554017109201
727654518,2485118115,0,364444533,Round Valley Express,path,93.83858876664945,0.05830859577980186
727654518,10155954135,0,988789987,Sunny Slopes Trail,path,100.97152765279199,0.06274079851964029
727654527,2622992806,0,240822993,Round Valley Express,path,369.5326284576797,0.22961692991534421
727654527,10286245627,0,240822993,Round Valley Express,path,59.45958194589656,0.0369464713236552
727654527,10286245620,0,1426932544,Matt's Flat,path,68.75118684071957,0.04272000693494962
727654536,10286245612,0,1175104404,Valderoad,path,15.084542208034481,0.009373099976160771
727654536,10286245610,0,1426932544,Matt's Flat,path,7.762190726117279,0.00482320170586107
727654536,2623019076,0,988790007,Valderoad,path,158.7870580597836,0.09866570357846649
1136209304,9139033719,0,988767073,Eagle Cove,path,204.15813149821784,0.12685798157399403
1201078881,5057896885,0,36744565,Ontario Canyon,track,187.27172221853212,0.11636525330726813
1201078881,2672230169,0,36744565,Ontario Canyon,track,204.415828624568,0.12701810714463035
1509418695,2481633195,0,240425466,Spiro Trail,path,1264.7558213993057,0.7858828326319952
1509422374,9128711632,0,1103583272,McConkeys,track,10.17370736854924,0.006321648677069191
1509422374,1509422430,0,987605843,McConkeys,track,84.28254027509058,0.05237074253552415
1509422374,5058230898,0,987605843,McConkeys,track,28.663651825536572,0.017810767508709493
1509422430,9898209373,0,518568259,Fat Lip,path,112.00242035984319,0.06959507747246281
1509422430,9545984023,0,"[137625538, 987605843]",McConkeys,track,173.21937713745928,0.10763353089051146
1509433134,3066001896,0,302343123,Miner's Mile,track,26.02674514722433,0.016172269662188026
1509433134,3066001889,0,302343123,Miner's Mile,track,214.47878694419387,0.13327093955313088
1509433134,3066001913,0,1079642634,Miner's Mile,track,26.471511608198192,0.016448634728310537
1509433145,9545984023,0,803571176,McConkeys,track,719.3108955956096,0.4469590687855484
1509433145,3635410674,0,1103583270,Webster Road,track,181.73223564745985,0.11292317593221825
1509433145,1793626877,0,1103583270,Webster Road,track,279.0172685789825,0.17337329283172678
1509433193,3635410650,0,358640062,Two Step,path,95.1696595037244,0.05913568479065035
1509433193,3635410674,0,358640063,Keystone Trail,path,662.5362970494318,0.4116809687981139
1509433193,3066001913,0,1079868975,Thaynes Road,track,67.24511834146819,0.041784179355978696
1509433193,9896382028,0,1079868975,Thaynes Road,track,476.1736897513028,0.2958806133128174
1509433348,9869072987,0,309481196,Keystone Trail,path,195.18973560075622,0.12128527872273188
1509433348,9898209242,0,1036099764,Keystone Trail,path,454.2739104039679,0.28227272131002934
1509433348,3635410674,0,1103583270,Webster Road,track,184.7171948582389,0.11477794359579985
1510679468,9900613576,0,1080124233,Claim Jumper,track,135.0934858340211,0.08394320035618308
1510679468,2481633195,0,1080124233,Claim Jumper,track,582.1914902241658,0.3617570203910201
1510695247,9900613486,0,518591517,H.A.M.,path,107.72970047759254,0.06694013242513257
1510695247,9900613473,0,518591517,H.A.M.,path,847.1529569687744,0.5263964428790703
1510717206,9499107978,0,302345047,CMG,path,1019.1900310361499,0.6332953247013379
1510717206,5941576034,0,302345047,CMG,path,179.19077508095285,0.11134398554998362
1510717206,9898526055,0,1079883746,Gotcha Cuttoff,track,1638.000519892759,1.0178063359311365
1510717206,3732774704,0,1079883746,Gotcha Cuttoff,track,243.31964933879564,0.15119182060441747
1510735343,3727506402,0,368909393,Sweeney Switchbacks,path,614.0139028771277,0.3815305508810594
1510735343,5058230649,0,702340529,Trestle,path,70.20122267433283,0.04362101742966875
1510735343,5058230652,0,1103646561,Sweeneys,path,140.42610607041206,0.08725673695021827
1510742046,9898395957,0,1343884061,Meadow Road,track,14.097304560813381,0.008759658942285416
1510742046,9898350491,0,1343884061,Meadow Road,track,231.20479635778239,0.14366399996382526
1686050491,4984146478,0,998445905,Bonanza Trail,track,243.5099183965454,0.15131004831567732
1793626877,10099170104,0,10161591,Flat Iron,track,617.0873011381344,0.3834402720227213
1793626877,9545984057,0,1079868975,Thaynes Road,track,73.59285314864998,0.04572847890112367
1793626877,3066001896,0,1079868975,Thaynes Road,track,196.8262232106287,0.12230214497995998
2390925587,9898591361,0,1079889709,Payday,track,201.4671819756378,0.12518590306089797
2481633139,3058087859,0,301716765,CMG,path,424.2832834161568,0.263637409662668
2481633139,3147526997,0,518350723,Mid-Mountain Trail,path,218.57005431797052,0.13581313523893618
2481633139,2481633161,0,518350723,Mid-Mountain Trail,path,1374.3488765804577,0.8539807999908395
2481633161,5058406823,0,10158304,Thaynes Canyon,track,738.6410289930626,0.4589702568208305
2481633177,5058231164,0,518568261,Eagle Trail,path,238.81159977880174,0.14839064847465908
2481633177,6835788479,0,1298662541,Spiro Trail,path,287.4994459375161,0.17864387348976732
2481633195,5058406863,0,240425466,Spiro Trail,path,171.62446029627515,0.10664249551138547
2481633195,9900613486,0,1080124233,Claim Jumper,track,164.9121400026665,0.10247165304786701
2485117951,2485118202,0,240822985,Hat Trick Trail,path,313.31346241315816,0.1946839596836712
2485117973,2485118456,0,240822968,Fast Pitch Trail,path,135.61643701168657,0.08426814715293099
2485117973,2485118202,0,240822972,Fast Pitch Trail,path,818.5866276211077,0.5086461487544662
2485117973,2485118332,0,240822980,Hat Trick Trail,path,486.3934206654114,0.30223085969526176
2485117973,2623018736,0,240822980,Hat Trick Trail,path,337.58698261520374,0.20976682587141326
2485118115,10155954146,0,240822976,Round Valley Express,path,26.7610961292808,0.016628574207429116
2485118115,2622992492,0,1110158015,Big Easy,path,53.6846996882618,0.03335812585019846
2485118115,2485118311,0,1426932545,Runnel,path,85.69277579376897,0.05324702226110078
2485118200,2622992598,0,240822976,Round Valley Express,path,41.35768183762358,0.025698472071616497
2485118200,2622992496,0,240822976,Round Valley Express,path,449.8307772399073,0.2795118863586078
2485118200,2485118445,0,"[1175104424, 1175104425, 1103979604]",Ability Way Connector,path,62.26397024803527,0.038689037426451564
2485118202,4847977623,0,240822972,Fast Pitch Trail,path,22.10916902975986,0.013738000719398626
2485118202,2623018736,0,240822980,Hat Trick Trail,path,239.5487677755961,0.1488487034317064
2485118293,2485118456,0,240822969,Fairway Hills Trail,path,237.29619726892827,0.14744902101037954
2485118311,2485118449,0,240822986,Fast Pitch Trail,path,305.0990116341197,0.18957973660952515
2485118311,2485118433,0,"[968554153, 240822986]",Fast Pitch Trail,"['path', 'service']",124.0254190281438,0.07706582248925264
2485118332,2485118456,0,240822969,Fairway Hills Trail,path,293.2426022990233,0.18221250540532247
2485118332,2485118449,0,240822980,Hat Trick Trail,path,731.367157431223,0.4544504825762689
2485118433,2622992488,0,988789987,Sunny Slopes Trail,path,59.05452346166201,0.03669477965038053
2485118445,2485118456,0,240822984,Fast Pitch Trail,path,572.6675720059883,0.35583913197302025
2485118445,2485118449,0,240822984,Fast Pitch Trail,path,151.21336872179901,0.09395963120488783
2485118465,13120540575,0,"[240822976, 1233044657]",Round Valley Express / Ability Way Trail,path,53.791384891106965,0.033424416961884446
2501234133,9900556643,0,1080118134,Rossi Hill Trail,path,74.5275430174119,0.04630926825924843
2501234200,3065085757,0,302255830,Solamere,path,365.71620604275233,0.22724551496929948
2501234214,3065085737,0,302255828,Solamere,path,318.54486932803115,0.19793460523544448
2501234238,5057861599,0,302255828,Solamere,path,97.47795252762373,0.0605699915789438
2501234378,10919385296,0,368624969,Fox Tail Trail,path,88.49162629700328,0.05498614733518954
2501234378,3724762020,0,1103930231,Fox Tail Cutoff,track,148.26622963385512,0.09212836387612289
2501238048,11057493639,0,302339851,TDS Ontario Bypass,path,104.14280659737294,0.0647113398983517
2501238111,9900556846,0,1103930212,Lookout Access,path,227.47427133273496,0.14134595918134032
2501238119,3065970041,0,302339857,TDS Ontario Bypass,path,10.167846782880948,0.006318007077965275
2501238119,9900438114,0,302331628,Ontario Ridge Road,track,747.652545323423,0.4645697534668927
2501238119,2501238121,0,302331628,Ontario Ridge Road,track,30.495744238042953,0.018949176955357555
2501238121,3065913538,0,302331628,Ontario Ridge Road,track,139.0175653259798,0.08638151030853553
2501238121,3727622704,0,368924260,Prospect,path,57.08499893853619,0.03547097384930517
2622992488,10155954135,0,988789987,Sunny Slopes Trail,path,39.34558369209115,0.02444821224802848
2622992492,10155954135,0,1110158015,Big Easy,path,34.32091161522983,0.021326025769027524
2622992496,10155954146,0,240822976,Round Valley Express,path,14.417418766652062,0.008958568688019504
2622992496,2622992525,0,256662218,Big Easy,path,365.8779002234695,0.22734598707514955
2622992525,2622992546,0,256662218,Big Easy,path,331.6063628444767,0.20605064103415843
2622992525,13120550086,0,256662220,Valderoad,path,572.1177698967612,0.3554975007809152
2622992546,13120540314,0,256662218,Big Easy,path,198.88721611046137,0.12358278659532167
2622992546,13120540470,0,256662222,Practice Loops,path,352.62491276588077,0.21911096245792122
2622992568,3714741468,0,367557846,Round Valley Express,path,781.3742871693428,0.4855234724020115
2622992568,10102392775,0,988775656,Valderoad,path,588.1168630412054,0.36543887636279465
2622992598,11439362366,0,240822976,Round Valley Express,path,239.27524316583978,0.14867874311883586
2622992598,13120540470,0,256662221,Matts Access,path,276.8353850682284,0.1720175332733265
2622992629,2622992639,0,256662222,Practice Loops,path,167.54455581534458,0.1041073603998552
2622992629,13120540470,0,256662222,Practice Loops,path,132.72631972362456,0.08247231152794217
2622992629,13120540575,0,1427238621,Practice Loops,path,252.9666337336606,0.15718617879934965
2622992639,9139065724,0,256665225,Quinn's Connect,path,472.6613407516522,0.29369814082735085
2622992639,13120540314,0,1103979605,Rambler,path,138.82336365506984,0.08626083898474772
2622992672,13120540241,0,256662218,Big Easy,path,357.9726965611646,0.22243392125062422
2622992672,13120540314,0,256662218,Big Easy,path,44.59016748348203,0.02770704553127363
2622992672,13120549917,0,256662224,Somewhere Elks,path,1536.1694762832917,0.9545314589567498
2622992806,10155955530,0,256665243,Backslide,path,143.10497419676693,0.08892130843173798
2622992806,13120550156,0,988775672,Nowhere Elks,path,122.28062354804914,0.0759816568415759
2623018715,9139065724,0,256665225,Quinn's Connect,path,11.169129656892451,0.006940175411156627
2623018715,2623018731,0,256665235,Quinn's Connect,path,243.32148745213536,0.15119296275509483
2623018731,2623018736,0,988775658,Quinn's Connect,path,67.7730156031346,0.04211219950683918
2623018758,10287880817,0,988775672,Nowhere Elks,path,2.5673083588125487,0.0015952514557562266
2623018758,2623018811,0,256665238,Elks Connect,path,42.5224908619516,0.026422250843792006
2623018758,10287880532,0,988775672,Nowhere Elks,path,163.27189364978628,0.1014524512160149
2623018777,9139033878,0,667242551,PorcUclimb,path,10.40135995785172,0.006463105437899989
2623018777,10287880768,0,988767075,Nowhere Elks,path,14.583049668739399,0.009061486959120858
2623018777,10287880532,0,988767075,Nowhere Elks,path,78.28170365538918,0.04864199553071884
2623018791,6247349611,0,988790003,Barrel Roll (West),path,160.5695698420279,0.09977330504977674
2623018791,10286245620,0,1426932544,Matt's Flat,path,51.997211748463215,0.032309569457159695
2623018791,10286245610,0,1426932544,Matt's Flat,path,184.5398176580008,0.11466772651341217
2623018810,6247349611,0,256665236,Barrel Roll,path,559.3132655734424,0.34754115066352653
2623018810,2623018811,0,256665237,Elks to Barrel Roll,path,34.275005610792086,0.02129750110031919
2623018810,10287880817,0,988790008,Barrel Roll,path,31.29807592744631,0.019447722753771914
2623018811,10287880532,0,256665237,Elks to Barrel Roll,path,46.92392369458044,0.02915717441055513
2623018817,10286245627,0,240822993,Round Valley Express,path,205.3532772118863,0.12760061069099354
2623018817,10286293224,0,240822993,Round Valley Express,path,76.40769517285197,0.047477540645661814
2623018817,2623018884,0,256665244,Seventy 101,path,286.88562026620286,0.17826245990055753
2623018817,10155955616,0,1175104403,Seventy 101,path,35.001431147815026,0.02174888100233078
2623018841,2623018849,0,988767074,Rademan Ridge,path,29.001343973310817,0.018020599681181162
2623018841,9139033781,0,988767074,Rademan Ridge,path,471.7035736901766,0.29310301196647615
2623018841,2623018844,0,988775669,Cammy's,path,104.71921375187392,0.06506950269915812
2623018844,4996336338,0,510673547,Quarry Road,path,76.82216919486729,0.047735082862872875
2623018844,4996336017,0,988775670,Cammy's,path,48.95373186360786,0.030418438732556778
2623018849,4996335985,0,256665240,Cammy's,path,174.07245113145376,0.10816360649522648
2623018849,4996335611,0,938142026,Rademan Ridge,path,37.986459800141006,0.023603691814889177
2623018884,10286293251,0,256665242,Matt's Flat,path,4.528255621174927,0.0028137275940848736
2623018884,10286245610,0,256665242,Matt's Flat,path,192.7341372697778,0.1197594406601558
2623018884,2623019076,0,256665244,Seventy 101,path,127.11500854074325,0.07898560440822051
2623018938,10286112007,0,256665242,Matt's Flat,path,500.850580367913,0.3112141222559707
2623018938,10286293268,0,256665242,Matt's Flat,path,15.965784466423404,0.009920678528905817
2623018994,10155955530,0,256665243,Backslide,path,717.8174159975545,0.44603106358712274
2623018994,10286293299,0,256665243,Backslide,path,763.0467890394744,0.4741352930383277
2623018994,10155955616,0,"[988775673, 1175104403]",Seventy 101,path,218.73520265939808,0.13591575366074504
2623019076,10286245632,0,988775656,Valderoad,path,11.425949389011622,0.007099755794293589
2623019077,6247336197,0,667242550,Seventy 101,path,309.86467701067374,0.19254098378635875
2623019077,10286245632,0,667242550,Seventy 101,path,32.267227718367785,0.02004992575755574
2623019077,10102392775,0,1103979613,Nick NAC,path,25.30469496694986,0.0157236084808157
2623039840,10102156384,0,256667272,Lost Prospector Access,path,80.4309488508494,0.04997747458023232
2623039856,2623039877,0,256667273,Skid Row,path,32.8029244600079,0.020382792280586315
2623039856,10102156384,0,256667272,Lost Prospector Access,path,806.7197661015853,0.5012724228639652
2623039856,3064995868,0,256667273,Skid Row,path,1277.8748030106035,0.7940345898767469
2670656079,3065913558,0,1103600505,Daly Canyon,track,107.4854146023758,0.0667883402196024
2670656079,9900434638,0,1103600506,Daly Canyon,track,59.72203671056187,0.03710955315368366
2670656079,10099187306,0,1103600506,Daly Canyon,track,151.5780683394681,0.09418624504112738
2670656273,9900434675,0,1368810677,Mid-Mountain Trail,path,136.11853612554808,0.08458013707793242
2670656273,2670656486,0,1368810677,Mid-Mountain Trail,path,24.57830571505359,0.015272251125336528
2670656388,3714945351,0,1103600514,T&G,track,88.38660309881907,0.05492088894532124
2670656388,5058230298,0,1103600515,T&G,track,148.54043639319417,0.09229874805709293
2670656404,5008601368,0,518568228,Empire Lodge,track,18.46417382041489,0.01147310570046857
2670656404,2670656451,0,518568228,Empire Lodge,track,95.69051898797788,0.05945933186936906
2670656451,9900434680,0,518568228,Empire Lodge,track,122.59911432482043,0.07617955783525487
2670656486,9881426916,0,1076183672,Little Chief,path,880.0871824274641,0.5468608218177494
2670656486,3714945409,0,1368810677,Mid-Mountain Trail,path,1234.480074380952,0.7670703556113248
2670656583,10099187306,0,1103600506,Daly Canyon,track,249.07674035261567,0.15476911111149366
2670656583,2674871805,0,1103600506,Daly Canyon,track,94.96042350897571,0.05900567157113439
2670668377,5057861514,0,365438456,Deer Crest,path,19.50089802603413,0.0121172962561355
2670668377,3694546127,0,365438456,Deer Crest,path,515.091111014697,0.3200627777620552
2670679190,8939372180,0,1103896216,Old NCS Access,track,188.7978892576887,0.11731356953994217
2670679190,2670679802,0,1103896218,Deer Valley Service,track,1205.370693751753,0.7489826250644691
2670679244,10101969821,0,36744119,Deer Valley Service,track,5.675695360914029,0.0035267135931870554
2670679244,11895900558,0,36744119,Deer Valley Service,track,621.4340381591888,0.38614120918783607
2670679244,10101958087,0,1103896219,Deer Valley Service,track,86.08464537554798,0.053490518730332344
2670679421,11895872249,0,1103896217,Old NCS Access,track,15.093528205443903,0.009378683616084505
2670679421,12958020478,0,1103896217,Old NCS Access,track,5.957502753889728,0.003701820588941661
2670679421,8939372176,0,966240032,Undertow Trail,path,587.4691727226947,0.36503642025738103
2670679493,11895879140,0,36744119,Deer Valley Service,track,91.52478288455839,0.056870863460241186
2670679493,11895879140,1,1281843745,Regulator Trail,path,246.10987774390512,0.1529255881551148
2670679493,10101652038,0,36744119,Deer Valley Service,track,83.1938237342356,0.05169424544052458
2670679493,11895879093,0,1281843750,Secret of My Success Trail,path,481.91757125177463,0.2994496958088355
2670679493,12958020478,0,1281843750,Secret of My Success Trail,path,91.77160882711317,0.05702423399044155
2670679587,11895879236,0,1281829093,Deer Valley Service,track,11.409053750366441,0.0070892573311650215
2670679587,10101958055,0,1103896219,Deer Valley Service,track,91.22941267697506,0.05668732892220374
2670679699,12958555080,0,1103896219,Deer Valley Service,track,66.9021912916132,0.041571094366159876
2670679699,11895879007,0,1103896221,Little Stick,track,378.7993962248265,0.23537503245100272
2670679802,11895872249,0,1103896217,Old NCS Access,track,9.117197171617404,0.005665163676390755
2670679802,11895872250,0,1281829093,Deer Valley Service,track,82.71344957707709,0.051395754777770995
2670679834,10101652128,0,36744119,Deer Valley Service,track,264.4292833727167,0.16430873907176882
2670679834,10101969992,0,36744119,Deer Valley Service,track,15.869120378911898,0.00986061424960226
2670679834,11895900423,0,1103930188,Pointy Rocks,path,192.1190884723969,0.1193772670556431
2672230115,9894519959,0,36744565,Ontario Canyon,track,41.65338714686022,0.025882214832167776
2672230115,2672230181,0,36744565,Ontario Canyon,track,38.05629644856619,0.02364708629638299
2672230115,12120669623,0,518525841,Twist and Shout,path,1102.9983811668073,0.6853714191414684
2672230115,8939371981,0,518525841,Twist and Shout,path,202.44982332728372,0.1257964880891119
2672230165,2672230201,0,1103861727,Trump,track,53.03191363371727,0.032952503401210226
2672230165,2674883014,0,1103861727,Trump,track,107.05295367116949,0.06651962145518266
2672230169,2672230269,0,36744565,Ontario Canyon,track,658.2529914637271,0.4090194460996077
2672230181,9894519948,0,36744565,Ontario Canyon,track,221.73861833410692,0.13778198963932317
2672230181,8939371981,0,518525855,Sunset,path,207.3886591893659,0.12886533841699843
2672230201,2672230269,0,36744565,Ontario Canyon,track,106.63469844608899,0.0662597297073149
2672230238,2672230248,0,1103861727,Trump,track,39.3124848268687,0.024427645566683504
2672230238,5057896501,0,518525921,Flagstaff Loop,path,79.30687956410426,0.04927901030737012
2672230238,5057896511,0,1103861727,Trump,track,175.60825493242774,0.10911791073408031
2672230238,9894397551,0,1103861754,Road to Ruby,path,79.37854572923743,0.049323541597842
2672230248,9869032490,0,518525926,Flagstaff Loop,path,115.67208884130282,0.07187530375190315
2672230248,9894397572,0,1103861727,Trump,track,80.06615918202293,0.04975080478879775
2672230269,5057896885,0,518525821,Tidal Wave,path,1021.8195586496862,0.6349292374095818
2672230269,5057896898,0,518525821,Tidal Wave,path,632.8491396432502,0.3932342244064974
2674871741,10101254501,0,518350730,Team Big Bear,path,1788.9189107019927,1.11158267635881
2674871741,9869032723,0,1103861737,Team Big Bear,track,18.457355999231357,0.011468869302791297
2674871794,2674871805,0,518568232,Sam's Trail,path,557.918505703098,0.3466744870600058
2674871805,9881426802,0,518568232,Sam's Trail,path,43.65544239253713,0.02712623428709905
2674883014,5057896898,0,1103861727,Trump,track,24.371368863889717,0.015143666527410993
2790415975,2790449338,0,1103600520,Shadow Lake Cutoff,path,133.8592873730261,0.08317630498701713
2790449246,2790449253,0,274287058,Jupiter Access,track,248.85761139343822,0.15463295068887584
2790449246,6349743885,0,274287066,Jupiter Access,track,166.93406409784828,0.10372801843350352
2790449246,5058404584,0,274287066,Jupiter Access,track,668.0909995735985,0.4151325009280791
2790449253,2790449330,0,274287058,Jupiter Access,track,120.61044156527886,0.07494385387168863
2790449283,2790449330,0,274287058,Jupiter Access,track,222.72116523701152,0.13839251597981012
2790449283,2790449338,0,274287066,Jupiter Access,track,52.21048350113264,0.032442090380386444
2790449283,6349743885,0,274287066,Jupiter Access,track,126.03199311530156,0.0783126498221024
2790449330,6349743885,0,274287061,Shadow Lake,path,101.73474985672777,0.06321504281044188
2790449342,5058404584,0,274287066,Jupiter Access,track,355.4358110149368,0.220857573654195
2790449342,2790449366,0,274292134,Pioneer Ridge,track,84.72246438727868,0.05264409870560842
2790449342,7986709148,0,"[1466925443, 1036071253, 1103583263]",Meadow Road,track,356.65865753876983,0.2216174152566324
2790449366,13315833674,0,274292134,Pioneer Ridge,track,119.4234146476307,0.07420626954065178
2790472937,9499107977,0,1464159580,Crescent Ridge,track,9.67428651565328,0.006011322946277042
2790472937,9898526052,0,10158573,Crescent Ridge,track,548.6677858974641,0.3409263562653256
2790472937,10098548063,0,1103583256,Rosebud,track,34.38124467451633,0.021363514994007703
2790472944,9898526052,0,1464159581,Crescent Ridge,track,34.948012405649536,0.02171568813482359
2790472944,9499107978,0,1464159581,Crescent Ridge,track,375.9577379945254,0.23360930788850948
2790472948,5058231164,0,1298662540,Seldom Seen,path,362.2709017832726,0.22510470215396622
2790472948,3057941664,0,1298662540,Seldom Seen,path,292.51469029420616,0.18176020185504538
2841057070,5056474020,0,518568222,Gravel Road,track,92.01553083179542,0.05717580009730388
3052566316,5056473201,0,518350713,Moosebones,path,493.53063114996655,0.3066657166832986
3057927614,3057927618,0,1103646550,Silver Star Access,path,209.96414925419361,0.1304656737491758
3057927614,6835823201,0,"[1144841745, 301715486]",Armstrong,path,2417.6819584415075,1.502277920967492
3057936180,9546183932,0,240427892,Silver Spur,path,187.61796343439036,0.11658039762436767
3057936180,3732774711,0,369488639,PCMR Road,track,611.620548790067,0.3800433895985364
3057941664,3057941673,0,240425466,Spiro Trail,path,472.70375350613784,0.2937244948911717
3057941664,6835788479,0,1298662541,Spiro Trail,path,432.7300202821123,0.26888596861958186
3057941673,5058406863,0,240425466,Spiro Trail,path,171.5811929752249,0.10661561044451956
3058087859,3058087897,0,301716765,CMG,path,1167.8243517256903,0.7256524097555839
3058087859,9898350440,0,1080124236,Short Fuse,path,510.4110556576787,0.317154726185128
3058087897,3148162062,0,302343124,Thaynes Road,track,568.0446005449376,0.352966550684588
3058087897,5058406823,0,302343124,Thaynes Road,track,615.9464916429183,0.38273140586656323
3058125149,5058406823,0,302343124,Thaynes Road,track,138.09886951144998,0.08581065919495769
3058133583,9029207753,0,274287061,Shadow Lake,path,76.08537300519507,0.04727725893606032
3064995868,3724762020,0,256667273,Skid Row,path,666.7049486156548,0.41427124879183985
3064995868,10102156345,0,302251013,Lost Prospector,path,728.7027472010262,0.45279489481492224
3065003049,3065003278,0,302251013,Lost Prospector,path,6.642370521935309,0.004127377690497065
3065003049,3065003280,0,302251013,Lost Prospector,path,13.761665423642103,0.00855110245145979
3065003049,3065065759,0,302253802,Euston,track,287.21994531852613,0.17847019985691445
3065003049,3065065734,0,302253802,Euston,track,292.6248844969191,0.18182867335816275
3065003058,3065003093,0,302251013,Lost Prospector,path,425.355663183211,0.26430375555705365
3065003058,3065003280,0,302251013,Lost Prospector,path,1455.115553633071,0.9041668864040695
3065003058,4984146500,0,509297830,Hang Time South,path,224.21406932574183,0.13932016357332044
3065003073,4985467258,0,302251013,Lost Prospector,path,653.7642871108551,0.40623029452426274
3065003073,4985467258,1,509297832,Lower Masonic,path,698.8132147693788,0.43422240041245297
3065003073,3065003093,0,302251013,Lost Prospector,path,109.0000489024613,0.06772949034045009
3065003093,3065022367,0,302252594,Masonic,path,476.88669061122937,0.2963236515072162
3065003271,10102156393,0,302251013,Lost Prospector,path,22.681521451040542,0.014093644025789727
3065003271,3065003278,0,302251013,Lost Prospector,path,186.13524837733019,0.11565908120161393
3065003271,3065065751,0,302253803,Gambel Oak North,path,220.167916283132,0.13680600063325926
3065022367,3065068510,0,302252594,Masonic,path,892.3337455572636,0.5544704833505226
3065022397,3065068510,0,302252594,Masonic,path,677.2338523071271,0.4208136062315621
3065022397,3065023761,0,302252595,Gambel Oak Trail,path,212.37944132623625,0.13196646666358233
3065022397,3065065032,0,302253786,April Mountain Summit Trail,path,149.7038960164384,0.09302168835030819
3065023761,10102156413,0,302252595,Gambel Oak Trail,path,1172.2643801242202,0.7284113154951459
3065023761,3065031609,0,302252800,Solamere Connector,path,1687.371787856948,1.0484842195683135
3065023761,3065065542,0,302253790,April Mountain Trail,path,78.05274698061633,0.04849972844874454
3065023769,5057861773,0,302252595,Gambel Oak Trail,path,51.6197013347897,0.032074995361333375
3065065032,3065065542,0,302253790,April Mountain Trail,path,185.02694995542407,0.11497041648983938
3065065032,3065065733,0,302253790,April Mountain Trail,path,100.47420136380921,0.06243177429052409
3065065603,3065065733,0,302253790,April Mountain Trail,path,620.4837161266057,0.3855507064534405
3065065759,10102156393,0,302253810,Gambel Oak North,path,383.8921393447738,0.23853951631520284
3065081718,3065081730,0,302255827,Gambel Oak Cut,path,454.7607892418704,0.28257525379401194
3065085737,5057861599,0,302255828,Solamere,path,256.39489486564753,0.1593164015062333
3065085737,3065085757,0,302255829,Solamere,path,617.617464307256,0.3837697001431987
3065085757,12958779296,0,302255830,Solamere,path,205.96937868976255,0.12798343840084067
3065085771,3065085933,0,302255830,Solamere,path,468.959716493412,0.29139805814879355
3065085771,12958779296,0,302255830,Solamere,path,333.72017064703994,0.20736410030859775
3065085771,3065088154,0,302255957,Solamere,path,455.5736021345417,0.28308031231019704
3065085783,3065085933,0,302255831,Snowtop,path,2630.0230959732,1.6342205867565913
3065913309,3065913318,0,302331627,Daly Avenue,track,556.1420478836682,0.34557064734678733
3065913309,5058230755,0,302331627,Daly Avenue,track,315.8804914418245,0.19627903757172147
3065913309,9900483906,0,1080113484,Daily Overlook,path,447.0044952414336,0.27775571614361727
3065913309,3727622721,0,1080118136,Trappers Gate,path,466.7022681996102,0.28999534481105976
3065913318,3065913538,0,302331628,Ontario Ridge Road,track,375.6925239267955,0.23344451150704604
3065913318,5058230592,0,302331628,Ontario Ridge Road,track,263.24528308966944,0.1635730354042824
3065913538,3727622697,0,368924259,OMG,path,86.42788842208574,0.05370380007138669
3065913558,5058230508,0,302331630,Empire Link,path,983.9505467475527,0.6113985243351034
3065913558,9869072831,0,302331630,Empire Link,path,339.25589066222886,0.21080383725432775
3065913558,5058230592,0,1080106710,Daly Grind,track,527.256671378523,0.32762210650956103
3065913614,9869072831,0,302331630,Empire Link,path,851.3762362281279,0.529020666947606
3065913614,3147502031,0,302331630,Empire Link,path,19.86495710232288,0.012343512078413863
3065913614,5058230558,0,518568233,Johns 99,path,999.6957306531583,0.6211821280305256
3065916318,11057493673,0,302331630,Empire Link,path,198.83811827467053,0.12355227861456004
3065916318,11057493673,1,1190906567,Empire Alternate,path,176.22924550980517,0.10950377638951347
3065916318,10099187287,0,302331630,Empire Link,path,222.20298666918862,0.13807053474533015
3065968775,11057493673,0,302331630,Empire Link,path,24.46467849536012,0.015201646444364982
3065968775,3065968814,0,302339851,TDS Ontario Bypass,path,32.76178643607909,0.02035723029761138
3065968775,11057493639,0,302339851,TDS Ontario Bypass,path,628.9806510751092,0.39083045705275515
3065968775,3065968819,0,302339857,TDS Ontario Bypass,path,169.68273752897645,0.1054359649204747
3065968803,3065968814,0,302339854,Ontario Ridge,path,211.5628649704811,0.13145906963985393
3065968803,3065970041,0,302339854,Ontario Ridge,path,150.03132247281604,0.09322514171787762
3065968803,3065970041,1,302339857,TDS Ontario Bypass,path,407.20655698406154,0.2530264238000462
3065968803,3065968819,0,302339857,TDS Ontario Bypass,path,251.23364092700453,0.15610934699293907
3065968814,3065968819,0,302339851,TDS Ontario Bypass,path,65.53229990386454,0.04071988332131884
3065980732,9898803437,0,702340529,Trestle,path,2.908147812420289,0.0018070392734059896
3065980732,9898803437,1,302341119,Johns Trail,path,3.31721265606865,0.0020612203830061506
3065980732,3065981126,0,302341119,Johns Trail,path,2069.8456140291696,1.2861424369365217
3065980732,10099187207,0,702340529,Trestle,path,928.0008148247387,0.5766329727048652
3065981121,6595563369,0,10159683,Trestle,track,112.88105264453587,0.07014103426274051
3066001889,10099170102,0,302343123,Miner's Mile,track,220.12714523080314,0.13678066667586491
3066001889,9546183764,0,304758337,Steps Access,path,168.97979683186625,0.1049991778214392
3066001896,3066001913,0,1079868975,Thaynes Road,track,27.231962275829165,0.01692115686629407
3066001896,10098548112,0,1144872316,McConkeys,track,423.7967801680833,0.26333511055938524
3066002047,9546183763,0,304758337,Steps Access,path,24.01014705644859,0.014919213702259175
3066002047,3066008873,0,304758337,Steps Access,path,350.9238305130007,0.21805395895035537
3066002047,9546183749,0,1036126452,Steps Access,path,17.534005388195503,0.010895125832758878
3066008873,3066008879,0,518350723,Mid-Mountain Trail,path,118.51877395904856,0.0736441518774411
3066008873,9898609402,0,518350723,Mid-Mountain Trail,path,188.78703653461338,0.11730682597046584
3066008879,3066008884,0,518350723,Mid-Mountain Trail,path,125.33711603457478,0.07788087322199279
3066008884,12962089120,0,518350723,Mid-Mountain Trail,path,344.48114441296156,0.21405065940716314
3066009256,3717274365,0,302343850,Jenni's Trail upper,path,21.21924735261633,0.0131850290258741
3066009256,10098548091,0,302343850,Jenni's Trail upper,path,677.8376926916013,0.4211888152511839
3066009256,9898591287,0,518568240,Upper Loose Moose,path,285.3821211609181,0.17732822886897895
3093559608,3147502046,0,309420639,King Road,track,596.2288441676717,0.37047942774675374
3093559608,3093562868,0,518350723,Mid-Mountain Trail,path,161.49925780901395,0.10035098637023157
3093559608,9898312441,0,"[1103583265, 10158170]",Drift Road / King Road,track,181.57981993113276,0.11282846919684837
3093559608,3093559610,0,1368810677,Mid-Mountain Trail,path,171.61053944340716,0.10663384549444194
3093559610,10167373287,0,1103646570,Mother Urban,path,831.753976360197,0.5168279599390789
3093559610,3147492426,0,1368810677,Mid-Mountain Trail,path,503.7985871979779,0.31304592877469195
3093562853,9900437884,0,445054473,Corvair,path,146.7756979575139,0.09120219043132723
3093562853,9868843068,0,1368810677,Mid-Mountain Trail,path,244.40402922583544,0.15186562302766557
3093562853,9900437828,0,1368810677,Mid-Mountain Trail,path,130.3253209466534,0.0809804000553352
3093562861,3694521626,0,304758338,Mid-Mountain Trail,path,75.63215697738053,0.046995643552516134
3093562861,9868843071,0,1368810677,Mid-Mountain Trail,path,58.427918340627684,0.036305425279261415
3093562868,9898312600,0,10158170,Drift Road,track,403.83850200403566,0.2509336114615866
3093562868,9898312441,0,10158170,Drift Road,track,34.933366449907794,0.021706587559842887
3093562868,12962089120,0,518350723,Mid-Mountain Trail,path,55.76183534365073,0.03464879810882616
3093562889,10655639863,0,1079868975,Thaynes Road,track,146.68832118044864,0.09114789701918834
3093562889,10098713536,0,1079868975,Thaynes Road,track,74.49061224103009,0.046286320538697814
3093562889,3093562894,0,1368810677,Mid-Mountain Trail,path,260.2643850460051,0.16172079123295274
3093562889,10098713542,0,1368810677,Mid-Mountain Trail,path,58.45714707212355,0.03632358717099858
3093562894,9869072944,0,518568253,Link,path,148.78393984053895,0.09245005408448345
3093562894,10655736055,0,518568253,Link,path,304.26164029217256,0.18905941818043412
3093562894,3714945409,0,1368810677,Mid-Mountain Trail,path,107.5410833200178,0.06682293115705393
3147492426,3147502031,0,302331630,Empire Link,path,383.4635674802354,0.23827321410477523
3147492426,10098713542,0,1368810677,Mid-Mountain Trail,path,605.4035034908363,0.3761802967487599
3147502031,10167373287,0,309420638,Johns '99,path,998.1832476301058,0.6202423146512528
3147502046,9898312600,0,309420638,Johns '99,path,707.5704657041993,0.4396639038665439
3147502046,10167373287,0,309420638,Johns '99,path,139.08118437723581,0.08642104135426348
3147502046,5058230701,0,309420639,King Road,track,28.597028162261626,0.017769369483629123
3147502100,5058230616,0,309420640,Woodside Gulch,track,542.8352960098488,0.33730221507014585
3147502100,5058230624,0,"[10162890, 1103583268]",King Road,"['residential', 'track']",794.7574694272528,0.49383939631753854
3147502100,5058230701,0,"[1103583268, 309420639]",King Road,track,491.4872249022334,0.30539600290691943
3147502196,10098548063,0,518350723,Mid-Mountain Trail,path,330.16280382812687,0.2051536550471042
3147502196,3147526997,0,518350723,Mid-Mountain Trail,path,1029.3347613695826,0.6395989678835492
3147502196,10098548064,0,309422805,Mojave,path,108.76747214206839,0.06758497384155804
3147526997,5058231153,0,302345047,CMG,path,1569.9757334004103,0.9755376932466957
3147526997,10098548055,0,1080124233,Claim Jumper,track,124.53896047510847,0.07738492235041636
3147526997,9900613576,0,1080124233,Claim Jumper,track,468.2810907066471,0.29097637963458844
3147530599,3147530603,0,309422805,Mojave,path,647.5928149139303,0.4023955194874
3147530599,3147530602,0,309422805,Mojave,path,29.81419786049024,0.018525683670172592
3147530602,3635410626,0,302343124,Thaynes Road,track,27.113465051890074,0.016847526104978222
3147530602,3148162062,0,302343124,Thaynes Road,track,954.7598000548666,0.593260235260371
3147530603,10098548064,0,309422805,Mojave,path,742.6683813181378,0.4614727375366222
3147530603,9898350444,0,1080124233,Claim Jumper,track,195.66785113005955,0.12158236593920227
3147530603,9898350440,0,1080124233,Claim Jumper,track,128.23896349604036,0.07968399763881455
3635410626,9898395956,0,302343124,Thaynes Road,track,16.63932578896021,0.010339197703511624
3635410650,9546183616,0,358640064,Tommys Two Step,path,610.245059989455,0.379188700482591
3635410650,9546183764,0,358640064,Tommys Two Step,path,1100.2786301614312,0.6836814442166691
3635410674,9898209242,0,1036099764,Keystone Trail,path,28.653985803399607,0.017804761321010054
3635410683,9869072987,0,309481196,Keystone Trail,path,173.61655859116613,0.10788032800393584
3635410683,10655645617,0,518568259,Fat Lip,path,241.21661303349023,0.14988505442807146
3635410727,9546183763,0,302343125,Steps,path,16.25870439744384,0.010102690535674063
3635410727,9546183764,0,358640064,Tommys Two Step,path,9.474288992355056,0.005887050246780711
3635410727,3635410731,0,358640064,Tommys Two Step,path,142.3896798228058,0.08847684511378909
3635410731,12962089120,0,358640064,Tommys Two Step,path,620.0699582229925,0.3852936092115747
3635410731,10099170102,0,1103646540,Riser,path,21.339961730747675,0.013260037462933763
3684911105,10919385291,0,1175104405,Old Ranch Access,path,53.24438356060224,0.03308452609299332
3684911106,13117144029,0,364444504,Rambler,path,17.54495502169445,0.01090192961958068
3684911106,9139124394,0,988778057,Pulp Friction,path,606.3941218937365,0.37679583848682224
3684911258,10608855952,0,938142026,Rademan Ridge,path,4.5975686997029355,0.002856796744327462
3684911258,4996335578,0,938142026,Rademan Ridge,path,258.99491067437987,0.16093197642914123
3684911258,9139124394,0,988778057,Pulp Friction,path,1619.376756765181,1.0062340660326077
3684911274,8691262408,0,988775667,Rambler,path,149.38727898253313,0.09282495164646783
3684911274,13117143648,0,1175104402,Big Easy,path,1840.8753362139214,1.1438669024235473
3684911380,13120540241,0,367557830,Rambler,path,636.920373151187,0.3957639716252007
3684911380,9139065761,0,367557830,Rambler,path,211.23877373157964,0.13125768868034407
3684911380,9139065761,1,367557840,Ramble On,path,225.5007916795769,0.14011969577640138
3694521626,3696258271,0,518350716,Tour De Suds (Upper),path,16.252398206748733,0.010098772050443369
3694521626,3694521661,0,304758338,Mid-Mountain Trail,path,383.79337440411575,0.2384781466262749
3694521629,5056474000,0,304758338,Mid-Mountain Trail,path,632.5433259252274,0.393044200571927
3694521661,9869032723,0,304758338,Mid-Mountain Trail,path,74.11409521732332,0.04605236370677948
3694521681,9869032723,0,304758338,Mid-Mountain Trail,path,471.5507767031649,0.2930080683204864
3694521681,5056474000,0,304758338,Mid-Mountain Trail,path,247.7883850784064,0.153968564258733
3694521681,9895874055,0,1103861738,Shenanigans,path,243.80816345359824,0.15149536920235712
3694546060,12958383403,0,365438456,Deer Crest,path,611.087337882433,0.3797120677011459
3694546060,11895879003,0,365438456,Deer Crest,path,160.31303184810668,0.09961389973063974
3694546060,11895879003,1,1281843748,Ripple Trail,path,464.0603169102648,0.2883537123885663
3694546077,11895879003,0,365438456,Deer Crest,path,212.77554974457613,0.1322125970237414
3694546077,11895879003,1,1281843748,Ripple Trail,path,247.5368873619225,0.15381229082279643
3694546077,3694546148,0,365438456,Deer Crest,path,398.1076015358942,0.24737259500510408
3694546077,11895879005,0,1281843748,Ripple Trail,path,823.0210434184468,0.5114015669853349
3694546127,5057861505,0,365438456,Deer Crest,path,338.57358625552297,0.21037987295166413
3694546148,11895879004,0,365438456,Deer Crest,path,391.45200348444183,0.24323699810882063
3694546148,11895879005,0,518521584,Outlook,path,117.16142027575286,0.07280073140096391
3694650360,5056473201,0,1076178708,Moosebones,path,159.3818021176947,0.09903526040280679
3694650360,3696258211,0,1103861739,Boulder,path,388.5061773119436,0.24140654658789146
3694650360,5057896511,0,"[1103861739, 1079358020, 1079358013, 1103861727]",Trump / Boulder,"['path', 'track']",671.1472983229748,0.41703159692581254
3696258211,3696258219,0,518350713,Moosebones,path,33.501091886966734,0.020816613407056993
3696258211,5056473968,0,518350713,Moosebones,path,466.1952332958686,0.28968028792841594
3696258219,5056473974,0,365450636,Boulder,path,472.3535184055804,0.293506868889175
3696258219,5056473201,0,518350713,Moosebones,path,305.1457937666109,0.18960880567896662
3696258271,5056473974,0,365450636,Boulder,path,1811.5034329255848,1.1256160478589938
3696258271,5058219053,0,518350716,Tour De Suds (Upper),path,1181.1937964479937,0.7339597975622326
3714741465,3714741467,0,510673545,Round Valley Express,path,153.6086035356148,0.09544796111683693
3714741465,10286112007,0,510673545,Round Valley Express,path,455.1792603477058,0.28283527968396177
3714741465,4996336017,0,988767072,Cammy Connector,path,130.63129147988204,0.08117052133035699
3714741467,13117143648,0,988789990,Cammy's,path,10.156160679252144,0.006310745669820836
3714741467,3714741468,0,1426932543,Round Valley Express,path,22.392543618959422,0.01391408152573932
3714741467,10286293084,0,988790004,Round Valley Express,path,23.82649595154212,0.014805098196247738
3714741467,9139024206,0,"[1427027426, 1103979611]",Big Easy,path,313.2830986335605,0.19466509250574177
3714741468,10286293084,0,367557846,Round Valley Express,path,15.09615992116958,0.0093803188884226
3714945351,5058230799,0,367584510,T&G 2,path,1033.2400208296826,0.6420255836102676
3714945409,5058230799,0,367584510,T&G 2,path,342.81079421028807,0.21301275191027402
3714945409,9869072944,0,367584510,T&G 2,path,40.52947130891594,0.025183845907969914
3717274365,9898591179,0,302343850,Jenni's Trail upper,path,975.1581219017505,0.6059351648260102
3717274365,9898591173,0,367851681,Upper Loose,path,530.7195943987514,0.32977386711526646
3724208706,4985467306,0,368565996,Lost Prospector,path,7.497670487921355,0.004658836450082366
3724660622,3727506349,0,10158170,Drift Road,track,76.57323791044021,0.04758040413388325
3724660622,5058230657,0,518568238,Flat Cable,path,126.7994914406953,0.07878955117159246
3724660622,5058230652,0,1103646558,Flat Cable,path,82.76063151777188,0.05142507227651259
3724661527,9898605291,0,518568238,Flat Cable,path,204.8997362046528,0.12731879337460034
3724661527,3727506414,0,1079891447,Flat Cable,track,154.45263099343845,0.09597241546458585
3724761955,3724762020,0,368624969,Fox Tail Trail,path,828.2161573915498,0.5146296611486108
3724762020,5057861751,0,368624969,Fox Tail Trail,path,322.088181041721,0.20013631705944843
3726127311,10287881026,0,368769824,High Side,path,893.0458189222618,0.5549129452262921
3726127311,13120540241,0,368769832,Kari's,path,711.6422281986213,0.4421939797822102
3726127311,10287880946,0,368769832,Kari's,path,614.8021024915594,0.3820203154151998
3727506339,9898803525,0,368909392,South Sweeney,path,109.61723568867754,0.0681129924296344
3727506349,9898609197,0,10158170,Drift Road,track,24.371402579367025,0.015143687477237324
3727506387,6595557870,0,702340528,Sweeney Switchbacks Access,track,400.5936416333834,0.24891734870443075
3727506387,3727506397,0,1103646564,Sweeney Switchbacks Access,path,64.88341774193873,0.04031668663874145
3727506387,12030042982,0,1103646566,Sweeneys Connector,path,100.18073918396456,0.062249425345957454
3727506397,6595557870,0,724801977,Mother Urban,path,791.3675312737853,0.4917329864055076
3727506397,3727506418,0,1103646565,Mother Urban,path,203.94191189563688,0.1267236289417532
3727506402,10167373523,0,368909392,South Sweeney,path,240.1671414478793,0.14923294301770118
3727506402,3727506414,0,368909393,Sweeney Switchbacks,path,447.73728750261927,0.2782110521446125
3727506414,3727506418,0,368909393,Sweeney Switchbacks,path,569.2197840048731,0.3536967758321857
3727506418,10167373523,0,1111162145,Mother Urban,path,901.4972809298695,0.5601644402501078
3727622697,3727622721,0,368924259,OMG,path,352.42280444296745,0.21898537816835148
3727622697,3727622704,0,368924261,Root Cellar,path,126.39829200276753,0.07854025739852234
3727622704,3727626125,0,368924260,Prospect,path,361.58226071632305,0.22467680043317217
3727622721,3727626125,0,1080118136,Trappers Gate,path,81.30841280160423,0.05052270540145813
3727626125,9900508063,0,1080118136,Trappers Gate,path,237.32622806512398,0.1474676812820155
3729228701,5057861446,0,365438456,Deer Crest,path,20.213484556722193,0.012560076998281407
3729228701,5057861514,0,365438456,Deer Crest,path,199.26434202236774,0.12381712177282653
3729228701,3729228856,0,1103930219,Deer Crest Connect,path,81.20610109721721,0.05045913185572333
3729228708,5057861445,0,369100751,Pipeline,path,674.7189708775015,0.41925093135930014
3729228708,11895879005,0,518521584,Outlook,path,20.654872186389905,0.012834342555966844
3729228844,3729228868,0,369100751,Pipeline,path,134.05344597331828,0.08329694954796381
3729228844,3729228856,0,369100751,Pipeline,path,131.31438024576119,0.08159497301121524
3729228844,5057861513,0,1103930222,St. Regis Connector,path,122.32039393568787,0.07600636901475873
3729228856,5057861445,0,369100751,Pipeline,path,109.4453218817398,0.06800617014245543
3729228868,5057861449,0,369100751,Pipeline,path,1635.225887383665,1.0160822592209402
3729228868,5057861480,0,1103930221,Village Pipeline Connector,path,267.64803171274656,0.16630877656532508
3732774704,3732774711,0,1079883746,Gotcha Cuttoff,track,178.20001605935212,0.11072835643551168
3732774704,12876205927,0,1298662540,Seldom Seen,path,174.71736723583433,0.10856433878389848
3732774704,5058231164,0,1298662540,Seldom Seen,path,913.4551081233054,0.567594689589861
3732774711,9898547973,0,1079883746,Gotcha Cuttoff,track,61.40927998888064,0.038157957521127016
3732774721,9898527664,0,369488637,First Time,track,162.31501922900955,0.10085787701635544
3732774721,9546183948,0,369488637,First Time,track,96.66593594773519,0.060065427868581975
3732774721,12876205926,0,1079883746,Gotcha Cuttoff,track,202.85041444192515,0.12604540386761634
3732774857,9546183948,0,369488637,First Time,track,135.82875583461245,0.08440007595306687
3732774857,3732774893,0,369488637,First Time,track,177.56743014918445,0.11033528577431825
3732774857,9898548306,0,629315104,Jenni's Trail,path,133.22997467380074,0.08278526820480937
3732774857,9898548232,0,629315104,Jenni's Trail,path,569.074919144512,0.35360676098118987
3732774893,9898547821,0,240427892,Silver Spur,path,140.28350097684861,0.08716812625321163
3732774893,9546183932,0,240427892,Silver Spur,path,35.700304197019136,0.022183140582137276
3732774893,9898547809,0,369488637,First Time,track,89.1852938325582,0.055417172358773636
3732774909,9898547809,0,369488637,First Time,track,74.15991975812534,0.04608083775633136
3732774909,3732774914,0,369488637,First Time,track,55.51441370666041,0.03449505743126417
3732774910,9898548237,0,369488636,Drift Road,track,124.53723415149906,0.07738384966265699
3732774914,9898526112,0,369488637,First Time,track,75.94334729571194,0.04718900825163044
3732774914,9898526084,0,369488639,PCMR Road,track,47.06836176530717,0.02924692406676706
4425059851,9900437884,0,445054473,Corvair,path,962.3230292334742,0.5979598079922467
4425059851,5058230223,0,518568229,Corvair,path,351.04292998800975,0.21812796393313658
4425059851,9900437949,0,1535281720,T&G,path,453.86043233185035,0.2820157979473937
4425059851,12958784001,0,1535281721,T&G,path,576.0048412865265,0.35791281496468524
4984146476,4984146478,0,1103954332,Freemason,path,103.2471380819052,0.06415479728504608
4984146500,4984146525,0,509133071,Freemason,path,1437.8044953218002,0.8934102934623053
4984146525,4985467235,0,302251013,Lost Prospector,path,5.791150154162956,0.0035984538757176565
4985467235,4985467258,0,302251013,Lost Prospector,path,211.9620434850399,0.13170710766936086
4985467235,4985467258,1,509297832,Lower Masonic,path,320.2749185992391,0.19900960801372428
4985467306,4985467837,0,368565996,Lost Prospector,path,490.1232086403144,0.3045484424960197
4985467306,4985467836,0,"[509297836, 1103954335]",Full Steam Billy,"['path', 'track']",543.0057390436597,0.33740812346127347
4985467836,10102156411,0,1103954336,Powerline Service Road,track,406.54130286542204,0.25261305405520634
4985467836,4985467837,0,1103954336,Powerline Service Road,track,38.468284944814656,0.023903084079484965
4985467837,10102156398,0,1103954336,Powerline Service Road,track,182.0599753650073,0.11312682395125423
4996335573,6247320626,0,988775666,Equestrian,track,256.81964122823706,0.15958032665995403
4996335573,10608855952,0,938142026,Rademan Ridge,path,156.8437527409112,0.09745818963559762
4996335573,8691262467,0,938142026,Rademan Ridge,path,38.773998970156256,0.024093045967895153
4996335573,10608855910,0,988775666,Equestrian,track,161.2987170800849,0.10022637613840478
4996335578,4996335741,0,510673529,La Dee Duh,path,195.80905766913648,0.12167010761474022
4996335578,4996335741,1,938142026,Rademan Ridge,path,145.4513131287852,0.09037925585131903
4996335578,4996335985,0,510673529,La Dee Duh,path,813.792011517479,0.5056669124298341
4996335611,4996336338,0,510673547,Quarry Road,path,57.22421264526925,0.035557477236233676
4996335611,4996335741,0,938142026,Rademan Ridge,path,648.4247169905485,0.402912439472573
4996335769,13120527758,0,364444504,Rambler,path,426.9635817425302,0.26530286982927836
4996335769,10919385291,0,364444504,Rambler,path,27.82079578656255,0.017287041046887767
4996335985,9139033781,0,510673529,La Dee Duh,path,508.2356168137111,0.31580297115701245
4996335993,9139033781,0,510673529,La Dee Duh,path,12.169528608295535,0.00756179450030294
4996335993,9139033719,0,988789991,Round Valley Express,path,121.56509166072127,0.07553704593966315
4996335993,13118698113,0,988789991,Round Valley Express,path,234.8534492119469,0.1459311677378776
4996336017,13117143648,0,988789990,Cammy's,path,227.38059342605527,0.14128775042878047
5056473968,5056473974,0,518568222,Gravel Road,track,327.26416999293855,0.20335252748507376
5056473968,5056474020,0,518568222,Gravel Road,track,308.19723972430614,0.19150488629174753
5056473974,5058219053,0,518568222,Gravel Road,track,375.6491249113609,0.2334175446090835
5056474000,9895874151,0,1079561224,TDS Ontario Bypass,path,218.4144667852444,0.1357164576282289
5056474006,9895874077,0,518350728,TDS Ontario Bypass,path,108.59040677126073,0.06747495052099534
5057861445,5057861446,0,1410277084,Gap to Deer Crest,path,19.057314548650773,0.01184166626193702
5057861446,11895879004,0,365438456,Deer Crest,path,337.04147682484086,0.20942786428808313
5057861449,5057861480,0,"[518521587, 369100751]",Village Trail / Pipeline,path,838.6564304962473,0.52111694609496
5057861496,5057861520,0,518521592,St. Regis Trail,path,339.6119298921059,0.2110250697750797
5057861496,5057861505,0,1410277085,Gap Bypass Trail,path,305.6071566501253,0.18989548328395006
5057861496,12958775113,0,1410277085,Gap Bypass Trail,path,282.50535549479406,0.17554068955723204
5057861505,12958756230,0,1103930228,Finns,path,518.4599704760234,0.3221560899820196
5057861513,5057861514,0,1103930195,St. Regis Trail,path,22.002475343772577,0.01367170433653251
5057861513,5057861520,0,1103930195,St. Regis Trail,path,147.08428295976037,0.09139393626207969
5057861520,5057861539,0,1103930195,St. Regis Trail,path,49.2154163373549,0.03058104192599898
5057861539,12958775267,0,1410280164,Gap Loop,path,1243.8335894507102,0.7728823604218303
5057861539,12958775193,0,1410280164,Gap Loop,path,512.9802996261055,0.318751180372938
5057861588,10768435111,0,1410280164,Gap Loop,path,61.48723160800013,0.038206394411636126
5057861588,12958775267,0,1410280164,Gap Loop,path,766.7236313270644,0.4764199769142361
5057861588,12958775109,0,1410280165,Gap Bypass Trail,path,18.151107215005524,0.011278575130615656
5057861597,12958779296,0,518521593,Solamere,path,353.4733220426935,0.21963813954175956
5057861599,5057861607,0,518521594,Solamere,path,295.29178116419644,0.18348580611988266
5057861751,10919385296,0,368624969,Fox Tail Trail,path,33.151517867948705,0.020599398182084568
5057861773,10102156413,0,302252595,Gambel Oak Trail,path,221.96634196001048,0.13792349054025146
5057894318,9894519959,0,518525830,Super G,path,568.5961430398141,0.353309263302199
5057894318,9894520354,0,1079370838,Super G Connect,path,72.03587155036513,0.044761015389105825
5057896251,8939371902,0,966240025,Holy Roller,path,6.6000639603513855,0.0041010896118862
5057896251,12958804184,0,966240025,Holy Roller,path,6.704328163451381,0.00416587638407412
5057896307,8939371851,0,518525913,To Deer Camp,path,39.18526732998175,0.02434859627896941
5057896311,5057896462,0,518525941,Deer Camp,path,249.54125371389554,0.1550577463326023
5057896462,5057896718,0,518525941,Deer Camp,path,201.51996809617663,0.12521870283555078
5057896484,13042245273,0,518525921,Flagstaff Loop,path,166.0746032626078,0.10319397422962885
5057896484,5057896486,0,518525921,Flagstaff Loop,path,108.85393433711089,0.06763869895877506
5057896484,5057896912,0,1076178718,Road to Ruby,path,529.509778842959,0.32902212258097646
5057896486,5057896501,0,518525921,Flagstaff Loop,path,682.8035096814586,0.424274430874604
5057896501,9894397551,0,1076178717,Flagstaff Loop,path,25.208962763459482,0.015664123247397375
5057896501,5057896625,0,1076178717,Flagstaff Loop,path,268.24706998268954,0.16668100168931535
5057896511,10101254469,0,1103861723,Flagstaff,path,22.473871806424448,0.013964616518546965
5057896517,9894397529,0,1076178717,Flagstaff Loop,path,317.0952121542594,0.1970338300290425
5057896625,9894397529,0,1076178717,Flagstaff Loop,path,37.71391799236241,0.02343434218685527
5057896625,10101254469,0,1103861724,Flagstaff Loop,path,46.87981881800486,0.029129768910813883
5057896718,13042245216,0,518525921,Flagstaff Loop,path,245.97256338751703,0.15284026496977465
5057896718,5057896832,0,518525941,Deer Camp,path,543.1138623117123,0.3374753081452519
5057896832,13260530590,0,518525941,Deer Camp,path,28.34403664075663,0.017612167840285627
5057896832,10101259453,0,1103861756,Deer Camp Cutoff,path,62.07054341903739,0.03856884756710647
5057896838,9216451097,0,518525926,Flagstaff Loop,path,17.78271389139983,0.011049666131914512
5057896838,13042245264,0,518525926,Flagstaff Loop,path,224.32872187249905,0.13939140536299202
5057896838,13260530590,0,518525941,Deer Camp,path,114.728490688163,0.07128897904249372
5057896885,9895874217,0,518525821,Tidal Wave,path,291.41405269425616,0.1810762973573432
5057896898,9894397572,0,1103861727,Trump,track,396.5115054927484,0.24638082690384927
5057896898,13260530592,0,518525821,Tidal Wave,path,148.70661025132304,0.09240200370543715
5057896912,9216451097,0,518525926,Flagstaff Loop,path,456.5678493723383,0.28369810890172537
5057896912,9894397577,0,518525926,Flagstaff Loop,path,171.53492018826057,0.10658685786771539
5058219053,5058219056,0,518568222,Gravel Road,track,80.8761155282336,0.050254088329302865
5058219056,9868843063,0,1103646547,Road to Ruby,path,325.5240883161748,0.20227129085899273
5058230223,12958765090,0,518568229,Corvair,path,102.35998851641256,0.06360354810184309
5058230223,5058230775,0,518568251,Corvair Connector,path,164.42956304818293,0.1021717936303133
5058230230,5058230775,0,518568227,Corvair (Upper),path,564.1696736673082,0.35055878275080293
5058230230,12958765090,0,518568229,Corvair,path,537.6007440094854,0.3340496152528517
5058230230,9868842835,0,1535281722,Corvair Access,path,39.689675547923926,0.024662021014726452
5058230263,5058230775,0,518568227,Corvair (Upper),path,456.9786103406242,0.2839533439343137
5058230263,9820827225,0,518568227,Corvair (Upper),path,134.53491878887013,0.08359612288539313
5058230292,9900434675,0,518568228,Empire Lodge,track,351.6845115285715,0.21852662421991287
5058230292,5058230298,0,1103600510,T&G,track,262.65305730422557,0.16320504336190744
5058230292,9900437949,0,1535281720,T&G,path,300.6286408906363,0.186801977010904
5058230303,9545908094,0,669258018,Io Trail (Middle),track,106.88930241049408,0.06641793327622564
5058230506,5058230508,0,1103646573,Sam's Trail,path,55.923581070149005,0.034749302243739684
5058230508,10099187287,0,302331630,Empire Link,path,521.4423633493169,0.3240092629974181
5058230558,9869072880,0,518568234,Speedbag,path,454.97402180092547,0.2827077503634558
5058230558,9869072944,0,518568253,Link,path,520.1728193196675,0.3232204049101171
5058230558,9881426712,0,1076183672,Little Chief,path,311.6610077376688,0.19365717195184423
5058230592,5058230594,0,302331628,Ontario Ridge Road,track,112.15797641408038,0.0696917355233439
5058230594,9898248958,0,302331628,Ontario Ridge Road,track,197.35653117721182,0.12263166307340868
5058230594,5058230718,0,518568237,Grave Digger,path,732.0922712444087,0.45490104741087595
5058230616,5058230617,0,309420640,Woodside Gulch,track,68.56309143896155,0.04260312987090488
5058230616,5058230725,0,1103646570,Mother Urban,path,72.58429145569146,0.04510178771952513
5058230616,10167373348,0,1103646570,Mother Urban,path,158.87123902819303,0.09871801120717076
5058230617,9898339930,0,309420640,Woodside Gulch,track,277.4022314521887,0.17236975528674334
5058230617,10167373348,0,1079917617,Grave Digger,path,117.1159521834552,0.07277247883824416
5058230624,10099187192,0,1079863777,4:20,path,578.5931764136135,0.3595211318485131
5058230624,10167373348,0,1079917617,Grave Digger,path,260.4025945400119,0.16180667063102225
5058230636,9898803440,0,302341119,Johns Trail,path,159.90373269224023,0.09935957302617726
5058230636,5058230648,0,302341119,Johns Trail,path,370.7978626818037,0.23040311001364758
5058230636,10099187192,0,1079891445,Johns Access,path,95.48392259718442,0.05933095882370979
5058230636,10099187210,0,1079891445,Johns Access,path,57.20778084064942,0.035547266986206444
5058230648,5058230683,0,518568241,King Road Connector,path,452.79089151495015,0.2813512160948499
5058230648,5058230649,0,518568241,King Road Connector,path,49.45111144829254,0.030727496078086808
5058230649,9898840059,0,702340529,Trestle,path,28.112429148157723,0.017468253616478344
5058230649,9898840059,1,1103646559,Sweeneys,path,56.290065617655316,0.034977025183960245
5058230649,5058230652,0,1103646562,Sweeneys,path,111.46531767440186,0.06926133733645626
5058230657,5058230659,1,518568238,Flat Cable,path,24.34242545510472,0.015125681926986847
5058230659,9898591208,0,518568238,Flat Cable,path,440.5433291225329,0.2737409336490725
5058230683,9898340025,0,1111162145,Mother Urban,path,59.9963417789633,0.03727999842107299
5058230683,10099187281,0,1111162145,Mother Urban,path,460.36008725100237,0.28605449627363844
5058230701,5058230725,0,518568243,Moosehouse,path,492.871439172103,0.30625611377810025
5058230718,10167373287,0,1103646570,Mother Urban,path,1912.6121527255918,1.1884420936267148
5058230718,5058230725,0,1103646570,Mother Urban,path,323.3284378032306,0.20090697688202808
5058230725,9898339936,0,1079863774,Moose Poop,path,378.1435980736517,0.23496753837194015
5058230737,9898339930,0,309420640,Woodside Gulch,track,267.43096117725776,0.16617389518788883
5058230737,9900483906,0,518568247,Daly Bypass,path,494.1210991123163,0.3070326164650418
5058230755,9900483906,0,518568247,Daly Bypass,path,50.291338905339295,0.031249589214822494
5058230756,10101254501,0,518350730,Team Big Bear,path,288.668747832882,0.1793704440025762
5058230756,9869032489,0,518525926,Flagstaff Loop,path,1089.7354086203811,0.6771301900776845
5058230756,9869032490,0,518525926,Flagstaff Loop,path,353.83640717598706,0.21986375018391782
5058230799,5058230824,0,1385467189,Black Forest,path,915.9460938080326,0.5691425163346262
5058230824,10655736055,0,1144883076,Cyn City,path,3735.672503304429,2.321239277186499
5058230824,5058230830,0,1103600521,Black Forest,path,341.1498063480491,0.21198066190202286
5058230830,5058230898,0,987605843,McConkeys,track,309.8931647640041,0.1925586852556098
5058230830,5058230874,0,987605843,McConkeys,track,438.39574133518033,0.2724064844652109
5058230830,9128711700,0,987605846,9K Trail,path,1003.1402734765164,0.6233224677113882
5058230830,9896425237,0,987605846,9K Trail,path,402.2703256386507,0.24995919184378895
5058230872,5058230874,0,987605845,Evil Empire,path,261.1060833799315,0.16224379833020874
5058230872,9545908079,0,1036092938,Empire Upper Access,track,88.7798601545245,0.05516524755088067
5058230874,9896425237,0,987605845,Evil Empire,path,356.40615579415544,0.22146051794653934
5058230898,9128711632,0,987605848,Stiff Upper Lip Access,path,22.188990772164544,0.013787599650643084
5058230898,9545984053,0,518568258,Evil Empire,path,1068.7493759145534,0.6640900739149327
5058230898,9128711641,0,1079849643,Evil Empire,path,221.4887363433671,0.13762672016881852
5058231153,9499107978,0,302345047,CMG,path,9.167891355767958,0.005696663582035884
5058231153,9499107979,0,518568261,Eagle Trail,path,11.526964860860975,0.0071625238984710385
5058231164,9499107979,0,518568261,Eagle Trail,path,582.518120410103,0.3619599789790766
5058404581,10043767651,0,1096852688,Perrier Pass,path,192.4285927024267,0.11956958406805922
5058404581,9128711412,0,1103600517,Apex,path,110.23735134086053,0.06849831443175637
5058404581,9183841715,0,1103600517,Apex,path,336.4385483285173,0.2090532218894887
5058404584,9128711412,0,1103600517,Apex,path,92.31722788261438,0.05736326595346574
5058406863,9900613486,0,518591517,H.A.M.,path,325.0540795979639,0.20197924098139608
5941576034,9898609234,0,302343850,Jenni's Trail upper,path,158.8994912208645,0.09873556630581434
5941576034,12876205927,0,629315104,Jenni's Trail,path,321.7612572688564,0.19993317604493285
5941576034,9898609224,0,702333592,CMG,path,267.1527229859961,0.1660010059912586
6247320626,13120527928,0,1138125456,Tim Man,path,688.5334060749271,0.4278348234280099
6247336197,13117143923,0,667242550,Seventy 101,path,98.453448279155,0.061176136537095235
6247336197,9139033878,0,667242551,PorcUclimb,path,1268.739095001176,0.7883579240989969
6247349611,13120550086,0,256662220,Valderoad,path,384.43243527581006,0.2388752406420318
6247349611,13120550156,0,667244116,Downward Dog,path,589.4367759872596,0.3662590322437338
6247349611,10286245612,0,1175104404,Valderoad,path,148.63769002754373,0.09235917866381813
6247349611,10287880813,0,667244116,Downward Dog,path,1451.2686153189334,0.9017765097573504
6349743885,9029207753,0,274287061,Shadow Lake,path,1164.1553750889288,0.7233726133685084
6595484319,6595484351,0,702333592,CMG,path,684.2254358159387,0.42515797481205925
6595484319,9898590944,0,702333592,CMG,path,290.06900145328103,0.1802405212641182
6595484319,9898591361,0,1036126454,Loose Moose,path,939.4554828228544,0.5837505734155373
6595484351,9898547749,0,702333592,CMG,path,445.1511401955994,0.2766040947091482
6595484351,9898547759,0,1036126453,First Time Return,path,22.354688519296072,0.013890559457329242
6595484351,9898547754,0,1103646554,CMG Access,path,18.438550112994903,0.011457183866839471
6595563369,10099187207,0,702340529,Trestle,path,22.1722420250231,0.013777192461663323
6835788479,6835823201,0,729738320,Dawns Trail,path,1398.6962192206854,0.8691095373150087
6835823201,9900613473,0,301715486,Armstrong,path,2392.685709809131,1.4867459721533314
7013165827,9898547866,0,240427892,Silver Spur,path,84.38789231337186,0.05243620525715562
7818338441,11057493639,0,1096837636,Ontario Mine Trailhead Access,path,363.1437681341599,0.22564707615908092
7986709148,7986709157,0,1036071253,Meadow Road,track,101.61460754056043,0.06314038983620682
7986709157,12434458503,0,1036071253,Meadow Road,track,76.52939270345567,0.04755315998534537
8192172496,9898350444,0,1080124233,Claim Jumper,track,7.880657462909967,0.004896813523342409
8192172496,9898350473,0,1080124233,Claim Jumper,track,18.350478459876275,0.011402458678738837
8691262408,10608855910,0,364444504,Rambler,path,197.62490217741453,0.12279842108176656
8691262408,8691262467,0,938142026,Rademan Ridge,path,359.538536038447,0.22340688879347545
8939371851,9894398311,0,966240025,Holy Roller,path,929.6871368461937,0.5776808046298328
8939371875,9894398116,0,36744565,Ontario Canyon,track,82.86865331660994,0.05149219391044421
8939371875,9894519959,0,36744565,Ontario Canyon,track,557.7481145035222,0.3465686108771786
8939371875,12120669630,0,966240025,Holy Roller,path,664.1311129042317,0.4126719414272099
8939371875,9894398314,0,966240025,Holy Roller,path,1211.9831799333351,0.7530914334867717
8939371886,10101651977,0,36744885,Naildriver,path,557.0379442331042,0.3461273315295575
8939371886,9895965774,0,966240025,Holy Roller,path,28.19976957732344,0.017522524443079564
8939371886,12120669623,0,36744885,Naildriver,path,109.8128764030489,0.0682345579335735
8939371981,9894520303,0,518525841,Twist and Shout,path,371.44722541602357,0.2308066053100043
8939371981,9894520354,0,518525855,Sunset,path,258.69817633877074,0.16074759426124602
8939372003,11895878495,0,1103930185,NCS,path,154.45029778455827,0.09597096567580224
8939372003,8939372176,0,966240032,Undertow Trail,path,70.5626538599261,0.0438456003563726
8939372003,11895872250,0,1103930185,NCS,path,189.68416910956213,0.1178642783081567
8939372145,11895879090,0,1281843746,Undertow Trail,path,586.9726712264611,0.3647279085307188
8939372145,11895879007,0,1281843748,Ripple Trail,path,547.9201999363947,0.340461827885396
8939372145,11895879006,0,1281843748,Ripple Trail,path,53.815360089020245,0.03343931445919595
8939372176,11895878446,0,1281829093,Deer Valley Service,track,68.02614731109585,0.042269488258008144
8939372176,11895872250,0,1281829093,Deer Valley Service,track,137.10036683260577,0.08519021839495208
8939372180,10101652038,0,1103896217,Old NCS Access,track,111.27151107754258,0.06914091150030234
8939372180,8939372182,0,1103896217,Old NCS Access,track,55.48789676620334,0.034478580568357876
9029207721,9029207753,0,975717852,Blazing Saddle,path,277.8417990935095,0.1726428899560998
9029207721,9128711412,0,987605846,9K Trail,path,2586.401541721699,1.6071154095840905
9128711412,13315833674,0,987605846,9K Trail,path,673.8470994633811,0.4187091755792305
9128711628,9128711638,0,987605846,9K Trail,path,12.008828296035578,0.0074619399556810585
9128711628,9896425227,0,1103583272,McConkeys,track,7.619556759516969,0.004734573067981095
9128711628,9545925068,0,987605846,9K Trail,path,763.9580749906013,0.4747015398762485
9128711632,9898209387,0,987605848,Stiff Upper Lip Access,path,50.04417400809786,0.031096008067944367
9128711632,9896425227,0,1103583272,McConkeys,track,237.47818935783565,0.14756210565164168
9128711638,9896425227,0,987605844,Stiff Upper Lip,path,12.142676411805642,0.007545109318955824
9128711638,9128711641,0,987605846,9K Trail,path,17.097095503465628,0.010623642616783998
9128711641,9896425237,0,987605846,9K Trail,path,23.666680662054162,0.01470579357928085
9128711760,9128711762,0,987605846,9K Trail,path,22.491909991365997,0.013975824927029893
9139024206,10286293268,0,256665242,Matt's Flat,path,200.96708504785707,0.12487515723664863
9139024206,10286293224,0,256665242,Matt's Flat,path,20.646661428473656,0.012829240627531253
9139033719,10286112007,0,988789991,Round Valley Express,path,175.7337018897597,0.1091958598595202
9139033878,10287880768,0,1125015885,PorcUclimb,path,11.808403916308862,0.007337402019896841
9139065761,10287880946,0,367557830,Rambler,path,575.7849872571393,0.35777620400432675
9139124394,13120527758,0,1103979610,Rambler,path,129.28317210732467,0.08033283878855277
9183841715,9183841741,0,1103600517,Apex,path,251.16542139536722,0.15606695734123172
9183841741,10043767651,0,274292134,Pioneer Ridge,track,251.23416962662634,0.1561096755116534
9216451097,13260530591,0,998171963,Holy Roller Access,path,89.72800200507908,0.05575439558296988
9499107977,9546183613,0,518350723,Mid-Mountain Trail,path,595.9097141569565,0.37028112955151693
9499107977,10098548063,0,518350723,Mid-Mountain Trail,path,27.06573556346695,0.01681786837585187
9499107977,9898350445,0,1464159580,Crescent Ridge,track,122.03050375563997,0.07582623960796446
9499107978,9499107979,0,1464159581,Crescent Ridge,track,6.13408594862601,0.003811544299184022
9545925068,13315833674,0,987605846,9K Trail,path,2154.568360060801,1.3387867106478173
9545984053,9898248882,0,518568258,Evil Empire,path,116.87285270395087,0.07262142382483228
9545984057,10098713536,0,1079868975,Thaynes Road,track,106.58132509433285,0.06622656504410049
9545984057,9898248882,0,1103583262,Link,track,26.606340512711153,0.016532413525455807
9546155400,9546183616,0,302343125,Steps,path,10.860336786267323,0.006748300416981903
9546155400,9546183620,0,302343125,Steps,path,34.11732246596438,0.021199521336621865
9546155400,9546183613,0,1036126451,Silver Queen,path,1541.8859199229087,0.9580834923564562
9546183613,9898609402,0,518350723,Mid-Mountain Trail,path,686.597671912675,0.4266320139837567
9546183616,9546183749,0,302343125,Steps,path,1572.4361700278143,0.9770665376872901
9546183620,9898395956,0,302343124,Thaynes Road,track,10.24912530945784,0.006368511212927652
9546183620,9896382028,0,1079868975,Thaynes Road,track,17.399158895921015,0.010811336107085257
9546183620,9898395957,0,1079868975,Thaynes Road,track,15.671988832189498,0.009738122385387772
9546183749,9546183763,0,302343125,Steps,path,19.424023500439944,0.01206952864051436
9546183763,9546183764,0,304758337,Steps Access,path,15.739800214401292,0.009780258424799975
9546183932,9898547809,0,1036126453,First Time Return,path,101.20755450130275,0.06288745880389944
9546183932,12876210370,0,1036126453,First Time Return,path,499.50266514952796,0.310376566569688
9546183948,9898548306,0,1036126453,First Time Return,path,232.5599931960504,0.14450608023893613
9546183948,9898547759,0,1036126453,First Time Return,path,222.49503572267972,0.1382520056138897
9868843063,9868843210,0,1103646547,Road to Ruby,path,24.69369967666391,0.015343953608839323
9868843063,12958784001,0,518568224,Payroll,path,552.3747892018897,0.34322978132822424
9868843068,9868843122,0,1368810677,Mid-Mountain Trail,path,29.163561079194434,0.018121396717665356
9868843071,9868843210,0,1103646547,Road to Ruby,path,489.53644186262204,0.30418384252379976
9868843071,9868843122,0,1368810677,Mid-Mountain Trail,path,258.50600710209403,0.16062818583354088
9868843122,9868843210,0,1103646546,Payroll,path,481.0962239396654,0.2989393342502693
9869032489,9869032490,0,1103861752,Ontario Loop Cutoff,path,66.011385509634,0.041017573315359546
9869032489,9894397572,0,518525926,Flagstaff Loop,path,56.40721170865123,0.03504981639018832
9869072831,9898248958,0,518568234,Speedbag,path,545.9011807382783,0.3392072675191123
9869072831,9869072880,0,518568234,Speedbag,path,270.63276287487224,0.16816340252604306
9869072880,9881426712,0,1076183673,Ore Cart,path,445.73710484047115,0.2769681962591411
9881426712,9881426916,0,1076183672,Little Chief,path,8.671124071535969,0.005387986702368151
9881426802,9881426823,0,518568232,Sam's Trail,path,217.64989144844884,0.13524137253964896
9881426802,13082857358,0,1103600508,Daly Canyon,track,307.28155393633057,0.19093590552195835
9881426823,9881426916,0,518568232,Sam's Trail,path,672.1133901044853,0.4176318985279004
9894397529,10101254469,0,1103861723,Flagstaff,path,24.853104487517733,0.015443003166207928
9894397551,9894397577,0,1103861754,Road to Ruby,path,97.6633273455725,0.0606851781505834
9894397572,9894397577,0,518525926,Flagstaff Loop,path,90.39370894307059,0.05616804669671033
9894398311,9894398314,0,966240025,Holy Roller,path,68.60539436876336,0.04262941569283096
9894398311,10101259453,0,998171963,Holy Roller Access,path,260.5929593853891,0.16192495786195438
9894398314,13260530592,0,518525821,Tidal Wave,path,469.9788090024175,0.2920312928761144
9894519948,9894520303,0,518525821,Tidal Wave,path,38.61623184830973,0.023995014023297522
9894519948,9894521563,0,1079370844,Silver Lake Road,track,360.66908570924596,0.22410937979030335
9894519948,9896180753,0,518525821,Tidal Wave,path,692.0631235069776,0.430028088157024
9894519959,9894521090,0,36744885,Naildriver,path,714.2678826130636,0.44382548579611547
9894519959,9894521090,1,1079370836,Tsunami,path,703.4033533847924,0.43707458031644714
9894520303,9894520318,0,518525821,Tidal Wave,path,23.688753214634616,0.014719508827593488
9894521090,12120669623,0,36744885,Naildriver,path,671.9533707060557,0.41753246708351704
9894521344,12120669697,0,518525873,Pedalers Inn,path,139.28110683145314,0.08654526740799552
9894521344,12958804184,0,518525873,Pedalers Inn,path,285.1480464014784,0.17718278155663325
9894521563,9896180753,0,518525860,Aspen Slalom,path,516.1005394741521,0.32069000752738513
9895874077,9895874130,0,518350728,TDS Ontario Bypass,path,40.66128555978152,0.025265751486184134
9895874112,9895874130,0,518350728,TDS Ontario Bypass,path,96.21627410615656,0.05978602095397662
9895874151,9895874168,0,1281829092,TDS Ontario Bypass,path,32.18930301249645,0.020001505590163726
9895874217,12958804102,0,1103896206,Naildriver (Lower),path,47.274412987813825,0.029374958360557982
9895874217,9895874389,0,1079561245,Mid-Mountain Trail,track,71.70662253731922,0.044556429537326525
9895874235,12958804102,0,1103896206,Naildriver (Lower),path,9.861330281891131,0.006127546554304817
9895874235,10101651968,0,36744885,Naildriver,path,13.317675726785218,0.008275220044182734
9895874235,12120669697,0,1079587674,Fireswamp,path,66.73541512812103,0.04146746446261398
9895874397,12958804102,0,1079561225,Izzy's Inferno (Dog Pound),path,182.10816742045563,0.11315676910620454
9895924749,10101652004,0,1103896214,Walk the Line,path,84.43698958196889,0.052466712885479355
9895924786,9895965774,0,1079587672,Twist & Shout,path,361.06797156279373,0.22435723596868892
9895965774,12120669630,0,966240025,Holy Roller,path,72.34994169678538,0.04495616953043313
9896217729,12958373856,0,1281843744,Ripple Trail,path,25.976840068245064,0.016141260083763983
9896217729,11895878448,0,1281843744,Ripple Trail,path,20.95539966402416,0.01302108167304452
9896382028,9898395956,0,"[1343884061, 1079868974]",Meadow Road / Thaynes Road,track,32.53748598778922,0.020217856460638135
9896425227,9898209387,0,987605844,Stiff Upper Lip,path,636.8470370094793,0.39571840265939373
9898209373,11573468561,0,518568259,Fat Lip,path,187.96268572504212,0.11679459812510073
9898209373,9898209387,0,987605844,Stiff Upper Lip,path,232.72221030945047,0.1446068772800908
9898248882,10655736055,0,518568253,Link,path,76.03369056633142,0.04724514495740588
9898248958,9900438141,0,302331628,Ontario Ridge Road,track,158.1222584068411,0.09825261622551866
9898350440,10098548055,0,1080124233,Claim Jumper,track,423.5008345284959,0.26315121846447737
9898350445,9898350473,0,1464159580,Crescent Ridge,track,581.7143322949395,0.3614605281996512
9898350468,9898350473,0,1343884061,Meadow Road,track,27.90830340897569,0.017341415762556475
9898395956,9898395957,0,1343884061,Meadow Road,track,18.504118665720217,0.011497926276619675
9898526052,9898526055,0,1079883746,Gotcha Cuttoff,track,25.959454994655708,0.01613045749986063
9898526112,9898526113,0,369488637,First Time,track,17.406942040886754,0.010816172329151974
9898527664,9898547754,0,369488636,Drift Road,track,37.811967846278115,0.023495267541481568
9898527664,9898590944,0,1079889707,Payday,track,438.6763851428455,0.2725808684425738
9898527664,9898609224,0,1079889708,Red Bull,path,293.13517736021197,0.18214575464301724
9898547749,9898547759,0,369488636,Drift Road,track,296.35046446599046,0.18414364142532016
9898547749,9898548237,0,369488636,Drift Road,track,215.126777506435,0.13367358222134917
9898547754,9898547759,0,369488636,Drift Road,track,27.190818218151,0.016895591134121108
9898547809,9898547813,0,1036126453,First Time Return,path,22.74250442752097,0.014131537090591551
9898547813,9898547866,0,240427892,Silver Spur,path,104.77666169273982,0.06510519919466554
9898547813,9898548233,0,240427892,Silver Spur,path,66.52012184198355,0.041333687416726037
9898547821,9898548233,0,240427892,Silver Spur,path,5.399365023574587,0.003355009882023102
9898547821,9898548232,0,1079885834,Jenni's Trail lower,path,11.305747380488802,0.007025065728948442
9898547973,12876205927,0,629315104,Jenni's Trail,path,333.67283036175957,0.20733468441909222
9898547973,9898548066,0,629315104,Jenni's Trail,path,527.682306287312,0.3278865837802931
9898547973,12876205926,0,1079883746,Gotcha Cuttoff,track,33.928353745378104,0.021082101617415607
9898548066,9898548306,0,629315104,Jenni's Trail,path,365.3607498812053,0.22702464475041093
9898548066,12876210370,0,1298662540,Seldom Seen,path,377.7731900584578,0.2347373775019249
9898548066,12876205926,0,1298662540,Seldom Seen,path,454.6900940478513,0.28253132583701884
9898548232,9898548233,0,629315104,Jenni's Trail,path,10.354539354766196,0.006434012463939466
9898548306,12876210370,0,1036126453,First Time Return,path,11.579098547285744,0.007194918269360524
9898557849,9898557868,0,1079889707,Payday,track,584.2634291071354,0.36304446352497377
9898557849,9898590944,0,1079889707,Payday,track,52.22332342650607,0.03245006874012397
9898557849,9898591361,0,1079889709,Payday,track,387.0073915199051,0.24047524427338413
9898557868,9898609234,0,302343850,Jenni's Trail upper,path,930.5614251180339,0.5782240621756652
9898557868,9898591173,0,302343850,Jenni's Trail upper,path,838.3664836046938,0.5209367814492699
9898557868,10098548091,0,1079889707,Payday,track,602.5359451253429,0.37439847858838315
9898590944,9898609224,0,702333592,CMG,path,260.01243770200114,0.16156423841142797
9898591173,9898591177,0,302343850,Jenni's Trail upper,path,33.07176868155563,0.020549844335055543
9898591177,9898591179,0,302343850,Jenni's Trail upper,path,4.45009031479926,0.002765157924470629
9898591177,9898591361,0,1036126454,Loose Moose,path,400.80499041456096,0.24904867474856895
9898591179,9898591208,0,1079891446,Loose Moose Connect,path,65.46080102318038,0.040675455976584486
9898591179,10099187190,0,1103646555,Jenni Payday,path,121.70043697299664,0.07562114561771544
9898591208,9898605290,0,518568238,Flat Cable,path,259.69771735538905,0.16136868025443227
9898591287,9898609195,0,1079891445,Johns Access,path,6.97088956393432,0.004331509959296658
9898591287,9898609197,0,1103646559,Sweeneys,path,7.713838662275139,0.004793157126304344
9898605290,9898609126,1,518568238,Flat Cable,path,48.95810527087404,0.030421156241843907
9898605291,9898609140,1,518568238,Flat Cable,path,55.94305530710366,0.034761402973574114
9898609126,9898609140,0,518568238,Flat Cable,path,136.94605000276175,0.08509433036240963
9898609195,9898609197,0,10158170,Drift Road,track,4.808887044903765,0.002988103876426522
9898609195,10098548090,0,10158170,Drift Road,track,1062.3975213702486,0.6601432144838199
9898609195,10099187210,0,1079891445,Johns Access,path,139.72778317576035,0.08682281922060191
9898609197,9898840059,0,1103646559,Sweeneys,path,176.41236266214406,0.1096175601127814
9898609224,9898609234,0,1079889708,Red Bull,path,139.70314261273592,0.086807508284578
9898609234,9898609340,0,1079889708,Red Bull,path,842.5685407814293,0.5235478187270275
9898609340,10098548091,0,302343850,Jenni's Trail upper,path,151.17730600324757,0.0939372228704662
9898609340,9898609390,0,302343850,Jenni's Trail upper,path,1164.7534756167397,0.723744255806552
9898609340,9898609390,1,1079889708,Red Bull,path,530.2131017953102,0.3294591472024068
9898609390,9898609402,0,1079889708,Red Bull,path,142.09294177720943,0.0882924606406147
9898803437,9898803440,0,302341119,Johns Trail,path,100.62120747671086,0.06252311965416397
9898803437,10099187210,0,702340529,Trestle,path,84.90746449027313,0.05275905244017011
9898803440,10099187192,0,1079863777,4:20,path,84.96156117021107,0.05279266655867923
9898803525,10167373523,0,368909392,South Sweeney,path,83.66792486625154,0.0519888382261664
9898840059,10099187210,0,702340529,Trestle,path,77.51804421877678,0.0481674795561277
9900434675,9900434680,0,518568228,Empire Lodge,track,53.70501973308494,0.033370752140676536
9900434675,9900437828,0,1368810677,Mid-Mountain Trail,path,198.3266173204496,0.12323444665680525
9900437884,10099187120,0,1103646544,Corvair Access,path,61.60570832114722,0.038280012428136695
9900508063,9900556691,0,368924258,Rossi Hill Trail,path,665.9432627297774,0.4137979591248219
9900527007,9900556691,0,368924258,Rossi Hill Trail,path,144.30641554815568,0.08966784947665364
9900527007,9900556543,0,368924258,Rossi Hill Trail,path,18.578129473311527,0.011543914460371138
9900527007,9900556846,0,1080118140,The Lookout,path,2118.9795808366407,1.3166728684710296
9900556520,13639202177,0,"[10162466, 1489513654]",McHenry Avenue,"['path', 'residential']",467.39976961772277,0.29042875209881963
9900556526,9900556543,0,1080118135,Rossi Hill Trail,track,104.48904998721221,0.06492648556630043
9900556526,9900556559,0,1080118135,Rossi Hill Trail,track,12.243042624886272,0.007607473992438081
9900556526,9900556691,0,1080118137,Rossi Hill Trail,path,440.256918010344,0.27356296603482166
9900556559,9900556567,0,1080118134,Rossi Hill Trail,path,224.88894889555448,0.13973951429623155
9900556567,9900556643,0,1080118134,Rossi Hill Trail,path,710.8771866494985,0.4417186050027207
9900556724,9900556746,0,1080118139,Rossi Hill Trail,path,474.9380818081968,0.2951128421320717
9900556846,10101970091,0,1080118140,The Lookout,path,171.64661375895133,0.10665626103490077
9900556902,10101970091,0,1080118140,The Lookout,path,473.83934960183393,0.2944301215910544
9900613486,9900613544,0,1080124233,Claim Jumper,track,70.03304855679323,0.04351651887774971
10043767651,13315833674,0,274292134,Pioneer Ridge,track,161.64961637778148,0.10044441485336975
10095488520,10095488524,0,1103204233,Boot Hill,path,175.5046115612385,0.10905350972895696
10095488524,10095488532,0,1103204233,Boot Hill,path,290.1409905362623,0.18028525320643832
10095488524,10095488541,0,1103204234,Boot Hill Connect,path,364.9103544408843,0.2267447819986804
10098548055,10098548064,0,1103583256,Rosebud,track,229.06953406431313,0.14233720948679282
10098548063,10098548064,0,1103583256,Rosebud,track,387.78410281606324,0.2409578702975021
10098548090,10099187193,0,10158170,Drift Road,track,109.59689630401218,0.0681003541219355
10098548090,10098548091,0,1079889707,Payday,track,401.86844496568654,0.24970947477089206
10098713536,10098713542,0,1144883076,Cyn City,path,237.9073962746022,0.14782880246522945
10098713536,10655736055,0,1144883076,Cyn City,path,237.97944556199508,0.14787357181683658
10099170102,10099170104,0,1103646540,Riser,path,51.90700980317242,0.03225352056687223
10099187193,10099187207,0,1103646563,Trestle,path,388.4806479885396,0.2413906834017709
10099187280,10167373521,1,1111162145,Mother Urban,path,783.6630629605573,0.48694565174416243
10099187280,10099187281,1,1111162145,Mother Urban,path,126.54891356211549,0.07863384929643102
10099187287,10099187293,0,1103646572,Empire Link Access,path,73.31450421067767,0.04555552088967782
10101259319,12579387684,0,"[36927949, 367581918]",Silver Strike Trail,"['residential', 'track']",66.80295022103431,0.04150942882381536
10101259453,13260530591,0,998171963,Holy Roller Access,path,43.418907480333374,0.026979258306697246
10101651977,12958804168,0,36744885,Naildriver,path,273.943123460837,0.17022036523007947
10101652004,12958804168,0,1103896213,Lila's Lair (Dog Pound),path,106.27872077586862,0.0660385354379602
10101652038,12958020478,0,1103896217,Old NCS Access,track,57.78978284768,0.03590890626719955
10101652128,11895878672,0,"[36744123, 1410277083]",Lower Devo Trail,path,172.06235548356656,0.10691459096598772
10101652128,10101958091,0,36744123,Lower Devo Trail,path,1103.9495217032054,0.6859624304705553
10101958055,12958555080,0,1103896219,Deer Valley Service,track,758.2554565308285,0.47115809704502487
10101958055,12958554994,0,1103930185,NCS,path,520.9179430726612,0.3236834033448791
10101958055,12958374064,0,1103930185,NCS,path,30.72784056847359,0.019093394928911153
10101958082,10101958087,0,1103930187,Devo,path,91.06389776716249,0.05658448272536045
10101958082,10101969821,0,1103930189,Old Skool,path,24.903866730446527,0.015474545361617234
10101958087,10101958091,0,1103930187,Devo,path,72.27830587210342,0.044911657092643595
10101958110,12958756012,0,1281843748,Ripple Trail,path,498.33861042535705,0.30965325649790043
10101958110,11895878672,0,1281843748,Ripple Trail,path,183.78549225490283,0.11419901043835427
10101958110,11895900423,0,1103930188,Pointy Rocks,path,101.4904638249711,0.0630632505076423
10101969821,10101969869,0,"[1103930192, 1103930193, 1103930189]",Old Skool,path,627.4681774002596,0.38989064948218627
10101969869,10101970076,0,"[1103930208, 1103930209, 1103930201, 1103930202, 1103930203, 1103930204, 1103930205, 1103930206, 1103930207]",Tour De Homes,path,2000.56879839065,1.2430958194088089
10101969869,11895900558,0,1103930201,Tour De Homes,path,189.58445568211522,0.11780231925686194
10101969992,11895900558,0,36744119,Deer Valley Service,track,115.16487632186606,0.07156013650398302
10101969992,11895900558,1,1103930194,Old Skool,path,152.3155866573549,0.09464451767760958
10101969992,11895900423,0,1103930194,Old Skool,path,260.898705085055,0.1621149394318772
10101970091,10101970102,0,1103930213,Lookout Access,path,132.65886564918077,0.08243039750928376
10102156345,10102156393,0,302251013,Lost Prospector,path,1183.1434464165582,0.7351712538876449
10102156345,10102156384,0,1103954329,SOS,path,420.82000474901406,0.2614854280682154
10102392775,10286245632,0,988775656,Valderoad,path,38.62762145468432,0.02400209119658962
10102392775,10286293250,0,1103979613,Nick NAC,path,156.8730874316662,0.09747641736736595
10155954135,10155955530,0,1110158015,Big Easy,path,402.9171444565151,0.2503611064238069
10155954146,13120550156,0,667244116,Downward Dog,path,494.76776449689356,0.30743443570603524
10155955530,10155955616,0,1110158015,Big Easy,path,694.0978782117145,0.43129242611381685
10155955616,10286293224,0,1110158015,Big Easy,path,178.62442421780887,0.1109920714389272
10167373521,10167373523,0,1111162145,Mother Urban,path,79.93620589336089,0.04967005555888666
10286245610,10286245612,0,256665242,Matt's Flat,path,9.676029715733534,0.006012406120589218
10286293084,10286293224,0,988790004,Round Valley Express,path,239.1766639727572,0.14861748884810036
10286293224,10286293272,0,256665242,Matt's Flat,path,326.6361798680229,0.20296231251244165
10286293250,10286293272,0,1103979613,Nick NAC,path,16.73252131447324,0.01039710671831084
10286293250,10286293251,0,1124833550,Nick NAC,path,15.727762232785029,0.009772778369810947
10286293251,10286293272,0,256665242,Matt's Flat,path,12.608725982795075,0.007834699096523226
10286293268,10286293299,0,256665243,Backslide,path,15.574922032222027,0.009677807872165321
10287880768,13120550239,0,988767075,Nowhere Elks,path,296.5044271416128,0.18423930939663166
10287880813,10287880817,0,988775672,Nowhere Elks,path,24.204599620149995,0.015040040923599923
10287880813,13120549917,0,988775672,Nowhere Elks,path,308.7807723832647,0.19186747667575405
10287880946,10287881026,0,367557830,Rambler,path,374.18376793146047,0.23250701399542947
10287881026,13120550239,0,367557830,Rambler,path,813.242535908633,0.5053254841156601
10608855910,10608855952,0,364444504,Rambler,path,460.81065435434704,0.28633446569182663
10608855952,13120527928,0,364444504,Rambler,path,4.251660660176924,0.0026418594534027054
10655645617,11573468561,0,518568259,Fat Lip,path,987.8156731579248,0.6138002025408643
10919385291,13117144029,0,364444504,Rambler,path,97.72875543778947,0.06072583328225008
10919385296,10919388206,0,1175104410,Lynx #2,path,261.5936917416419,0.16254678411926965
10919388206,13443938001,0,1175104410,Lynx #2,path,976.2990551575774,0.6066441078834466
11439362366,13120540575,0,240822976,Round Valley Express,path,92.020438057366,0.05717884930590725
11895872249,11895872250,0,1103930185,NCS,path,95.23552278270152,0.05917661033483303
11895872267,11895878672,0,1281843748,Ripple Trail,path,70.7256306572961,0.04394686944326141
11895878443,11895878448,0,1281843744,Ripple Trail,path,19.031154191672236,0.011825410969731913
11895878444,11895879236,0,1281829093,Deer Valley Service,track,47.459080175971756,0.029489705231430793
11895878444,11895878445,0,1281829093,Deer Valley Service,track,95.51243904140537,0.05934867812065374
11895878444,11895878445,1,1281843744,Ripple Trail,path,469.1983575410122,0.2915463428210576
11895878444,11895878495,0,1281843744,Ripple Trail,path,150.03270845669994,0.09322600292833598
11895878445,11895878446,0,1281829093,Deer Valley Service,track,22.501704905101082,0.013981911204255324
11895878445,11895878446,1,1281843744,Ripple Trail,path,112.94302821751577,0.07017954409841262
11895878446,12958373856,0,1281843744,Ripple Trail,path,327.4737137862487,0.20348273196174882
11895878448,11895879041,0,36744119,Deer Valley Service,track,32.848218028035895,0.02041093639895255
11895878495,12958374064,0,1103930185,NCS,path,104.19046818405036,0.06474095543528938
11895878672,12958756012,0,1410277083,Lower Devo Trail,path,194.14646427072088,0.1206370199725608
11895879004,12958755955,0,1281843748,Ripple Trail,path,7.541867046611576,0.004686298918448495
11895879004,11895879005,0,1281843748,Ripple Trail,path,479.10540306022403,0.2977022955068798
11895879006,12958755955,0,1281843748,Ripple Trail,path,47.15638304904495,0.029301617956785465
11895879007,11895879090,0,1103896221,Little Stick,track,107.21662311407893,0.06662132093205612
11895879031,11895879033,0,1281843746,Undertow Trail,path,19.164409597437853,0.011908212040084564
11895879031,11895879090,0,1281843746,Undertow Trail,path,30.540578674690774,0.0189770357827107
11895879033,11895879099,0,1281843746,Undertow Trail,path,257.6217769004856,0.1600787506589552
11895879041,11895879093,0,36744119,Deer Valley Service,track,20.310404189516433,0.012620300066061968
11895879041,11895879093,1,1281843750,Secret of My Success Trail,path,94.38461759138312,0.05864788236162257
11895879093,11895879140,0,36744119,Deer Valley Service,track,14.279159892644119,0.008872658606639798
11895879099,12958756012,0,1281843748,Ripple Trail,path,3.2097191428879124,0.0019944270105632556
11895879140,12958373856,0,1281843745,Regulator Trail,path,251.61124577964011,0.15634397977041584
11895879236,12958374064,0,1281843745,Regulator Trail,path,218.53074846453552,0.13578871171392537
11895879236,12958373856,0,1281843745,Regulator Trail,path,622.80746914434,0.3869946196365351
12120669623,12120669630,0,518525841,Twist and Shout,path,9.653945081928494,0.0059986833653516555
12876205926,12876205927,0,1298662540,Seldom Seen,path,487.18696614212433,0.3027239459942214
12958374064,12958554814,0,1281843745,Regulator Trail,path,913.5566792824361,0.567657802982107
12958378144,12958755955,0,966240032,Undertow Trail,path,452.3464713667102,0.28107506621748374
12958378144,12958555080,0,1410265611,Regulator Trail,path,40.52893589079476,0.025183513214573617
12958378144,12958554814,0,966240032,Undertow Trail,path,330.0048920632651,0.20505553322550374
12958554994,12958555080,0,1410265611,Regulator Trail,path,518.5408972384189,0.32220637554085324
12958765090,12958784001,0,1535281721,T&G,path,55.7765020685315,0.03465791158915154
12958775106,12958775113,0,1410277085,Gap Bypass Trail,path,3.5883939843464954,0.0022297246482706587
12958775106,12958775193,0,1410280164,Gap Loop,path,426.59964615265847,0.26507673073790217
12958775106,12958775109,0,1410280164,Gap Loop,path,3.804930486855403,0.002364274192997521
12958775109,12958775113,0,1410280165,Gap Bypass Trail,path,3.759355792063978,0.002335955390559121
12958775193,12958775267,0,1410280166,Gap Loop,path,78.51113480512282,0.04878455743776521
13042245264,13042245273,0,518525926,Flagstaff Loop,path,45.73936641699517,0.028421124642708562
13117143923,13120550239,0,988767077,Rambler,path,700.1065039819022,0.43502601307234634
13117144029,13117144057,0,1426932548,Rambler,path,20.30503393062531,0.012616963141892168
13120527758,13120527928,0,364444504,Rambler,path,1871.9063979802982,1.1631487102697111
13120528287,13120540241,0,256662218,Big Easy,path,554.1072487852318,0.34430628180502854
13120528287,13120528393,0,1427237588,SQ Connector Trail,path,86.89204966541122,0.053992216496542206
13120528392,13120528393,0,1427237588,SQ Connector Trail,path,360.25664477778594,0.22385310087699456
13120549917,13120550086,0,988775672,Nowhere Elks,path,821.608685053328,0.5105239681841347
13120550086,13120550156,0,988775672,Nowhere Elks,path,221.1207663321361,0.13739807420423233
13443937821,13443938001,0,1175104410,Lynx #2,path,1297.8246254623316,0.8064308348385004
