date,temperature_2m_max,temperature_2m_min,temperature_2m_mean,precipitation_sum,rain_sum,snowfall_sum,precip_1d,precip_3d,precip_7d,mean_temp_3d,mean_temp_7d,freeze_thaw,freeze_thaw_3d,freeze_thaw_7d,snowfall_3d,snowfall_7d,days_since_precip
2023-01-01,33.2,27.4,30.8,1.728,0.0,12.098,1.728,1.728,1.728,30.8,30.8,1,1.0,1.0,12.098,12.098,0
2023-01-02,27.4,21.8,24.8,0.193,0.0,1.35,0.193,1.921,1.921,27.8,27.8,0,1.0,1.0,13.448,13.448,0
2023-01-03,23.6,18.5,21.6,0.169,0.008,1.13,0.169,2.09,2.09,25.733333333333334,25.733333333333334,0,1.0,1.0,14.578000000000001,14.578000000000001,0
2023-01-04,26.3,13.4,19.2,0.0,0.0,0.0,0.0,0.362,2.09,21.86666666666667,24.1,0,0.0,1.0,2.48,14.578000000000001,1
2023-01-05,30.6,20.2,26.6,0.232,0.0,1.626,0.232,0.401,2.322,22.46666666666667,24.6,0,0.0,1.0,2.756,16.204,0
2023-01-06,29.7,24.2,27.2,0.437,0.0,3.059,0.437,0.669,2.759,24.333333333333332,25.03333333333333,0,0.0,1.0,4.6850000000000005,19.263,0
2023-01-07,30.0,17.2,22.3,0.0,0.0,0.0,0.0,0.669,2.759,25.366666666666664,24.642857142857142,0,0.0,1.0,4.6850000000000005,19.263,1
2023-01-08,31.4,18.6,24.4,0.012,0.0,0.083,0.012,0.449,1.043,24.633333333333336,23.728571428571428,0,0.0,0.0,3.1420000000000003,7.248,0
2023-01-09,31.7,18.8,26.3,0.709,0.0,4.961,0.709,0.7209999999999999,1.559,24.333333333333332,23.942857142857147,0,0.0,0.0,5.0440000000000005,10.859,0
2023-01-10,35.7,30.0,32.1,1.244,0.004,8.681,1.244,1.965,2.634,27.600000000000005,25.442857142857143,1,1.0,1.0,13.725,18.41,0
2023-01-11,30.4,18.2,25.6,0.417,0.0,2.921,0.417,2.37,3.0509999999999997,28.0,26.357142857142858,0,1.0,1.0,16.563,21.331,0
2023-01-12,36.1,17.8,23.9,0.0,0.0,0.0,0.0,1.661,2.819,27.2,25.97142857142857,1,2.0,2.0,11.601999999999999,19.705,1
2023-01-13,36.5,25.3,31.7,0.0,0.0,0.0,0.0,0.4170000000000002,2.3819999999999997,27.066666666666666,26.614285714285717,1,2.0,3.0,2.921,16.646,2
2023-01-14,34.5,24.0,29.3,0.189,0.004,1.323,0.189,0.18900000000000022,2.5709999999999997,28.3,27.614285714285717,1,3.0,4.0,1.323,17.969,0
2023-01-15,29.1,22.8,27.2,1.22,0.0,8.543,1.22,1.4090000000000003,3.779,29.400000000000002,28.014285714285712,0,2.0,4.0,9.866,26.429,0
2023-01-16,28.2,20.6,24.4,0.327,0.0,2.287,0.327,1.7360000000000002,3.3970000000000002,26.966666666666665,27.742857142857144,0,1.0,4.0,12.152999999999999,23.754999999999995,0
2023-01-17,27.7,20.6,23.6,0.386,0.0,2.728,0.386,1.9330000000000003,2.539,25.066666666666666,26.52857142857143,0,0.0,3.0,13.558,17.802,0
2023-01-18,23.1,10.6,19.1,0.016,0.0,0.11,0.016,0.7290000000000002,2.1380000000000003,22.366666666666664,25.599999999999998,0,0.0,3.0,5.125,14.991,0
2023-01-19,23.6,10.4,16.8,0.079,0.0,0.551,0.079,0.4810000000000002,2.217,19.833333333333336,24.585714285714285,0,0.0,2.0,3.3890000000000002,15.542,0
2023-01-20,20.4,9.5,14.9,0.024,0.0,0.165,0.024,0.11900000000000022,2.241,16.933333333333334,22.185714285714287,0,0.0,1.0,0.8260000000000001,15.706999999999999,0
2023-01-21,22.2,7.6,13.7,0.0,0.0,0.0,0.0,0.10300000000000023,2.052,15.133333333333333,19.957142857142856,0,0.0,0.0,0.7160000000000001,14.383999999999999,1
2023-01-22,16.1,9.6,12.5,0.063,0.0,0.441,0.063,0.08700000000000023,0.895,13.700000000000001,17.857142857142858,0,0.0,0.0,0.606,6.282,0
2023-01-23,22.6,8.8,13.7,0.004,0.0,0.028,0.004,0.06700000000000023,0.5720000000000001,13.299999999999999,16.32857142857143,0,0.0,0.0,0.469,4.023000000000001,1
2023-01-24,19.7,7.5,13.9,0.016,0.0,0.11,0.016,0.08300000000000023,0.20199999999999999,13.366666666666665,14.942857142857145,0,0.0,0.0,0.579,1.405,0
2023-01-25,20.3,11.4,15.4,0.055,0.004,0.358,0.055,0.07500000000000022,0.241,14.333333333333334,14.414285714285713,0,0.0,0.0,0.496,1.653,0
2023-01-26,23.3,11.0,17.2,0.0,0.0,0.0,0.0,0.07100000000000022,0.16199999999999998,15.5,14.471428571428572,0,0.0,0.0,0.46799999999999997,1.1019999999999999,1
2023-01-27,27.9,19.4,23.7,0.213,0.0,1.488,0.213,0.26800000000000024,0.351,18.766666666666666,15.728571428571428,0,0.0,0.0,1.846,2.425,0
2023-01-28,24.9,17.6,22.5,0.217,0.004,1.543,0.217,0.4300000000000002,0.5680000000000001,21.13333333333333,16.985714285714288,0,0.0,0.0,3.0309999999999997,3.968,0
2023-01-29,26.0,17.5,21.0,0.173,0.0,1.213,0.173,0.6030000000000002,0.678,22.400000000000002,18.2,0,0.0,0.0,4.244,4.74,0
2023-01-30,17.3,5.8,13.0,0.024,0.0,0.165,0.024,0.41400000000000026,0.6980000000000001,18.833333333333332,18.1,0,0.0,0.0,2.921,4.877,0
2023-01-31,19.1,-2.0,7.6,0.0,0.0,0.0,0.0,0.1970000000000002,0.682,13.866666666666665,17.2,0,0.0,0.0,1.3780000000000001,4.767,1
2023-02-01,26.4,6.8,15.0,0.0,0.0,0.0,0.0,0.024000000000000223,0.627,11.866666666666667,17.142857142857142,0,0.0,0.0,0.165,4.409,2
2023-02-02,34.6,13.0,22.0,0.0,0.0,0.0,0.0,0.0,0.627,14.866666666666667,17.82857142857143,1,1.0,1.0,0.0,4.409,3
2023-02-03,35.3,17.7,25.3,0.0,0.0,0.0,0.0,0.0,0.41400000000000003,20.766666666666666,18.057142857142857,1,2.0,2.0,0.0,2.921,4
2023-02-04,38.4,21.3,27.9,0.0,0.0,0.0,0.0,0.0,0.197,25.066666666666666,18.828571428571426,1,3.0,3.0,0.0,1.3780000000000001,5
2023-02-05,31.6,19.1,25.0,0.15,0.0,1.047,0.15,0.15000000000000022,0.17400000000000002,26.066666666666666,19.4,0,2.0,3.0,1.047,1.212,0
2023-02-06,24.8,15.4,20.5,0.075,0.0,0.524,0.075,0.2250000000000002,0.22500000000000003,24.46666666666667,20.471428571428568,0,1.0,3.0,1.571,1.571,0
2023-02-07,31.2,16.9,22.4,0.0,0.0,0.0,0.0,0.2250000000000002,0.22500000000000003,22.63333333333333,22.585714285714285,0,0.0,3.0,1.571,1.571,1
2023-02-08,30.3,14.7,21.1,0.063,0.0,0.441,0.063,0.13800000000000023,0.28800000000000003,21.333333333333332,23.457142857142856,0,0.0,3.0,0.9650000000000001,2.012,0
2023-02-09,24.2,7.5,14.2,0.0,0.0,0.0,0.0,0.06300000000000022,0.28800000000000003,19.23333333333333,22.342857142857145,0,0.0,2.0,0.441,2.012,1
2023-02-10,34.5,11.7,21.3,0.0,0.0,0.0,0.0,0.06300000000000022,0.28800000000000003,18.866666666666664,21.77142857142857,1,1.0,2.0,0.441,2.012,2
2023-02-11,35.4,21.3,29.5,0.0,0.0,0.0,0.0,0.0,0.28800000000000003,21.666666666666668,22.0,1,2.0,2.0,0.0,2.012,3
2023-02-12,34.4,19.7,27.3,0.0,0.0,0.0,0.0,0.0,0.138,26.03333333333333,22.32857142857143,1,3.0,3.0,0.0,0.9650000000000001,4
2023-02-13,35.0,18.5,28.0,0.0,0.0,0.0,0.0,0.0,0.06300000000000003,28.26666666666667,23.400000000000002,1,3.0,4.0,0.0,0.441,5
2023-02-14,20.3,9.3,15.5,0.098,0.0,0.689,0.098,0.09800000000000023,0.16100000000000003,23.600000000000005,22.41428571428571,0,2.0,4.0,0.689,1.13,0
2023-02-15,14.4,5.6,10.7,0.012,0.0,0.083,0.012,0.11000000000000022,0.11000000000000003,18.066666666666666,20.928571428571427,0,1.0,4.0,0.7719999999999999,0.7719999999999999,0
2023-02-16,22.4,2.6,11.6,0.0,0.0,0.0,0.0,0.11000000000000022,0.11000000000000003,12.6,20.557142857142857,0,0.0,4.0,0.7719999999999999,0.772,1
2023-02-17,36.3,9.8,21.4,0.0,0.0,0.0,0.0,0.012000000000000222,0.11000000000000003,14.566666666666665,20.571428571428573,1,1.0,4.0,0.083,0.772,2
2023-02-18,31.2,13.3,21.9,0.0,0.0,0.0,0.0,0.0,0.11000000000000003,18.3,19.485714285714284,0,1.0,3.0,0.0,0.772,3
2023-02-19,30.4,17.8,22.3,0.087,0.0,0.606,0.087,0.08700000000000022,0.197,21.866666666666664,18.771428571428572,0,1.0,2.0,0.606,1.3780000000000001,0
2023-02-20,34.1,17.6,25.1,0.051,0.0,0.358,0.051,0.1380000000000002,0.24800000000000003,23.099999999999998,18.357142857142858,1,1.0,2.0,0.964,1.736,0
2023-02-21,31.9,20.4,26.3,0.976,0.0,6.835,0.976,1.114,1.126,24.566666666666666,19.900000000000002,0,1.0,2.0,7.7989999999999995,7.882,0
2023-02-22,25.0,10.7,16.4,0.795,0.0,5.567,0.795,1.8220000000000003,1.909,22.600000000000005,20.714285714285715,0,1.0,2.0,12.760000000000002,13.366,0
2023-02-23,17.4,7.3,12.9,0.272,0.0,1.902,0.272,2.043,2.181,18.53333333333333,20.9,0,0.0,2.0,14.304,15.267999999999999,0
2023-02-24,23.5,9.4,15.4,0.063,0.0,0.441,0.063,1.1300000000000003,2.244,14.9,20.042857142857144,0,0.0,1.0,7.910000000000001,15.709,0
2023-02-25,36.3,14.2,24.2,0.0,0.0,0.0,0.0,0.33500000000000024,2.244,17.5,20.37142857142857,1,1.0,2.0,2.343000000000001,15.709,1
2023-02-26,30.3,19.3,24.3,0.059,0.0,0.413,0.059,0.12200000000000022,2.2159999999999997,21.3,20.657142857142855,0,1.0,2.0,0.8540000000000009,15.516,0
2023-02-27,25.2,20.9,23.1,0.594,0.0,4.161,0.594,0.6530000000000002,2.7590000000000003,23.866666666666664,20.37142857142857,0,1.0,1.0,4.574000000000001,19.319,0
2023-02-28,22.8,16.4,19.6,0.394,0.0,2.756,0.394,1.0470000000000002,2.177,22.333333333333332,19.414285714285715,0,0.0,1.0,7.33,15.24,0
2023-03-01,25.1,16.4,20.0,0.378,0.004,2.618,0.378,1.366,1.76,20.900000000000002,19.928571428571427,0,0.0,1.0,9.535,12.291,0
2023-03-02,26.0,15.1,19.7,0.0,0.0,0.0,0.0,0.7720000000000001,1.488,19.766666666666666,20.900000000000002,0,0.0,1.0,5.3740000000000006,10.389,1
2023-03-03,26.6,13.4,20.4,0.055,0.0,0.386,0.055,0.4330000000000001,1.48,20.033333333333335,21.614285714285717,0,0.0,1.0,3.004000000000001,10.334,0
2023-03-04,27.5,12.6,21.0,0.268,0.0,1.874,0.268,0.3230000000000001,1.748,20.366666666666664,21.157142857142862,0,0.0,0.0,2.260000000000001,12.208,0
2023-03-05,23.3,16.9,20.6,0.232,0.0,1.626,0.232,0.5550000000000002,1.921,20.666666666666668,20.62857142857143,0,0.0,0.0,3.886000000000001,13.421,0
2023-03-06,19.1,12.3,16.3,0.406,0.004,2.811,0.406,0.9060000000000001,1.733,19.3,19.657142857142855,0,0.0,0.0,6.311000000000001,12.071,0
2023-03-07,25.3,13.8,18.5,0.0,0.0,0.0,0.0,0.6380000000000001,1.339,18.46666666666667,19.5,0,0.0,0.0,4.437000000000001,9.315,1
2023-03-08,30.1,16.4,22.8,0.134,0.0,0.937,0.134,0.5400000000000001,1.0950000000000002,19.2,19.900000000000002,0,0.0,0.0,3.748000000000001,7.634,0
2023-03-09,33.0,19.2,25.1,0.114,0.0,0.799,0.114,0.2480000000000001,1.209,22.133333333333336,20.671428571428574,1,1.0,1.0,1.736000000000001,8.433,0
2023-03-10,36.6,28.1,31.6,1.185,0.012,8.213,1.185,1.4330000000000003,2.3390000000000004,26.5,22.271428571428572,1,2.0,2.0,9.949,16.259999999999998,0
2023-03-11,34.3,17.9,25.8,0.067,0.0,0.469,0.067,1.3660000000000003,2.138,27.5,22.95714285714286,1,3.0,3.0,9.481,14.854999999999999,0
2023-03-12,35.0,23.7,28.6,0.098,0.0,0.689,0.098,1.3500000000000003,2.004,28.666666666666668,24.1,1,3.0,4.0,9.370999999999999,13.918,0
2023-03-13,37.5,21.2,28.9,0.008,0.0,0.055,0.008,0.17300000000000024,1.606,27.766666666666666,25.900000000000002,1,3.0,5.0,1.2129999999999999,11.161999999999999,1
2023-03-14,41.9,25.2,32.5,0.303,0.004,2.094,0.303,0.40900000000000025,1.909,30.0,27.900000000000002,1,3.0,6.0,2.8379999999999996,13.256,0
2023-03-15,36.8,22.7,32.7,0.685,0.008,4.74,0.685,0.9960000000000003,2.46,31.366666666666664,29.314285714285713,1,3.0,7.0,6.888999999999999,17.058999999999997,0
2023-03-16,28.5,12.4,20.6,0.0,0.0,0.0,0.0,0.9880000000000003,2.346,28.600000000000005,28.67142857142857,0,2.0,6.0,6.834,16.259999999999998,1
2023-03-17,28.4,7.8,19.5,0.0,0.0,0.0,0.0,0.6850000000000003,1.161,24.26666666666667,26.942857142857143,0,1.0,5.0,4.74,8.047,2
2023-03-18,30.5,11.1,21.3,0.0,0.0,0.0,0.0,0.0,1.094,20.46666666666667,26.3,0,0.0,4.0,0.0,7.578,3
2023-03-19,37.3,13.3,24.6,0.039,0.0,0.276,0.039,0.03900000000000022,1.035,21.8,25.728571428571428,1,1.0,4.0,0.276,7.165000000000001,0
2023-03-20,32.9,20.4,27.3,0.693,0.0,4.878,0.693,0.7320000000000002,1.72,24.400000000000002,25.5,1,2.0,4.0,5.154,11.988,0
2023-03-21,37.5,18.5,27.0,0.087,0.0,0.606,0.087,0.8190000000000002,1.504,26.3,24.714285714285715,1,3.0,4.0,5.76,10.500000000000002,0
2023-03-22,29.1,23.7,27.0,0.402,0.0,2.839,0.402,1.1820000000000002,1.221,27.099999999999998,23.900000000000002,0,2.0,3.0,8.323,8.599,0
2023-03-23,31.4,22.7,27.0,0.295,0.0,2.122,0.295,0.7840000000000003,1.516,27.0,24.814285714285717,0,1.0,3.0,5.567,10.721,0
2023-03-24,25.8,15.9,20.5,0.445,0.0,3.142,0.445,1.1420000000000003,1.9609999999999999,24.833333333333332,24.95714285714286,0,0.0,3.0,8.103,13.863,0
2023-03-25,20.0,11.3,15.3,0.094,0.0,0.661,0.094,0.8340000000000002,2.055,20.933333333333334,24.099999999999998,0,0.0,3.0,5.924999999999999,14.524000000000001,0
2023-03-26,18.8,6.3,12.4,0.173,0.0,1.213,0.173,0.7120000000000002,2.1889999999999996,16.066666666666666,22.357142857142858,0,0.0,2.0,5.016,15.461,0
2023-03-27,23.2,9.7,15.3,0.134,0.0,0.937,0.134,0.40100000000000025,1.63,14.333333333333334,20.642857142857142,0,0.0,1.0,2.811,11.520000000000001,0
2023-03-28,35.8,9.7,22.3,0.0,0.0,0.0,0.0,0.3070000000000003,1.543,16.666666666666668,19.97142857142857,1,1.0,1.0,2.1500000000000004,10.914000000000001,1
2023-03-29,38.9,25.2,31.1,0.091,0.0,0.634,0.091,0.22500000000000023,1.2320000000000002,22.900000000000002,20.557142857142857,1,2.0,2.0,1.5710000000000002,8.709,0
2023-03-30,29.3,19.9,25.5,0.327,0.0,2.315,0.327,0.41800000000000026,1.264,26.3,20.342857142857145,0,2.0,2.0,2.949,8.902000000000001,0
2023-03-31,31.1,19.7,25.4,0.413,0.0,2.894,0.413,0.8310000000000002,1.232,27.333333333333332,21.042857142857144,0,1.0,2.0,5.843,8.654000000000002,0
2023-04-01,40.6,19.1,28.6,0.0,0.0,0.0,0.0,0.7400000000000002,1.138,26.5,22.942857142857147,1,1.0,3.0,5.209,7.993000000000002,1
2023-04-02,40.5,25.9,32.7,0.063,0.0,0.441,0.063,0.47600000000000015,1.028,28.900000000000002,25.842857142857145,1,2.0,4.0,3.3350000000000004,7.221000000000001,0
2023-04-03,31.8,21.1,28.0,0.594,0.0,4.189,0.594,0.6570000000000001,1.488,29.76666666666667,27.657142857142855,0,2.0,4.0,4.630000000000001,10.473000000000003,0
2023-04-04,20.8,16.4,19.1,0.437,0.0,3.059,0.437,1.094,1.9249999999999998,26.600000000000005,27.200000000000006,0,1.0,3.0,7.689000000000001,13.532000000000002,0
2023-04-05,22.8,11.4,17.6,0.091,0.0,0.634,0.091,1.122,1.9249999999999998,21.566666666666666,25.271428571428572,0,0.0,2.0,7.8820000000000014,13.532000000000002,0
2023-04-06,33.3,7.9,21.0,0.0,0.0,0.0,0.0,0.5280000000000001,1.5979999999999999,19.233333333333334,24.62857142857143,1,1.0,3.0,3.693000000000001,11.217000000000002,1
2023-04-07,43.2,18.8,31.0,0.0,0.0,0.0,0.0,0.09100000000000011,1.1849999999999998,23.2,25.428571428571427,1,2.0,4.0,0.6340000000000009,8.323000000000002,2
2023-04-08,46.6,24.2,33.5,0.0,0.0,0.0,0.0,0.0,1.1849999999999998,28.5,26.12857142857143,1,3.0,4.0,0.0,8.323000000000002,3
2023-04-09,51.2,31.4,38.7,0.0,0.0,0.0,0.0,0.0,1.1219999999999999,34.4,26.985714285714288,1,3.0,4.0,0.0,7.8820000000000014,4
2023-04-10,54.2,31.4,41.7,0.0,0.0,0.0,0.0,0.0,0.5279999999999999,37.96666666666667,28.942857142857147,1,3.0,5.0,0.0,3.693000000000001,5
2023-04-11,54.8,36.4,44.6,0.0,0.0,0.0,0.0,0.0,0.09099999999999989,41.666666666666664,32.58571428571428,0,2.0,5.0,0.0,0.6340000000000009,6
2023-04-12,52.6,35.6,43.6,0.0,0.0,0.0,0.0,0.0,0.0,43.300000000000004,36.3,0,1.0,5.0,0.0,0.0,7
2023-04-13,36.8,22.3,31.7,0.165,0.0,1.157,0.165,0.16500000000000012,0.1649999999999999,39.96666666666667,37.82857142857143,1,1.0,5.0,1.157000000000001,1.157000000000001,0
2023-04-14,31.6,18.0,25.7,0.098,0.004,0.661,0.098,0.2630000000000001,0.2629999999999999,33.666666666666664,37.07142857142857,0,1.0,4.0,1.818000000000001,1.818000000000001,0
2023-04-15,42.2,19.9,29.6,0.0,0.0,0.0,0.0,0.2630000000000001,0.2629999999999999,29.0,36.51428571428571,1,2.0,4.0,1.818000000000001,1.818000000000001,1
2023-04-16,47.9,25.9,36.5,0.0,0.0,0.0,0.0,0.09800000000000011,0.2629999999999999,30.599999999999998,36.2,1,2.0,4.0,0.6610000000000009,1.818000000000001,2
2023-04-17,49.8,31.4,40.4,0.0,0.0,0.0,0.0,0.0,0.2629999999999999,35.5,36.01428571428571,1,3.0,4.0,0.0,1.818000000000001,3
2023-04-18,38.6,23.5,32.7,0.693,0.0,4.85,0.693,0.6930000000000001,0.9559999999999998,36.53333333333333,34.31428571428571,1,3.0,5.0,4.8500000000000005,6.668000000000001,0
2023-04-19,27.1,16.1,23.3,0.004,0.0,0.028,0.004,0.6970000000000001,0.9599999999999999,32.13333333333333,31.414285714285715,0,2.0,5.0,4.878,6.696000000000001,1
2023-04-20,27.5,17.0,21.7,0.059,0.004,0.386,0.059,0.756,0.8539999999999999,25.900000000000002,29.985714285714284,0,1.0,4.0,5.264,5.925000000000001,0
2023-04-21,33.8,19.1,28.7,0.409,0.0,2.866,0.409,0.4720000000000001,1.1649999999999998,24.566666666666666,30.414285714285715,1,1.0,5.0,3.280000000000001,8.130000000000003,0
2023-04-22,35.6,23.3,29.8,0.012,0.0,0.083,0.012,0.4800000000000001,1.1769999999999998,26.733333333333334,30.442857142857147,1,2.0,5.0,3.3350000000000013,8.213000000000001,0
2023-04-23,44.6,19.5,31.1,0.0,0.0,0.0,0.0,0.4210000000000001,1.1769999999999998,29.866666666666664,29.671428571428574,1,3.0,5.0,2.949000000000001,8.213000000000001,1
2023-04-24,41.7,26.7,34.3,0.028,0.016,0.083,0.028,0.04000000000000011,1.2049999999999998,31.73333333333333,28.8,1,3.0,5.0,0.1660000000000009,8.296000000000001,0
2023-04-25,33.9,26.3,30.6,0.098,0.0,0.689,0.098,0.1260000000000001,0.6099999999999999,32.0,28.5,1,3.0,5.0,0.7720000000000008,4.135000000000002,0
2023-04-26,44.8,26.5,35.4,0.0,0.0,0.0,0.0,0.1260000000000001,0.6059999999999999,33.43333333333334,30.228571428571428,1,3.0,6.0,0.7720000000000008,4.107000000000003,1
2023-04-27,48.0,31.6,39.8,0.0,0.0,0.0,0.0,0.09800000000000011,0.5469999999999999,35.26666666666666,32.81428571428571,1,3.0,7.0,0.6890000000000008,3.721000000000002,2
2023-04-28,50.5,29.1,39.1,0.0,0.0,0.0,0.0,0.0,0.1379999999999999,38.1,34.3,1,3.0,7.0,0.0,0.8550000000000018,3
2023-04-29,56.2,36.5,44.6,0.0,0.0,0.0,0.0,0.0,0.1259999999999999,41.166666666666664,36.41428571428572,0,2.0,6.0,0.0,0.7720000000000018,4
2023-04-30,58.6,40.9,47.7,0.0,0.0,0.0,0.0,0.0,0.1259999999999999,43.800000000000004,38.785714285714285,0,1.0,5.0,0.0,0.7720000000000018,5
2023-05-01,57.7,38.6,46.8,0.0,0.0,0.0,0.0,0.0,0.09799999999999989,46.36666666666667,40.57142857142857,0,0.0,4.0,0.0,0.6890000000000017,6
2023-05-02,54.3,38.6,45.0,0.0,0.0,0.0,0.0,0.0,0.0,46.5,42.628571428571426,0,0.0,3.0,0.0,0.0,7
2023-05-03,56.7,35.9,46.0,0.0,0.0,0.0,0.0,0.0,0.0,45.93333333333333,44.142857142857146,0,0.0,2.0,0.0,0.0,8
2023-05-04,50.9,31.9,41.9,0.035,0.016,0.138,0.035,0.035000000000000114,0.03499999999999989,44.300000000000004,44.44285714285714,1,1.0,2.0,0.1380000000000009,0.1380000000000018,0
2023-05-05,42.3,25.9,34.1,0.051,0.0,0.358,0.051,0.0860000000000001,0.08599999999999988,40.666666666666664,43.72857142857142,1,2.0,2.0,0.4960000000000009,0.4960000000000018,0
2023-05-06,42.8,26.1,34.6,0.091,0.008,0.579,0.091,0.1770000000000001,0.17699999999999988,36.86666666666667,42.300000000000004,1,3.0,3.0,1.0750000000000008,1.0750000000000017,0
2023-05-07,44.0,28.0,36.2,0.039,0.02,0.138,0.039,0.1810000000000001,0.2159999999999999,34.96666666666667,40.65714285714286,1,3.0,4.0,1.0750000000000008,1.2130000000000019,0
2023-05-08,49.7,30.2,39.6,0.098,0.067,0.22,0.098,0.22800000000000012,0.3139999999999999,36.800000000000004,39.62857142857143,1,3.0,5.0,0.9370000000000008,1.4330000000000018,0
2023-05-09,49.7,34.1,42.0,0.0,0.0,0.0,0.0,0.13700000000000012,0.3139999999999999,39.26666666666667,39.2,0,2.0,5.0,0.3580000000000009,1.4330000000000018,1
2023-05-10,50.6,35.2,41.9,0.161,0.106,0.386,0.161,0.2590000000000001,0.47499999999999987,41.166666666666664,38.614285714285714,0,1.0,5.0,0.6060000000000009,1.8190000000000017,0
2023-05-11,48.6,33.1,40.4,0.0,0.0,0.0,0.0,0.16100000000000012,0.43999999999999984,41.43333333333334,38.4,0,0.0,4.0,0.3860000000000009,1.6810000000000018,1
2023-05-12,51.2,35.0,43.0,0.0,0.0,0.0,0.0,0.16100000000000012,0.3889999999999999,41.76666666666667,39.67142857142857,0,0.0,3.0,0.3860000000000009,1.3230000000000017,2
2023-05-13,50.4,37.8,44.2,0.031,0.031,0.0,0.031,0.03100000000000011,0.3289999999999999,42.53333333333333,41.042857142857144,0,0.0,2.0,0.0,0.7440000000000018,0
2023-05-14,53.0,38.3,45.2,0.134,0.134,0.0,0.134,0.16500000000000012,0.42399999999999993,44.13333333333333,42.32857142857143,0,0.0,1.0,0.0,0.6060000000000018,0
2023-05-15,59.0,39.1,49.1,0.063,0.063,0.0,0.063,0.22800000000000012,0.3889999999999999,46.166666666666664,43.685714285714276,0,0.0,0.0,0.0,0.3860000000000018,0
2023-05-16,60.2,39.8,49.1,0.071,0.071,0.0,0.071,0.2680000000000001,0.4599999999999999,47.800000000000004,44.699999999999996,0,0.0,0.0,0.0,0.3860000000000018,0
2023-05-17,60.0,39.8,49.5,0.067,0.067,0.0,0.067,0.20100000000000012,0.36599999999999994,49.23333333333333,45.785714285714285,0,0.0,0.0,0.0,0.0,0
2023-05-18,54.7,39.5,46.4,0.0,0.0,0.0,0.0,0.13800000000000012,0.3659999999999999,48.333333333333336,46.642857142857146,0,0.0,0.0,0.0,0.0,1
2023-05-19,61.5,43.4,51.0,0.0,0.0,0.0,0.0,0.06700000000000012,0.3659999999999999,48.96666666666667,47.785714285714285,0,0.0,0.0,0.0,0.0,2
2023-05-20,65.7,44.1,55.2,0.0,0.0,0.0,0.0,0.0,0.3349999999999999,50.866666666666674,49.357142857142854,0,0.0,0.0,0.0,0.0,3
2023-05-21,66.6,45.0,55.3,0.02,0.02,0.0,0.02,0.02000000000000011,0.2209999999999999,53.833333333333336,50.800000000000004,0,0.0,0.0,0.0,0.0,0
2023-05-22,66.4,47.2,55.1,0.11,0.11,0.0,0.11,0.13000000000000012,0.2679999999999999,55.199999999999996,51.65714285714285,0,0.0,0.0,0.0,0.0,0
2023-05-23,64.3,43.9,52.4,0.138,0.138,0.0,0.138,0.2680000000000001,0.3349999999999999,54.26666666666667,52.128571428571426,0,0.0,0.0,0.0,0.0,0
2023-05-24,61.4,45.2,53.3,0.35,0.35,0.0,0.35,0.5980000000000001,0.6179999999999999,53.6,52.67142857142857,0,0.0,0.0,0.0,0.0,0
2023-05-25,61.9,44.4,52.2,0.185,0.185,0.0,0.185,0.673,0.8029999999999999,52.63333333333333,53.5,0,0.0,0.0,0.0,0.0,0
2023-05-26,59.3,39.6,49.9,0.449,0.394,0.386,0.449,0.9840000000000001,1.2519999999999998,51.800000000000004,53.34285714285714,0,0.0,0.0,0.3860000000000009,0.3860000000000018,0
2023-05-27,58.1,40.4,49.2,0.37,0.366,0.028,0.37,1.004,1.6219999999999999,50.43333333333334,52.48571428571428,0,0.0,0.0,0.4140000000000009,0.4140000000000018,0
2023-05-28,60.7,42.1,51.1,0.492,0.492,0.0,0.492,1.311,2.094,50.06666666666666,51.88571428571429,0,0.0,0.0,0.4140000000000009,0.4140000000000018,0
2023-05-29,66.5,46.7,55.3,0.0,0.0,0.0,0.0,0.8620000000000001,1.984,51.86666666666667,51.91428571428571,0,0.0,0.0,0.02800000000000089,0.4140000000000018,1
2023-05-30,65.7,44.6,55.8,0.0,0.0,0.0,0.0,0.4920000000000001,1.8459999999999999,54.06666666666666,52.4,0,0.0,0.0,0.0,0.4140000000000018,2
2023-05-31,63.5,46.4,54.4,0.079,0.079,0.0,0.079,0.07900000000000011,1.575,55.166666666666664,52.557142857142864,0,0.0,0.0,0.0,0.4140000000000018,0
2023-06-01,58.8,45.3,52.4,0.083,0.083,0.0,0.083,0.16200000000000012,1.4729999999999999,54.199999999999996,52.58571428571429,0,0.0,0.0,0.0,0.4140000000000018,0
2023-06-02,56.9,45.6,50.7,0.039,0.039,0.0,0.039,0.20100000000000012,1.063,52.5,52.699999999999996,0,0.0,0.0,0.0,0.028000000000001777,0
2023-06-03,58.4,42.9,51.2,0.114,0.114,0.0,0.114,0.2360000000000001,0.8069999999999999,51.43333333333334,52.98571428571428,0,0.0,0.0,0.0,0.0,0
2023-06-04,61.6,42.6,52.2,0.224,0.224,0.0,0.224,0.3770000000000001,0.5389999999999999,51.366666666666674,53.142857142857146,0,0.0,0.0,0.0,0.0,0
2023-06-05,66.1,46.1,55.4,0.098,0.098,0.0,0.098,0.43600000000000017,0.6369999999999999,52.93333333333334,53.15714285714286,0,0.0,0.0,0.0,0.0,0
2023-06-06,66.5,48.6,57.3,0.185,0.185,0.0,0.185,0.5070000000000001,0.8219999999999998,54.96666666666667,53.371428571428574,0,0.0,0.0,0.0,0.0,0
2023-06-07,65.6,48.7,56.7,0.004,0.004,0.0,0.004,0.2870000000000001,0.7469999999999999,56.46666666666667,53.699999999999996,0,0.0,0.0,0.0,0.0,1
2023-06-08,65.1,47.8,53.9,0.142,0.142,0.0,0.142,0.33100000000000007,0.8059999999999998,55.96666666666666,53.91428571428571,0,0.0,0.0,0.0,0.0,0
2023-06-09,59.3,44.2,51.9,0.189,0.189,0.0,0.189,0.3350000000000001,0.956,54.166666666666664,54.08571428571429,0,0.0,0.0,0.0,0.0,0
2023-06-10,61.4,46.9,53.4,0.185,0.185,0.0,0.185,0.5160000000000001,1.027,53.06666666666666,54.39999999999999,0,0.0,0.0,0.0,0.0,0
2023-06-11,62.8,48.9,54.6,0.134,0.134,0.0,0.134,0.5080000000000001,0.9369999999999998,53.300000000000004,54.74285714285714,0,0.0,0.0,0.0,0.0,0
2023-06-12,59.3,46.2,52.5,0.146,0.146,0.0,0.146,0.46500000000000014,0.9849999999999999,53.5,54.32857142857143,0,0.0,0.0,0.0,0.0,0
2023-06-13,58.7,45.4,51.6,0.512,0.512,0.0,0.512,0.7920000000000001,1.3119999999999998,52.9,53.51428571428572,0,0.0,0.0,0.0,0.0,0
2023-06-14,60.8,45.1,52.2,0.488,0.488,0.0,0.488,1.1460000000000001,1.7959999999999998,52.1,52.871428571428574,0,0.0,0.0,0.0,0.0,0
2023-06-15,56.4,43.7,49.3,0.457,0.457,0.0,0.457,1.457,2.1109999999999998,51.03333333333334,52.214285714285715,0,0.0,0.0,0.0,0.0,0
2023-06-16,59.8,41.4,50.5,0.055,0.055,0.0,0.055,1.0000000000000002,1.9769999999999999,50.666666666666664,52.01428571428572,0,0.0,0.0,0.0,0.0,0
2023-06-17,64.7,43.5,54.1,0.047,0.047,0.0,0.047,0.5590000000000002,1.8389999999999997,51.300000000000004,52.114285714285714,0,0.0,0.0,0.0,0.0,0
2023-06-18,68.8,47.2,59.2,0.087,0.087,0.0,0.087,0.1890000000000001,1.7919999999999998,54.6,52.771428571428565,0,0.0,0.0,0.0,0.0,0
2023-06-19,70.4,49.7,60.9,0.004,0.004,0.0,0.004,0.13800000000000012,1.65,58.06666666666666,53.971428571428575,0,0.0,0.0,0.0,0.0,1
2023-06-20,61.3,48.1,54.3,0.252,0.252,0.0,0.252,0.3430000000000001,1.3900000000000001,58.13333333333333,54.357142857142854,0,0.0,0.0,0.0,0.0,0
2023-06-21,64.1,42.7,54.2,0.0,0.0,0.0,0.0,0.2560000000000001,0.9019999999999999,56.46666666666666,54.642857142857146,0,0.0,0.0,0.0,0.0,1
2023-06-22,68.3,47.6,56.8,0.094,0.094,0.0,0.094,0.3460000000000001,0.5389999999999999,55.1,55.714285714285715,0,0.0,0.0,0.0,0.0,0
2023-06-23,62.1,48.9,56.2,0.004,0.004,0.0,0.004,0.09800000000000011,0.4879999999999999,55.73333333333333,56.52857142857143,0,0.0,0.0,0.0,0.0,1
2023-06-24,66.5,45.3,56.2,0.012,0.012,0.0,0.012,0.11000000000000011,0.4529999999999999,56.4,56.82857142857143,0,0.0,0.0,0.0,0.0,0
2023-06-25,72.1,50.5,61.7,0.0,0.0,0.0,0.0,0.01600000000000011,0.3659999999999999,58.03333333333334,57.18571428571429,0,0.0,0.0,0.0,0.0,1
2023-06-26,73.1,48.3,60.9,0.0,0.0,0.0,0.0,0.012000000000000111,0.3619999999999999,59.6,57.18571428571429,0,0.0,0.0,0.0,0.0,2
2023-06-27,66.6,47.3,58.1,0.024,0.024,0.0,0.024,0.02400000000000011,0.1339999999999999,60.23333333333333,57.72857142857142,0,0.0,0.0,0.0,0.0,0
2023-06-28,67.8,47.6,55.8,0.189,0.189,0.0,0.189,0.2130000000000001,0.3229999999999999,58.26666666666667,57.957142857142856,0,0.0,0.0,0.0,0.0,0
2023-06-29,64.2,47.5,55.1,0.26,0.26,0.0,0.26,0.4730000000000001,0.4889999999999999,56.333333333333336,57.714285714285715,0,0.0,0.0,0.0,0.0,0
2023-06-30,69.4,46.9,59.2,0.0,0.0,0.0,0.0,0.44900000000000007,0.4849999999999999,56.699999999999996,58.142857142857146,0,0.0,0.0,0.0,0.0,1
2023-07-01,76.6,51.6,63.8,0.0,0.0,0.0,0.0,0.2600000000000001,0.47299999999999986,59.36666666666667,59.228571428571435,0,0.0,0.0,0.0,0.0,2
2023-07-02,78.3,55.6,67.0,0.0,0.0,0.0,0.0,0.0,0.47299999999999986,63.333333333333336,59.98571428571428,0,0.0,0.0,0.0,0.0,3
2023-07-03,80.0,55.6,66.8,0.106,0.106,0.0,0.106,0.10600000000000011,0.5789999999999998,65.86666666666666,60.82857142857142,0,0.0,0.0,0.0,0.0,0
2023-07-04,71.9,53.7,61.5,0.559,0.559,0.0,0.559,0.6650000000000001,1.1139999999999999,65.10000000000001,61.31428571428571,0,0.0,0.0,0.0,0.0,0
2023-07-05,75.5,52.3,63.5,0.035,0.035,0.0,0.035,0.7000000000000002,0.96,63.93333333333334,62.41428571428571,0,0.0,0.0,0.0,0.0,0
2023-07-06,70.4,50.9,61.5,0.303,0.303,0.0,0.303,0.8970000000000001,1.003,62.166666666666664,63.32857142857142,0,0.0,0.0,0.0,0.0,0
2023-07-07,74.4,52.4,62.5,0.106,0.106,0.0,0.106,0.44400000000000006,1.109,62.5,63.8,0,0.0,0.0,0.0,0.0,0
2023-07-08,77.3,52.4,64.1,0.0,0.0,0.0,0.0,0.40900000000000003,1.109,62.699999999999996,63.84285714285714,0,0.0,0.0,0.0,0.0,1
2023-07-09,80.3,53.6,66.8,0.0,0.0,0.0,0.0,0.10600000000000011,1.109,64.46666666666665,63.8142857142857,0,0.0,0.0,0.0,0.0,2
2023-07-10,77.7,53.9,65.8,0.0,0.0,0.0,0.0,0.0,1.003,65.56666666666666,63.67142857142857,0,0.0,0.0,0.0,0.0,3
2023-07-11,81.7,53.4,66.9,0.0,0.0,0.0,0.0,0.0,0.44399999999999984,66.5,64.44285714285715,0,0.0,0.0,0.0,0.0,4
2023-07-12,81.7,59.0,69.1,0.004,0.004,0.0,0.004,0.004000000000000111,0.4129999999999998,67.26666666666667,65.24285714285715,0,0.0,0.0,0.0,0.0,5
2023-07-13,81.0,58.4,69.6,0.004,0.004,0.0,0.004,0.008000000000000111,0.11399999999999988,68.53333333333333,66.4,0,0.0,0.0,0.0,0.0,6
2023-07-14,78.1,52.5,65.8,0.0,0.0,0.0,0.0,0.008000000000000111,0.00799999999999989,68.16666666666667,66.87142857142858,0,0.0,0.0,0.0,0.0,7
2023-07-15,80.0,52.7,67.3,0.0,0.0,0.0,0.0,0.004000000000000111,0.00799999999999989,67.56666666666666,67.32857142857142,0,0.0,0.0,0.0,0.0,8
2023-07-16,87.8,59.5,72.8,0.0,0.0,0.0,0.0,0.0,0.00799999999999989,68.63333333333333,68.18571428571428,0,0.0,0.0,0.0,0.0,9
2023-07-17,88.5,63.9,75.3,0.0,0.0,0.0,0.0,0.0,0.00799999999999989,71.8,69.54285714285714,0,0.0,0.0,0.0,0.0,10
2023-07-18,79.7,57.6,68.1,0.173,0.173,0.0,0.173,0.1730000000000001,0.18099999999999988,72.06666666666666,69.71428571428571,0,0.0,0.0,0.0,0.0,0
2023-07-19,78.0,57.6,65.8,0.276,0.276,0.0,0.276,0.4490000000000001,0.4529999999999999,69.73333333333333,69.24285714285715,0,0.0,0.0,0.0,0.0,0
2023-07-20,78.2,54.9,65.5,0.024,0.024,0.0,0.024,0.47300000000000014,0.4729999999999999,66.46666666666665,68.65714285714286,0,0.0,0.0,0.0,0.0,0
2023-07-21,82.6,57.1,68.8,0.0,0.0,0.0,0.0,0.30000000000000016,0.4729999999999999,66.7,69.08571428571427,0,0.0,0.0,0.0,0.0,1
2023-07-22,86.3,59.4,72.5,0.0,0.0,0.0,0.0,0.02400000000000011,0.4729999999999999,68.93333333333334,69.82857142857144,0,0.0,0.0,0.0,0.0,2
2023-07-23,84.0,63.0,71.0,0.079,0.079,0.0,0.079,0.07900000000000011,0.5519999999999999,70.76666666666667,69.57142857142857,0,0.0,0.0,0.0,0.0,0
2023-07-24,81.1,60.9,69.3,0.087,0.087,0.0,0.087,0.1660000000000001,0.6389999999999999,70.93333333333334,68.71428571428571,0,0.0,0.0,0.0,0.0,0
2023-07-25,80.1,57.9,68.0,0.157,0.157,0.0,0.157,0.3230000000000001,0.6229999999999999,69.43333333333334,68.7,0,0.0,0.0,0.0,0.0,0
2023-07-26,80.8,57.7,67.3,0.295,0.295,0.0,0.295,0.5390000000000001,0.6419999999999999,68.2,68.91428571428571,0,0.0,0.0,0.0,0.0,0
2023-07-27,84.4,59.5,69.8,0.043,0.043,0.0,0.043,0.4950000000000001,0.6609999999999999,68.36666666666667,69.52857142857142,0,0.0,0.0,0.0,0.0,0
2023-07-28,85.3,60.1,71.1,0.02,0.02,0.0,0.02,0.3580000000000001,0.6809999999999998,69.39999999999999,69.85714285714286,0,0.0,0.0,0.0,0.0,0
2023-07-29,85.4,60.1,73.3,0.0,0.0,0.0,0.0,0.06300000000000011,0.6809999999999998,71.39999999999999,69.97142857142856,0,0.0,0.0,0.0,0.0,1
2023-07-30,84.2,61.6,70.5,0.134,0.134,0.0,0.134,0.15400000000000014,0.736,71.63333333333333,69.89999999999999,0,0.0,0.0,0.0,0.0,0
2023-07-31,73.3,60.1,66.8,0.157,0.157,0.0,0.157,0.29100000000000015,0.8059999999999999,70.2,69.54285714285714,0,0.0,0.0,0.0,0.0,0
2023-08-01,73.3,56.8,63.6,0.181,0.181,0.0,0.181,0.47200000000000014,0.83,66.96666666666667,68.91428571428571,0,0.0,0.0,0.0,0.0,0
2023-08-02,71.7,56.0,61.0,0.476,0.476,0.0,0.476,0.8140000000000001,1.011,63.800000000000004,68.01428571428572,0,0.0,0.0,0.0,0.0,0
2023-08-03,69.3,53.8,58.5,1.205,1.205,0.0,1.205,1.862,2.173,61.03333333333333,66.4,0,0.0,0.0,0.0,0.0,0
2023-08-04,72.8,51.8,61.7,0.031,0.031,0.0,0.031,1.712,2.184,60.400000000000006,65.05714285714286,0,0.0,0.0,0.0,0.0,0
2023-08-05,72.8,51.3,61.9,0.039,0.039,0.0,0.039,1.2750000000000004,2.223,60.70000000000001,63.42857142857143,0,0.0,0.0,0.0,0.0,0
2023-08-06,71.1,51.4,60.2,0.307,0.307,0.0,0.307,0.3770000000000002,2.396,61.26666666666667,61.95714285714286,0,0.0,0.0,0.0,0.0,0
2023-08-07,71.9,51.6,62.2,0.004,0.004,0.0,0.004,0.3500000000000002,2.243,61.43333333333334,61.300000000000004,0,0.0,0.0,0.0,0.0,1
2023-08-08,66.0,51.8,59.3,0.071,0.071,0.0,0.071,0.38200000000000023,2.133,60.56666666666666,60.685714285714276,0,0.0,0.0,0.0,0.0,0
2023-08-09,74.1,51.4,61.6,0.012,0.012,0.0,0.012,0.08700000000000022,1.669,61.03333333333333,60.771428571428565,0,0.0,0.0,0.0,0.0,0
2023-08-10,74.7,54.2,65.1,0.047,0.047,0.0,0.047,0.13000000000000023,0.511,62.0,61.714285714285715,0,0.0,0.0,0.0,0.0,0
2023-08-11,74.7,53.0,63.2,0.035,0.035,0.0,0.035,0.09400000000000022,0.515,63.29999999999999,61.92857142857143,0,0.0,0.0,0.0,0.0,0
2023-08-12,72.5,54.1,63.1,0.417,0.417,0.0,0.417,0.4990000000000002,0.893,63.800000000000004,62.1,0,0.0,0.0,0.0,0.0,0
2023-08-13,76.9,54.8,65.7,0.004,0.004,0.0,0.004,0.45600000000000024,0.59,64.0,62.88571428571429,0,0.0,0.0,0.0,0.0,1
2023-08-14,77.9,53.0,65.8,0.0,0.0,0.0,0.0,0.4210000000000002,0.586,64.86666666666667,63.39999999999999,0,0.0,0.0,0.0,0.0,2
2023-08-15,78.7,59.1,67.5,0.012,0.012,0.0,0.012,0.016000000000000222,0.5269999999999999,66.33333333333333,64.57142857142857,0,0.0,0.0,0.0,0.0,0
2023-08-16,78.7,59.0,67.6,0.087,0.087,0.0,0.087,0.09900000000000021,0.602,66.96666666666665,65.42857142857143,0,0.0,0.0,0.0,0.0,0
2023-08-17,77.4,59.4,67.2,0.15,0.15,0.0,0.15,0.24900000000000022,0.7050000000000001,67.43333333333332,65.72857142857143,0,0.0,0.0,0.0,0.0,0
2023-08-18,76.2,57.8,66.0,0.035,0.035,0.0,0.035,0.2720000000000002,0.705,66.93333333333334,66.12857142857142,0,0.0,0.0,0.0,0.0,0
2023-08-19,72.8,57.5,62.8,0.291,0.291,0.0,0.291,0.4760000000000002,0.579,65.33333333333333,66.08571428571429,0,0.0,0.0,0.0,0.0,0
2023-08-20,78.4,55.9,65.4,0.0,0.0,0.0,0.0,0.3260000000000002,0.575,64.73333333333333,66.04285714285713,0,0.0,0.0,0.0,0.0,1
2023-08-21,73.1,55.3,62.8,0.173,0.173,0.0,0.173,0.46400000000000013,0.748,63.666666666666664,65.61428571428571,0,0.0,0.0,0.0,0.0,0
2023-08-22,68.9,51.6,59.5,0.189,0.189,0.0,0.189,0.3620000000000002,0.925,62.56666666666666,64.47142857142858,0,0.0,0.0,0.0,0.0,0
2023-08-23,72.5,50.8,60.2,0.173,0.173,0.0,0.173,0.5350000000000001,1.0110000000000001,60.833333333333336,63.41428571428571,0,0.0,0.0,0.0,0.0,0
2023-08-24,69.7,52.6,60.3,0.11,0.11,0.0,0.11,0.4720000000000002,0.971,60.0,62.42857142857143,0,0.0,0.0,0.0,0.0,0
2023-08-25,72.9,54.5,62.4,0.201,0.201,0.0,0.201,0.4840000000000002,1.137,60.96666666666667,61.91428571428571,0,0.0,0.0,0.0,0.0,0
2023-08-26,73.6,54.0,63.0,0.15,0.15,0.0,0.15,0.4610000000000002,0.996,61.9,61.942857142857136,0,0.0,0.0,0.0,0.0,0
2023-08-27,73.9,56.7,64.5,0.161,0.161,0.0,0.161,0.5120000000000002,1.157,63.29999999999999,61.814285714285724,0,0.0,0.0,0.0,0.0,0
2023-08-28,76.9,56.1,65.7,0.004,0.004,0.0,0.004,0.3150000000000002,0.988,64.39999999999999,62.228571428571435,0,0.0,0.0,0.0,0.0,1
2023-08-29,80.2,55.0,66.7,0.0,0.0,0.0,0.0,0.16500000000000023,0.799,65.63333333333333,63.25714285714286,0,0.0,0.0,0.0,0.0,2
2023-08-30,76.1,52.1,63.5,0.0,0.0,0.0,0.0,0.004000000000000222,0.6260000000000001,65.3,63.728571428571435,0,0.0,0.0,0.0,0.0,3
2023-08-31,78.1,56.2,65.9,0.0,0.0,0.0,0.0,0.0,0.516,65.36666666666667,64.52857142857144,0,0.0,0.0,0.0,0.0,4
2023-09-01,65.7,52.9,58.1,0.22,0.22,0.0,0.22,0.22000000000000022,0.535,62.5,63.91428571428572,0,0.0,0.0,0.0,0.0,0
2023-09-02,69.9,53.0,59.7,0.122,0.122,0.0,0.122,0.3420000000000002,0.507,61.23333333333333,63.44285714285714,0,0.0,0.0,0.0,0.0,0
2023-09-03,69.7,51.4,60.1,0.008,0.008,0.0,0.008,0.3500000000000002,0.35400000000000004,59.29999999999999,62.814285714285724,0,0.0,0.0,0.0,0.0,1
2023-09-04,55.4,47.1,50.6,0.858,0.858,0.0,0.858,0.9880000000000002,1.208,56.800000000000004,60.65714285714286,0,0.0,0.0,0.0,0.0,0
2023-09-05,67.2,45.0,54.7,0.0,0.0,0.0,0.0,0.8660000000000002,1.2080000000000002,55.133333333333326,58.94285714285714,0,0.0,0.0,0.0,0.0,1
2023-09-06,69.2,50.2,59.0,0.0,0.0,0.0,0.0,0.8580000000000002,1.2080000000000002,54.76666666666666,58.300000000000004,0,0.0,0.0,0.0,0.0,2
2023-09-07,70.3,47.7,59.2,0.0,0.0,0.0,0.0,0.0,1.2080000000000002,57.63333333333333,57.34285714285715,0,0.0,0.0,0.0,0.0,3
2023-09-08,71.8,48.2,60.3,0.0,0.0,0.0,0.0,0.0,0.9880000000000001,59.49999999999999,57.65714285714286,0,0.0,0.0,0.0,0.0,4
2023-09-09,73.6,49.5,60.9,0.098,0.098,0.0,0.098,0.09800000000000023,0.9640000000000001,60.133333333333326,57.82857142857143,0,0.0,0.0,0.0,0.0,0
2023-09-10,67.4,49.0,55.5,0.256,0.256,0.0,0.256,0.3540000000000002,1.2120000000000002,58.9,57.17142857142857,0,0.0,0.0,0.0,0.0,0
2023-09-11,67.4,49.5,57.9,0.0,0.0,0.0,0.0,0.3540000000000002,0.3540000000000001,58.099999999999994,58.214285714285715,0,0.0,0.0,0.0,0.0,1
2023-09-12,68.5,47.9,56.2,0.291,0.291,0.0,0.291,0.5470000000000002,0.645,56.53333333333333,58.42857142857143,0,0.0,0.0,0.0,0.0,0
2023-09-13,62.6,46.6,53.3,0.571,0.571,0.0,0.571,0.8620000000000001,1.216,55.79999999999999,57.614285714285714,0,0.0,0.0,0.0,0.0,0
2023-09-14,62.7,45.5,53.0,0.031,0.031,0.0,0.031,0.8930000000000001,1.2469999999999999,54.16666666666666,56.728571428571435,0,0.0,0.0,0.0,0.0,0
2023-09-15,64.8,44.9,53.8,0.0,0.0,0.0,0.0,0.6020000000000001,1.2469999999999999,53.36666666666667,55.8,0,0.0,0.0,0.0,0.0,1
2023-09-16,68.3,46.1,56.1,0.0,0.0,0.0,0.0,0.03100000000000011,1.1489999999999998,54.29999999999999,55.114285714285714,0,0.0,0.0,0.0,0.0,2
2023-09-17,68.3,47.6,56.7,0.02,0.02,0.0,0.02,0.02000000000000011,0.913,55.533333333333324,55.285714285714285,0,0.0,0.0,0.0,0.0,0
2023-09-18,67.4,50.8,56.4,0.217,0.217,0.0,0.217,0.2370000000000001,1.13,56.4,55.07142857142857,0,0.0,0.0,0.0,0.0,0
2023-09-19,64.5,46.9,53.4,0.217,0.217,0.0,0.217,0.45400000000000007,1.056,55.5,54.67142857142857,0,0.0,0.0,0.0,0.0,0
2023-09-20,65.6,44.7,53.6,0.823,0.823,0.0,0.823,1.2570000000000001,1.308,54.46666666666666,54.714285714285715,0,0.0,0.0,0.0,0.0,0
2023-09-21,57.8,38.5,47.6,0.386,0.28,0.744,0.386,1.426,1.6630000000000003,51.533333333333324,53.942857142857136,0,0.0,0.0,0.7440000000000009,0.7440000000000018,0
2023-09-22,49.3,35.0,41.8,0.531,0.307,1.571,0.531,1.7400000000000002,2.194,47.666666666666664,52.228571428571435,0,0.0,0.0,2.315000000000001,2.3150000000000017,0
2023-09-23,58.4,35.3,45.4,0.0,0.0,0.0,0.0,0.9170000000000001,2.194,44.93333333333333,50.699999999999996,0,0.0,0.0,2.315000000000001,2.3150000000000017,1
2023-09-24,63.8,40.5,51.6,0.0,0.0,0.0,0.0,0.5310000000000001,2.1740000000000004,46.26666666666666,49.971428571428575,0,0.0,0.0,1.5710000000000008,2.3150000000000017,2
2023-09-25,68.5,43.1,54.6,0.0,0.0,0.0,0.0,0.0,1.957,50.53333333333333,49.714285714285715,0,0.0,0.0,0.0,2.3150000000000017,3
2023-09-26,67.7,47.4,56.1,0.0,0.0,0.0,0.0,0.0,1.7400000000000002,54.099999999999994,50.1,0,0.0,0.0,0.0,2.3150000000000017,4
2023-09-27,69.1,47.2,57.0,0.0,0.0,0.0,0.0,0.0,0.9170000000000001,55.9,50.58571428571428,0,0.0,0.0,0.0,2.3150000000000017,5
2023-09-28,65.0,44.6,54.0,0.0,0.0,0.0,0.0,0.0,0.5310000000000001,55.699999999999996,51.5,0,0.0,0.0,0.0,1.5710000000000017,6
2023-09-29,65.9,44.6,55.3,0.0,0.0,0.0,0.0,0.0,0.0,55.43333333333333,53.42857142857143,0,0.0,0.0,0.0,0.0,7
2023-09-30,65.7,43.0,52.5,0.024,0.024,0.0,0.024,0.02400000000000011,0.02400000000000011,53.93333333333333,54.44285714285714,0,0.0,0.0,0.0,0.0,0
2023-10-01,53.3,37.9,44.6,0.209,0.209,0.0,0.209,0.2330000000000001,0.2330000000000001,50.79999999999999,53.44285714285714,0,0.0,0.0,0.0,0.0,0
2023-10-02,43.2,33.6,39.6,0.575,0.39,1.295,0.575,0.808,0.808,45.56666666666666,51.3,0,0.0,0.0,1.2950000000000008,1.2950000000000017,0
2023-10-03,46.0,32.0,38.9,0.008,0.008,0.0,0.008,0.792,0.8160000000000001,41.03333333333333,48.84285714285715,0,0.0,0.0,1.2950000000000008,1.2950000000000017,1
2023-10-04,53.0,36.0,42.6,0.0,0.0,0.0,0.0,0.5830000000000001,0.8160000000000001,40.36666666666667,46.785714285714285,0,0.0,0.0,1.2950000000000008,1.2950000000000017,2
2023-10-05,59.4,37.4,46.5,0.0,0.0,0.0,0.0,0.008000000000000111,0.8160000000000001,42.666666666666664,45.714285714285715,0,0.0,0.0,0.0,1.2950000000000017,3
2023-10-06,60.2,41.1,49.6,0.0,0.0,0.0,0.0,0.0,0.8160000000000001,46.23333333333333,44.9,0,0.0,0.0,0.0,1.2950000000000017,4
2023-10-07,64.6,41.1,51.5,0.0,0.0,0.0,0.0,0.0,0.792,49.199999999999996,44.75714285714286,0,0.0,0.0,0.0,1.2950000000000017,5
2023-10-08,65.0,43.4,53.0,0.02,0.02,0.0,0.02,0.02000000000000011,0.6030000000000001,51.36666666666667,45.957142857142856,0,0.0,0.0,0.0,1.2950000000000017,0
2023-10-09,65.3,44.4,53.5,0.004,0.004,0.0,0.004,0.02400000000000011,0.03200000000000011,52.666666666666664,47.94285714285714,0,0.0,0.0,0.0,0.0,1
2023-10-10,61.6,43.7,51.8,0.035,0.035,0.0,0.035,0.059000000000000115,0.059000000000000115,52.76666666666666,49.785714285714285,0,0.0,0.0,0.0,0.0,0
2023-10-11,44.3,33.1,40.1,0.543,0.295,1.736,0.543,0.5820000000000002,0.6020000000000002,48.46666666666666,49.42857142857143,0,0.0,0.0,1.7360000000000009,1.7360000000000018,0
2023-10-12,37.3,31.0,34.7,0.083,0.004,0.551,0.083,0.6610000000000001,0.6850000000000002,42.199999999999996,47.74285714285715,1,1.0,1.0,2.287000000000001,2.2870000000000017,0
2023-10-13,48.5,27.2,37.2,0.0,0.0,0.0,0.0,0.6260000000000001,0.6850000000000002,37.33333333333333,45.971428571428575,1,2.0,2.0,2.287000000000001,2.2870000000000017,1
2023-10-14,55.4,33.4,43.2,0.0,0.0,0.0,0.0,0.08300000000000012,0.6850000000000002,38.36666666666667,44.785714285714285,0,2.0,2.0,0.5510000000000009,2.2870000000000017,2
2023-10-15,60.3,40.2,49.1,0.0,0.0,0.0,0.0,0.0,0.6650000000000001,43.166666666666664,44.228571428571435,0,1.0,2.0,0.0,2.2870000000000017,3
2023-10-16,65.6,41.1,52.4,0.0,0.0,0.0,0.0,0.0,0.6610000000000001,48.23333333333333,44.07142857142857,0,0.0,2.0,0.0,2.2870000000000017,4
2023-10-17,64.7,42.5,52.9,0.0,0.0,0.0,0.0,0.0,0.6260000000000001,51.46666666666666,44.22857142857142,0,0.0,2.0,0.0,2.2870000000000017,5
2023-10-18,62.0,39.7,49.2,0.0,0.0,0.0,0.0,0.0,0.08300000000000012,51.5,45.52857142857143,0,0.0,2.0,0.0,0.5510000000000018,6
2023-10-19,66.5,42.3,53.3,0.0,0.0,0.0,0.0,0.0,0.0,51.79999999999999,48.185714285714276,0,0.0,1.0,0.0,0.0,7
2023-10-20,66.3,48.4,55.4,0.0,0.0,0.0,0.0,0.0,0.0,52.633333333333326,50.785714285714285,0,0.0,0.0,0.0,0.0,8
2023-10-21,61.9,45.1,52.7,0.094,0.094,0.0,0.094,0.09400000000000011,0.09400000000000011,53.79999999999999,52.142857142857146,0,0.0,0.0,0.0,0.0,0
2023-10-22,63.5,43.0,50.9,0.024,0.024,0.0,0.024,0.1180000000000001,0.1180000000000001,52.99999999999999,52.39999999999999,0,0.0,0.0,0.0,0.0,0
2023-10-23,57.9,38.5,46.0,0.106,0.106,0.0,0.106,0.22400000000000012,0.22400000000000012,49.86666666666667,51.48571428571428,0,0.0,0.0,0.0,0.0,0
2023-10-24,55.0,35.8,43.6,0.0,0.0,0.0,0.0,0.13000000000000012,0.22400000000000012,46.833333333333336,50.15714285714286,0,0.0,0.0,0.0,0.0,1
2023-10-25,55.7,38.6,45.7,0.0,0.0,0.0,0.0,0.10600000000000012,0.22400000000000012,45.099999999999994,49.65714285714285,0,0.0,0.0,0.0,0.0,2
2023-10-26,45.7,16.3,31.1,0.378,0.059,2.232,0.378,0.3780000000000001,0.6020000000000001,40.133333333333326,46.48571428571429,1,1.0,1.0,2.232000000000001,2.232000000000002,0
2023-10-27,44.9,17.2,31.0,0.0,0.0,0.0,0.0,0.3780000000000001,0.6020000000000001,35.93333333333333,43.0,1,2.0,2.0,2.232000000000001,2.232000000000002,1
2023-10-28,37.7,23.0,29.3,0.055,0.004,0.358,0.055,0.4330000000000001,0.5630000000000002,30.466666666666665,39.65714285714286,1,3.0,3.0,2.590000000000001,2.590000000000002,0
2023-10-29,30.2,15.8,22.7,0.0,0.0,0.0,0.0,0.05500000000000011,0.5390000000000001,27.66666666666666,35.628571428571426,0,2.0,3.0,0.3580000000000009,2.590000000000002,1
2023-10-30,34.6,14.5,25.0,0.0,0.0,0.0,0.0,0.05500000000000011,0.4330000000000001,25.66666666666666,32.628571428571426,1,2.0,4.0,0.3580000000000009,2.590000000000002,2
2023-10-31,43.6,18.7,31.1,0.0,0.0,0.0,0.0,0.0,0.43300000000000005,26.266666666666662,30.842857142857145,1,2.0,5.0,0.0,2.590000000000002,3
2023-11-01,51.8,28.1,37.1,0.0,0.0,0.0,0.0,0.0,0.43300000000000005,31.066666666666663,29.61428571428571,1,3.0,6.0,0.0,2.590000000000002,4
2023-11-02,55.0,30.4,40.8,0.0,0.0,0.0,0.0,0.0,0.055000000000000056,36.33333333333333,31.0,1,3.0,6.0,0.0,0.35800000000000176,5
2023-11-03,53.3,35.0,42.1,0.004,0.004,0.0,0.004,0.004000000000000111,0.05900000000000005,39.99999999999999,32.58571428571428,0,2.0,5.0,0.0,0.35800000000000176,6
2023-11-04,57.6,34.8,44.8,0.0,0.0,0.0,0.0,0.004000000000000111,0.004000000000000056,42.56666666666666,34.800000000000004,0,1.0,4.0,0.0,0.0,7
2023-11-05,54.6,40.1,44.7,0.0,0.0,0.0,0.0,0.004000000000000111,0.004000000000000056,43.86666666666667,37.94285714285714,0,0.0,4.0,0.0,0.0,8
2023-11-06,48.7,40.6,43.8,0.0,0.0,0.0,0.0,0.0,0.004000000000000056,44.43333333333333,40.628571428571426,0,0.0,3.0,0.0,0.0,9
2023-11-07,39.6,30.2,34.8,0.331,0.004,2.287,0.331,0.3310000000000001,0.3350000000000001,41.099999999999994,41.15714285714286,1,1.0,3.0,2.287000000000001,2.2870000000000017,0
2023-11-08,34.5,21.9,28.0,0.0,0.0,0.0,0.0,0.3310000000000001,0.3350000000000001,35.53333333333333,39.857142857142854,1,2.0,3.0,2.287000000000001,2.2870000000000017,1
2023-11-09,38.0,18.9,27.0,0.0,0.0,0.0,0.0,0.3310000000000001,0.3350000000000001,29.933333333333326,37.885714285714286,1,3.0,3.0,2.287000000000001,2.2870000000000017,2
2023-11-10,40.5,20.6,28.3,0.0,0.0,0.0,0.0,0.0,0.33100000000000007,27.766666666666662,35.91428571428572,1,3.0,4.0,0.0,2.2870000000000017,3
2023-11-11,43.2,25.1,32.0,0.0,0.0,0.0,0.0,0.0,0.33100000000000007,29.099999999999994,34.08571428571429,1,3.0,5.0,0.0,2.2870000000000017,4
2023-11-12,47.0,24.7,33.7,0.0,0.0,0.0,0.0,0.0,0.33100000000000007,31.33333333333333,32.51428571428571,1,3.0,6.0,0.0,2.2870000000000017,5
2023-11-13,48.2,28.4,35.2,0.0,0.0,0.0,0.0,0.0,0.33100000000000007,33.63333333333333,31.285714285714285,1,3.0,7.0,0.0,2.2870000000000017,6
2023-11-14,46.5,30.9,36.6,0.0,0.0,0.0,0.0,0.0,0.0,35.166666666666664,31.542857142857144,1,3.0,7.0,0.0,0.0,7
2023-11-15,52.1,30.1,39.4,0.0,0.0,0.0,0.0,0.0,0.0,37.06666666666666,33.17142857142857,1,3.0,7.0,0.0,0.0,8
2023-11-16,44.0,31.6,38.2,0.941,0.413,3.693,0.941,0.9410000000000001,0.9410000000000001,38.06666666666666,34.77142857142857,1,3.0,7.0,3.693000000000001,3.693000000000002,0
2023-11-17,46.6,26.0,34.7,0.0,0.0,0.0,0.0,0.9410000000000001,0.941,37.43333333333333,35.68571428571429,1,3.0,7.0,3.693000000000001,3.693000000000002,1
2023-11-18,40.9,26.0,32.3,0.413,0.035,2.646,0.413,1.354,1.3539999999999999,35.06666666666666,35.72857142857143,1,3.0,7.0,6.339,6.339000000000002,0
2023-11-19,34.8,27.1,31.8,0.902,0.004,6.283,0.902,1.315,2.2560000000000002,32.93333333333333,35.45714285714286,1,3.0,7.0,8.929000000000002,12.622000000000002,0
2023-11-20,34.0,14.6,26.0,0.012,0.0,0.083,0.012,1.327,2.268,30.033333333333328,34.142857142857146,1,3.0,7.0,9.012000000000002,12.705000000000002,0
2023-11-21,39.6,11.3,27.7,0.0,0.0,0.0,0.0,0.914,2.268,28.499999999999996,32.871428571428574,1,3.0,7.0,6.366000000000002,12.705000000000002,1
2023-11-22,48.4,21.6,31.5,0.0,0.0,0.0,0.0,0.012000000000000111,2.268,28.399999999999995,31.74285714285714,1,3.0,7.0,0.08300000000000178,12.705000000000002,2
2023-11-23,40.0,26.2,31.3,0.063,0.0,0.441,0.063,0.06300000000000011,1.3900000000000001,30.16666666666666,30.75714285714286,1,3.0,7.0,0.4410000000000018,9.453000000000003,0
2023-11-24,27.0,14.8,22.4,0.409,0.0,2.866,0.409,0.4720000000000001,1.7990000000000002,28.399999999999995,29.0,0,2.0,6.0,3.3070000000000017,12.319000000000003,0
2023-11-25,25.5,6.5,15.4,0.0,0.0,0.0,0.0,0.4720000000000001,1.3860000000000001,23.033333333333328,26.585714285714285,0,1.0,5.0,3.3070000000000017,9.673000000000002,1
2023-11-26,28.1,3.6,14.3,0.0,0.0,0.0,0.0,0.4090000000000001,0.484,17.366666666666664,24.085714285714285,0,0.0,4.0,2.866000000000002,3.390000000000002,2
2023-11-27,34.1,6.1,20.7,0.0,0.0,0.0,0.0,0.0,0.472,16.799999999999997,23.328571428571426,1,1.0,4.0,0.0,3.3070000000000017,3
2023-11-28,40.3,15.2,25.7,0.0,0.0,0.0,0.0,0.0,0.472,20.23333333333333,23.042857142857144,1,2.0,4.0,0.0,3.3070000000000017,4
2023-11-29,38.6,13.6,25.3,0.0,0.0,0.0,0.0,0.0,0.472,23.899999999999995,22.157142857142855,1,3.0,4.0,0.0,3.3070000000000017,5
2023-11-30,33.2,16.0,23.1,0.004,0.0,0.028,0.004,0.004000000000000111,0.413,24.7,20.985714285714288,1,3.0,4.0,0.028000000000001777,2.894000000000002,6
2023-12-01,27.2,14.1,19.9,0.15,0.0,1.047,0.15,0.1540000000000001,0.154,22.766666666666662,20.62857142857143,0,2.0,4.0,1.0750000000000017,1.0750000000000017,0
2023-12-02,27.8,18.0,23.4,0.276,0.0,1.929,0.276,0.43000000000000016,0.43000000000000005,22.13333333333333,21.77142857142857,0,1.0,4.0,3.004000000000002,3.004000000000002,0
2023-12-03,34.3,27.3,31.4,0.85,0.004,5.953,0.85,1.2760000000000002,1.28,24.899999999999995,24.214285714285715,1,1.0,5.0,8.929000000000002,8.957000000000003,0
2023-12-04,40.4,23.3,32.7,0.039,0.004,0.248,0.039,1.1650000000000003,1.319,29.166666666666668,25.928571428571427,1,2.0,5.0,8.130000000000003,9.205000000000002,0
2023-12-05,45.4,23.9,33.8,0.0,0.0,0.0,0.0,0.8890000000000001,1.319,32.633333333333326,27.085714285714285,1,3.0,5.0,6.201000000000002,9.205000000000002,1
2023-12-06,46.2,29.2,36.0,0.0,0.0,0.0,0.0,0.03900000000000011,1.319,34.166666666666664,28.61428571428571,1,3.0,5.0,0.24800000000000177,9.205000000000002,2
2023-12-07,33.4,17.2,28.5,0.051,0.0,0.358,0.051,0.05100000000000011,1.366,32.76666666666666,29.385714285714283,1,3.0,5.0,0.35800000000000176,9.535000000000002,0
2023-12-08,22.1,10.8,18.9,0.421,0.0,2.949,0.421,0.4720000000000001,1.637,27.799999999999997,29.24285714285714,0,2.0,5.0,3.3070000000000017,11.437000000000001,0
2023-12-09,22.1,7.8,12.6,0.0,0.0,0.0,0.0,0.4720000000000001,1.3609999999999998,19.999999999999996,27.7,0,1.0,5.0,3.3070000000000017,9.508000000000003,1
2023-12-10,39.7,10.5,26.5,0.0,0.0,0.0,0.0,0.4210000000000001,0.511,19.333333333333332,27.0,1,1.0,5.0,2.9490000000000016,3.5550000000000006,2
2023-12-11,43.0,17.0,30.4,0.0,0.0,0.0,0.0,0.0,0.47200000000000003,23.166666666666668,26.67142857142857,1,2.0,5.0,0.0,3.3070000000000004,3
2023-12-12,32.6,14.5,22.5,0.0,0.0,0.0,0.0,0.0,0.47200000000000003,26.466666666666665,25.057142857142857,1,3.0,5.0,0.0,3.3070000000000004,4
2023-12-13,32.6,13.6,20.6,0.0,0.0,0.0,0.0,0.0,0.47200000000000003,24.5,22.857142857142858,1,3.0,5.0,0.0,3.3070000000000004,5
2023-12-14,39.1,16.0,25.5,0.0,0.0,0.0,0.0,0.0,0.42100000000000004,22.866666666666664,22.428571428571427,1,3.0,5.0,0.0,2.9490000000000007,6
2023-12-15,40.3,19.7,27.1,0.0,0.0,0.0,0.0,0.0,0.0,24.399999999999995,23.599999999999998,1,3.0,6.0,0.0,0.0,7
2023-12-16,47.7,23.0,34.1,0.0,0.0,0.0,0.0,0.0,0.0,28.899999999999995,26.671428571428574,1,3.0,7.0,0.0,0.0,8
2023-12-17,42.2,22.8,30.9,0.0,0.0,0.0,0.0,0.0,0.0,30.7,27.300000000000004,1,3.0,7.0,0.0,0.0,9
2023-12-18,45.3,23.2,33.6,0.0,0.0,0.0,0.0,0.0,0.0,32.86666666666667,27.75714285714286,1,3.0,7.0,0.0,0.0,10
2023-12-19,43.9,27.4,33.8,0.012,0.0,0.083,0.012,0.012000000000000111,0.012,32.76666666666666,29.37142857142857,1,3.0,7.0,0.08300000000000178,0.08300000000000089,0
2023-12-20,41.3,24.8,31.6,0.004,0.0,0.028,0.004,0.01600000000000011,0.016,32.99999999999999,30.942857142857147,1,3.0,7.0,0.11100000000000178,0.11100000000000089,1
2023-12-21,41.3,25.4,31.6,0.0,0.0,0.0,0.0,0.01600000000000011,0.016,32.333333333333336,31.814285714285717,1,3.0,7.0,0.11100000000000178,0.11100000000000089,2
2023-12-22,38.5,19.5,27.5,0.0,0.0,0.0,0.0,0.004000000000000111,0.016,30.23333333333333,31.871428571428574,1,3.0,7.0,0.028000000000001777,0.11100000000000089,3
2023-12-23,29.8,11.8,23.9,0.067,0.004,0.441,0.067,0.06700000000000012,0.083,27.666666666666668,30.41428571428571,0,2.0,6.0,0.4410000000000018,0.5520000000000009,0
2023-12-24,23.2,4.8,12.2,0.0,0.0,0.0,0.0,0.06700000000000012,0.083,21.2,27.742857142857144,0,1.0,5.0,0.4410000000000018,0.5520000000000009,1
2023-12-25,25.8,5.5,12.8,0.0,0.0,0.0,0.0,0.06700000000000012,0.083,16.299999999999997,24.77142857142857,0,0.0,4.0,0.4410000000000018,0.5520000000000009,2
2023-12-26,29.6,8.3,18.5,0.0,0.0,0.0,0.0,0.0,0.07100000000000001,14.499999999999998,22.58571428571429,0,0.0,3.0,0.0,0.46900000000000086,3
2023-12-27,34.4,15.0,23.9,0.0,0.0,0.0,0.0,0.0,0.067,18.399999999999995,21.485714285714288,1,1.0,3.0,0.0,0.4410000000000009,4
2023-12-28,41.1,19.5,29.0,0.0,0.0,0.0,0.0,0.0,0.067,23.799999999999997,21.114285714285717,1,2.0,3.0,0.0,0.4410000000000009,5
2023-12-29,42.6,20.8,30.0,0.0,0.0,0.0,0.0,0.0,0.067,27.63333333333333,21.47142857142857,1,3.0,3.0,0.0,0.4410000000000009,6
2023-12-30,40.7,23.9,30.6,0.012,0.0,0.083,0.012,0.012000000000000111,0.012,29.866666666666664,22.428571428571427,1,3.0,4.0,0.08300000000000178,0.08300000000000089,0
2023-12-31,39.5,20.6,28.4,0.0,0.0,0.0,0.0,0.012000000000000111,0.012,29.66666666666666,24.742857142857144,1,3.0,5.0,0.08300000000000178,0.08300000000000089,1
2024-01-01,37.7,14.4,24.6,0.0,0.0,0.0,0.0,0.012000000000000111,0.012,27.866666666666664,26.428571428571427,1,3.0,6.0,0.08300000000000178,0.08300000000000089,2
2024-01-02,36.1,12.5,23.5,0.0,0.0,0.0,0.0,0.0,0.012,25.5,27.142857142857142,1,3.0,7.0,0.0,0.08300000000000089,3
2024-01-03,32.9,11.8,22.6,0.039,0.0,0.276,0.039,0.03900000000000011,0.051000000000000004,23.566666666666663,26.957142857142856,1,3.0,7.0,0.2760000000000018,0.35900000000000093,0
2024-01-04,27.8,16.5,23.0,0.02,0.0,0.138,0.02,0.05900000000000011,0.071,23.03333333333333,26.099999999999998,0,2.0,6.0,0.4140000000000018,0.49700000000000094,0
2024-01-05,26.9,17.6,22.2,0.075,0.0,0.524,0.075,0.13400000000000012,0.146,22.599999999999998,24.985714285714288,0,1.0,5.0,0.9380000000000018,1.021000000000001,0
2024-01-06,25.3,11.6,18.4,0.063,0.0,0.441,0.063,0.15800000000000008,0.19699999999999998,21.199999999999996,23.24285714285714,0,0.0,4.0,1.1030000000000018,1.3790000000000011,0
2024-01-07,19.0,11.7,16.6,0.382,0.0,2.673,0.382,0.5200000000000001,0.579,19.066666666666666,21.557142857142857,0,0.0,3.0,3.6380000000000017,4.052000000000001,0
2024-01-08,17.5,1.0,10.3,0.004,0.0,0.028,0.004,0.4490000000000001,0.583,15.1,19.514285714285712,0,0.0,2.0,3.1420000000000017,4.080000000000001,1
2024-01-09,27.8,3.9,17.6,0.13,0.0,0.909,0.13,0.5160000000000001,0.713,14.833333333333334,18.67142857142857,0,0.0,1.0,3.610000000000002,4.989000000000002,0
2024-01-10,21.8,8.3,15.8,0.445,0.004,3.142,0.445,0.5790000000000002,1.119,14.566666666666665,17.7,0,0.0,0.0,4.0790000000000015,7.855000000000001,0
2024-01-11,15.9,5.7,10.7,0.091,0.0,0.634,0.091,0.6660000000000001,1.19,14.699999999999998,15.942857142857145,0,0.0,0.0,4.685000000000002,8.351,0
2024-01-12,22.8,4.2,15.2,0.157,0.008,1.075,0.157,0.6930000000000001,1.272,13.899999999999997,14.942857142857145,0,0.0,0.0,4.851000000000001,8.902000000000001,0
2024-01-13,26.9,13.2,20.9,0.835,0.008,5.787,0.835,1.083,2.044,15.599999999999996,15.299999999999999,0,0.0,0.0,7.496000000000002,14.248000000000001,0
2024-01-14,30.4,25.5,28.5,0.748,0.004,5.209,0.748,1.74,2.41,21.53333333333333,17.0,0,0.0,0.0,12.071000000000002,16.784,0
2024-01-15,26.1,4.8,18.2,0.126,0.0,0.882,0.126,1.709,2.532,22.53333333333333,18.128571428571426,0,0.0,0.0,11.878000000000002,17.638,0
2024-01-16,29.2,5.6,16.4,0.0,0.0,0.0,0.0,0.874,2.402,21.03333333333333,17.957142857142856,0,0.0,0.0,6.091000000000001,16.729,1
2024-01-17,34.1,18.9,27.6,0.402,0.004,2.811,0.402,0.528,2.359,20.73333333333333,19.642857142857142,1,1.0,1.0,3.693000000000002,16.398,0
2024-01-18,36.3,20.8,28.9,0.138,0.0,0.965,0.138,0.54,2.4059999999999997,24.299999999999997,22.24285714285714,1,2.0,2.0,3.7760000000000016,16.729,0
2024-01-19,40.6,22.6,31.5,0.0,0.0,0.0,0.0,0.54,2.2489999999999997,29.333333333333332,24.571428571428573,1,3.0,3.0,3.7760000000000016,15.654,1
2024-01-20,38.7,24.2,31.2,0.138,0.0,0.965,0.138,0.276,1.552,30.53333333333333,26.042857142857144,1,3.0,4.0,1.9300000000000017,10.831999999999999,0
2024-01-21,35.9,27.7,31.7,0.63,0.004,4.382,0.63,0.768,1.4340000000000002,31.466666666666665,26.5,1,3.0,5.0,5.347000000000001,10.004999999999999,0
2024-01-22,37.9,23.3,31.1,0.126,0.012,0.799,0.126,0.894,1.4340000000000002,31.333333333333332,28.342857142857145,1,3.0,6.0,6.146000000000002,9.922,0
2024-01-23,36.2,16.9,25.3,0.051,0.0,0.358,0.051,0.807,1.485,29.366666666666664,29.614285714285717,1,3.0,7.0,5.5390000000000015,10.280000000000001,0
2024-01-24,35.6,19.9,27.0,0.0,0.0,0.0,0.0,0.177,1.083,27.799999999999997,29.52857142857143,1,3.0,7.0,1.1570000000000018,7.469,1
2024-01-25,32.4,17.5,25.3,0.189,0.0,1.323,0.189,0.24,1.134,25.866666666666664,29.014285714285716,1,3.0,7.0,1.6810000000000018,7.827,0
2024-01-26,33.2,14.8,24.7,0.004,0.0,0.028,0.004,0.193,1.138,25.666666666666668,28.042857142857144,1,3.0,7.0,1.3510000000000018,7.8549999999999995,1
2024-01-27,38.2,16.4,28.1,0.0,0.0,0.0,0.0,0.193,1.0,26.03333333333333,27.599999999999998,1,3.0,7.0,1.3510000000000018,6.89,2
2024-01-28,43.4,29.2,35.1,0.0,0.0,0.0,0.0,0.004,0.37,29.3,28.08571428571429,1,3.0,7.0,0.028000000000001777,2.508,3
2024-01-29,43.5,26.5,35.3,0.0,0.0,0.0,0.0,0.0,0.244,32.833333333333336,28.685714285714287,1,3.0,7.0,0.0,1.709,4
2024-01-30,44.9,24.3,32.7,0.0,0.0,0.0,0.0,0.0,0.193,34.36666666666667,29.74285714285714,1,3.0,7.0,0.0,1.351,5
2024-01-31,43.1,21.7,31.1,0.0,0.0,0.0,0.0,0.0,0.193,33.03333333333333,30.32857142857143,1,3.0,7.0,0.0,1.351,6
2024-02-01,40.4,25.3,32.6,0.016,0.008,0.055,0.016,0.016,0.02,32.13333333333333,31.37142857142857,1,3.0,7.0,0.05500000000000178,0.083,0
2024-02-02,35.3,28.4,32.4,0.362,0.0,2.535,0.362,0.378,0.378,32.03333333333333,32.471428571428575,1,3.0,7.0,2.590000000000002,2.5900000000000003,0
2024-02-03,30.0,16.5,25.3,0.091,0.0,0.634,0.091,0.469,0.469,30.099999999999998,32.07142857142857,0,2.0,6.0,3.224000000000002,3.224,0
2024-02-04,32.6,10.8,21.4,0.0,0.0,0.0,0.0,0.45299999999999996,0.469,26.366666666666664,30.11428571428571,1,2.0,6.0,3.169000000000002,3.224,1
2024-02-05,34.3,25.0,30.8,0.472,0.0,3.307,0.472,0.563,0.941,25.833333333333332,29.47142857142857,1,2.0,6.0,3.9410000000000016,6.531000000000001,0
2024-02-06,36.7,29.9,32.5,0.165,0.0,1.157,0.165,0.637,1.1059999999999999,28.23333333333333,29.442857142857147,1,3.0,6.0,4.464000000000002,7.688000000000001,0
2024-02-07,31.2,20.9,27.7,0.835,0.0,5.843,0.835,1.472,1.9409999999999998,30.33333333333333,28.957142857142856,0,2.0,5.0,10.307000000000002,13.531,0
2024-02-08,30.4,18.1,23.5,0.272,0.008,1.846,0.272,1.272,2.197,27.899999999999995,27.657142857142855,0,1.0,4.0,8.846000000000002,15.322000000000001,0
2024-02-09,25.3,13.3,20.4,0.346,0.008,2.425,0.346,1.4529999999999998,2.181,23.866666666666664,25.942857142857143,0,0.0,3.0,10.114,15.212,0
2024-02-10,23.3,7.3,13.6,0.012,0.0,0.083,0.012,0.63,2.102,19.16666666666666,24.271428571428572,0,0.0,3.0,4.354000000000002,14.661,0
2024-02-11,28.6,7.0,15.6,0.0,0.0,0.0,0.0,0.358,2.102,16.533333333333328,23.442857142857143,0,0.0,2.0,2.508000000000002,14.661,1
2024-02-12,34.5,11.3,20.6,0.0,0.0,0.0,0.0,0.012,1.6300000000000001,16.599999999999998,21.985714285714284,1,1.0,2.0,0.08300000000000178,11.354,2
2024-02-13,37.2,18.3,26.6,0.0,0.0,0.0,0.0,0.0,1.465,20.933333333333334,21.142857142857142,1,2.0,2.0,0.0,10.197,3
2024-02-14,35.0,22.7,27.8,0.106,0.0,0.744,0.106,0.106,0.736,25.0,21.157142857142855,1,3.0,3.0,0.7440000000000018,5.098,0
2024-02-15,33.3,19.6,27.6,0.496,0.0,3.472,0.496,0.602,0.96,27.333333333333332,21.742857142857144,1,3.0,4.0,4.216000000000002,6.724,0
2024-02-16,32.4,19.7,25.3,0.335,0.0,2.343,0.335,0.937,0.9490000000000001,26.900000000000002,22.442857142857143,1,3.0,5.0,6.559000000000001,6.6419999999999995,0
2024-02-17,32.3,5.2,17.8,0.0,0.0,0.0,0.0,0.831,0.937,23.566666666666663,23.042857142857144,1,3.0,6.0,5.815000000000001,6.558999999999999,1
2024-02-18,35.5,15.4,26.4,0.472,0.004,3.28,0.472,0.8069999999999999,1.409,23.166666666666668,24.58571428571429,1,3.0,7.0,5.623000000000001,9.838999999999999,0
2024-02-19,42.2,22.5,31.4,0.106,0.0,0.744,0.106,0.578,1.515,25.2,26.128571428571426,1,3.0,7.0,4.024000000000001,10.583,0
2024-02-20,36.8,29.6,33.6,0.717,0.0,5.016,0.717,1.295,2.232,30.466666666666665,27.128571428571426,1,3.0,7.0,9.040000000000001,15.599,0
2024-02-21,36.6,22.4,31.1,0.539,0.0,3.776,0.539,1.362,2.665,32.03333333333333,27.6,1,3.0,7.0,9.536000000000001,18.631,0
2024-02-22,35.0,15.5,25.2,0.012,0.0,0.083,0.012,1.2679999999999998,2.181,29.966666666666665,27.257142857142856,1,3.0,7.0,8.875000000000002,15.241999999999999,0
2024-02-23,36.0,19.7,25.7,0.0,0.0,0.0,0.0,0.551,1.8459999999999999,27.333333333333332,27.314285714285713,1,3.0,7.0,3.859000000000001,12.899,1
2024-02-24,40.9,19.0,28.0,0.0,0.0,0.0,0.0,0.012,1.8459999999999999,26.299999999999997,28.77142857142857,1,3.0,7.0,0.08300000000000089,12.899,2
2024-02-25,42.2,22.6,30.6,0.0,0.0,0.0,0.0,0.0,1.3739999999999999,28.099999999999994,29.37142857142857,1,3.0,7.0,0.0,9.619,3
2024-02-26,38.5,26.0,31.5,0.22,0.0,1.543,0.22,0.22,1.4880000000000002,30.03333333333333,29.38571428571429,1,3.0,7.0,1.5430000000000008,10.418,0
2024-02-27,28.9,7.6,16.7,0.256,0.0,1.791,0.256,0.476,1.0270000000000001,26.266666666666666,26.97142857142857,0,2.0,6.0,3.3340000000000005,7.193,0
2024-02-28,36.4,6.2,20.0,0.0,0.0,0.0,0.0,0.476,0.488,22.73333333333333,25.385714285714283,1,2.0,6.0,3.3340000000000005,3.417,1
2024-02-29,40.3,20.6,29.6,0.0,0.0,0.0,0.0,0.256,0.476,22.099999999999998,26.014285714285712,1,2.0,6.0,1.7910000000000008,3.3339999999999996,2
2024-03-01,39.5,27.8,33.6,0.004,0.0,0.028,0.004,0.004,0.48,27.73333333333333,27.142857142857142,1,3.0,6.0,0.02800000000000089,3.3619999999999997,3
2024-03-02,35.2,16.5,29.8,0.783,0.0,5.484,0.783,0.787,1.263,30.999999999999996,27.4,1,3.0,6.0,5.5120000000000005,8.846,0
2024-03-03,22.7,10.9,16.9,0.189,0.0,1.323,0.189,0.976,1.452,26.766666666666666,25.442857142857143,0,2.0,5.0,6.835000000000001,10.169,0
2024-03-04,24.0,12.5,17.3,0.13,0.004,0.882,0.13,1.102,1.362,21.33333333333333,23.41428571428571,0,1.0,4.0,7.689000000000001,9.508000000000001,0
2024-03-05,34.2,15.0,23.6,0.118,0.0,0.827,0.118,0.437,1.224,19.266666666666662,24.400000000000002,1,1.0,5.0,3.032000000000001,8.544,0
2024-03-06,37.4,22.6,29.1,0.138,0.0,0.992,0.138,0.386,1.362,23.333333333333332,25.7,1,2.0,5.0,2.701000000000001,9.536,0
2024-03-07,33.8,22.7,27.6,0.232,0.0,1.626,0.232,0.488,1.594,26.766666666666662,25.414285714285715,1,3.0,5.0,3.4450000000000007,11.162,0
2024-03-08,28.6,9.3,18.5,0.0,0.0,0.0,0.0,0.37,1.59,25.066666666666663,23.25714285714286,0,2.0,4.0,2.6180000000000008,11.134,1
2024-03-09,40.4,5.7,21.6,0.0,0.0,0.0,0.0,0.232,0.807,22.566666666666663,22.08571428571429,1,2.0,4.0,1.6260000000000008,5.65,2
2024-03-10,41.4,19.3,29.0,0.0,0.0,0.0,0.0,0.0,0.6180000000000001,23.03333333333333,23.814285714285713,1,2.0,5.0,0.0,4.327,3
2024-03-11,39.8,25.8,31.5,0.142,0.0,0.992,0.142,0.142,0.63,27.366666666666664,25.842857142857138,1,3.0,6.0,0.9920000000000009,4.437000000000001,0
2024-03-12,37.0,25.7,31.0,0.543,0.0,3.803,0.543,0.685,1.0550000000000002,30.499999999999996,26.900000000000002,1,3.0,6.0,4.795000000000001,7.413,0
2024-03-13,29.6,12.2,23.5,0.094,0.0,0.661,0.094,0.779,1.0110000000000001,28.66666666666666,26.099999999999998,0,2.0,5.0,5.456000000000001,7.082000000000001,0
2024-03-14,34.2,12.0,23.3,0.012,0.0,0.083,0.012,0.649,0.791,25.933333333333326,25.485714285714288,1,2.0,5.0,4.547000000000001,5.5390000000000015,0
2024-03-15,36.8,11.0,23.3,0.0,0.0,0.0,0.0,0.106,0.791,23.366666666666664,26.171428571428574,1,2.0,6.0,0.7440000000000009,5.5390000000000015,1
2024-03-16,40.9,16.8,28.0,0.0,0.0,0.0,0.0,0.012,0.791,24.866666666666664,27.08571428571429,1,3.0,6.0,0.08300000000000089,5.5390000000000015,2
2024-03-17,42.2,23.2,31.7,0.0,0.0,0.0,0.0,0.0,0.791,27.66666666666666,27.47142857142857,1,3.0,6.0,0.0,5.5390000000000015,3
2024-03-18,45.8,18.3,33.0,0.0,0.0,0.0,0.0,0.0,0.649,30.899999999999995,27.685714285714287,1,3.0,6.0,0.0,4.547000000000001,4
2024-03-19,50.0,27.2,35.9,0.0,0.0,0.0,0.0,0.0,0.106,33.533333333333324,28.38571428571429,1,3.0,6.0,0.0,0.7440000000000009,5
2024-03-20,49.4,27.1,36.2,0.0,0.0,0.0,0.0,0.0,0.012,35.033333333333324,30.199999999999996,1,3.0,7.0,0.0,0.08300000000000089,6
2024-03-21,44.9,28.1,35.0,0.378,0.035,2.398,0.378,0.378,0.378,35.699999999999996,31.87142857142857,1,3.0,7.0,2.398000000000001,2.398000000000001,0
2024-03-22,46.8,26.0,35.5,0.016,0.008,0.055,0.016,0.394,0.394,35.56666666666666,33.614285714285714,1,3.0,7.0,2.453000000000001,2.453000000000001,0
2024-03-23,43.1,28.4,34.8,0.315,0.0,2.205,0.315,0.7090000000000001,0.7090000000000001,35.09999999999999,34.58571428571428,1,3.0,7.0,4.658000000000001,4.658000000000001,0
2024-03-24,31.7,21.6,26.8,0.094,0.0,0.689,0.094,0.42500000000000004,0.803,32.36666666666666,33.885714285714286,0,2.0,6.0,2.949000000000001,5.347000000000001,0
2024-03-25,33.6,18.9,25.2,0.031,0.0,0.22,0.031,0.44,0.8340000000000001,28.933333333333326,32.77142857142857,1,2.0,6.0,3.1140000000000008,5.567000000000001,0
2024-03-26,30.1,16.1,22.6,0.161,0.0,1.13,0.161,0.28600000000000003,0.995,24.86666666666666,30.87142857142857,0,1.0,5.0,2.0390000000000006,6.697000000000001,0
2024-03-27,36.6,14.3,25.8,0.008,0.0,0.055,0.008,0.2,1.0030000000000001,24.533333333333328,29.38571428571429,1,2.0,5.0,1.4050000000000007,6.752000000000002,1
2024-03-28,38.7,27.7,32.0,0.311,0.0,2.177,0.311,0.48,0.9359999999999999,26.799999999999994,28.95714285714286,1,2.0,5.0,3.362000000000001,6.531000000000001,0
2024-03-29,39.7,23.2,30.7,0.217,0.0,1.543,0.217,0.536,1.137,29.49999999999999,28.271428571428572,1,3.0,5.0,3.7750000000000004,8.019,0
2024-03-30,36.9,29.0,32.5,0.567,0.0,3.969,0.567,1.095,1.389,31.733333333333324,27.942857142857143,1,3.0,5.0,7.689,9.783000000000001,0
2024-03-31,35.0,23.2,30.9,0.516,0.0,3.61,0.516,1.3,1.811,31.366666666666656,28.528571428571432,1,3.0,6.0,9.122,12.704,0
2024-04-01,36.0,23.6,29.2,0.083,0.02,0.441,0.083,1.166,1.863,30.866666666666656,29.099999999999998,1,3.0,6.0,8.020000000000001,12.924999999999999,0
2024-04-02,44.3,22.4,31.5,0.0,0.0,0.0,0.0,0.5990000000000001,1.702,30.53333333333332,30.37142857142857,1,3.0,7.0,4.051,11.795,1
2024-04-03,47.2,26.1,36.3,0.0,0.0,0.0,0.0,0.08300000000000012,1.694,32.33333333333332,31.871428571428567,1,3.0,7.0,0.44100000000000045,11.74,2
2024-04-04,49.4,31.4,40.0,0.0,0.0,0.0,0.0,0.0,1.383,35.933333333333316,33.01428571428571,1,3.0,7.0,0.0,9.562999999999999,3
2024-04-05,41.9,18.4,31.9,0.11,0.0,0.772,0.11,0.11000000000000011,1.276,36.066666666666656,33.18571428571428,1,3.0,7.0,0.7720000000000005,8.792,0
2024-04-06,27.8,14.0,21.4,0.248,0.0,1.736,0.248,0.3580000000000001,0.9570000000000001,31.099999999999984,31.599999999999998,0,2.0,6.0,2.5080000000000005,6.559000000000001,0
2024-04-07,31.9,11.7,22.4,0.028,0.0,0.193,0.028,0.3860000000000001,0.46900000000000003,25.23333333333332,30.385714285714283,0,1.0,5.0,2.7010000000000005,3.142000000000001,0
2024-04-08,36.1,13.5,24.5,0.0,0.0,0.0,0.0,0.27600000000000013,0.386,22.76666666666665,29.714285714285715,1,1.0,5.0,1.9290000000000005,2.701000000000001,1
2024-04-09,40.7,19.4,29.0,0.0,0.0,0.0,0.0,0.02800000000000011,0.386,25.299999999999986,29.357142857142858,1,2.0,5.0,0.19300000000000045,2.701000000000001,2
2024-04-10,43.5,26.4,34.0,0.0,0.0,0.0,0.0,0.0,0.386,29.166666666666657,29.02857142857143,1,3.0,5.0,0.0,2.701000000000001,3
2024-04-11,49.6,28.6,38.1,0.0,0.0,0.0,0.0,0.0,0.386,33.69999999999999,28.757142857142856,1,3.0,5.0,0.0,2.701000000000001,4
2024-04-12,55.2,33.8,43.6,0.0,0.0,0.0,0.0,0.0,0.276,38.566666666666656,30.428571428571427,0,2.0,4.0,0.0,1.929000000000001,5
2024-04-13,53.0,32.8,42.7,0.0,0.0,0.0,0.0,0.0,0.028,41.46666666666666,33.471428571428575,0,1.0,4.0,0.0,0.1930000000000009,6
2024-04-14,49.4,30.9,40.0,0.02,0.008,0.083,0.02,0.02000000000000011,0.02,42.099999999999994,35.98571428571429,1,1.0,5.0,0.08300000000000045,0.08300000000000089,0
2024-04-15,38.4,29.9,34.3,0.303,0.0,2.15,0.303,0.3230000000000001,0.323,38.99999999999999,37.385714285714286,1,2.0,5.0,2.2330000000000005,2.233000000000001,0
2024-04-16,46.7,27.0,37.2,0.0,0.0,0.0,0.0,0.3230000000000001,0.323,37.16666666666666,38.55714285714286,1,3.0,5.0,2.2330000000000005,2.233000000000001,1
2024-04-17,43.8,29.9,37.7,0.028,0.028,0.0,0.028,0.3310000000000001,0.35100000000000003,36.399999999999984,39.08571428571429,1,3.0,5.0,2.1500000000000004,2.233000000000001,0
2024-04-18,45.3,21.0,32.9,0.0,0.0,0.0,0.0,0.02800000000000011,0.35100000000000003,35.93333333333332,38.34285714285714,1,3.0,5.0,0.0,2.233000000000001,1
2024-04-19,44.5,31.5,37.4,0.0,0.0,0.0,0.0,0.02800000000000011,0.35100000000000003,35.99999999999999,37.457142857142856,1,3.0,6.0,0.0,2.233000000000001,2
2024-04-20,50.1,33.3,39.9,0.0,0.0,0.0,0.0,0.0,0.35100000000000003,36.73333333333332,37.05714285714286,0,2.0,6.0,0.0,2.233000000000001,3
2024-04-21,55.3,33.2,42.7,0.0,0.0,0.0,0.0,0.0,0.331,39.999999999999986,37.44285714285714,0,1.0,5.0,0.0,2.150000000000001,4
2024-04-22,56.9,34.1,44.7,0.004,0.004,0.0,0.004,0.004000000000000111,0.032,42.43333333333332,38.92857142857143,0,0.0,4.0,0.0,0.0,5
2024-04-23,57.7,38.6,45.1,0.079,0.071,0.055,0.079,0.08300000000000012,0.111,44.16666666666666,40.05714285714286,0,0.0,3.0,0.055000000000000444,0.05500000000000089,0
2024-04-24,54.4,40.6,46.7,0.0,0.0,0.0,0.0,0.08300000000000012,0.083,45.49999999999999,41.34285714285715,0,0.0,2.0,0.055000000000000444,0.05500000000000089,1
2024-04-25,50.2,33.0,41.1,0.283,0.146,0.965,0.283,0.3620000000000001,0.366,44.29999999999999,42.51428571428571,0,0.0,1.0,1.0200000000000005,1.020000000000001,0
2024-04-26,42.5,33.1,37.3,0.531,0.197,2.343,0.531,0.8140000000000001,0.897,41.69999999999999,42.5,0,0.0,0.0,3.3080000000000003,3.363000000000001,0
2024-04-27,41.4,32.3,36.8,0.126,0.043,0.579,0.126,0.9400000000000002,1.0230000000000001,38.399999999999984,42.057142857142864,0,0.0,0.0,3.8870000000000005,3.942000000000001,0
2024-04-28,44.0,31.4,36.7,0.016,0.004,0.083,0.016,0.6730000000000003,1.039,36.93333333333332,41.199999999999996,1,1.0,1.0,3.0050000000000003,4.025000000000001,0
2024-04-29,46.9,29.8,38.3,0.091,0.039,0.358,0.091,0.2330000000000001,1.1260000000000001,37.26666666666666,40.285714285714285,1,2.0,2.0,1.0200000000000005,4.383000000000001,0
2024-04-30,43.8,24.9,35.7,0.004,0.0,0.028,0.004,0.11100000000000011,1.0510000000000002,36.89999999999999,38.94285714285714,1,3.0,3.0,0.46900000000000047,4.356000000000001,1
2024-05-01,38.1,22.9,33.5,0.0,0.0,0.0,0.0,0.09500000000000011,1.0510000000000002,35.83333333333332,37.05714285714286,1,3.0,4.0,0.38600000000000045,4.356000000000001,2
2024-05-02,44.0,19.7,32.6,0.0,0.0,0.0,0.0,0.004000000000000111,0.768,33.933333333333316,35.84285714285714,1,3.0,5.0,0.028000000000000445,3.391000000000001,3
2024-05-03,41.3,27.7,34.8,0.102,0.0,0.717,0.102,0.1020000000000001,0.33899999999999997,33.633333333333326,35.48571428571429,1,3.0,6.0,0.7170000000000004,1.7650000000000008,0
2024-05-04,53.3,20.2,38.1,0.0,0.0,0.0,0.0,0.1020000000000001,0.213,35.16666666666666,35.67142857142857,1,3.0,7.0,0.7170000000000004,1.1860000000000008,1
2024-05-05,44.8,27.9,38.9,0.213,0.075,0.965,0.213,0.3150000000000001,0.41000000000000003,37.26666666666665,35.98571428571429,1,3.0,7.0,1.6820000000000004,2.068000000000001,0
2024-05-06,37.3,25.5,30.4,0.492,0.0,3.445,0.492,0.7050000000000001,0.8109999999999999,35.79999999999999,34.857142857142854,1,3.0,7.0,4.41,5.155000000000001,0
2024-05-07,32.8,23.7,29.5,0.13,0.0,0.909,0.13,0.8350000000000002,0.937,32.933333333333316,33.971428571428575,1,3.0,7.0,5.319,6.036000000000001,0
2024-05-08,36.4,19.7,28.5,0.012,0.0,0.083,0.012,0.634,0.949,29.466666666666654,33.25714285714286,1,3.0,7.0,4.437,6.1190000000000015,0
2024-05-09,42.4,25.1,34.2,0.004,0.0,0.028,0.004,0.14600000000000013,0.953,30.73333333333332,33.48571428571429,1,3.0,7.0,1.0200000000000005,6.147000000000001,1
2024-05-10,43.1,24.6,35.5,0.039,0.008,0.22,0.039,0.05500000000000011,0.89,32.73333333333332,33.58571428571428,1,3.0,7.0,0.33100000000000046,5.65,0
2024-05-11,47.1,27.5,38.5,0.055,0.055,0.0,0.055,0.09800000000000011,0.9450000000000001,36.066666666666656,33.642857142857146,1,3.0,7.0,0.24800000000000044,5.65,0
2024-05-12,53.4,38.2,44.9,0.0,0.0,0.0,0.0,0.09400000000000011,0.7320000000000001,39.63333333333332,34.5,0,2.0,6.0,0.22000000000000045,4.6850000000000005,1
2024-05-13,60.2,37.1,46.9,0.098,0.098,0.0,0.098,0.15300000000000014,0.3380000000000001,43.433333333333316,36.857142857142854,0,1.0,5.0,0.0,1.2400000000000009,0
2024-05-14,53.2,36.8,44.5,0.0,0.0,0.0,0.0,0.09800000000000013,0.20800000000000007,45.433333333333316,39.0,0,0.0,4.0,0.0,0.3310000000000009,1
2024-05-15,51.4,35.3,43.3,0.02,0.02,0.0,0.02,0.11800000000000012,0.21600000000000005,44.899999999999984,41.114285714285714,0,0.0,3.0,0.0,0.2480000000000009,0
2024-05-16,58.6,38.9,46.2,0.0,0.0,0.0,0.0,0.02000000000000011,0.21200000000000008,44.66666666666666,42.82857142857143,0,0.0,2.0,0.0,0.2200000000000009,1
2024-05-17,55.0,35.5,46.6,0.004,0.004,0.0,0.004,0.02400000000000011,0.17700000000000007,45.36666666666665,44.41428571428571,0,0.0,1.0,0.0,0.0,2
2024-05-18,60.9,34.3,45.4,0.0,0.0,0.0,0.0,0.004000000000000111,0.12200000000000005,46.066666666666656,45.4,0,0.0,0.0,0.0,0.0,3
2024-05-19,51.9,37.8,45.5,0.0,0.0,0.0,0.0,0.004000000000000111,0.12200000000000005,45.83333333333332,45.48571428571429,0,0.0,0.0,0.0,0.0,4
2024-05-20,43.9,30.4,38.9,0.252,0.146,0.744,0.252,0.2520000000000001,0.276,43.26666666666665,44.34285714285714,1,1.0,1.0,0.7440000000000004,0.7440000000000009,0
2024-05-21,43.3,26.0,34.4,0.0,0.0,0.0,0.0,0.2520000000000001,0.276,39.59999999999999,42.89999999999999,1,2.0,2.0,0.7440000000000004,0.7440000000000009,1
2024-05-22,52.2,29.6,41.0,0.0,0.0,0.0,0.0,0.2520000000000001,0.256,38.09999999999999,42.57142857142857,1,3.0,3.0,0.7440000000000004,0.7440000000000009,2
2024-05-23,40.4,27.2,35.3,0.016,0.0,0.11,0.016,0.01600000000000011,0.272,36.899999999999984,41.01428571428571,1,3.0,4.0,0.11000000000000044,0.8540000000000009,0
2024-05-24,50.2,23.5,37.8,0.083,0.083,0.0,0.083,0.09900000000000012,0.351,38.033333333333324,39.75714285714285,1,3.0,5.0,0.11000000000000044,0.8540000000000009,0
2024-05-25,43.7,35.3,39.2,0.165,0.15,0.11,0.165,0.2640000000000001,0.516,37.433333333333316,38.871428571428574,0,2.0,5.0,0.22000000000000045,0.9640000000000009,0
2024-05-26,51.7,34.2,42.5,0.0,0.0,0.0,0.0,0.2480000000000001,0.516,39.83333333333332,38.44285714285714,0,1.0,5.0,0.11000000000000044,0.9640000000000009,1
2024-05-27,62.7,39.7,49.9,0.0,0.0,0.0,0.0,0.16500000000000012,0.264,43.86666666666665,40.01428571428572,0,0.0,4.0,0.11000000000000044,0.2200000000000009,2
2024-05-28,61.4,39.5,49.8,0.071,0.071,0.0,0.071,0.0710000000000001,0.335,47.399999999999984,42.214285714285715,0,0.0,3.0,0.0,0.2200000000000009,0
2024-05-29,59.0,40.5,49.5,0.016,0.016,0.0,0.016,0.0870000000000001,0.351,49.73333333333332,43.42857142857143,0,0.0,2.0,0.0,0.2200000000000009,0
2024-05-30,58.9,34.5,46.9,0.0,0.0,0.0,0.0,0.0870000000000001,0.33499999999999996,48.73333333333332,45.08571428571428,0,0.0,1.0,0.0,0.11000000000000089,1
2024-05-31,64.8,41.3,52.8,0.0,0.0,0.0,0.0,0.01600000000000011,0.252,49.73333333333332,47.22857142857142,0,0.0,0.0,0.0,0.11000000000000089,2
2024-06-01,69.1,47.5,55.9,0.157,0.157,0.0,0.157,0.1570000000000001,0.244,51.86666666666665,49.61428571428571,0,0.0,0.0,0.0,0.0,0
2024-06-02,62.1,50.6,56.0,0.252,0.252,0.0,0.252,0.40900000000000014,0.496,54.899999999999984,51.54285714285714,0,0.0,0.0,0.0,0.0,0
2024-06-03,63.2,45.1,53.1,0.169,0.169,0.0,0.169,0.5780000000000002,0.665,54.99999999999999,52.0,0,0.0,0.0,0.0,0.0,0
2024-06-04,63.8,43.7,53.1,0.0,0.0,0.0,0.0,0.42100000000000015,0.5940000000000001,54.066666666666656,52.471428571428575,0,0.0,0.0,0.0,0.0,1
2024-06-05,72.2,47.3,59.4,0.0,0.0,0.0,0.0,0.16900000000000012,0.5780000000000001,55.19999999999999,53.885714285714286,0,0.0,0.0,0.0,0.0,2
2024-06-06,76.5,53.3,64.1,0.0,0.0,0.0,0.0,0.0,0.5780000000000001,58.86666666666665,56.34285714285714,0,0.0,0.0,0.0,0.0,3
2024-06-07,71.6,53.0,62.6,0.374,0.374,0.0,0.374,0.3740000000000001,0.9520000000000001,62.033333333333324,57.74285714285714,0,0.0,0.0,0.0,0.0,0
2024-06-08,73.8,52.1,62.3,0.012,0.012,0.0,0.012,0.3860000000000001,0.807,62.99999999999999,58.65714285714286,0,0.0,0.0,0.0,0.0,0
2024-06-09,76.2,55.6,63.8,0.094,0.094,0.0,0.094,0.4800000000000001,0.649,62.899999999999984,59.77142857142858,0,0.0,0.0,0.0,0.0,0
2024-06-10,69.0,53.4,61.4,0.224,0.224,0.0,0.224,0.3300000000000001,0.704,62.49999999999999,60.957142857142856,0,0.0,0.0,0.0,0.0,0
2024-06-11,74.8,52.1,63.3,0.0,0.0,0.0,0.0,0.3180000000000001,0.704,62.833333333333314,62.41428571428571,0,0.0,0.0,0.0,0.0,1
2024-06-12,79.4,56.5,67.0,0.02,0.02,0.0,0.02,0.24400000000000013,0.724,63.9,63.5,0,0.0,0.0,0.0,0.0,0
2024-06-13,80.4,57.9,68.7,0.0,0.0,0.0,0.0,0.02000000000000011,0.724,66.33333333333333,64.15714285714286,0,0.0,0.0,0.0,0.0,1
2024-06-14,76.4,54.5,64.3,0.142,0.142,0.0,0.142,0.1620000000000001,0.492,66.66666666666667,64.4,0,0.0,0.0,0.0,0.0,0
2024-06-15,73.7,54.3,63.8,0.0,0.0,0.0,0.0,0.1420000000000001,0.48,65.6,64.61428571428571,0,0.0,0.0,0.0,0.0,1
2024-06-16,70.8,47.8,59.6,0.0,0.0,0.0,0.0,0.1420000000000001,0.386,62.566666666666656,64.0142857142857,0,0.0,0.0,0.0,0.0,2
2024-06-17,66.0,37.1,54.5,0.02,0.02,0.0,0.02,0.02000000000000011,0.18199999999999997,59.29999999999999,63.028571428571425,0,0.0,0.0,0.0,0.0,0
2024-06-18,58.4,33.1,45.0,0.004,0.004,0.0,0.004,0.02400000000000011,0.18599999999999997,53.033333333333324,60.41428571428571,0,0.0,0.0,0.0,0.0,1
2024-06-19,67.8,43.5,55.1,0.0,0.0,0.0,0.0,0.02400000000000011,0.16599999999999998,51.533333333333324,58.714285714285715,0,0.0,0.0,0.0,0.0,2
2024-06-20,76.4,47.7,61.5,0.0,0.0,0.0,0.0,0.004000000000000111,0.16599999999999998,53.86666666666665,57.68571428571429,0,0.0,0.0,0.0,0.0,3
2024-06-21,70.7,52.3,59.4,0.417,0.417,0.0,0.417,0.4170000000000001,0.44099999999999995,58.66666666666666,56.98571428571428,0,0.0,0.0,0.0,0.0,0
2024-06-22,78.6,51.8,64.7,0.063,0.063,0.0,0.063,0.4800000000000001,0.504,61.86666666666665,57.11428571428572,0,0.0,0.0,0.0,0.0,0
2024-06-23,81.7,58.6,68.5,0.0,0.0,0.0,0.0,0.4800000000000001,0.504,64.19999999999999,58.38571428571429,0,0.0,0.0,0.0,0.0,1
2024-06-24,81.1,58.3,69.6,0.035,0.035,0.0,0.035,0.09800000000000011,0.519,67.59999999999998,60.542857142857144,0,0.0,0.0,0.0,0.0,0
2024-06-25,82.2,59.6,70.6,0.016,0.016,0.0,0.016,0.051000000000000115,0.531,69.56666666666666,64.2,0,0.0,0.0,0.0,0.0,0
2024-06-26,79.6,60.3,68.0,0.024,0.024,0.0,0.024,0.07500000000000012,0.5549999999999999,69.39999999999999,66.04285714285713,0,0.0,0.0,0.0,0.0,0
2024-06-27,72.8,56.2,63.3,0.213,0.213,0.0,0.213,0.2530000000000001,0.768,67.3,66.3,0,0.0,0.0,0.0,0.0,0
2024-06-28,74.2,51.9,62.4,0.0,0.0,0.0,0.0,0.2370000000000001,0.351,64.56666666666666,66.72857142857143,0,0.0,0.0,0.0,0.0,1
2024-06-29,80.0,52.5,66.2,0.0,0.0,0.0,0.0,0.2130000000000001,0.28800000000000003,63.96666666666666,66.94285714285714,0,0.0,0.0,0.0,0.0,2
2024-06-30,81.5,56.6,68.7,0.0,0.0,0.0,0.0,0.0,0.28800000000000003,65.76666666666665,66.97142857142858,0,0.0,0.0,0.0,0.0,3
2024-07-01,68.6,52.0,60.8,0.039,0.039,0.0,0.039,0.03900000000000011,0.292,65.23333333333333,65.71428571428571,0,0.0,0.0,0.0,0.0,0
2024-07-02,70.8,45.4,58.6,0.0,0.0,0.0,0.0,0.03900000000000011,0.276,62.69999999999999,64.0,0,0.0,0.0,0.0,0.0,1
2024-07-03,71.9,52.9,61.9,0.0,0.0,0.0,0.0,0.03900000000000011,0.252,60.433333333333316,63.128571428571426,0,0.0,0.0,0.0,0.0,2
2024-07-04,72.6,45.0,59.4,0.0,0.0,0.0,0.0,0.0,0.039,59.96666666666666,62.57142857142857,0,0.0,0.0,0.0,0.0,3
2024-07-05,76.6,52.6,63.2,0.0,0.0,0.0,0.0,0.0,0.039,61.49999999999999,62.68571428571429,0,0.0,0.0,0.0,0.0,4
2024-07-06,76.3,50.3,63.7,0.0,0.0,0.0,0.0,0.0,0.039,62.099999999999994,62.32857142857143,0,0.0,0.0,0.0,0.0,5
2024-07-07,75.4,52.1,64.1,0.0,0.0,0.0,0.0,0.0,0.039,63.66666666666666,61.67142857142858,0,0.0,0.0,0.0,0.0,6
2024-07-08,79.8,51.3,65.7,0.0,0.0,0.0,0.0,0.0,0.0,64.5,62.371428571428574,0,0.0,0.0,0.0,0.0,7
2024-07-09,83.1,57.2,69.6,0.0,0.0,0.0,0.0,0.0,0.0,66.46666666666665,63.942857142857136,0,0.0,0.0,0.0,0.0,8
2024-07-10,85.7,58.8,72.6,0.0,0.0,0.0,0.0,0.0,0.0,69.3,65.47142857142858,0,0.0,0.0,0.0,0.0,9
2024-07-11,89.0,61.0,75.1,0.0,0.0,0.0,0.0,0.0,0.0,72.43333333333332,67.71428571428571,0,0.0,0.0,0.0,0.0,10
2024-07-12,87.5,62.0,74.1,0.028,0.028,0.0,0.028,0.02800000000000011,0.028,73.93333333333332,69.27142857142857,0,0.0,0.0,0.0,0.0,0
2024-07-13,87.6,62.3,73.6,0.016,0.016,0.0,0.016,0.04400000000000011,0.044,74.26666666666665,70.68571428571428,0,0.0,0.0,0.0,0.0,0
2024-07-14,85.3,57.9,71.6,0.13,0.13,0.0,0.13,0.1740000000000001,0.174,73.09999999999998,71.75714285714285,0,0.0,0.0,0.0,0.0,0
2024-07-15,76.2,58.8,66.8,0.63,0.63,0.0,0.63,0.7760000000000001,0.804,70.66666666666666,71.91428571428571,0,0.0,0.0,0.0,0.0,0
2024-07-16,79.3,56.0,68.3,0.0,0.0,0.0,0.0,0.7600000000000001,0.8039999999999999,68.89999999999999,71.72857142857143,0,0.0,0.0,0.0,0.0,1
2024-07-17,80.6,56.9,66.0,0.256,0.256,0.0,0.256,0.8860000000000001,1.06,67.03333333333332,70.78571428571428,0,0.0,0.0,0.0,0.0,0
2024-07-18,80.0,56.8,67.0,0.295,0.295,0.0,0.295,0.5510000000000002,1.355,67.09999999999998,69.62857142857142,0,0.0,0.0,0.0,0.0,0
2024-07-19,80.5,58.0,68.0,0.098,0.098,0.0,0.098,0.6490000000000001,1.4249999999999998,66.99999999999999,68.75714285714285,0,0.0,0.0,0.0,0.0,0
2024-07-20,81.8,60.7,70.5,0.0,0.0,0.0,0.0,0.3930000000000001,1.4089999999999998,68.49999999999999,68.31428571428572,0,0.0,0.0,0.0,0.0,1
2024-07-21,79.7,58.4,69.0,0.0,0.0,0.0,0.0,0.09800000000000011,1.279,69.16666666666664,67.94285714285714,0,0.0,0.0,0.0,0.0,2
2024-07-22,82.1,56.1,68.8,0.0,0.0,0.0,0.0,0.0,0.6489999999999999,69.43333333333332,68.22857142857143,0,0.0,0.0,0.0,0.0,3
2024-07-23,84.4,59.3,70.1,0.169,0.169,0.0,0.169,0.16900000000000012,0.8179999999999998,69.29999999999998,68.48571428571428,0,0.0,0.0,0.0,0.0,0
2024-07-24,87.0,60.8,73.7,0.0,0.0,0.0,0.0,0.16900000000000012,0.5619999999999998,70.86666666666666,69.58571428571429,0,0.0,0.0,0.0,0.0,1
2024-07-25,80.6,61.1,70.4,0.067,0.067,0.0,0.067,0.23600000000000013,0.3339999999999999,71.39999999999999,70.07142857142857,0,0.0,0.0,0.0,0.0,0
2024-07-26,79.0,57.6,67.8,0.059,0.059,0.0,0.059,0.1260000000000001,0.29499999999999993,70.63333333333333,70.04285714285714,0,0.0,0.0,0.0,0.0,0
2024-07-27,78.1,53.5,65.2,0.252,0.252,0.0,0.252,0.3780000000000001,0.5469999999999999,67.8,69.28571428571429,0,0.0,0.0,0.0,0.0,0
2024-07-28,78.9,56.7,66.7,0.0,0.0,0.0,0.0,0.3110000000000001,0.5469999999999999,66.56666666666665,68.95714285714287,0,0.0,0.0,0.0,0.0,1
2024-07-29,79.5,55.5,67.0,0.0,0.0,0.0,0.0,0.2520000000000001,0.5469999999999999,66.3,68.7,0,0.0,0.0,0.0,0.0,2
2024-07-30,79.8,55.0,67.0,0.0,0.0,0.0,0.0,0.0,0.3779999999999999,66.89999999999999,68.25714285714285,0,0.0,0.0,0.0,0.0,3
2024-07-31,81.2,55.9,68.3,0.0,0.0,0.0,0.0,0.0,0.3779999999999999,67.43333333333332,67.48571428571428,0,0.0,0.0,0.0,0.0,4
2024-08-01,85.4,59.7,72.0,0.0,0.0,0.0,0.0,0.0,0.31099999999999994,69.09999999999998,67.71428571428571,0,0.0,0.0,0.0,0.0,5
2024-08-02,88.3,61.8,74.3,0.0,0.0,0.0,0.0,0.0,0.2519999999999999,71.53333333333332,68.64285714285714,0,0.0,0.0,0.0,0.0,6
2024-08-03,82.5,62.8,71.3,0.114,0.114,0.0,0.114,0.11400000000000012,0.1139999999999999,72.53333333333332,69.51428571428572,0,0.0,0.0,0.0,0.0,0
2024-08-04,81.6,61.5,70.2,0.028,0.028,0.0,0.028,0.14200000000000013,0.1419999999999999,71.93333333333332,70.0142857142857,0,0.0,0.0,0.0,0.0,0
2024-08-05,80.9,60.8,69.2,0.48,0.48,0.0,0.48,0.6220000000000001,0.6219999999999999,70.23333333333333,70.32857142857144,0,0.0,0.0,0.0,0.0,0
2024-08-06,85.8,58.7,71.9,0.028,0.028,0.0,0.028,0.5360000000000001,0.6499999999999999,70.43333333333332,71.02857142857142,0,0.0,0.0,0.0,0.0,0
2024-08-07,83.7,63.9,72.9,0.028,0.028,0.0,0.028,0.5360000000000001,0.6779999999999999,71.33333333333333,71.68571428571428,0,0.0,0.0,0.0,0.0,0
2024-08-08,82.4,62.9,71.8,0.0,0.0,0.0,0.0,0.05600000000000011,0.6779999999999999,72.2,71.65714285714286,0,0.0,0.0,0.0,0.0,1
2024-08-09,80.6,54.8,67.7,0.201,0.201,0.0,0.201,0.22900000000000012,0.8789999999999999,70.8,70.71428571428571,0,0.0,0.0,0.0,0.0,0
2024-08-10,79.9,58.6,66.4,0.161,0.161,0.0,0.161,0.3620000000000001,0.9259999999999999,68.63333333333333,70.01428571428572,0,0.0,0.0,0.0,0.0,0
2024-08-11,77.0,57.8,65.9,0.374,0.374,0.0,0.374,0.7360000000000001,1.2719999999999998,66.66666666666667,69.4,0,0.0,0.0,0.0,0.0,0
2024-08-12,71.6,55.8,62.2,0.205,0.205,0.0,0.205,0.7400000000000001,0.9969999999999999,64.83333333333333,68.4,0,0.0,0.0,0.0,0.0,0
2024-08-13,70.6,53.1,59.6,1.055,1.055,0.0,1.055,1.634,2.024,62.566666666666656,66.64285714285714,0,0.0,0.0,0.0,0.0,0
2024-08-14,70.1,49.7,59.4,0.654,0.654,0.0,0.654,1.9140000000000001,2.65,60.4,64.71428571428571,0,0.0,0.0,0.0,0.0,0
2024-08-15,75.2,51.6,63.5,0.0,0.0,0.0,0.0,1.709,2.65,60.83333333333332,63.52857142857143,0,0.0,0.0,0.0,0.0,1
2024-08-16,77.2,54.2,65.5,0.0,0.0,0.0,0.0,0.6540000000000002,2.449,62.79999999999999,63.214285714285715,0,0.0,0.0,0.0,0.0,2
2024-08-17,70.1,55.6,62.6,0.232,0.232,0.0,0.232,0.23200000000000023,2.5199999999999996,63.86666666666665,62.67142857142857,0,0.0,0.0,0.0,0.0,0
2024-08-18,75.8,55.5,62.5,0.602,0.602,0.0,0.602,0.8340000000000002,2.748,63.533333333333324,62.18571428571429,0,0.0,0.0,0.0,0.0,0
2024-08-19,74.4,52.0,62.6,0.047,0.047,0.0,0.047,0.8810000000000002,2.59,62.56666666666666,62.24285714285715,0,0.0,0.0,0.0,0.0,0
2024-08-20,79.1,56.1,67.7,0.0,0.0,0.0,0.0,0.6490000000000002,1.5349999999999997,64.26666666666667,63.4,0,0.0,0.0,0.0,0.0,1
2024-08-21,79.2,56.5,66.5,0.0,0.0,0.0,0.0,0.04700000000000022,0.8809999999999998,65.6,64.41428571428571,0,0.0,0.0,0.0,0.0,2
2024-08-22,70.2,54.5,61.4,0.142,0.142,0.0,0.142,0.1420000000000002,1.0229999999999997,65.2,64.11428571428571,0,0.0,0.0,0.0,0.0,0
2024-08-23,71.6,53.8,61.3,0.098,0.098,0.0,0.098,0.2400000000000002,1.1209999999999998,63.066666666666656,63.51428571428571,0,0.0,0.0,0.0,0.0,0
2024-08-24,72.2,48.2,59.8,0.0,0.0,0.0,0.0,0.2400000000000002,0.8889999999999998,60.83333333333332,63.114285714285714,0,0.0,0.0,0.0,0.0,1
2024-08-25,65.8,48.7,55.5,0.228,0.228,0.0,0.228,0.32600000000000023,0.5149999999999998,58.86666666666665,62.114285714285714,0,0.0,0.0,0.0,0.0,0
2024-08-26,67.4,45.5,55.4,0.0,0.0,0.0,0.0,0.22800000000000023,0.4679999999999998,56.9,61.08571428571428,0,0.0,0.0,0.0,0.0,1
2024-08-27,73.9,46.7,59.8,0.0,0.0,0.0,0.0,0.22800000000000023,0.4679999999999998,56.899999999999984,59.957142857142856,0,0.0,0.0,0.0,0.0,2
2024-08-28,75.7,53.4,63.1,0.0,0.0,0.0,0.0,0.0,0.4679999999999998,59.433333333333316,59.471428571428575,0,0.0,0.0,0.0,0.0,3
2024-08-29,71.9,46.3,59.2,0.0,0.0,0.0,0.0,0.0,0.3259999999999998,60.69999999999999,59.15714285714286,0,0.0,0.0,0.0,0.0,4
2024-08-30,75.1,47.8,60.5,0.0,0.0,0.0,0.0,0.0,0.2279999999999998,60.93333333333333,59.042857142857144,0,0.0,0.0,0.0,0.0,5
2024-08-31,78.2,50.7,64.0,0.0,0.0,0.0,0.0,0.0,0.2279999999999998,61.23333333333333,59.642857142857146,0,0.0,0.0,0.0,0.0,6
2024-09-01,78.2,54.8,65.6,0.0,0.0,0.0,0.0,0.0,0.0,63.36666666666665,61.08571428571429,0,0.0,0.0,0.0,0.0,7
2024-09-02,77.3,56.9,64.1,0.177,0.177,0.0,0.177,0.1770000000000002,0.17699999999999977,64.56666666666665,62.32857142857143,0,0.0,0.0,0.0,0.0,0
2024-09-03,74.5,55.6,61.4,0.594,0.594,0.0,0.594,0.7710000000000001,0.7709999999999997,63.69999999999999,62.55714285714286,0,0.0,0.0,0.0,0.0,0
2024-09-04,69.6,49.5,58.2,0.547,0.547,0.0,0.547,1.3180000000000003,1.3179999999999998,61.23333333333332,61.857142857142854,0,0.0,0.0,0.0,0.0,0
2024-09-05,72.4,45.8,58.9,0.0,0.0,0.0,0.0,1.1410000000000002,1.3179999999999998,59.49999999999999,61.81428571428571,0,0.0,0.0,0.0,0.0,1
2024-09-06,75.5,50.3,61.9,0.0,0.0,0.0,0.0,0.5470000000000004,1.3179999999999998,59.66666666666666,62.01428571428571,0,0.0,0.0,0.0,0.0,2
2024-09-07,77.3,52.4,64.3,0.0,0.0,0.0,0.0,0.0,1.3179999999999998,61.69999999999999,62.05714285714286,0,0.0,0.0,0.0,0.0,3
2024-09-08,77.0,53.9,62.6,0.193,0.193,0.0,0.193,0.19300000000000034,1.511,62.933333333333316,61.628571428571426,0,0.0,0.0,0.0,0.0,0
2024-09-09,73.7,55.7,62.1,0.343,0.343,0.0,0.343,0.5360000000000004,1.6769999999999998,62.99999999999998,61.34285714285714,0,0.0,0.0,0.0,0.0,0
2024-09-10,73.8,51.4,59.7,0.268,0.268,0.0,0.268,0.8040000000000004,1.351,61.46666666666666,61.10000000000001,0,0.0,0.0,0.0,0.0,0
2024-09-11,72.8,50.3,60.9,0.063,0.063,0.0,0.063,0.6740000000000004,0.867,60.9,61.48571428571428,0,0.0,0.0,0.0,0.0,0
2024-09-12,56.4,42.6,49.1,0.043,0.043,0.0,0.043,0.37400000000000033,0.9099999999999999,56.56666666666666,60.08571428571429,0,0.0,0.0,0.0,0.0,0
2024-09-13,64.1,39.8,50.9,0.0,0.0,0.0,0.0,0.10600000000000033,0.9099999999999999,53.633333333333326,58.51428571428572,0,0.0,0.0,0.0,0.0,1
2024-09-14,70.3,47.6,57.7,0.0,0.0,0.0,0.0,0.04300000000000033,0.9099999999999999,52.566666666666656,57.57142857142857,0,0.0,0.0,0.0,0.0,2
2024-09-15,71.4,50.6,59.2,0.004,0.004,0.0,0.004,0.004000000000000333,0.7209999999999999,55.93333333333333,57.08571428571428,0,0.0,0.0,0.0,0.0,3
2024-09-16,66.5,47.1,55.8,0.047,0.047,0.0,0.047,0.05100000000000034,0.42499999999999993,57.566666666666656,56.18571428571429,0,0.0,0.0,0.0,0.0,0
2024-09-17,52.1,36.5,45.2,0.504,0.37,0.937,0.504,0.5550000000000004,0.6609999999999999,53.4,54.114285714285714,0,0.0,0.0,0.9370000000000005,0.9370000000000009,0
2024-09-18,59.1,36.4,46.8,0.0,0.0,0.0,0.0,0.5510000000000004,0.5979999999999999,49.26666666666665,52.1,0,0.0,0.0,0.9370000000000005,0.9370000000000009,1
2024-09-19,66.2,42.5,53.0,0.0,0.0,0.0,0.0,0.5040000000000003,0.5549999999999999,48.33333333333332,52.65714285714286,0,0.0,0.0,0.9370000000000005,0.9370000000000009,2
2024-09-20,65.6,45.8,55.0,0.016,0.016,0.0,0.016,0.016000000000000333,0.571,51.59999999999999,53.24285714285714,0,0.0,0.0,0.0,0.9370000000000009,0
2024-09-21,66.6,46.5,54.5,0.087,0.087,0.0,0.087,0.10300000000000033,0.6579999999999999,54.16666666666666,52.785714285714285,0,0.0,0.0,0.0,0.9370000000000009,0
2024-09-22,65.8,45.5,54.4,0.004,0.004,0.0,0.004,0.10700000000000033,0.6579999999999999,54.633333333333326,52.10000000000001,0,0.0,0.0,0.0,0.9370000000000009,1
2024-09-23,66.6,45.8,54.6,0.0,0.0,0.0,0.0,0.09100000000000033,0.6109999999999999,54.49999999999999,51.92857142857143,0,0.0,0.0,0.0,0.9370000000000009,2
2024-09-24,72.4,46.7,57.6,0.0,0.0,0.0,0.0,0.004000000000000333,0.10699999999999989,55.533333333333324,53.7,0,0.0,0.0,0.0,0.0,3
2024-09-25,74.6,48.5,60.4,0.0,0.0,0.0,0.0,0.0,0.10699999999999989,57.533333333333324,55.642857142857146,0,0.0,0.0,0.0,0.0,4
2024-09-26,74.6,53.8,61.8,0.0,0.0,0.0,0.0,0.0,0.10699999999999989,59.93333333333333,56.9,0,0.0,0.0,0.0,0.0,5
2024-09-27,76.1,51.5,62.4,0.0,0.0,0.0,0.0,0.0,0.09099999999999989,61.533333333333324,57.957142857142856,0,0.0,0.0,0.0,0.0,6
2024-09-28,78.2,51.1,63.3,0.0,0.0,0.0,0.0,0.0,0.003999999999999889,62.49999999999998,59.214285714285715,0,0.0,0.0,0.0,0.0,7
2024-09-29,75.5,51.7,61.8,0.201,0.201,0.0,0.201,0.20100000000000035,0.2009999999999999,62.49999999999999,60.27142857142858,0,0.0,0.0,0.0,0.0,0
2024-09-30,71.2,44.9,56.0,0.0,0.0,0.0,0.0,0.20100000000000035,0.2009999999999999,60.36666666666665,60.471428571428575,0,0.0,0.0,0.0,0.0,1
2024-10-01,71.7,43.1,55.8,0.0,0.0,0.0,0.0,0.20100000000000035,0.2009999999999999,57.86666666666665,60.214285714285715,0,0.0,0.0,0.0,0.0,2
2024-10-02,72.3,48.1,57.8,0.0,0.0,0.0,0.0,0.0,0.2009999999999999,56.533333333333324,59.84285714285714,0,0.0,0.0,0.0,0.0,3
2024-10-03,71.5,44.4,56.9,0.0,0.0,0.0,0.0,0.0,0.2009999999999999,56.83333333333332,59.142857142857146,0,0.0,0.0,0.0,0.0,4
2024-10-04,74.3,50.4,60.9,0.0,0.0,0.0,0.0,0.0,0.2009999999999999,58.533333333333324,58.92857142857143,0,0.0,0.0,0.0,0.0,5
2024-10-05,66.7,47.6,55.9,0.0,0.0,0.0,0.0,0.0,0.2009999999999999,57.899999999999984,57.87142857142857,0,0.0,0.0,0.0,0.0,6
2024-10-06,69.7,48.9,56.7,0.0,0.0,0.0,0.0,0.0,0.0,57.83333333333332,57.142857142857146,0,0.0,0.0,0.0,0.0,7
2024-10-07,70.4,48.0,57.2,0.02,0.02,0.0,0.02,0.020000000000000333,0.01999999999999989,56.599999999999994,57.31428571428571,0,0.0,0.0,0.0,0.0,0
2024-10-08,70.3,48.2,56.0,0.197,0.197,0.0,0.197,0.21700000000000033,0.2169999999999999,56.633333333333326,57.34285714285714,0,0.0,0.0,0.0,0.0,0
2024-10-09,70.8,45.9,56.7,0.004,0.004,0.0,0.004,0.22100000000000034,0.2209999999999999,56.633333333333326,57.18571428571429,0,0.0,0.0,0.0,0.0,1
2024-10-10,70.3,50.5,58.0,0.0,0.0,0.0,0.0,0.20100000000000035,0.2209999999999999,56.899999999999984,57.34285714285714,0,0.0,0.0,0.0,0.0,2
2024-10-11,69.9,49.6,57.9,0.0,0.0,0.0,0.0,0.004000000000000333,0.2209999999999999,57.533333333333324,56.91428571428571,0,0.0,0.0,0.0,0.0,3
2024-10-12,68.2,50.3,56.7,0.0,0.0,0.0,0.0,0.0,0.2209999999999999,57.533333333333324,57.02857142857143,0,0.0,0.0,0.0,0.0,4
2024-10-13,70.0,46.5,55.7,0.0,0.0,0.0,0.0,0.0,0.2209999999999999,56.76666666666666,56.885714285714286,0,0.0,0.0,0.0,0.0,5
2024-10-14,67.6,46.1,55.2,0.004,0.004,0.0,0.004,0.004000000000000333,0.2049999999999999,55.86666666666665,56.6,0,0.0,0.0,0.0,0.0,6
2024-10-15,68.1,46.7,55.6,0.0,0.0,0.0,0.0,0.004000000000000333,0.00799999999999989,55.49999999999999,56.542857142857144,0,0.0,0.0,0.0,0.0,7
2024-10-16,61.9,43.8,51.6,0.165,0.165,0.0,0.165,0.16900000000000034,0.1689999999999999,54.133333333333326,55.814285714285724,0,0.0,0.0,0.0,0.0,0
2024-10-17,46.0,37.3,42.7,1.012,0.654,2.508,1.012,1.1770000000000003,1.1809999999999998,49.96666666666666,53.62857142857143,0,0.0,0.0,2.5080000000000005,2.508000000000001,0
2024-10-18,40.0,33.4,35.8,0.394,0.012,2.673,0.394,1.5710000000000002,1.5749999999999997,43.36666666666665,50.47142857142857,0,0.0,0.0,5.181000000000001,5.181000000000001,0
2024-10-19,54.1,30.4,40.8,0.0,0.0,0.0,0.0,1.4060000000000001,1.5749999999999997,39.76666666666666,48.199999999999996,1,1.0,1.0,5.181000000000001,5.181000000000001,1
2024-10-20,53.7,36.0,43.1,0.024,0.024,0.0,0.024,0.41800000000000026,1.5989999999999998,39.899999999999984,46.4,0,1.0,1.0,2.6730000000000005,5.181000000000001,0
2024-10-21,56.2,35.9,44.4,0.0,0.0,0.0,0.0,0.024000000000000223,1.5949999999999998,42.76666666666665,44.857142857142854,0,1.0,1.0,0.0,5.181000000000001,1
2024-10-22,59.5,40.8,48.3,0.0,0.0,0.0,0.0,0.024000000000000223,1.5949999999999998,45.26666666666665,43.81428571428571,0,0.0,1.0,0.0,5.181000000000001,2
2024-10-23,62.5,44.4,50.6,0.0,0.0,0.0,0.0,0.0,1.4299999999999997,47.76666666666666,43.67142857142857,0,0.0,1.0,0.0,5.181000000000001,3
2024-10-24,49.9,32.7,41.7,0.0,0.0,0.0,0.0,0.0,0.4179999999999998,46.86666666666665,43.528571428571425,0,0.0,1.0,0.0,2.673000000000001,4
2024-10-25,59.0,34.9,45.0,0.0,0.0,0.0,0.0,0.0,0.02399999999999978,45.76666666666666,44.84285714285714,0,0.0,1.0,0.0,0.0,5
2024-10-26,62.5,44.0,50.8,0.0,0.0,0.0,0.0,0.0,0.02399999999999978,45.83333333333332,46.271428571428565,0,0.0,0.0,0.0,0.0,6
2024-10-27,60.1,43.9,49.5,0.0,0.0,0.0,0.0,0.0,0.0,48.433333333333316,47.18571428571429,0,0.0,0.0,0.0,0.0,7
2024-10-28,54.6,34.3,45.3,0.362,0.055,2.15,0.362,0.3620000000000002,0.36199999999999977,48.533333333333324,47.31428571428571,0,0.0,0.0,2.1500000000000004,2.150000000000001,0
2024-10-29,35.0,23.4,31.2,0.441,0.004,3.059,0.441,0.8030000000000002,0.8029999999999997,41.99999999999999,44.87142857142857,1,1.0,1.0,5.2090000000000005,5.209000000000001,0
2024-10-30,34.1,17.7,25.0,0.0,0.0,0.0,0.0,0.8030000000000002,0.8029999999999997,33.83333333333332,41.214285714285715,1,2.0,2.0,5.2090000000000005,5.209000000000001,1
2024-10-31,38.6,18.6,29.8,0.016,0.0,0.11,0.016,0.45700000000000024,0.8189999999999997,28.666666666666657,39.51428571428571,1,3.0,3.0,3.1690000000000005,5.319000000000001,0
2024-11-01,42.7,23.2,31.6,0.004,0.0,0.028,0.004,0.020000000000000222,0.8229999999999997,28.799999999999994,37.6,1,3.0,4.0,0.13800000000000046,5.347000000000001,1
2024-11-02,41.4,28.7,34.0,0.075,0.0,0.524,0.075,0.09500000000000022,0.8979999999999998,31.799999999999994,35.2,1,3.0,5.0,0.6620000000000005,5.871000000000001,0
2024-11-03,31.8,23.3,28.3,0.13,0.0,0.909,0.13,0.20900000000000024,1.0279999999999998,31.299999999999994,32.17142857142857,0,2.0,5.0,1.4610000000000005,6.780000000000001,0
2024-11-04,32.3,17.7,23.7,0.0,0.0,0.0,0.0,0.20500000000000024,0.6659999999999998,28.666666666666657,29.085714285714285,1,2.0,6.0,1.4330000000000005,4.630000000000001,1
2024-11-05,31.2,18.9,26.1,0.244,0.004,1.681,0.244,0.3740000000000002,0.46899999999999975,26.03333333333332,28.357142857142858,0,1.0,5.0,2.5900000000000007,3.252000000000001,0
2024-11-06,28.3,15.6,20.4,0.0,0.0,0.0,0.0,0.24400000000000022,0.46899999999999975,23.39999999999999,27.7,0,1.0,4.0,1.6810000000000005,3.252000000000001,1
2024-11-07,34.4,14.9,23.0,0.0,0.0,0.0,0.0,0.24400000000000022,0.45299999999999974,23.166666666666657,26.728571428571428,1,1.0,4.0,1.6810000000000005,3.1420000000000012,2
2024-11-08,38.2,20.2,28.6,0.0,0.0,0.0,0.0,0.0,0.44899999999999973,23.99999999999999,26.3,1,2.0,4.0,0.0,3.114000000000001,3
2024-11-09,40.5,24.2,31.5,0.0,0.0,0.0,0.0,0.0,0.3739999999999998,27.69999999999999,25.942857142857143,1,3.0,4.0,0.0,2.590000000000001,4
2024-11-10,47.6,26.4,35.4,0.0,0.0,0.0,0.0,0.0,0.24399999999999977,31.833333333333325,26.957142857142856,1,3.0,5.0,0.0,1.681000000000001,5
2024-11-11,48.0,31.8,37.6,0.0,0.0,0.0,0.0,0.0,0.24399999999999977,34.83333333333332,28.942857142857143,1,3.0,5.0,0.0,1.681000000000001,6
2024-11-12,34.8,22.4,29.9,0.268,0.0,1.874,0.268,0.26800000000000024,0.2679999999999998,34.29999999999999,29.485714285714288,1,3.0,6.0,1.8740000000000006,1.874000000000001,0
2024-11-13,44.1,19.3,29.8,0.0,0.0,0.0,0.0,0.26800000000000024,0.2679999999999998,32.43333333333332,30.82857142857143,1,3.0,7.0,1.8740000000000006,1.874000000000001,1
2024-11-14,43.2,28.2,33.6,0.0,0.0,0.0,0.0,0.26800000000000024,0.2679999999999998,31.099999999999994,32.34285714285714,1,3.0,7.0,1.8740000000000006,1.874000000000001,2
2024-11-15,39.3,23.6,29.5,0.071,0.0,0.496,0.071,0.07100000000000022,0.3389999999999998,30.966666666666658,32.471428571428575,1,3.0,7.0,0.49600000000000044,2.370000000000001,0
2024-11-16,28.7,15.5,24.5,0.126,0.0,0.882,0.126,0.19700000000000023,0.4649999999999998,29.199999999999992,31.47142857142857,0,2.0,6.0,1.3780000000000006,3.252000000000001,0
2024-11-17,36.0,13.6,23.5,0.0,0.0,0.0,0.0,0.19700000000000023,0.4649999999999998,25.833333333333325,29.771428571428572,1,2.0,6.0,1.3780000000000006,3.252000000000001,1
2024-11-18,31.4,12.1,24.5,0.102,0.0,0.717,0.102,0.2280000000000002,0.5669999999999998,24.166666666666657,27.900000000000002,0,1.0,5.0,1.5990000000000004,3.969000000000001,0
2024-11-19,23.9,11.9,16.1,0.004,0.0,0.028,0.004,0.10600000000000022,0.30299999999999977,21.366666666666656,25.928571428571427,0,1.0,4.0,0.7450000000000004,2.1230000000000007,1
2024-11-20,41.1,15.1,27.3,0.0,0.0,0.0,0.0,0.10600000000000022,0.30299999999999977,22.633333333333326,25.571428571428573,1,1.0,4.0,0.7450000000000004,2.1230000000000007,2
2024-11-21,46.3,28.3,35.3,0.0,0.0,0.0,0.0,0.004000000000000222,0.30299999999999977,26.233333333333324,25.814285714285713,1,2.0,4.0,0.028000000000000445,2.1230000000000007,3
2024-11-22,48.2,30.6,36.8,0.0,0.0,0.0,0.0,0.0,0.23199999999999976,33.133333333333326,26.857142857142858,1,3.0,4.0,0.0,1.627000000000001,4
2024-11-23,41.7,32.5,37.3,0.0,0.0,0.0,0.0,0.0,0.10599999999999977,36.46666666666666,28.685714285714287,0,2.0,4.0,0.0,0.7450000000000009,5
2024-11-24,33.0,12.3,25.6,0.303,0.0,2.122,0.303,0.3030000000000002,0.40899999999999975,33.23333333333333,28.985714285714288,1,2.0,4.0,2.1220000000000003,2.867000000000001,0
2024-11-25,35.8,11.8,23.2,0.039,0.0,0.276,0.039,0.3420000000000002,0.34599999999999975,28.699999999999992,28.8,1,2.0,5.0,2.3980000000000006,2.426000000000001,0
2024-11-26,33.9,25.7,30.5,0.657,0.0,4.602,0.657,0.9990000000000002,0.9989999999999998,26.433333333333326,30.857142857142858,1,3.0,6.0,7.000000000000001,7.000000000000002,0
2024-11-27,30.5,9.1,23.2,0.012,0.0,0.083,0.012,0.7080000000000002,1.0109999999999997,25.633333333333326,30.27142857142857,0,2.0,5.0,4.961000000000001,7.083000000000002,0
2024-11-28,31.4,10.7,18.7,0.0,0.0,0.0,0.0,0.6690000000000003,1.0109999999999997,24.133333333333326,27.9,0,1.0,4.0,4.685000000000001,7.083000000000002,1
2024-11-29,38.3,15.4,23.6,0.0,0.0,0.0,0.0,0.012000000000000222,1.0109999999999997,21.833333333333325,26.014285714285712,1,1.0,4.0,0.08300000000000089,7.083000000000002,2
2024-11-30,43.6,15.9,26.5,0.0,0.0,0.0,0.0,0.0,1.0109999999999997,22.933333333333326,24.47142857142857,1,2.0,5.0,0.0,7.083000000000002,3
2024-12-01,44.9,21.3,31.0,0.0,0.0,0.0,0.0,0.0,0.7079999999999999,27.033333333333328,25.24285714285714,1,3.0,5.0,0.0,4.961000000000002,4
2024-12-02,45.9,26.9,34.3,0.0,0.0,0.0,0.0,0.0,0.6689999999999998,30.599999999999994,26.82857142857143,1,3.0,5.0,0.0,4.685000000000002,5
2024-12-03,48.2,29.5,36.0,0.0,0.0,0.0,0.0,0.0,0.011999999999999778,33.76666666666666,27.614285714285717,1,3.0,5.0,0.0,0.08300000000000178,6
2024-12-04,44.2,28.0,33.5,0.0,0.0,0.0,0.0,0.0,0.0,34.599999999999994,29.08571428571429,1,3.0,6.0,0.0,0.0,7
2024-12-05,42.9,25.0,32.0,0.0,0.0,0.0,0.0,0.0,0.0,33.83333333333333,30.985714285714284,1,3.0,7.0,0.0,0.0,8
2024-12-06,41.9,22.3,30.4,0.0,0.0,0.0,0.0,0.0,0.0,31.966666666666658,31.957142857142856,1,3.0,7.0,0.0,0.0,9
2024-12-07,42.4,22.7,30.6,0.0,0.0,0.0,0.0,0.0,0.0,30.999999999999996,32.542857142857144,1,3.0,7.0,0.0,0.0,10
2024-12-08,38.7,24.5,30.4,0.004,0.0,0.028,0.004,0.004000000000000222,0.003999999999999778,30.466666666666658,32.457142857142856,1,3.0,7.0,0.02800000000000089,0.028000000000001777,11
2024-12-09,24.4,12.5,18.7,0.028,0.0,0.22,0.028,0.03200000000000022,0.03199999999999978,26.566666666666663,30.228571428571428,0,2.0,6.0,0.2480000000000009,0.24800000000000177,0
2024-12-10,29.5,11.8,17.7,0.0,0.0,0.0,0.0,0.03200000000000022,0.03199999999999978,22.266666666666662,27.614285714285717,0,1.0,5.0,0.2480000000000009,0.24800000000000177,1
2024-12-11,39.6,14.8,25.6,0.0,0.0,0.0,0.0,0.028000000000000223,0.03199999999999978,20.66666666666666,26.485714285714288,1,1.0,5.0,0.2200000000000009,0.24800000000000177,2
2024-12-12,41.4,23.3,29.3,0.0,0.0,0.0,0.0,0.0,0.03199999999999978,24.199999999999992,26.099999999999998,1,2.0,5.0,0.0,0.24800000000000177,3
2024-12-13,31.1,18.0,23.6,0.15,0.0,1.047,0.15,0.15000000000000022,0.18199999999999977,26.16666666666666,25.12857142857143,0,2.0,4.0,1.0470000000000008,1.2950000000000017,0
2024-12-14,37.2,17.4,27.9,0.059,0.0,0.413,0.059,0.2090000000000002,0.24099999999999977,26.933333333333326,24.742857142857144,1,2.0,4.0,1.4600000000000009,1.7080000000000017,0
2024-12-15,29.6,12.6,22.7,0.083,0.0,0.579,0.083,0.2920000000000002,0.3199999999999998,24.73333333333333,23.642857142857142,0,1.0,3.0,2.0390000000000006,2.2590000000000017,0
2024-12-16,43.1,17.7,29.8,0.012,0.0,0.083,0.012,0.15400000000000022,0.3039999999999998,26.799999999999994,25.228571428571428,1,2.0,4.0,1.0750000000000008,2.1220000000000017,0
2024-12-17,33.2,17.9,28.0,0.024,0.004,0.138,0.024,0.11900000000000023,0.3279999999999998,26.83333333333333,26.7,1,2.0,5.0,0.8000000000000009,2.2600000000000016,0
2024-12-18,47.5,21.5,31.5,0.0,0.0,0.0,0.0,0.036000000000000226,0.32799999999999974,29.766666666666662,27.542857142857144,1,3.0,5.0,0.22100000000000092,2.2600000000000016,1
2024-12-19,47.6,24.6,33.8,0.0,0.0,0.0,0.0,0.024000000000000223,0.32799999999999974,31.099999999999994,28.185714285714287,1,3.0,5.0,0.1380000000000009,2.2600000000000016,2
2024-12-20,48.9,30.5,37.2,0.0,0.0,0.0,0.0,0.0,0.17799999999999977,34.166666666666664,30.12857142857143,1,3.0,6.0,0.0,1.2130000000000019,3
2024-12-21,47.0,31.6,36.6,0.0,0.0,0.0,0.0,0.0,0.11899999999999979,35.86666666666667,31.37142857142857,1,3.0,6.0,0.0,0.8000000000000018,4
2024-12-22,43.2,32.3,36.7,0.016,0.0,0.11,0.016,0.016000000000000222,0.05199999999999978,36.833333333333336,33.371428571428574,0,2.0,6.0,0.11000000000000089,0.3310000000000018,0
2024-12-23,38.5,23.3,31.6,0.012,0.0,0.083,0.012,0.028000000000000223,0.05199999999999978,34.96666666666666,33.628571428571426,1,2.0,6.0,0.1930000000000009,0.3310000000000018,0
2024-12-24,42.4,21.5,30.6,0.028,0.0,0.193,0.028,0.05600000000000022,0.05599999999999978,32.96666666666666,34.0,1,2.0,6.0,0.3860000000000009,0.3860000000000018,0
2024-12-25,32.0,19.5,28.4,0.201,0.0,1.406,0.201,0.24100000000000024,0.2569999999999998,30.2,33.55714285714286,0,2.0,5.0,1.6820000000000008,1.7920000000000016,0
2024-12-26,35.9,15.7,24.8,0.205,0.0,1.433,0.205,0.4340000000000002,0.46199999999999974,27.933333333333326,32.27142857142858,1,2.0,5.0,3.032000000000001,3.225000000000002,0
2024-12-27,33.3,19.2,26.6,0.74,0.004,5.154,0.74,1.1460000000000004,1.2019999999999997,26.599999999999994,30.75714285714286,1,2.0,5.0,7.993,8.379000000000001,0
2024-12-28,38.2,25.8,31.9,0.543,0.004,3.776,0.543,1.4880000000000002,1.7449999999999997,27.766666666666662,30.08571428571429,1,3.0,5.0,10.363,12.155000000000001,0
2024-12-29,43.2,28.0,34.5,0.26,0.0,1.819,0.26,1.5430000000000004,1.9889999999999999,30.999999999999996,29.77142857142857,1,3.0,6.0,10.749,13.864,0
2024-12-30,28.8,9.8,20.5,0.173,0.0,1.213,0.173,0.9760000000000002,2.15,28.966666666666658,28.185714285714287,0,2.0,5.0,6.808000000000001,14.994000000000002,0
2024-12-31,24.1,5.8,12.5,0.0,0.0,0.0,0.0,0.4330000000000002,2.122,22.499999999999996,25.599999999999998,0,1.0,4.0,3.032000000000001,14.801000000000002,1
2025-01-01,33.1,5.8,21.0,0.13,0.0,0.909,0.13,0.3030000000000002,2.0509999999999997,17.999999999999996,24.542857142857144,1,1.0,5.0,2.1220000000000008,14.304000000000002,0
2025-01-02,41.6,28.1,32.8,0.248,0.008,1.681,0.248,0.3780000000000002,2.094,22.099999999999994,25.685714285714283,1,2.0,5.0,2.5900000000000007,14.552000000000001,0
2025-01-03,46.1,27.6,34.4,0.0,0.0,0.0,0.0,0.3780000000000002,1.3539999999999999,29.399999999999995,26.8,1,3.0,5.0,2.5900000000000007,9.398000000000001,1
2025-01-04,32.1,14.0,25.5,0.531,0.0,3.72,0.531,0.7790000000000002,1.3419999999999996,30.899999999999995,25.885714285714283,1,3.0,5.0,5.401000000000002,9.342000000000002,0
2025-01-05,29.3,13.5,21.6,0.012,0.0,0.083,0.012,0.5430000000000003,1.0939999999999996,27.16666666666666,24.04285714285714,0,2.0,4.0,3.8030000000000017,7.6060000000000025,0
2025-01-06,31.6,19.9,25.3,0.039,0.008,0.22,0.039,0.5820000000000003,0.9599999999999997,24.13333333333333,24.72857142857143,0,1.0,4.0,4.0230000000000015,6.613000000000002,0
2025-01-07,26.0,8.2,18.7,0.0,0.0,0.0,0.0,0.051000000000000226,0.9599999999999997,21.866666666666664,25.614285714285717,0,0.0,4.0,0.3030000000000013,6.613000000000002,1
2025-01-08,31.7,6.0,16.8,0.0,0.0,0.0,0.0,0.03900000000000023,0.8299999999999998,20.266666666666662,25.014285714285716,0,0.0,3.0,0.2200000000000013,5.704000000000002,2
2025-01-09,26.7,12.9,18.5,0.0,0.0,0.0,0.0,0.0,0.5819999999999999,17.999999999999996,22.97142857142857,0,0.0,2.0,0.0,4.023000000000002,3
2025-01-10,34.4,10.2,21.9,0.035,0.0,0.248,0.035,0.035000000000000225,0.6169999999999998,19.066666666666663,21.185714285714283,1,1.0,2.0,0.24800000000000133,4.271000000000003,0
2025-01-11,27.7,9.4,21.4,0.319,0.0,2.232,0.319,0.3540000000000002,0.4049999999999997,20.599999999999994,20.599999999999998,0,1.0,1.0,2.4800000000000013,2.783000000000002,0
2025-01-12,23.8,9.5,16.1,0.004,0.0,0.028,0.004,0.35800000000000026,0.3969999999999997,19.799999999999997,19.814285714285713,0,1.0,1.0,2.5080000000000013,2.728000000000002,1
2025-01-13,22.2,3.6,11.9,0.0,0.0,0.0,0.0,0.3230000000000003,0.3579999999999997,16.46666666666666,17.9,0,0.0,1.0,2.2600000000000016,2.5080000000000022,2
2025-01-14,27.7,4.0,13.8,0.0,0.0,0.0,0.0,0.004000000000000222,0.3579999999999997,13.93333333333333,17.2,0,0.0,1.0,0.028000000000001333,2.5080000000000022,3
2025-01-15,35.9,9.3,21.7,0.0,0.0,0.0,0.0,0.0,0.3579999999999997,15.799999999999995,17.900000000000002,1,1.0,2.0,0.0,2.5080000000000022,4
2025-01-16,43.5,17.3,27.9,0.0,0.0,0.0,0.0,0.0,0.3579999999999997,21.13333333333333,19.24285714285714,1,2.0,3.0,0.0,2.5080000000000022,5
2025-01-17,33.6,16.4,23.0,0.051,0.004,0.331,0.051,0.05100000000000022,0.37399999999999967,24.199999999999992,19.400000000000002,1,3.0,3.0,0.33100000000000135,2.591000000000002,0
2025-01-18,18.7,0.5,11.9,0.173,0.0,1.213,0.173,0.2240000000000002,0.22799999999999965,20.933333333333326,18.042857142857144,0,2.0,3.0,1.5440000000000014,1.5720000000000018,0
2025-01-19,20.1,2.8,10.6,0.02,0.0,0.138,0.02,0.2440000000000002,0.24399999999999963,15.166666666666663,17.257142857142856,0,1.0,3.0,1.6820000000000013,1.6820000000000017,0
2025-01-20,12.7,-7.8,3.5,0.008,0.0,0.055,0.008,0.2010000000000002,0.25199999999999967,8.666666666666663,16.057142857142857,0,0.0,3.0,1.4060000000000015,1.7370000000000019,1
2025-01-21,32.4,-4.3,13.9,0.0,0.0,0.0,0.0,0.028000000000000223,0.25199999999999967,9.333333333333329,16.071428571428573,1,1.0,4.0,0.19300000000000134,1.7370000000000019,2
2025-01-22,22.4,3.5,13.2,0.0,0.0,0.0,0.0,0.008000000000000222,0.25199999999999967,10.199999999999994,14.857142857142858,0,1.0,3.0,0.05500000000000133,1.7370000000000019,3
2025-01-23,26.6,5.8,13.7,0.0,0.0,0.0,0.0,0.0,0.25199999999999967,13.599999999999994,12.828571428571427,0,1.0,2.0,0.0,1.7370000000000019,4
2025-01-24,35.2,10.7,22.9,0.035,0.0,0.248,0.035,0.035000000000000225,0.23599999999999965,16.599999999999994,12.814285714285713,1,1.0,2.0,0.24800000000000133,1.654000000000002,0
2025-01-25,23.9,12.5,19.5,0.327,0.0,2.287,0.327,0.3620000000000002,0.3899999999999997,18.699999999999992,13.899999999999997,0,1.0,2.0,2.535000000000001,2.7280000000000015,0
2025-01-26,28.7,7.6,16.6,0.028,0.0,0.193,0.028,0.3900000000000003,0.3979999999999997,19.66666666666666,14.757142857142856,0,1.0,2.0,2.728000000000001,2.7830000000000017,0
2025-01-27,35.7,9.7,19.3,0.0,0.0,0.0,0.0,0.3550000000000003,0.3899999999999997,18.466666666666665,17.014285714285712,1,1.0,3.0,2.4800000000000013,2.7280000000000015,1
2025-01-28,35.2,9.3,19.4,0.0,0.0,0.0,0.0,0.028000000000000223,0.3899999999999997,18.433333333333326,17.8,1,2.0,3.0,0.19300000000000134,2.7280000000000015,2
2025-01-29,38.9,14.1,23.2,0.0,0.0,0.0,0.0,0.0,0.3899999999999997,20.63333333333333,19.228571428571428,1,3.0,4.0,0.0,2.7280000000000015,3
2025-01-30,38.6,11.5,21.8,0.0,0.0,0.0,0.0,0.0,0.3899999999999997,21.466666666666658,20.385714285714283,1,3.0,5.0,0.0,2.7280000000000015,4
2025-01-31,44.1,14.6,28.0,0.031,0.0,0.22,0.031,0.031000000000000222,0.3859999999999997,24.33333333333333,21.11428571428571,1,3.0,5.0,0.22000000000000133,2.7000000000000015,0
2025-02-01,34.7,29.6,32.0,0.441,0.0,3.114,0.441,0.4720000000000002,0.49999999999999967,27.266666666666662,22.900000000000002,1,3.0,6.0,3.3340000000000014,3.5270000000000015,0
2025-02-02,41.1,33.8,37.5,0.02,0.0,0.138,0.02,0.49200000000000027,0.49199999999999966,32.49999999999999,25.885714285714283,0,2.0,6.0,3.4720000000000013,3.4720000000000013,0
2025-02-03,49.2,32.9,39.3,0.0,0.0,0.0,0.0,0.4610000000000003,0.49199999999999966,36.26666666666666,28.74285714285714,0,1.0,5.0,3.252000000000001,3.4720000000000013,1
2025-02-04,49.7,34.8,40.5,0.008,0.004,0.028,0.008,0.028000000000000223,0.49999999999999967,39.099999999999994,31.75714285714286,0,0.0,4.0,0.16600000000000134,3.5000000000000013,2
2025-02-05,43.2,25.4,35.2,0.067,0.004,0.441,0.067,0.07500000000000023,0.5669999999999996,38.33333333333333,33.471428571428575,1,1.0,4.0,0.4690000000000013,3.9410000000000016,0
2025-02-06,42.6,22.5,31.9,0.0,0.0,0.0,0.0,0.07500000000000023,0.5669999999999996,35.86666666666667,34.91428571428572,1,2.0,4.0,0.46900000000000136,3.9410000000000016,1
2025-02-07,38.6,20.0,31.3,0.768,0.016,5.264,0.768,0.8350000000000002,1.3039999999999996,32.8,35.385714285714286,1,3.0,4.0,5.705000000000002,8.985000000000003,0
2025-02-08,23.4,14.0,18.8,0.087,0.0,0.606,0.087,0.8550000000000002,0.9499999999999996,27.33333333333333,33.5,0,2.0,3.0,5.870000000000002,6.477000000000002,0
2025-02-09,30.9,8.8,16.6,0.0,0.0,0.0,0.0,0.8550000000000002,0.9299999999999996,22.23333333333333,30.514285714285712,0,1.0,3.0,5.870000000000002,6.339000000000002,1
2025-02-10,31.5,7.2,17.0,0.0,0.0,0.0,0.0,0.08700000000000022,0.9299999999999996,17.466666666666665,27.32857142857143,0,0.0,3.0,0.6060000000000018,6.339000000000002,2
2025-02-11,22.8,-1.8,12.0,0.055,0.004,0.358,0.055,0.05500000000000022,0.9769999999999996,15.199999999999996,23.25714285714286,0,0.0,3.0,0.35800000000000176,6.669000000000002,0
2025-02-12,15.5,-5.6,3.2,0.0,0.0,0.0,0.0,0.05500000000000022,0.9099999999999997,10.733333333333329,18.685714285714287,0,0.0,2.0,0.35800000000000176,6.2280000000000015,1
2025-02-13,27.5,3.1,16.7,0.709,0.0,4.961,0.709,0.7640000000000002,1.6189999999999998,10.633333333333328,16.514285714285712,0,0.0,1.0,5.319000000000002,11.189000000000002,0
2025-02-14,37.2,26.7,30.8,0.421,0.008,2.894,0.421,1.1300000000000001,1.2719999999999996,16.899999999999995,16.442857142857143,1,1.0,1.0,7.855000000000002,8.819000000000003,0
2025-02-15,26.0,12.6,21.5,0.228,0.004,1.571,0.228,1.358,1.4129999999999996,22.999999999999996,16.82857142857143,0,1.0,1.0,9.426000000000002,9.784000000000002,0
2025-02-16,32.8,16.3,26.3,0.224,0.0,1.571,0.224,0.8730000000000002,1.6369999999999996,26.2,18.214285714285715,1,2.0,2.0,6.036000000000001,11.355000000000002,0
2025-02-17,35.3,20.6,27.4,0.098,0.0,0.689,0.098,0.5500000000000003,1.7349999999999997,25.066666666666663,19.699999999999996,1,2.0,3.0,3.8310000000000017,12.044000000000002,0
2025-02-18,30.0,16.1,22.8,0.035,0.004,0.22,0.035,0.35700000000000026,1.7149999999999999,25.499999999999996,21.24285714285714,0,2.0,3.0,2.4800000000000013,11.906,0
2025-02-19,36.8,15.9,24.9,0.016,0.004,0.083,0.016,0.14900000000000024,1.7309999999999997,25.033333333333328,24.342857142857145,1,2.0,4.0,0.9920000000000018,11.989,0
2025-02-20,31.3,24.5,27.4,0.228,0.004,1.571,0.228,0.27900000000000025,1.2499999999999996,25.033333333333328,25.87142857142857,0,1.0,4.0,1.8740000000000019,8.599,0
2025-02-21,36.2,15.6,24.6,0.0,0.0,0.0,0.0,0.24400000000000022,0.8289999999999996,25.63333333333333,24.985714285714288,1,2.0,4.0,1.6540000000000017,5.705000000000001,1
2025-02-22,41.9,13.4,25.2,0.0,0.0,0.0,0.0,0.2280000000000002,0.6009999999999996,25.73333333333333,25.514285714285712,1,2.0,5.0,1.5710000000000017,4.134000000000001,2
2025-02-23,45.8,21.0,32.9,0.0,0.0,0.0,0.0,0.0,0.37699999999999967,27.566666666666663,26.457142857142856,1,3.0,5.0,0.0,2.5630000000000006,3
2025-02-24,50.4,31.8,39.6,0.0,0.0,0.0,0.0,0.0,0.2789999999999997,32.56666666666666,28.2,1,3.0,5.0,0.0,1.8740000000000008,4
2025-02-25,42.5,19.5,33.4,0.004,0.0,0.028,0.004,0.004000000000000222,0.24799999999999967,35.3,29.714285714285715,1,3.0,6.0,0.028000000000001777,1.6820000000000008,5
2025-02-26,35.5,17.0,24.3,0.0,0.0,0.0,0.0,0.004000000000000222,0.23199999999999965,32.43333333333333,29.62857142857143,1,3.0,6.0,0.028000000000001777,1.5990000000000009,6
2025-02-27,47.5,16.1,30.1,0.0,0.0,0.0,0.0,0.004000000000000222,0.003999999999999667,29.266666666666662,30.014285714285712,1,3.0,7.0,0.028000000000001777,0.02800000000000089,7
2025-02-28,51.0,23.7,35.9,0.0,0.0,0.0,0.0,0.0,0.003999999999999667,30.099999999999994,31.628571428571426,1,3.0,7.0,0.0,0.02800000000000089,8
2025-03-01,53.4,24.1,37.3,0.0,0.0,0.0,0.0,0.0,0.003999999999999667,34.43333333333333,33.357142857142854,1,3.0,7.0,0.0,0.02800000000000089,9
2025-03-02,49.0,28.9,38.0,0.028,0.0,0.193,0.028,0.028000000000000223,0.03199999999999967,37.06666666666666,34.08571428571428,1,3.0,7.0,0.19300000000000178,0.2210000000000009,0
2025-03-03,33.4,21.5,27.6,0.142,0.0,0.992,0.142,0.1700000000000002,0.17399999999999965,34.3,32.371428571428574,1,3.0,7.0,1.1850000000000018,1.213000000000001,0
2025-03-04,37.7,21.6,29.5,0.142,0.008,0.937,0.142,0.31200000000000017,0.3119999999999996,31.7,31.814285714285713,1,3.0,7.0,2.1220000000000017,2.1220000000000008,0
2025-03-05,40.9,22.1,29.7,0.394,0.0,2.756,0.394,0.6780000000000002,0.7059999999999996,28.933333333333334,32.58571428571428,1,3.0,7.0,4.685000000000002,4.878,0
2025-03-06,34.3,23.3,30.8,1.346,0.0,9.425,1.346,1.8820000000000003,2.0519999999999996,30.0,32.68571428571428,1,3.0,7.0,13.118000000000002,14.303,0
2025-03-07,29.2,20.9,25.3,0.114,0.004,0.772,0.114,1.8540000000000003,2.1659999999999995,28.599999999999998,31.17142857142857,0,2.0,6.0,12.953000000000003,15.075000000000001,0
2025-03-08,40.2,17.0,26.0,0.0,0.0,0.0,0.0,1.4600000000000004,2.1659999999999995,27.366666666666664,29.557142857142857,1,2.0,6.0,10.197000000000003,15.075000000000001,1
2025-03-09,49.8,18.8,31.9,0.0,0.0,0.0,0.0,0.11400000000000023,2.1379999999999995,27.73333333333333,28.685714285714287,1,2.0,6.0,0.7720000000000018,14.882000000000001,2
2025-03-10,48.1,23.6,34.2,0.0,0.0,0.0,0.0,0.0,1.9959999999999998,30.7,29.62857142857143,1,3.0,6.0,0.0,13.89,3
2025-03-11,46.3,21.5,33.3,0.0,0.0,0.0,0.0,0.0,1.8539999999999996,33.13333333333333,30.17142857142857,1,3.0,6.0,0.0,12.953000000000001,4
2025-03-12,43.1,20.9,32.5,0.0,0.0,0.0,0.0,0.0,1.4599999999999997,33.33333333333333,30.571428571428573,1,3.0,6.0,0.0,10.197000000000001,5
2025-03-13,40.7,26.5,33.0,0.374,0.0,2.618,0.374,0.3740000000000002,0.48799999999999955,32.93333333333333,30.885714285714283,1,3.0,6.0,2.6180000000000017,3.3899999999999997,0
2025-03-14,30.6,19.5,24.8,0.142,0.004,0.965,0.142,0.5160000000000002,0.5159999999999996,30.099999999999994,30.814285714285713,0,2.0,6.0,3.5830000000000015,3.5829999999999993,0
2025-03-15,29.5,16.6,23.0,0.272,0.0,1.902,0.272,0.7880000000000003,0.7879999999999996,26.933333333333326,30.385714285714283,0,1.0,5.0,5.485000000000001,5.484999999999999,0
2025-03-16,42.5,14.9,29.6,0.0,0.0,0.0,0.0,0.41400000000000026,0.7879999999999996,25.799999999999997,30.057142857142853,1,1.0,5.0,2.8670000000000018,5.484999999999999,1
2025-03-17,45.6,30.0,36.6,0.004,0.0,0.028,0.004,0.27600000000000025,0.7919999999999996,29.73333333333333,30.400000000000002,1,2.0,5.0,1.930000000000002,5.512999999999999,2
2025-03-18,32.5,16.2,24.4,0.591,0.0,4.134,0.591,0.5950000000000002,1.3829999999999996,30.2,29.128571428571426,1,3.0,5.0,4.162000000000003,9.646999999999998,0
2025-03-19,33.0,8.9,21.2,0.0,0.0,0.0,0.0,0.5950000000000002,1.3829999999999996,27.39999999999999,27.514285714285712,1,3.0,5.0,4.162000000000003,9.646999999999998,1
2025-03-20,38.7,17.0,26.0,0.0,0.0,0.0,0.0,0.5910000000000002,1.0089999999999995,23.86666666666666,26.514285714285716,1,3.0,5.0,4.134000000000003,7.029,2
2025-03-21,40.4,18.2,29.3,0.079,0.0,0.551,0.079,0.07900000000000022,0.9459999999999995,25.499999999999996,27.157142857142855,1,3.0,6.0,0.5510000000000027,6.615,0
2025-03-22,41.3,27.9,34.1,0.201,0.004,1.378,0.201,0.28000000000000025,0.8749999999999996,29.799999999999994,28.74285714285714,1,3.0,7.0,1.9290000000000025,6.090999999999999,0
2025-03-23,45.8,24.7,34.1,0.0,0.0,0.0,0.0,0.28000000000000025,0.8749999999999996,32.49999999999999,29.38571428571429,1,3.0,7.0,1.9290000000000027,6.090999999999999,1
2025-03-24,51.7,31.1,39.9,0.0,0.0,0.0,0.0,0.20100000000000023,0.8709999999999996,36.03333333333333,29.857142857142858,1,3.0,7.0,1.3780000000000028,6.063000000000001,2
2025-03-25,54.9,32.8,42.4,0.0,0.0,0.0,0.0,0.0,0.2799999999999996,38.8,32.42857142857143,0,2.0,6.0,0.0,1.9289999999999998,3
2025-03-26,60.6,36.1,46.1,0.0,0.0,0.0,0.0,0.0,0.2799999999999996,42.79999999999999,35.98571428571428,0,1.0,5.0,0.0,1.9289999999999998,4
2025-03-27,58.6,34.5,45.6,0.0,0.0,0.0,0.0,0.0,0.2799999999999996,44.69999999999999,38.785714285714285,0,0.0,4.0,0.0,1.9289999999999998,5
2025-03-28,49.4,31.4,39.5,0.157,0.016,0.992,0.157,0.15700000000000022,0.35799999999999954,43.73333333333333,40.24285714285714,1,1.0,4.0,0.9920000000000027,2.3699999999999997,0
2025-03-29,42.9,30.0,34.8,0.287,0.004,1.984,0.287,0.4440000000000002,0.44399999999999956,39.96666666666666,40.34285714285714,1,2.0,4.0,2.9760000000000026,2.976,0
2025-03-30,42.2,23.5,32.5,0.071,0.004,0.496,0.071,0.5150000000000002,0.5149999999999996,35.599999999999994,40.114285714285714,1,3.0,4.0,3.4720000000000026,3.472,0
2025-03-31,44.7,27.3,35.0,0.654,0.004,4.547,0.654,1.0120000000000002,1.1689999999999996,34.099999999999994,39.41428571428572,1,3.0,4.0,7.027000000000003,8.019,0
2025-04-01,28.6,12.6,24.1,0.268,0.0,1.874,0.268,0.9930000000000003,1.4369999999999996,30.53333333333333,36.800000000000004,0,2.0,4.0,6.917000000000002,9.892999999999999,0
2025-04-02,35.1,11.8,21.4,0.157,0.0,1.102,0.157,1.0790000000000004,1.5939999999999996,26.83333333333333,33.271428571428565,1,2.0,5.0,7.5230000000000015,10.995,0
2025-04-03,35.7,14.7,24.2,0.106,0.0,0.744,0.106,0.5310000000000004,1.6999999999999995,23.23333333333333,30.214285714285715,1,2.0,6.0,3.720000000000003,11.738999999999999,0
2025-04-04,36.0,15.1,25.5,0.016,0.0,0.11,0.016,0.27900000000000036,1.5589999999999995,23.699999999999992,28.214285714285715,1,3.0,6.0,1.9560000000000028,10.857000000000001,0
2025-04-05,39.8,16.6,27.3,0.0,0.0,0.0,0.0,0.12200000000000033,1.2719999999999996,25.66666666666666,27.142857142857142,1,3.0,6.0,0.8540000000000026,8.873000000000001,1
2025-04-06,47.2,20.0,32.7,0.0,0.0,0.0,0.0,0.016000000000000333,1.2009999999999996,28.499999999999996,27.171428571428574,1,3.0,6.0,0.11000000000000267,8.377,2
2025-04-07,53.6,26.0,39.2,0.0,0.0,0.0,0.0,0.0,0.5469999999999997,33.06666666666666,27.771428571428572,1,3.0,6.0,0.0,3.829999999999999,3
2025-04-08,52.1,31.4,41.3,0.0,0.0,0.0,0.0,0.0,0.2789999999999997,37.73333333333333,30.22857142857143,1,3.0,7.0,0.0,1.9559999999999993,4
2025-04-09,54.8,30.4,41.7,0.0,0.0,0.0,0.0,0.0,0.12199999999999966,40.73333333333333,33.128571428571426,1,3.0,7.0,0.0,0.8539999999999991,5
2025-04-10,61.5,33.3,46.4,0.0,0.0,0.0,0.0,0.0,0.015999999999999667,43.133333333333326,36.3,0,2.0,6.0,0.0,0.10999999999999911,6
2025-04-11,63.9,41.1,50.7,0.0,0.0,0.0,0.0,0.0,0.0,46.26666666666666,39.9,0,1.0,5.0,0.0,0.0,7
2025-04-12,60.0,38.0,46.9,0.004,0.004,0.0,0.004,0.004000000000000333,0.003999999999999667,48.0,42.7,0,0.0,4.0,0.0,0.0,8
2025-04-13,48.7,25.7,39.2,0.035,0.012,0.165,0.035,0.03900000000000034,0.038999999999999674,45.599999999999994,43.62857142857143,1,1.0,4.0,0.16500000000000267,0.16499999999999912,0
2025-04-14,54.1,22.8,38.3,0.0,0.0,0.0,0.0,0.03900000000000034,0.038999999999999674,41.46666666666666,43.5,1,2.0,4.0,0.16500000000000267,0.16499999999999912,1
2025-04-15,57.6,34.1,44.9,0.0,0.0,0.0,0.0,0.035000000000000336,0.038999999999999674,40.79999999999999,44.01428571428572,0,2.0,3.0,0.16500000000000267,0.16499999999999912,2
2025-04-16,55.4,35.4,44.2,0.154,0.13,0.165,0.154,0.15400000000000033,0.19299999999999967,42.46666666666666,44.37142857142857,0,1.0,2.0,0.16500000000000267,0.3299999999999991,0
2025-04-17,39.1,19.6,33.7,0.402,0.047,2.48,0.402,0.5560000000000004,0.5949999999999998,40.93333333333333,42.55714285714286,1,1.0,3.0,2.6450000000000027,2.809999999999999,0
2025-04-18,35.5,16.4,25.7,0.024,0.0,0.165,0.024,0.5800000000000004,0.6189999999999997,34.533333333333324,38.98571428571429,1,2.0,4.0,2.8100000000000027,2.974999999999999,0
2025-04-19,42.7,16.5,28.7,0.0,0.0,0.0,0.0,0.4260000000000004,0.6149999999999997,29.366666666666664,36.385714285714286,1,3.0,5.0,2.6450000000000027,2.974999999999999,1
2025-04-20,46.5,25.8,37.4,0.016,0.0,0.11,0.016,0.040000000000000334,0.5959999999999996,30.599999999999994,36.128571428571426,1,3.0,5.0,0.2750000000000027,2.919999999999999,0
2025-04-21,45.7,31.0,38.6,0.004,0.0,0.028,0.004,0.020000000000000333,0.5999999999999996,34.9,36.17142857142857,1,3.0,5.0,0.13800000000000268,2.947999999999999,1
2025-04-22,49.7,28.9,39.9,0.004,0.004,0.0,0.004,0.024000000000000334,0.6039999999999996,38.63333333333333,35.457142857142856,1,3.0,6.0,0.13800000000000268,2.947999999999999,2
2025-04-23,57.6,36.9,43.3,0.122,0.11,0.083,0.122,0.13000000000000034,0.5719999999999997,40.599999999999994,35.32857142857143,0,2.0,6.0,0.11100000000000267,2.865999999999999,0
2025-04-24,53.6,33.6,42.0,0.303,0.201,0.717,0.303,0.4290000000000003,0.47299999999999964,41.73333333333333,36.51428571428571,0,1.0,5.0,0.8000000000000026,1.102999999999999,0
2025-04-25,57.3,36.9,46.4,0.0,0.0,0.0,0.0,0.4250000000000003,0.4489999999999996,43.9,39.471428571428575,0,0.0,4.0,0.8000000000000026,0.9379999999999991,1
2025-04-26,60.1,35.3,47.8,0.0,0.0,0.0,0.0,0.3030000000000003,0.4489999999999996,45.4,42.199999999999996,0,0.0,3.0,0.7170000000000026,0.9379999999999991,2
2025-04-27,45.3,31.8,38.8,0.012,0.0,0.083,0.012,0.012000000000000333,0.4449999999999997,44.33333333333332,42.4,1,1.0,3.0,0.08300000000000267,0.910999999999999,0
2025-04-28,43.4,28.7,36.0,0.091,0.008,0.579,0.091,0.10300000000000033,0.5319999999999997,40.86666666666665,42.028571428571425,1,2.0,3.0,0.6620000000000026,1.4619999999999989,0
2025-04-29,53.6,32.6,41.9,0.043,0.043,0.0,0.043,0.14600000000000032,0.5709999999999996,38.9,42.31428571428571,0,2.0,2.0,0.6620000000000026,1.4619999999999989,0
2025-04-30,50.9,33.4,40.2,0.236,0.201,0.248,0.236,0.37000000000000033,0.6849999999999996,39.36666666666666,41.871428571428574,0,1.0,2.0,0.8270000000000026,1.626999999999999,0
2025-05-01,54.1,33.2,43.0,0.0,0.0,0.0,0.0,0.27900000000000036,0.3819999999999997,41.699999999999996,42.01428571428572,0,0.0,2.0,0.24800000000000266,0.909999999999999,1
2025-05-02,61.6,35.1,47.9,0.0,0.0,0.0,0.0,0.23600000000000032,0.3819999999999997,43.699999999999996,42.22857142857142,0,0.0,2.0,0.24800000000000266,0.909999999999999,2
2025-05-03,65.7,42.1,52.3,0.0,0.0,0.0,0.0,0.0,0.3819999999999997,47.73333333333333,42.871428571428574,0,0.0,2.0,0.0,0.909999999999999,3
2025-05-04,57.4,41.0,48.1,0.024,0.024,0.0,0.024,0.024000000000000334,0.39399999999999963,49.43333333333333,44.199999999999996,0,0.0,1.0,0.0,0.8269999999999991,0
2025-05-05,49.4,38.1,42.0,0.87,0.811,0.413,0.87,0.8940000000000003,1.1729999999999996,47.46666666666666,45.05714285714286,0,0.0,0.0,0.41300000000000264,0.6609999999999991,0
2025-05-06,53.2,35.4,41.0,0.13,0.106,0.165,0.13,1.0240000000000005,1.2599999999999998,43.699999999999996,44.92857142857143,0,0.0,0.0,0.5780000000000026,0.8259999999999991,0
2025-05-07,58.8,30.6,44.5,0.008,0.008,0.0,0.008,1.0080000000000002,1.0319999999999998,42.49999999999999,45.54285714285714,1,1.0,1.0,0.5780000000000026,0.5779999999999991,1
2025-05-08,63.1,39.8,51.9,0.035,0.035,0.0,0.035,0.17300000000000035,1.0669999999999997,45.79999999999999,46.81428571428571,0,1.0,1.0,0.16500000000000267,0.5779999999999991,0
2025-05-09,68.0,44.9,55.5,0.0,0.0,0.0,0.0,0.04300000000000034,1.0669999999999997,50.633333333333326,47.9,0,1.0,1.0,0.0,0.5779999999999991,1
2025-05-10,69.6,46.7,57.8,0.0,0.0,0.0,0.0,0.035000000000000336,1.0669999999999997,55.06666666666666,48.685714285714276,0,0.0,1.0,0.0,0.5779999999999991,2
2025-05-11,69.3,42.5,55.2,0.047,0.047,0.0,0.047,0.04700000000000033,1.0899999999999999,56.16666666666666,49.7,0,0.0,1.0,0.0,0.5779999999999991,0
2025-05-12,70.3,42.4,56.6,0.0,0.0,0.0,0.0,0.04700000000000033,0.21999999999999967,56.533333333333324,51.785714285714285,0,0.0,1.0,0.0,0.16499999999999912,1
2025-05-13,54.5,31.1,43.0,0.083,0.02,0.441,0.083,0.13000000000000034,0.17299999999999968,51.6,52.07142857142857,1,1.0,2.0,0.44100000000000267,0.4409999999999991,0
2025-05-14,39.6,27.0,33.9,0.252,0.0,1.764,0.252,0.33500000000000035,0.4169999999999997,44.49999999999999,50.557142857142864,1,2.0,2.0,2.2050000000000027,2.204999999999999,0
2025-05-15,46.8,30.0,38.1,0.039,0.02,0.138,0.039,0.37400000000000033,0.4209999999999997,38.33333333333333,48.58571428571428,1,3.0,3.0,2.3430000000000026,2.342999999999999,0
2025-05-16,52.5,33.9,42.2,0.098,0.087,0.083,0.098,0.38900000000000035,0.5189999999999997,38.06666666666666,46.685714285714276,0,2.0,3.0,1.9850000000000028,2.4259999999999993,0
2025-05-17,58.5,37.7,46.4,0.157,0.15,0.055,0.157,0.29400000000000037,0.6759999999999997,42.23333333333333,45.057142857142864,0,1.0,3.0,0.2760000000000027,2.480999999999999,0
2025-05-18,42.3,34.3,39.1,0.516,0.346,1.185,0.516,0.7710000000000004,1.1449999999999996,42.56666666666666,42.75714285714285,0,0.0,3.0,1.3230000000000026,3.6659999999999995,0
2025-05-19,39.4,29.1,34.3,0.012,0.0,0.083,0.012,0.6850000000000003,1.1569999999999996,39.93333333333333,39.57142857142857,1,1.0,4.0,1.3230000000000026,3.748999999999999,0
2025-05-20,54.9,31.5,45.0,0.071,0.071,0.0,0.071,0.5990000000000003,1.1449999999999998,39.46666666666666,39.857142857142854,1,2.0,4.0,1.2680000000000027,3.3079999999999994,0
2025-05-21,59.8,35.2,47.4,0.0,0.0,0.0,0.0,0.08300000000000032,0.8929999999999997,42.23333333333333,41.785714285714285,0,2.0,3.0,0.08300000000000267,1.5439999999999992,1
2025-05-22,69.8,43.1,54.5,0.012,0.012,0.0,0.012,0.08300000000000032,0.8659999999999997,48.96666666666666,44.128571428571426,0,1.0,2.0,0.0,1.4059999999999993,0
2025-05-23,67.2,44.7,55.9,0.079,0.079,0.0,0.079,0.09100000000000033,0.8469999999999998,52.599999999999994,46.08571428571429,0,0.0,2.0,0.0,1.322999999999999,0
2025-05-24,64.5,46.2,53.9,0.228,0.228,0.0,0.228,0.31900000000000034,0.9179999999999997,54.76666666666666,47.15714285714286,0,0.0,2.0,0.0,1.2679999999999991,0
2025-05-25,62.9,45.1,53.0,0.146,0.146,0.0,0.146,0.4530000000000003,0.5479999999999996,54.26666666666666,49.142857142857146,0,0.0,2.0,0.0,0.08299999999999912,0
2025-05-26,67.4,46.5,56.3,0.0,0.0,0.0,0.0,0.37400000000000033,0.5359999999999996,54.4,52.285714285714285,0,0.0,1.0,0.0,0.0,1
2025-05-27,68.9,49.7,57.6,0.287,0.287,0.0,0.287,0.43300000000000033,0.7519999999999997,55.633333333333326,54.08571428571428,0,0.0,0.0,0.0,0.0,0
2025-05-28,69.9,49.9,59.2,0.008,0.008,0.0,0.008,0.2950000000000004,0.7599999999999997,57.69999999999999,55.771428571428565,0,0.0,0.0,0.0,0.0,1
2025-05-29,71.8,52.1,61.3,0.039,0.039,0.0,0.039,0.33400000000000035,0.7869999999999997,59.36666666666667,56.74285714285714,0,0.0,0.0,0.0,0.0,0
2025-05-30,74.9,55.1,64.0,0.004,0.004,0.0,0.004,0.05100000000000034,0.7119999999999997,61.5,57.89999999999999,0,0.0,0.0,0.0,0.0,1
2025-05-31,75.9,54.5,63.9,0.0,0.0,0.0,0.0,0.04300000000000033,0.4839999999999996,63.06666666666666,59.32857142857143,0,0.0,0.0,0.0,0.0,2
2025-06-01,76.8,54.8,64.2,0.031,0.031,0.0,0.031,0.035000000000000336,0.36899999999999966,64.03333333333332,60.92857142857143,0,0.0,0.0,0.0,0.0,0
2025-06-02,68.1,46.1,58.7,0.008,0.008,0.0,0.008,0.03900000000000033,0.37699999999999967,62.26666666666666,61.271428571428565,0,0.0,0.0,0.0,0.0,1
2025-06-03,60.9,40.5,51.3,0.0,0.0,0.0,0.0,0.03900000000000033,0.08999999999999966,58.06666666666666,60.371428571428574,0,0.0,0.0,0.0,0.0,2
2025-06-04,65.2,44.1,53.3,0.122,0.122,0.0,0.122,0.13000000000000034,0.20399999999999965,54.43333333333333,59.528571428571425,0,0.0,0.0,0.0,0.0,0
2025-06-05,65.1,44.4,54.8,0.071,0.071,0.0,0.071,0.19300000000000034,0.23599999999999965,53.133333333333326,58.60000000000001,0,0.0,0.0,0.0,0.0,0
2025-06-06,65.6,48.8,55.9,0.157,0.157,0.0,0.157,0.3500000000000003,0.3889999999999997,54.66666666666666,57.44285714285714,0,0.0,0.0,0.0,0.0,0
2025-06-07,71.0,49.6,60.3,0.004,0.004,0.0,0.004,0.23200000000000032,0.3929999999999996,56.99999999999999,56.92857142857143,0,0.0,0.0,0.0,0.0,1
2025-06-08,74.3,54.0,63.8,0.0,0.0,0.0,0.0,0.1610000000000003,0.3619999999999996,59.99999999999999,56.87142857142857,0,0.0,0.0,0.0,0.0,2
2025-06-09,74.6,52.2,64.1,0.0,0.0,0.0,0.0,0.004000000000000333,0.3539999999999996,62.73333333333332,57.642857142857146,0,0.0,0.0,0.0,0.0,3
2025-06-10,77.0,58.1,65.3,0.126,0.126,0.0,0.126,0.12600000000000033,0.47999999999999965,64.39999999999999,59.642857142857146,0,0.0,0.0,0.0,0.0,0
2025-06-11,79.3,58.7,65.2,0.303,0.303,0.0,0.303,0.4290000000000003,0.6609999999999996,64.86666666666666,61.34285714285714,0,0.0,0.0,0.0,0.0,0
2025-06-12,76.6,52.7,64.8,0.047,0.047,0.0,0.047,0.4760000000000003,0.6369999999999997,65.09999999999998,62.77142857142858,0,0.0,0.0,0.0,0.0,0
2025-06-13,78.0,53.5,66.1,0.0,0.0,0.0,0.0,0.3500000000000003,0.4799999999999996,65.36666666666666,64.22857142857143,0,0.0,0.0,0.0,0.0,1
2025-06-14,79.3,51.3,66.3,0.0,0.0,0.0,0.0,0.04700000000000033,0.4759999999999996,65.73333333333332,65.08571428571427,0,0.0,0.0,0.0,0.0,2
2025-06-15,81.3,56.8,68.5,0.0,0.0,0.0,0.0,0.0,0.4759999999999996,66.96666666666665,65.75714285714285,0,0.0,0.0,0.0,0.0,3
2025-06-16,78.6,57.2,66.9,0.012,0.012,0.0,0.012,0.012000000000000333,0.4879999999999996,67.23333333333332,66.15714285714286,0,0.0,0.0,0.0,0.0,0
2025-06-17,71.8,54.0,63.6,0.0,0.0,0.0,0.0,0.012000000000000333,0.3619999999999996,66.33333333333333,65.91428571428571,0,0.0,0.0,0.0,0.0,1
2025-06-18,78.9,55.4,66.5,0.0,0.0,0.0,0.0,0.012000000000000333,0.05899999999999961,65.66666666666666,66.1,0,0.0,0.0,0.0,0.0,2
2025-06-19,85.8,59.1,71.8,0.0,0.0,0.0,0.0,0.0,0.011999999999999612,67.3,67.1,0,0.0,0.0,0.0,0.0,3
2025-06-20,79.4,53.9,68.6,0.0,0.0,0.0,0.0,0.0,0.011999999999999612,68.96666666666665,67.45714285714286,0,0.0,0.0,0.0,0.0,4
2025-06-21,73.2,44.4,58.7,0.0,0.0,0.0,0.0,0.0,0.011999999999999612,66.36666666666666,66.37142857142858,0,0.0,0.0,0.0,0.0,5
2025-06-22,57.8,39.5,47.2,0.0,0.0,0.0,0.0,0.0,0.011999999999999612,58.16666666666666,63.32857142857143,0,0.0,0.0,0.0,0.0,6
2025-06-23,67.8,42.2,53.8,0.0,0.0,0.0,0.0,0.0,0.0,53.23333333333333,61.45714285714285,0,0.0,0.0,0.0,0.0,7
2025-06-24,70.0,49.4,59.2,0.008,0.008,0.0,0.008,0.008000000000000333,0.007999999999999612,53.4,60.82857142857143,0,0.0,0.0,0.0,0.0,8
2025-06-25,71.5,51.6,60.7,0.114,0.114,0.0,0.114,0.12200000000000033,0.12199999999999961,57.9,60.0,0,0.0,0.0,0.0,0.0,0
2025-06-26,76.1,53.1,64.3,0.012,0.012,0.0,0.012,0.13400000000000034,0.13399999999999962,61.4,58.92857142857143,0,0.0,0.0,0.0,0.0,0
2025-06-27,79.5,55.7,67.6,0.0,0.0,0.0,0.0,0.12600000000000033,0.13399999999999962,64.19999999999999,58.785714285714285,0,0.0,0.0,0.0,0.0,1
2025-06-28,79.2,58.0,66.9,0.028,0.028,0.0,0.028,0.04000000000000035,0.16199999999999962,66.26666666666667,59.957142857142856,0,0.0,0.0,0.0,0.0,0
2025-06-29,78.6,59.3,66.8,0.189,0.189,0.0,0.189,0.21700000000000036,0.35099999999999965,67.09999999999998,62.75714285714285,0,0.0,0.0,0.0,0.0,0
2025-06-30,77.3,56.6,67.0,0.102,0.102,0.0,0.102,0.31900000000000034,0.4529999999999996,66.89999999999999,64.64285714285714,0,0.0,0.0,0.0,0.0,0
2025-07-01,81.3,60.1,68.4,0.102,0.102,0.0,0.102,0.39300000000000035,0.5469999999999996,67.39999999999999,65.95714285714286,0,0.0,0.0,0.0,0.0,0
2025-07-02,75.1,58.9,64.9,0.169,0.169,0.0,0.169,0.37300000000000033,0.6019999999999996,66.76666666666665,66.55714285714285,0,0.0,0.0,0.0,0.0,0
2025-07-03,73.2,55.3,61.4,0.433,0.433,0.0,0.433,0.7040000000000004,1.0229999999999997,64.89999999999999,66.14285714285714,0,0.0,0.0,0.0,0.0,0
2025-07-04,72.9,53.5,60.3,0.524,0.524,0.0,0.524,1.1260000000000003,1.5469999999999997,62.19999999999999,65.10000000000001,0,0.0,0.0,0.0,0.0,0
2025-07-05,76.3,53.4,64.2,0.004,0.004,0.0,0.004,0.9610000000000004,1.5229999999999995,61.96666666666666,64.71428571428571,0,0.0,0.0,0.0,0.0,1
2025-07-06,76.9,55.6,64.9,0.051,0.051,0.0,0.051,0.5790000000000004,1.3849999999999996,63.133333333333326,64.44285714285715,0,0.0,0.0,0.0,0.0,0
2025-07-07,79.6,55.8,67.3,0.024,0.024,0.0,0.024,0.07900000000000043,1.3069999999999997,65.46666666666665,64.4857142857143,0,0.0,0.0,0.0,0.0,0
2025-07-08,80.8,59.7,69.5,0.004,0.004,0.0,0.004,0.07900000000000043,1.2089999999999996,67.23333333333333,64.64285714285714,0,0.0,0.0,0.0,0.0,1
2025-07-09,80.6,59.3,68.0,0.028,0.028,0.0,0.028,0.056000000000000445,1.0679999999999996,68.26666666666665,65.08571428571429,0,0.0,0.0,0.0,0.0,0
2025-07-10,75.0,52.8,65.1,0.0,0.0,0.0,0.0,0.032000000000000445,0.6349999999999996,67.53333333333332,65.61428571428571,0,0.0,0.0,0.0,0.0,1
2025-07-11,76.7,53.5,64.5,0.0,0.0,0.0,0.0,0.028000000000000445,0.11099999999999954,65.86666666666666,66.21428571428571,0,0.0,0.0,0.0,0.0,2
2025-07-12,78.1,56.7,66.7,0.0,0.0,0.0,0.0,0.0,0.10699999999999954,65.43333333333332,66.57142857142857,0,0.0,0.0,0.0,0.0,3
2025-07-13,82.1,58.9,69.3,0.0,0.0,0.0,0.0,0.0,0.05599999999999956,66.83333333333333,67.2,0,0.0,0.0,0.0,0.0,4
2025-07-14,81.2,61.3,70.8,0.0,0.0,0.0,0.0,0.0,0.03199999999999956,68.93333333333332,67.7,0,0.0,0.0,0.0,0.0,5
2025-07-15,80.8,59.8,68.6,0.209,0.209,0.0,0.209,0.20900000000000044,0.23699999999999954,69.56666666666665,67.57142857142857,0,0.0,0.0,0.0,0.0,0
2025-07-16,79.1,59.3,67.8,0.055,0.055,0.0,0.055,0.26400000000000046,0.26399999999999957,69.06666666666666,67.54285714285714,0,0.0,0.0,0.0,0.0,0
2025-07-17,79.7,60.5,67.2,0.181,0.181,0.0,0.181,0.4450000000000004,0.4449999999999995,67.86666666666666,67.84285714285714,0,0.0,0.0,0.0,0.0,0
2025-07-18,72.4,58.5,64.1,0.673,0.673,0.0,0.673,0.9090000000000005,1.1179999999999994,66.36666666666666,67.78571428571429,0,0.0,0.0,0.0,0.0,0
2025-07-19,74.9,57.9,65.1,0.028,0.028,0.0,0.028,0.8820000000000005,1.1459999999999995,65.46666666666665,67.55714285714285,0,0.0,0.0,0.0,0.0,0
2025-07-20,78.6,58.7,67.6,0.028,0.028,0.0,0.028,0.7290000000000005,1.1739999999999995,65.59999999999998,67.3142857142857,0,0.0,0.0,0.0,0.0,0
2025-07-21,76.2,56.3,65.5,0.016,0.016,0.0,0.016,0.07200000000000045,1.1899999999999995,66.06666666666665,66.55714285714285,0,0.0,0.0,0.0,0.0,0
2025-07-22,74.8,54.0,65.2,0.024,0.024,0.0,0.024,0.06800000000000045,1.0049999999999997,66.09999999999998,66.07142857142857,0,0.0,0.0,0.0,0.0,0
2025-07-23,77.3,56.5,66.6,0.0,0.0,0.0,0.0,0.040000000000000445,0.9499999999999995,65.76666666666665,65.89999999999999,0,0.0,0.0,0.0,0.0,1
2025-07-24,77.1,57.7,66.8,0.008,0.008,0.0,0.008,0.032000000000000445,0.7769999999999996,66.19999999999999,65.84285714285714,0,0.0,0.0,0.0,0.0,2
2025-07-25,77.3,56.6,66.5,0.0,0.0,0.0,0.0,0.008000000000000444,0.10399999999999957,66.63333333333333,66.18571428571428,0,0.0,0.0,0.0,0.0,3
2025-07-26,76.2,58.4,66.3,0.0,0.0,0.0,0.0,0.008000000000000444,0.07599999999999957,66.53333333333332,66.35714285714286,0,0.0,0.0,0.0,0.0,4
2025-07-27,78.3,55.5,66.1,0.0,0.0,0.0,0.0,0.0,0.04799999999999956,66.3,66.14285714285714,0,0.0,0.0,0.0,0.0,5
2025-07-28,82.3,58.4,69.6,0.004,0.004,0.0,0.004,0.004000000000000444,0.03599999999999956,67.33333333333331,66.72857142857143,0,0.0,0.0,0.0,0.0,6
2025-07-29,82.1,61.1,70.2,0.012,0.012,0.0,0.012,0.016000000000000444,0.023999999999999556,68.63333333333331,67.44285714285714,0,0.0,0.0,0.0,0.0,0
2025-07-30,83.4,58.4,70.4,0.0,0.0,0.0,0.0,0.016000000000000444,0.023999999999999556,70.06666666666665,67.98571428571428,0,0.0,0.0,0.0,0.0,1
2025-07-31,80.1,57.0,68.5,0.0,0.0,0.0,0.0,0.012000000000000444,0.015999999999999556,69.69999999999999,68.22857142857143,0,0.0,0.0,0.0,0.0,2
2025-08-01,79.8,57.5,68.4,0.008,0.008,0.0,0.008,0.008000000000000444,0.023999999999999556,69.1,68.5,0,0.0,0.0,0.0,0.0,3
2025-08-02,79.3,57.6,67.1,0.047,0.047,0.0,0.047,0.055000000000000444,0.07099999999999956,67.99999999999999,68.61428571428571,0,0.0,0.0,0.0,0.0,0
2025-08-03,80.3,55.6,67.4,0.008,0.008,0.0,0.008,0.06300000000000044,0.07899999999999956,67.63333333333333,68.8,0,0.0,0.0,0.0,0.0,1
2025-08-04,81.7,58.0,69.3,0.0,0.0,0.0,0.0,0.055000000000000444,0.07499999999999955,67.93333333333332,68.75714285714285,0,0.0,0.0,0.0,0.0,2
2025-08-05,81.2,54.7,67.8,0.0,0.0,0.0,0.0,0.008000000000000444,0.06299999999999956,68.16666666666666,68.41428571428571,0,0.0,0.0,0.0,0.0,3
2025-08-06,84.6,58.4,70.9,0.0,0.0,0.0,0.0,0.0,0.06299999999999956,69.33333333333333,68.4857142857143,0,0.0,0.0,0.0,0.0,4
2025-08-07,83.7,58.0,70.6,0.0,0.0,0.0,0.0,0.0,0.06299999999999956,69.76666666666667,68.78571428571429,0,0.0,0.0,0.0,0.0,5
2025-08-08,74.2,55.7,64.5,0.0,0.0,0.0,0.0,0.0,0.054999999999999556,68.66666666666666,68.22857142857143,0,0.0,0.0,0.0,0.0,6
2025-08-09,74.6,54.0,62.4,0.0,0.0,0.0,0.0,0.0,0.007999999999999556,65.83333333333333,67.55714285714285,0,0.0,0.0,0.0,0.0,7
2025-08-10,75.1,51.8,63.0,0.0,0.0,0.0,0.0,0.0,0.0,63.29999999999999,66.92857142857143,0,0.0,0.0,0.0,0.0,8
2025-08-11,79.4,55.1,66.6,0.0,0.0,0.0,0.0,0.0,0.0,63.99999999999999,66.54285714285713,0,0.0,0.0,0.0,0.0,9
2025-08-12,83.9,58.2,70.6,0.0,0.0,0.0,0.0,0.0,0.0,66.73333333333332,66.94285714285715,0,0.0,0.0,0.0,0.0,10
2025-08-13,86.3,61.3,72.8,0.024,0.024,0.0,0.024,0.024000000000000445,0.023999999999999556,69.99999999999999,67.21428571428571,0,0.0,0.0,0.0,0.0,0
2025-08-14,81.9,59.2,69.0,0.169,0.169,0.0,0.169,0.19300000000000045,0.19299999999999956,70.8,66.98571428571428,0,0.0,0.0,0.0,0.0,0
2025-08-15,78.1,55.9,66.4,0.224,0.224,0.0,0.224,0.4170000000000005,0.4169999999999996,69.39999999999999,67.25714285714285,0,0.0,0.0,0.0,0.0,0
2025-08-16,76.0,56.6,65.1,0.087,0.087,0.0,0.087,0.4800000000000004,0.5039999999999996,66.83333333333331,67.64285714285714,0,0.0,0.0,0.0,0.0,0
2025-08-17,76.4,53.9,64.6,0.02,0.02,0.0,0.02,0.33100000000000046,0.5239999999999996,65.36666666666666,67.87142857142857,0,0.0,0.0,0.0,0.0,0
2025-08-18,79.4,57.1,67.4,0.0,0.0,0.0,0.0,0.10700000000000044,0.5239999999999996,65.69999999999999,67.9857142857143,0,0.0,0.0,0.0,0.0,1
2025-08-19,85.7,58.7,72.0,0.0,0.0,0.0,0.0,0.020000000000000445,0.5239999999999996,67.99999999999999,68.18571428571428,0,0.0,0.0,0.0,0.0,2
2025-08-20,87.2,62.3,74.4,0.0,0.0,0.0,0.0,0.0,0.49999999999999956,71.26666666666667,68.41428571428571,0,0.0,0.0,0.0,0.0,3
2025-08-21,82.4,60.1,70.6,0.35,0.35,0.0,0.35,0.3500000000000004,0.6809999999999996,72.33333333333331,68.64285714285714,0,0.0,0.0,0.0,0.0,0
2025-08-22,76.0,58.0,64.9,0.689,0.689,0.0,0.689,1.0390000000000004,1.1459999999999995,69.96666666666665,68.42857142857143,0,0.0,0.0,0.0,0.0,0
2025-08-23,78.0,60.7,66.7,0.181,0.181,0.0,0.181,1.2200000000000004,1.2399999999999995,67.39999999999999,68.65714285714286,0,0.0,0.0,0.0,0.0,0
2025-08-24,71.9,56.5,63.2,0.189,0.189,0.0,0.189,1.0590000000000004,1.4089999999999994,64.93333333333332,68.45714285714287,0,0.0,0.0,0.0,0.0,0
2025-08-25,72.8,56.2,62.1,0.539,0.539,0.0,0.539,0.9090000000000005,1.9479999999999995,64.0,67.7,0,0.0,0.0,0.0,0.0,0
2025-08-26,63.0,56.0,58.8,0.563,0.563,0.0,0.563,1.2910000000000004,2.5109999999999992,61.36666666666665,65.81428571428572,0,0.0,0.0,0.0,0.0,0
2025-08-27,66.9,52.1,58.1,0.461,0.461,0.0,0.461,1.5630000000000004,2.9719999999999995,59.66666666666666,63.48571428571429,0,0.0,0.0,0.0,0.0,0
2025-08-28,65.9,50.0,57.6,0.122,0.122,0.0,0.122,1.1460000000000004,2.7439999999999993,58.16666666666666,61.628571428571426,0,0.0,0.0,0.0,0.0,0
2025-08-29,67.9,52.9,59.0,0.012,0.012,0.0,0.012,0.5950000000000004,2.0669999999999997,58.23333333333332,60.785714285714285,0,0.0,0.0,0.0,0.0,0
2025-08-30,68.5,51.9,59.7,0.0,0.0,0.0,0.0,0.13400000000000045,1.8859999999999995,58.76666666666666,59.785714285714285,0,0.0,0.0,0.0,0.0,1
2025-08-31,74.5,51.8,62.3,0.0,0.0,0.0,0.0,0.012000000000000444,1.6969999999999996,60.33333333333332,59.65714285714285,0,0.0,0.0,0.0,0.0,2
2025-09-01,75.7,54.1,64.3,0.0,0.0,0.0,0.0,0.0,1.1579999999999995,62.099999999999994,59.971428571428575,0,0.0,0.0,0.0,0.0,3
2025-09-02,78.7,57.5,66.3,0.0,0.0,0.0,0.0,0.0,0.5949999999999995,64.3,61.042857142857144,0,0.0,0.0,0.0,0.0,4
2025-09-03,78.6,56.2,65.8,0.0,0.0,0.0,0.0,0.0,0.13399999999999956,65.46666666666665,62.142857142857146,0,0.0,0.0,0.0,0.0,5
2025-09-04,74.3,54.8,62.3,0.024,0.024,0.0,0.024,0.024000000000000445,0.03599999999999956,64.8,62.81428571428571,0,0.0,0.0,0.0,0.0,0
2025-09-05,70.5,54.8,61.2,0.224,0.224,0.0,0.224,0.24800000000000044,0.24799999999999955,63.09999999999999,63.128571428571426,0,0.0,0.0,0.0,0.0,0
2025-09-06,65.7,52.7,59.1,0.528,0.528,0.0,0.528,0.7760000000000005,0.7759999999999996,60.86666666666665,63.04285714285714,0,0.0,0.0,0.0,0.0,0
2025-09-07,71.9,51.2,60.2,0.087,0.087,0.0,0.087,0.8390000000000004,0.8629999999999995,60.16666666666666,62.74285714285714,0,0.0,0.0,0.0,0.0,0
2025-09-08,71.6,52.1,61.0,0.118,0.118,0.0,0.118,0.7330000000000004,0.9809999999999995,60.099999999999994,62.271428571428565,0,0.0,0.0,0.0,0.0,0
2025-09-09,71.6,51.3,60.7,0.008,0.008,0.0,0.008,0.21300000000000044,0.9889999999999995,60.633333333333326,61.471428571428575,0,0.0,0.0,0.0,0.0,1
2025-09-10,73.9,51.8,60.7,0.004,0.004,0.0,0.004,0.13000000000000045,0.9929999999999995,60.79999999999999,60.74285714285714,0,0.0,0.0,0.0,0.0,2
2025-09-11,68.3,47.4,57.3,0.028,0.028,0.0,0.028,0.040000000000000445,0.9969999999999996,59.566666666666656,60.02857142857143,0,0.0,0.0,0.0,0.0,0
2025-09-12,66.5,47.4,54.9,0.012,0.012,0.0,0.012,0.04400000000000044,0.7849999999999996,57.633333333333326,59.128571428571426,0,0.0,0.0,0.0,0.0,0
2025-09-13,62.5,45.6,51.1,0.232,0.232,0.0,0.232,0.27200000000000046,0.48899999999999955,54.433333333333316,57.98571428571429,0,0.0,0.0,0.0,0.0,0
2025-09-14,68.6,46.2,55.9,0.0,0.0,0.0,0.0,0.24400000000000044,0.4019999999999996,53.96666666666666,57.371428571428574,0,0.0,0.0,0.0,0.0,1
2025-09-15,68.0,48.7,56.9,0.024,0.024,0.0,0.024,0.25600000000000045,0.3079999999999996,54.633333333333326,56.785714285714285,0,0.0,0.0,0.0,0.0,0
2025-09-16,65.0,43.8,53.3,0.028,0.028,0.0,0.028,0.05200000000000042,0.32799999999999957,55.36666666666665,55.72857142857142,0,0.0,0.0,0.0,0.0,0
2025-09-17,65.6,46.0,54.1,0.004,0.004,0.0,0.004,0.05600000000000042,0.32799999999999957,54.76666666666665,54.785714285714285,0,0.0,0.0,0.0,0.0,1
2025-09-18,69.8,45.5,56.0,0.0,0.0,0.0,0.0,0.03200000000000042,0.29999999999999954,54.46666666666666,54.6,0,0.0,0.0,0.0,0.0,2
2025-09-19,67.2,51.1,58.3,0.0,0.0,0.0,0.0,0.004000000000000416,0.28799999999999953,56.133333333333326,55.08571428571429,0,0.0,0.0,0.0,0.0,3
2025-09-20,66.8,51.2,56.5,0.098,0.098,0.0,0.098,0.09800000000000042,0.15399999999999955,56.933333333333316,55.857142857142854,0,0.0,0.0,0.0,0.0,0
2025-09-21,66.5,47.2,56.1,0.276,0.276,0.0,0.276,0.37400000000000044,0.4299999999999996,56.96666666666666,55.885714285714286,0,0.0,0.0,0.0,0.0,0
2025-09-22,58.9,44.0,50.8,0.126,0.126,0.0,0.126,0.5000000000000004,0.5319999999999996,54.46666666666666,55.01428571428572,0,0.0,0.0,0.0,0.0,0
2025-09-23,61.1,40.9,49.4,0.0,0.0,0.0,0.0,0.40200000000000047,0.5039999999999996,52.09999999999999,54.457142857142856,0,0.0,0.0,0.0,0.0,1
2025-09-24,68.7,43.2,54.4,0.0,0.0,0.0,0.0,0.12600000000000044,0.4999999999999996,51.533333333333324,54.5,0,0.0,0.0,0.0,0.0,2
2025-09-25,71.8,47.7,58.5,0.0,0.0,0.0,0.0,0.0,0.4999999999999996,54.09999999999999,54.857142857142854,0,0.0,0.0,0.0,0.0,3
2025-09-26,65.6,51.0,57.0,0.028,0.028,0.0,0.028,0.028000000000000445,0.5279999999999996,56.633333333333326,54.67142857142858,0,0.0,0.0,0.0,0.0,0
2025-09-27,68.4,49.3,56.9,0.012,0.012,0.0,0.012,0.040000000000000445,0.4419999999999996,57.46666666666666,54.728571428571435,0,0.0,0.0,0.0,0.0,0
2025-09-28,63.4,47.8,53.5,0.13,0.13,0.0,0.13,0.17000000000000046,0.2959999999999996,55.79999999999999,54.357142857142854,0,0.0,0.0,0.0,0.0,0
2025-09-29,63.7,45.8,53.8,0.004,0.004,0.0,0.004,0.14600000000000046,0.17399999999999963,54.73333333333332,54.785714285714285,0,0.0,0.0,0.0,0.0,1
2025-09-30,57.3,46.0,50.5,0.122,0.122,0.0,0.122,0.25600000000000045,0.2959999999999996,52.59999999999999,54.94285714285714,0,0.0,0.0,0.0,0.0,0
2025-10-01,64.3,43.7,52.8,0.039,0.039,0.0,0.039,0.16500000000000045,0.33499999999999963,52.36666666666665,54.714285714285715,0,0.0,0.0,0.0,0.0,0
2025-10-02,69.3,47.6,56.9,0.0,0.0,0.0,0.0,0.16100000000000045,0.33499999999999963,53.399999999999984,54.48571428571428,0,0.0,0.0,0.0,0.0,1
2025-10-03,67.5,45.9,55.0,0.067,0.067,0.0,0.067,0.10600000000000045,0.3739999999999996,54.899999999999984,54.199999999999996,0,0.0,0.0,0.0,0.0,0
2025-10-04,46.3,39.0,42.1,0.579,0.516,0.441,0.579,0.6460000000000004,0.9409999999999996,51.33333333333332,52.08571428571429,0,0.0,0.0,0.44100000000000267,0.4409999999999991,0
2025-10-05,49.7,32.7,40.6,0.063,0.063,0.0,0.063,0.7090000000000003,0.8739999999999997,45.899999999999984,50.24285714285714,0,0.0,0.0,0.44100000000000267,0.4409999999999991,0
2025-10-06,50.9,33.2,40.5,0.0,0.0,0.0,0.0,0.6420000000000003,0.8699999999999997,41.066666666666656,48.34285714285714,0,0.0,0.0,0.44100000000000267,0.4409999999999991,1
2025-10-07,60.2,35.2,45.6,0.0,0.0,0.0,0.0,0.06300000000000044,0.7479999999999996,42.23333333333333,47.642857142857146,0,0.0,0.0,0.0,0.4409999999999991,2
2025-10-08,64.0,42.8,51.9,0.0,0.0,0.0,0.0,0.0,0.7089999999999996,45.99999999999999,47.51428571428572,0,0.0,0.0,0.0,0.4409999999999991,3
2025-10-09,66.4,45.2,54.8,0.043,0.043,0.0,0.043,0.04300000000000044,0.7519999999999996,50.76666666666665,47.214285714285715,0,0.0,0.0,0.0,0.4409999999999991,0
2025-10-10,62.8,47.9,54.0,0.323,0.323,0.0,0.323,0.36600000000000044,1.0079999999999996,53.566666666666656,47.07142857142857,0,0.0,0.0,0.0,0.4409999999999991,0
2025-10-11,60.3,34.7,50.4,0.685,0.366,2.232,0.685,1.0510000000000006,1.1139999999999997,53.066666666666656,48.25714285714285,0,0.0,0.0,2.232000000000003,2.2319999999999993,0
2025-10-12,46.5,28.7,36.9,0.012,0.0,0.083,0.012,1.0200000000000005,1.0629999999999997,47.099999999999994,47.728571428571435,1,1.0,1.0,2.315000000000003,2.3149999999999995,0
2025-10-13,57.5,35.2,44.0,0.059,0.059,0.0,0.059,0.7560000000000004,1.1219999999999997,43.76666666666666,48.228571428571435,0,1.0,1.0,2.315000000000003,2.3149999999999995,0
2025-10-14,58.1,37.9,44.9,0.512,0.437,0.524,0.512,0.5830000000000004,1.6339999999999997,41.93333333333332,48.128571428571426,0,1.0,1.0,0.6070000000000026,2.8389999999999995,0
2025-10-15,46.9,35.9,40.9,0.492,0.26,1.626,0.492,1.0630000000000004,2.1259999999999994,43.26666666666666,46.55714285714286,0,0.0,1.0,2.1500000000000026,4.464999999999999,0
2025-10-16,40.4,32.9,36.3,0.323,0.012,2.205,0.323,1.3270000000000004,2.4059999999999997,40.69999999999999,43.91428571428571,0,0.0,1.0,4.355000000000002,6.669999999999999,0
2025-10-17,50.0,29.0,37.5,0.0,0.0,0.0,0.0,0.8150000000000004,2.0829999999999997,38.23333333333332,41.55714285714286,1,1.0,2.0,3.8310000000000026,6.669999999999999,1
2025-10-18,54.6,34.7,43.0,0.0,0.0,0.0,0.0,0.32300000000000045,1.3979999999999995,38.933333333333316,40.5,0,1.0,2.0,2.2050000000000027,4.437999999999999,2
2025-10-19,59.4,38.8,48.5,0.0,0.0,0.0,0.0,0.0,1.3859999999999995,42.99999999999999,42.15714285714286,0,1.0,1.0,0.0,4.354999999999999,3
2025-10-20,46.4,30.8,38.2,0.043,0.028,0.11,0.043,0.04300000000000044,1.3699999999999997,43.23333333333333,41.32857142857143,1,1.0,2.0,0.11000000000000267,4.464999999999999,0
2025-10-21,57.0,33.5,43.4,0.0,0.0,0.0,0.0,0.04300000000000044,0.8579999999999995,43.36666666666665,41.114285714285714,0,1.0,2.0,0.11000000000000267,3.9409999999999985,1
2025-10-22,60.4,39.5,47.5,0.031,0.031,0.0,0.031,0.07400000000000044,0.3969999999999996,43.033333333333324,42.05714285714286,0,1.0,2.0,0.11000000000000267,2.3149999999999986,0
2025-10-23,54.5,35.3,43.9,0.031,0.031,0.0,0.031,0.062000000000000444,0.10499999999999955,44.933333333333316,43.142857142857146,0,0.0,2.0,0.0,0.10999999999999867,0
2025-10-24,56.8,34.0,43.7,0.0,0.0,0.0,0.0,0.062000000000000444,0.10499999999999955,45.033333333333324,44.028571428571425,0,0.0,1.0,0.0,0.10999999999999867,1
2025-10-25,57.7,38.6,47.1,0.0,0.0,0.0,0.0,0.031000000000000444,0.10499999999999955,44.9,44.61428571428571,0,0.0,1.0,0.0,0.10999999999999867,2
2025-10-26,52.2,40.4,44.4,0.063,0.063,0.0,0.063,0.06300000000000044,0.16799999999999954,45.066666666666656,44.028571428571425,0,0.0,1.0,0.0,0.10999999999999867,0
2025-10-27,39.9,23.4,33.7,0.224,0.067,1.102,0.224,0.2870000000000005,0.3489999999999996,41.73333333333333,43.385714285714286,1,1.0,1.0,1.1020000000000028,1.1019999999999988,0
2025-10-28,45.9,24.4,33.8,0.0,0.0,0.0,0.0,0.2870000000000005,0.3489999999999996,37.29999999999999,42.01428571428572,1,2.0,2.0,1.1020000000000028,1.1019999999999988,1
2025-10-29,58.1,35.1,43.3,0.0,0.0,0.0,0.0,0.22400000000000045,0.3179999999999996,36.933333333333316,41.41428571428572,0,2.0,2.0,1.1020000000000028,1.1019999999999988,2
2025-10-30,55.0,32.4,41.0,0.0,0.0,0.0,0.0,0.0,0.2869999999999996,39.36666666666665,41.0,0,1.0,2.0,0.0,1.1019999999999988,3
2025-10-31,54.8,34.1,41.6,0.0,0.0,0.0,0.0,0.0,0.2869999999999996,41.966666666666654,40.699999999999996,0,0.0,2.0,0.0,1.1019999999999988,4
2025-11-01,57.7,34.0,44.4,0.0,0.0,0.0,0.0,0.0,0.2869999999999996,42.33333333333332,40.31428571428571,0,0.0,2.0,0.0,1.1019999999999988,5
2025-11-02,62.5,39.0,48.6,0.0,0.0,0.0,0.0,0.0,0.2239999999999996,44.86666666666665,40.91428571428571,0,0.0,2.0,0.0,1.1019999999999988,6
2025-11-03,59.9,41.9,48.6,0.0,0.0,0.0,0.0,0.0,0.0,47.19999999999999,43.042857142857144,0,0.0,1.0,0.0,0.0,7
2025-11-04,57.9,37.8,46.1,0.0,0.0,0.0,0.0,0.0,0.0,47.76666666666665,44.800000000000004,0,0.0,0.0,0.0,0.0,8
2025-11-05,59.3,38.6,48.0,0.0,0.0,0.0,0.0,0.0,0.0,47.56666666666666,45.47142857142857,0,0.0,0.0,0.0,0.0,9
2025-11-06,45.9,29.4,39.6,0.039,0.028,0.083,0.039,0.039000000000000444,0.038999999999999584,44.56666666666666,45.271428571428565,1,1.0,1.0,0.08300000000000267,0.08299999999999867,0
2025-11-07,46.6,31.2,38.1,0.0,0.0,0.0,0.0,0.039000000000000444,0.038999999999999584,41.89999999999999,44.77142857142858,1,2.0,2.0,0.08300000000000267,0.08299999999999867,1
2025-11-08,47.0,30.2,36.7,0.0,0.0,0.0,0.0,0.039000000000000444,0.038999999999999584,38.133333333333326,43.67142857142857,1,3.0,3.0,0.08300000000000267,0.08299999999999867,2
2025-11-09,52.7,31.0,40.4,0.0,0.0,0.0,0.0,0.0,0.038999999999999584,38.4,42.5,1,3.0,4.0,0.0,0.08299999999999867,3
2025-11-10,58.5,36.9,45.4,0.0,0.0,0.0,0.0,0.0,0.038999999999999584,40.83333333333332,42.042857142857144,0,2.0,4.0,0.0,0.08299999999999867,4
2025-11-11,56.4,35.4,43.9,0.0,0.0,0.0,0.0,0.0,0.038999999999999584,43.23333333333332,41.728571428571435,0,1.0,4.0,0.0,0.08299999999999867,5
2025-11-12,56.6,39.6,45.8,0.0,0.0,0.0,0.0,0.0,0.038999999999999584,45.033333333333324,41.41428571428571,0,0.0,4.0,0.0,0.08299999999999867,6
2025-11-13,55.9,37.0,45.0,0.0,0.0,0.0,0.0,0.0,0.0,44.899999999999984,42.18571428571429,0,0.0,3.0,0.0,0.0,7
2025-11-14,55.3,39.4,45.4,0.031,0.031,0.0,0.031,0.031000000000000444,0.030999999999999583,45.399999999999984,43.22857142857142,0,0.0,2.0,0.0,0.0,0
2025-11-15,55.1,37.7,44.9,0.0,0.0,0.0,0.0,0.031000000000000444,0.030999999999999583,45.099999999999994,44.4,0,0.0,1.0,0.0,0.0,1
2025-11-16,51.2,35.0,41.2,0.358,0.24,0.827,0.358,0.38900000000000046,0.38899999999999957,43.83333333333332,44.51428571428572,0,0.0,0.0,0.8270000000000026,0.8269999999999986,0
2025-11-17,39.1,29.6,35.1,0.264,0.016,1.736,0.264,0.6220000000000004,0.6529999999999996,40.39999999999999,43.04285714285714,1,1.0,1.0,2.5630000000000024,2.562999999999999,0
2025-11-18,42.1,29.2,35.3,0.008,0.008,0.0,0.008,0.6300000000000004,0.6609999999999996,37.199999999999996,41.81428571428571,1,2.0,2.0,2.5630000000000024,2.562999999999999,1
2025-11-19,43.9,32.9,36.9,0.028,0.024,0.028,0.028,0.30000000000000043,0.6889999999999996,35.76666666666666,40.542857142857144,0,2.0,2.0,1.7640000000000027,2.5909999999999984,0
2025-11-20,41.2,27.5,35.0,0.051,0.0,0.358,0.051,0.08700000000000044,0.7399999999999995,35.73333333333332,39.114285714285714,1,2.0,3.0,0.3860000000000027,2.9489999999999985,0
2025-11-21,42.3,28.0,33.8,0.0,0.0,0.0,0.0,0.07900000000000043,0.7089999999999995,35.23333333333332,37.457142857142856,1,2.0,4.0,0.3860000000000027,2.9489999999999985,1
2025-11-22,45.6,28.5,35.5,0.0,0.0,0.0,0.0,0.051000000000000434,0.7089999999999995,34.76666666666665,36.114285714285714,1,3.0,5.0,0.35800000000000265,2.9489999999999985,2
2025-11-23,47.2,29.5,36.2,0.0,0.0,0.0,0.0,0.0,0.35099999999999953,35.16666666666666,35.4,1,3.0,6.0,0.0,2.1219999999999986,3
2025-11-24,45.2,28.9,34.1,0.0,0.0,0.0,0.0,0.0,0.08699999999999955,35.26666666666666,35.25714285714286,1,3.0,6.0,0.0,0.3859999999999987,4
2025-11-25,39.5,25.2,31.3,0.0,0.0,0.0,0.0,0.0,0.07899999999999954,33.86666666666666,34.68571428571428,1,3.0,6.0,0.0,0.3859999999999987,5
2025-11-26,44.9,26.6,34.5,0.0,0.0,0.0,0.0,0.0,0.050999999999999546,33.29999999999999,34.34285714285714,1,3.0,7.0,0.0,0.35799999999999865,6
2025-11-27,51.0,31.4,39.4,0.0,0.0,0.0,0.0,0.0,0.0,35.066666666666656,34.971428571428575,1,3.0,7.0,0.0,0.0,7
2025-11-28,47.0,29.7,36.5,0.004,0.0,0.028,0.004,0.004000000000000444,0.003999999999999556,36.79999999999999,35.357142857142854,1,3.0,7.0,0.028000000000002665,0.02799999999999867,8
2025-11-29,39.8,26.4,31.5,0.0,0.0,0.0,0.0,0.004000000000000444,0.003999999999999556,35.79999999999999,34.785714285714285,1,3.0,7.0,0.028000000000002665,0.02799999999999867,9
2025-11-30,30.5,24.2,28.3,0.24,0.0,1.681,0.24,0.24400000000000044,0.24399999999999955,32.09999999999999,33.65714285714286,0,2.0,6.0,1.7090000000000027,1.7089999999999987,0
2025-12-01,29.6,12.3,20.8,0.0,0.0,0.0,0.0,0.24000000000000044,0.24399999999999955,26.866666666666656,31.75714285714286,0,1.0,5.0,1.6810000000000027,1.7089999999999987,1
2025-12-02,35.1,24.2,28.8,0.264,0.0,1.846,0.264,0.5040000000000004,0.5079999999999996,25.966666666666658,31.400000000000002,1,1.0,5.0,3.527000000000003,3.554999999999999,0
2025-12-03,28.5,15.6,24.4,0.031,0.0,0.22,0.031,0.2950000000000005,0.5389999999999996,24.666666666666657,29.957142857142856,0,1.0,4.0,2.066000000000003,3.774999999999999,0
2025-12-04,29.7,12.4,21.1,0.012,0.0,0.083,0.012,0.30700000000000044,0.5509999999999996,24.766666666666655,27.342857142857145,0,1.0,3.0,2.1490000000000027,3.8579999999999988,0
2025-12-05,32.4,26.7,29.7,0.421,0.047,2.618,0.421,0.4640000000000004,0.9679999999999995,25.06666666666666,26.37142857142857,1,1.0,3.0,2.9210000000000025,6.447999999999999,0
2025-12-06,34.6,19.7,30.0,0.476,0.0,3.335,0.476,0.9090000000000004,1.4439999999999995,26.933333333333323,26.157142857142855,1,2.0,3.0,6.036000000000002,9.782999999999998,0
2025-12-07,37.4,17.3,27.5,0.004,0.0,0.028,0.004,0.9010000000000004,1.2079999999999995,29.06666666666666,26.042857142857144,1,3.0,4.0,5.981000000000002,8.129999999999997,1
2025-12-08,41.8,24.1,32.1,0.016,0.0,0.11,0.016,0.49600000000000044,1.2239999999999995,29.866666666666656,27.657142857142855,1,3.0,5.0,3.4730000000000025,8.24,0
2025-12-09,46.3,24.6,36.1,0.0,0.0,0.0,0.0,0.020000000000000445,0.9599999999999995,31.89999999999999,28.699999999999996,1,3.0,5.0,0.13800000000000268,6.393999999999998,1
2025-12-10,49.2,33.1,38.5,0.0,0.0,0.0,0.0,0.016000000000000444,0.9289999999999995,35.566666666666656,30.714285714285715,0,2.0,5.0,0.11000000000000267,6.173999999999999,2
2025-12-11,49.8,27.5,35.9,0.0,0.0,0.0,0.0,0.0,0.9169999999999995,36.83333333333332,32.82857142857143,1,2.0,6.0,0.0,6.090999999999998,3
2025-12-12,45.6,25.8,32.8,0.0,0.0,0.0,0.0,0.0,0.49599999999999955,35.73333333333332,33.27142857142857,1,2.0,6.0,0.0,3.4729999999999985,4
2025-12-13,44.9,26.9,33.8,0.0,0.0,0.0,0.0,0.0,0.019999999999999556,34.16666666666666,33.81428571428571,1,3.0,6.0,0.0,0.13799999999999868,5
2025-12-14,47.0,29.7,37.1,0.0,0.0,0.0,0.0,0.0,0.015999999999999556,34.566666666666656,35.18571428571429,1,3.0,6.0,0.0,0.10999999999999867,6
2025-12-15,45.7,29.6,36.3,0.0,0.0,0.0,0.0,0.0,0.0,35.73333333333333,35.785714285714285,1,3.0,6.0,0.0,0.0,7
2025-12-16,44.6,28.9,35.4,0.0,0.0,0.0,0.0,0.0,0.0,36.26666666666666,35.68571428571428,1,3.0,6.0,0.0,0.0,8
2025-12-17,44.1,27.3,36.1,0.26,0.02,1.681,0.26,0.26000000000000045,0.25999999999999956,35.93333333333332,35.34285714285714,1,3.0,7.0,1.6810000000000027,1.6809999999999987,0
2025-12-18,35.9,18.2,27.9,0.004,0.0,0.028,0.004,0.26400000000000046,0.26399999999999957,33.133333333333326,34.2,1,3.0,7.0,1.7090000000000027,1.7089999999999987,1
2025-12-19,42.0,32.5,36.9,0.161,0.0,1.13,0.161,0.4250000000000005,0.4249999999999996,33.633333333333326,34.785714285714285,0,2.0,6.0,2.8390000000000026,2.8389999999999986,0
2025-12-20,38.6,29.4,33.9,0.012,0.0,0.083,0.012,0.17700000000000046,0.43699999999999956,32.89999999999999,34.8,1,2.0,6.0,1.2410000000000025,2.921999999999999,0
2025-12-21,45.8,34.8,40.0,0.016,0.004,0.083,0.016,0.18900000000000045,0.45299999999999957,36.93333333333332,35.214285714285715,0,1.0,5.0,1.2960000000000025,3.0049999999999986,0
2025-12-22,46.4,36.0,39.9,0.0,0.0,0.0,0.0,0.028000000000000445,0.45299999999999957,37.93333333333333,35.72857142857143,0,1.0,4.0,0.16600000000000267,3.0049999999999986,1
2025-12-23,46.4,35.5,39.7,0.0,0.0,0.0,0.0,0.016000000000000444,0.45299999999999957,39.86666666666665,36.34285714285714,0,0.0,3.0,0.08300000000000267,3.0049999999999986,2
2025-12-24,43.9,34.2,39.8,0.008,0.008,0.0,0.008,0.008000000000000444,0.20099999999999957,39.79999999999999,36.871428571428574,0,0.0,2.0,0.0,1.3239999999999985,3
2025-12-25,44.0,33.1,38.8,0.146,0.146,0.0,0.146,0.15400000000000044,0.3429999999999995,39.433333333333316,38.42857142857143,0,0.0,1.0,0.0,1.2959999999999985,0
2025-12-26,40.1,30.4,34.5,0.028,0.0,0.22,0.028,0.18200000000000044,0.20999999999999955,37.69999999999999,38.08571428571429,1,1.0,2.0,0.22000000000000267,0.3859999999999987,0
2025-12-27,33.3,22.4,29.2,0.362,0.0,2.535,0.362,0.5360000000000005,0.5599999999999995,34.16666666666665,37.41428571428571,1,2.0,2.0,2.755000000000003,2.8379999999999987,0
2025-12-28,23.6,10.3,16.9,0.063,0.008,0.386,0.063,0.4530000000000004,0.6069999999999995,26.866666666666656,34.114285714285714,0,2.0,2.0,3.141000000000003,3.1409999999999987,0
2025-12-29,33.5,11.3,21.4,0.0,0.0,0.0,0.0,0.42500000000000043,0.6069999999999995,22.49999999999999,31.471428571428568,1,2.0,3.0,2.921000000000003,3.1409999999999987,1
2025-12-30,41.6,24.0,31.6,0.0,0.0,0.0,0.0,0.06300000000000044,0.6069999999999995,23.299999999999986,30.314285714285713,1,2.0,4.0,0.3860000000000027,3.1409999999999987,2
2025-12-31,45.5,30.7,36.6,0.0,0.0,0.0,0.0,0.0,0.5989999999999995,29.86666666666666,29.857142857142858,1,3.0,5.0,0.0,3.1409999999999987,3
2026-01-01,36.8,34.0,35.6,0.598,0.157,3.087,0.598,0.5980000000000004,1.0509999999999995,34.599999999999994,29.4,0,2.0,5.0,3.087000000000003,6.227999999999999,0
2026-01-02,37.5,27.8,34.5,0.567,0.031,3.748,0.567,1.1650000000000005,1.5899999999999994,35.56666666666666,29.400000000000002,1,2.0,5.0,6.835000000000003,9.756,0
2026-01-03,43.1,28.2,35.1,0.02,0.0,0.138,0.02,1.1850000000000003,1.2479999999999993,35.066666666666656,30.24285714285714,1,2.0,5.0,6.973000000000003,7.358999999999999,0
2026-01-04,38.8,32.9,35.2,0.492,0.012,3.362,0.492,1.0790000000000004,1.6769999999999994,34.93333333333332,32.857142857142854,0,2.0,5.0,7.248000000000003,10.334999999999999,0
2026-01-05,35.1,19.7,30.3,0.358,0.004,2.48,0.358,0.8700000000000004,2.0349999999999993,33.533333333333324,34.12857142857143,1,2.0,5.0,5.980000000000002,12.815,0
2026-01-06,38.1,16.4,25.4,0.0,0.0,0.0,0.0,0.8500000000000004,2.0349999999999993,30.299999999999994,33.24285714285714,1,2.0,5.0,5.842000000000002,12.815,1
2026-01-07,37.6,18.5,25.7,0.232,0.0,1.626,0.232,0.5900000000000004,2.2669999999999995,27.133333333333326,31.685714285714287,1,3.0,5.0,4.1060000000000025,14.440999999999999,0
2026-01-08,27.2,11.5,19.9,0.079,0.004,0.524,0.079,0.31100000000000044,1.7479999999999996,23.666666666666657,29.442857142857147,0,2.0,5.0,2.1500000000000026,11.878,0
2026-01-09,22.3,4.0,13.8,0.024,0.0,0.165,0.024,0.33500000000000046,1.2049999999999996,19.799999999999986,26.485714285714288,0,1.0,4.0,2.3150000000000026,8.294999999999998,0
2026-01-10,32.6,6.2,17.6,0.0,0.0,0.0,0.0,0.10300000000000045,1.1849999999999996,17.09999999999999,23.985714285714288,1,1.0,4.0,0.6890000000000027,8.156999999999998,1
2026-01-11,44.0,19.7,29.6,0.0,0.0,0.0,0.0,0.024000000000000445,0.6929999999999995,20.333333333333325,23.185714285714287,1,2.0,5.0,0.16500000000000267,4.794999999999998,2
2026-01-12,46.8,24.7,33.1,0.0,0.0,0.0,0.0,0.0,0.3349999999999996,26.766666666666662,23.585714285714285,1,3.0,5.0,0.0,2.3149999999999986,3
2026-01-13,46.9,26.9,34.6,0.0,0.0,0.0,0.0,0.0,0.3349999999999996,32.43333333333333,24.900000000000002,1,3.0,5.0,0.0,2.3149999999999986,4
2026-01-14,47.1,26.8,33.8,0.0,0.0,0.0,0.0,0.0,0.10299999999999956,33.83333333333332,26.057142857142857,1,3.0,5.0,0.0,0.6889999999999987,5
2026-01-15,46.2,21.8,30.6,0.0,0.0,0.0,0.0,0.0,0.023999999999999556,32.99999999999999,27.585714285714285,1,3.0,6.0,0.0,0.16499999999999868,6
2026-01-16,38.3,17.0,25.8,0.0,0.0,0.0,0.0,0.0,0.0,30.06666666666666,29.300000000000004,1,3.0,7.0,0.0,0.0,7
2026-01-17,39.7,16.3,24.8,0.0,0.0,0.0,0.0,0.0,0.0,27.06666666666666,30.32857142857143,1,3.0,7.0,0.0,0.0,8
2026-01-18,45.8,19.8,28.9,0.0,0.0,0.0,0.0,0.0,0.0,26.49999999999999,30.228571428571428,1,3.0,7.0,0.0,0.0,9
2026-01-19,38.8,13.6,24.1,0.0,0.0,0.0,0.0,0.0,0.0,25.933333333333326,28.942857142857143,1,3.0,7.0,0.0,0.0,10
2026-01-20,41.3,13.4,22.8,0.0,0.0,0.0,0.0,0.0,0.0,25.266666666666655,27.25714285714286,1,3.0,7.0,0.0,0.0,11
2026-01-21,42.5,16.8,26.1,0.0,0.0,0.0,0.0,0.0,0.0,24.333333333333325,26.157142857142855,1,3.0,7.0,0.0,0.0,12
2026-01-22,43.2,18.4,27.1,0.0,0.0,0.0,0.0,0.0,0.0,25.333333333333325,25.657142857142855,1,3.0,7.0,0.0,0.0,13
2026-01-23,36.7,18.4,25.9,0.008,0.0,0.055,0.008,0.008000000000000444,0.007999999999999556,26.36666666666666,25.67142857142857,1,3.0,7.0,0.055000000000002665,0.05499999999999867,14
2026-01-24,26.0,4.2,16.3,0.0,0.0,0.0,0.0,0.008000000000000444,0.007999999999999556,23.09999999999999,24.45714285714286,0,2.0,6.0,0.055000000000002665,0.05499999999999867,15
2026-01-25,20.0,-0.2,9.8,0.02,0.0,0.138,0.02,0.028000000000000445,0.027999999999999556,17.333333333333325,21.728571428571428,0,1.0,5.0,0.19300000000000267,0.19299999999999867,0
2026-01-26,36.0,3.8,18.6,0.0,0.0,0.0,0.0,0.020000000000000445,0.027999999999999556,14.899999999999991,20.942857142857147,1,1.0,5.0,0.13800000000000268,0.19299999999999867,1
2026-01-27,40.6,19.6,27.4,0.0,0.0,0.0,0.0,0.020000000000000445,0.027999999999999556,18.59999999999999,21.599999999999998,1,2.0,5.0,0.13800000000000268,0.19299999999999867,2
2026-01-28,39.1,21.6,26.9,0.067,0.0,0.469,0.067,0.06700000000000045,0.09499999999999956,24.299999999999994,21.714285714285715,1,3.0,5.0,0.46900000000000264,0.6619999999999986,0
2026-01-29,35.2,13.9,23.0,0.0,0.0,0.0,0.0,0.06700000000000045,0.09499999999999956,25.766666666666655,21.12857142857143,1,3.0,5.0,0.46900000000000264,0.6619999999999986,1
2026-01-30,39.6,13.7,25.8,0.0,0.0,0.0,0.0,0.06700000000000045,0.08699999999999955,25.233333333333324,21.114285714285717,1,3.0,5.0,0.46900000000000264,0.6069999999999987,2
2026-01-31,46.3,24.7,32.7,0.0,0.0,0.0,0.0,0.0,0.08699999999999955,27.166666666666657,23.457142857142856,1,3.0,6.0,0.0,0.6069999999999987,3
2026-02-01,48.1,28.6,36.2,0.0,0.0,0.0,0.0,0.0,0.06699999999999956,31.56666666666666,27.22857142857143,1,3.0,7.0,0.0,0.46899999999999864,4
2026-02-02,42.2,20.5,32.5,0.0,0.0,0.0,0.0,0.0,0.06699999999999956,33.79999999999999,29.214285714285715,1,3.0,7.0,0.0,0.46899999999999864,5
2026-02-03,42.1,20.0,29.1,0.0,0.0,0.0,0.0,0.0,0.06699999999999956,32.599999999999994,29.45714285714286,1,3.0,7.0,0.0,0.46899999999999864,6
2026-02-04,44.6,24.1,33.0,0.0,0.0,0.0,0.0,0.0,0.0,31.53333333333332,30.32857142857143,1,3.0,7.0,0.0,0.0,7
2026-02-05,46.3,27.3,36.0,0.0,0.0,0.0,0.0,0.0,0.0,32.69999999999999,32.18571428571429,1,3.0,7.0,0.0,0.0,8
2026-02-06,47.1,29.8,36.1,0.0,0.0,0.0,0.0,0.0,0.0,35.033333333333324,33.65714285714286,1,3.0,7.0,0.0,0.0,9
2026-02-07,45.1,26.6,34.6,0.0,0.0,0.0,0.0,0.0,0.0,35.566666666666656,33.92857142857143,1,3.0,7.0,0.0,0.0,10
2026-02-08,46.7,25.1,34.7,0.0,0.0,0.0,0.0,0.0,0.0,35.133333333333326,33.714285714285715,1,3.0,7.0,0.0,0.0,11
2026-02-09,36.9,21.8,31.9,0.031,0.0,0.22,0.031,0.031000000000000444,0.030999999999999556,33.73333333333333,33.628571428571426,1,3.0,7.0,0.22000000000000267,0.21999999999999867,0
2026-02-10,35.8,21.4,28.2,0.098,0.0,0.689,0.098,0.12900000000000045,0.12899999999999956,31.59999999999999,33.5,1,3.0,7.0,0.9090000000000026,0.9089999999999986,0
2026-02-11,43.2,30.5,34.5,0.437,0.012,2.976,0.437,0.5660000000000005,0.5659999999999996,31.53333333333332,33.714285714285715,1,3.0,7.0,3.8850000000000025,3.8849999999999985,0
2026-02-12,41.6,26.0,33.4,0.433,0.004,3.004,0.433,0.9680000000000004,0.9989999999999996,32.033333333333324,33.34285714285714,1,3.0,7.0,6.669000000000002,6.8889999999999985,0
2026-02-13,38.6,19.5,28.8,0.079,0.0,0.551,0.079,0.9490000000000004,1.0779999999999996,32.23333333333333,32.3,1,3.0,7.0,6.531000000000002,7.439999999999999,0
2026-02-14,44.0,17.3,28.5,0.0,0.0,0.0,0.0,0.5120000000000005,1.0779999999999996,30.233333333333324,31.428571428571427,1,3.0,7.0,3.555000000000003,7.439999999999999,1
2026-02-15,41.6,24.2,31.5,0.0,0.0,0.0,0.0,0.07900000000000044,1.0779999999999996,29.59999999999999,30.971428571428568,1,3.0,7.0,0.5510000000000027,7.439999999999999,2
2026-02-16,43.8,24.2,33.1,0.012,0.0,0.083,0.012,0.012000000000000444,1.0589999999999997,31.033333333333328,31.142857142857142,1,3.0,7.0,0.08300000000000267,7.302999999999999,0
2026-02-17,34.0,18.6,27.1,0.756,0.004,5.264,0.756,0.7680000000000005,1.7169999999999996,30.566666666666663,30.985714285714288,1,3.0,7.0,5.347000000000003,11.878,0
2026-02-18,27.4,9.0,21.2,0.787,0.004,5.484,0.787,1.5550000000000006,2.0669999999999993,27.133333333333326,29.085714285714285,0,2.0,6.0,10.831000000000003,14.386,0
2026-02-19,24.1,1.3,12.6,0.024,0.0,0.22,0.024,1.5670000000000004,1.6579999999999997,20.29999999999999,26.11428571428571,0,1.0,5.0,10.968000000000004,11.601999999999999,0
2026-02-20,22.4,6.0,14.4,0.098,0.0,0.689,0.098,0.9090000000000005,1.6769999999999996,16.06666666666666,24.057142857142857,0,0.0,4.0,6.3930000000000025,11.739999999999998,0
2026-02-21,37.1,4.5,18.9,0.0,0.0,0.0,0.0,0.12200000000000044,1.6769999999999996,15.29999999999999,22.685714285714287,1,1.0,4.0,0.9090000000000026,11.739999999999998,1
2026-02-22,46.1,17.0,28.8,0.0,0.0,0.0,0.0,0.09800000000000045,1.6769999999999996,20.69999999999999,22.3,1,2.0,4.0,0.6890000000000026,11.739999999999998,2
2026-02-23,49.4,25.1,35.5,0.0,0.0,0.0,0.0,0.0,1.6649999999999996,27.73333333333332,22.642857142857142,1,3.0,4.0,0.0,11.656999999999998,3
2026-02-24,45.0,28.5,36.2,0.476,0.354,0.854,0.476,0.4760000000000004,1.3849999999999996,33.49999999999999,23.942857142857147,1,3.0,4.0,0.8540000000000026,7.246999999999999,0
2026-02-25,46.0,31.2,38.7,0.484,0.248,1.654,0.484,0.9600000000000004,1.0819999999999994,36.79999999999999,26.442857142857143,1,3.0,5.0,2.5080000000000027,3.416999999999999,0
2026-02-26,42.0,25.5,33.1,0.004,0.0,0.028,0.004,0.9640000000000004,1.0619999999999994,35.99999999999999,29.37142857142857,1,3.0,6.0,2.5360000000000027,3.2249999999999988,1
2026-02-27,48.7,26.3,35.7,0.0,0.0,0.0,0.0,0.48800000000000043,0.9639999999999995,35.83333333333332,32.41428571428572,1,3.0,7.0,1.6820000000000026,2.535999999999999,2
2026-02-28,49.2,27.0,37.8,0.0,0.0,0.0,0.0,0.004000000000000444,0.9639999999999995,35.533333333333324,35.114285714285714,1,3.0,7.0,0.028000000000002665,2.535999999999999,3
2026-03-01,52.5,34.3,42.0,0.047,0.02,0.193,0.047,0.047000000000000444,1.0109999999999995,38.49999999999999,37.0,0,2.0,6.0,0.19300000000000267,2.728999999999999,0
2026-03-02,49.7,33.0,38.6,0.504,0.13,2.618,0.504,0.5510000000000005,1.5149999999999997,39.46666666666665,37.44285714285714,0,1.0,5.0,2.8110000000000026,5.3469999999999995,0
2026-03-03,40.1,27.1,33.4,0.138,0.0,0.965,0.138,0.6890000000000005,1.1769999999999996,37.99999999999999,37.042857142857144,1,1.0,5.0,3.7760000000000025,5.457999999999999,0
2026-03-04,48.4,24.1,34.4,0.016,0.004,0.083,0.016,0.6580000000000005,0.7089999999999996,35.46666666666666,36.42857142857143,1,2.0,5.0,3.6660000000000026,3.886999999999999,0
2026-03-05,31.4,21.1,26.8,0.224,0.0,1.571,0.224,0.37800000000000045,0.9289999999999996,31.53333333333332,35.52857142857143,0,2.0,4.0,2.6190000000000024,5.429999999999999,0
2026-03-06,28.6,17.9,24.9,0.236,0.004,1.626,0.236,0.4760000000000004,1.1649999999999996,28.69999999999999,33.98571428571428,0,1.0,3.0,3.280000000000003,7.055999999999999,0
2026-03-07,39.3,13.1,25.0,0.0,0.0,0.0,0.0,0.4600000000000004,1.1649999999999996,25.566666666666652,32.15714285714286,1,1.0,3.0,3.1970000000000027,7.055999999999999,1
2026-03-08,48.7,20.5,33.2,0.0,0.0,0.0,0.0,0.23600000000000043,1.1179999999999997,27.69999999999999,30.900000000000002,1,2.0,4.0,1.6260000000000026,6.8629999999999995,2
2026-03-09,52.3,28.7,39.0,0.0,0.0,0.0,0.0,0.0,0.6139999999999995,32.399999999999984,30.957142857142856,1,3.0,5.0,0.0,4.244999999999999,3
2026-03-10,47.3,25.6,36.4,0.0,0.0,0.0,0.0,0.0,0.47599999999999953,36.19999999999999,31.38571428571429,1,3.0,5.0,0.0,3.2799999999999994,4
2026-03-11,39.5,15.8,27.3,0.0,0.0,0.0,0.0,0.0,0.4599999999999995,34.23333333333332,30.37142857142857,1,3.0,5.0,0.0,3.196999999999999,5
2026-03-12,49.4,25.7,37.9,0.0,0.0,0.0,0.0,0.0,0.23599999999999954,33.86666666666665,31.957142857142856,1,3.0,6.0,0.0,1.625999999999999,6
2026-03-13,51.0,34.7,40.8,0.0,0.0,0.0,0.0,0.0,0.0,35.33333333333332,34.228571428571435,0,2.0,6.0,0.0,0.0,7
2026-03-14,48.5,34.6,38.9,0.075,0.024,0.358,0.075,0.07500000000000044,0.07499999999999955,39.19999999999998,36.214285714285715,0,1.0,5.0,0.35800000000000265,0.3579999999999991,0
2026-03-15,32.6,12.8,23.6,0.0,0.0,0.0,0.0,0.07500000000000044,0.07499999999999955,34.433333333333316,34.84285714285714,1,1.0,5.0,0.35800000000000265,0.3579999999999991,1
2026-03-16,45.0,22.1,34.9,0.0,0.0,0.0,0.0,0.07500000000000044,0.07499999999999955,32.46666666666665,34.25714285714285,1,2.0,5.0,0.35800000000000265,0.3579999999999991,2
2026-03-17,54.1,33.2,41.6,0.0,0.0,0.0,0.0,0.0,0.07499999999999955,33.36666666666665,35.0,0,2.0,4.0,0.0,0.3579999999999991,3
2026-03-18,60.3,36.1,45.9,0.0,0.0,0.0,0.0,0.0,0.07499999999999955,40.79999999999999,37.65714285714286,0,1.0,3.0,0.0,0.3579999999999991,4
2026-03-19,62.7,39.4,49.1,0.0,0.0,0.0,0.0,0.0,0.07499999999999955,45.533333333333324,39.25714285714286,0,0.0,2.0,0.0,0.3579999999999991,5
2026-03-20,69.6,43.1,53.0,0.0,0.0,0.0,0.0,0.0,0.07499999999999955,49.33333333333332,41.0,0,0.0,2.0,0.0,0.3579999999999991,6
2026-03-21,67.6,40.8,54.0,0.0,0.0,0.0,0.0,0.0,0.0,52.033333333333324,43.15714285714286,0,0.0,2.0,0.0,0.0,7
2026-03-22,60.2,38.7,47.4,0.0,0.0,0.0,0.0,0.0,0.0,51.46666666666666,46.55714285714286,0,0.0,1.0,0.0,0.0,8
2026-03-23,60.8,43.5,51.0,0.0,0.0,0.0,0.0,0.0,0.0,50.79999999999999,48.857142857142854,0,0.0,0.0,0.0,0.0,9
2026-03-24,66.6,42.0,52.5,0.0,0.0,0.0,0.0,0.0,0.0,50.29999999999999,50.41428571428571,0,0.0,0.0,0.0,0.0,10
2026-03-25,69.4,44.2,55.0,0.004,0.004,0.0,0.004,0.004000000000000444,0.003999999999999556,52.833333333333314,51.714285714285715,0,0.0,0.0,0.0,0.0,11
2026-03-26,55.4,34.0,45.9,0.0,0.0,0.0,0.0,0.004000000000000444,0.003999999999999556,51.13333333333332,51.25714285714285,0,0.0,0.0,0.0,0.0,12
2026-03-27,59.6,31.2,44.0,0.0,0.0,0.0,0.0,0.004000000000000444,0.003999999999999556,48.29999999999998,49.97142857142857,1,1.0,1.0,0.0,0.0,13
2026-03-28,64.2,42.5,51.3,0.039,0.039,0.0,0.039,0.039000000000000444,0.04299999999999955,47.066666666666656,49.58571428571428,0,1.0,1.0,0.0,0.0,0
2026-03-29,63.0,38.4,49.4,0.094,0.094,0.0,0.094,0.13300000000000045,0.13699999999999957,48.23333333333331,49.871428571428574,0,1.0,1.0,0.0,0.0,0
2026-03-30,58.9,41.1,49.9,0.02,0.02,0.0,0.02,0.15300000000000044,0.15699999999999956,50.19999999999998,49.714285714285715,0,0.0,1.0,0.0,0.0,0
2026-03-31,53.0,40.1,44.4,0.22,0.201,0.138,0.22,0.3340000000000004,0.37699999999999956,47.899999999999984,48.55714285714286,0,0.0,1.0,0.13800000000000268,0.13799999999999912,0
2026-04-01,43.1,33.9,38.1,1.079,0.283,5.567,1.079,1.3190000000000004,1.4519999999999995,44.13333333333332,46.142857142857146,0,0.0,1.0,5.705000000000003,5.704999999999999,0
2026-04-02,37.9,19.8,30.3,0.453,0.004,3.142,0.453,1.7520000000000004,1.9049999999999996,37.59999999999999,43.91428571428572,1,1.0,2.0,8.847000000000003,8.847,0
2026-04-03,36.9,18.7,26.3,0.0,0.0,0.0,0.0,1.5320000000000005,1.9049999999999996,31.566666666666652,41.385714285714286,1,2.0,2.0,8.709000000000003,8.847,1
2026-04-04,46.9,23.2,34.3,0.0,0.0,0.0,0.0,0.45300000000000046,1.8659999999999997,30.299999999999983,38.957142857142856,1,3.0,3.0,3.1420000000000026,8.847,2
2026-04-05,57.9,32.3,43.7,0.0,0.0,0.0,0.0,0.0,1.7719999999999996,34.76666666666665,38.142857142857146,0,2.0,3.0,0.0,8.847,3
2026-04-06,60.5,37.7,47.6,0.028,0.028,0.0,0.028,0.028000000000000445,1.7799999999999996,41.86666666666665,37.81428571428571,0,1.0,3.0,0.0,8.847,0
2026-04-07,57.6,35.9,46.3,0.016,0.016,0.0,0.016,0.04400000000000044,1.5759999999999996,45.86666666666665,38.08571428571429,0,0.0,3.0,0.0,8.709,0
2026-04-08,58.4,36.1,46.8,0.0,0.0,0.0,0.0,0.04400000000000044,0.49699999999999955,46.899999999999984,39.32857142857143,0,0.0,3.0,0.0,3.141999999999999,1
2026-04-09,59.0,38.9,48.2,0.039,0.035,0.028,0.039,0.05500000000000045,0.08299999999999956,47.09999999999999,41.885714285714286,0,0.0,2.0,0.028000000000002665,0.027999999999999112,0
2026-04-10,61.3,41.7,50.7,0.004,0.004,0.0,0.004,0.043000000000000455,0.08699999999999956,48.566666666666656,45.37142857142857,0,0.0,1.0,0.028000000000002665,0.027999999999999112,1
2026-04-11,51.6,36.8,43.9,0.138,0.039,0.689,0.138,0.18100000000000047,0.2249999999999996,47.59999999999999,46.74285714285715,0,0.0,0.0,0.7170000000000026,0.7169999999999991,0
2026-04-12,52.5,33.1,42.4,0.035,0.0,0.248,0.035,0.17700000000000046,0.25999999999999956,45.66666666666665,46.55714285714286,0,0.0,0.0,0.9370000000000026,0.9649999999999991,0
2026-04-13,47.6,27.9,36.9,0.193,0.0,1.35,0.193,0.36600000000000044,0.4249999999999996,41.066666666666656,45.028571428571425,1,1.0,1.0,2.2870000000000026,2.314999999999999,0
2026-04-14,44.7,29.4,36.2,0.0,0.0,0.0,0.0,0.22800000000000045,0.4089999999999996,38.49999999999998,43.58571428571429,1,2.0,2.0,1.5980000000000025,2.314999999999999,1
2026-04-15,54.0,29.6,41.6,0.0,0.0,0.0,0.0,0.19300000000000045,0.4089999999999996,38.23333333333332,42.84285714285714,1,3.0,3.0,1.3500000000000028,2.314999999999999,2
2026-04-16,47.1,22.8,35.8,0.087,0.008,0.551,0.087,0.08700000000000044,0.45699999999999963,37.86666666666665,41.07142857142857,1,3.0,4.0,0.5510000000000027,2.837999999999999,0
2026-04-17,35.4,17.8,25.8,0.0,0.0,0.0,0.0,0.08700000000000044,0.4529999999999996,34.399999999999984,37.51428571428572,1,3.0,5.0,0.5510000000000027,2.837999999999999,1
2026-04-18,51.7,24.6,36.3,0.0,0.0,0.0,0.0,0.08700000000000044,0.3149999999999996,32.63333333333332,36.42857142857143,1,3.0,6.0,0.5510000000000027,2.148999999999999,2
2026-04-19,60.5,33.6,46.0,0.0,0.0,0.0,0.0,0.0,0.2799999999999996,36.03333333333332,36.94285714285714,0,2.0,6.0,0.0,1.9009999999999994,3
2026-04-20,64.3,41.3,51.9,0.016,0.016,0.0,0.016,0.016000000000000444,0.10299999999999958,44.73333333333332,39.08571428571428,0,1.0,5.0,0.0,0.5509999999999992,0
2026-04-21,64.4,41.5,52.7,0.0,0.0,0.0,0.0,0.016000000000000444,0.10299999999999958,50.19999999999999,41.44285714285714,0,0.0,4.0,0.0,0.5509999999999992,1
2026-04-22,43.8,27.8,39.3,0.169,0.0,1.185,0.169,0.18500000000000044,0.2719999999999996,47.96666666666665,41.11428571428571,1,1.0,4.0,1.1850000000000027,1.7359999999999993,0
2026-04-23,45.1,27.1,35.5,0.035,0.0,0.248,0.035,0.20400000000000046,0.2199999999999996,42.49999999999998,41.07142857142857,1,2.0,4.0,1.4330000000000027,1.4329999999999992,0
2026-04-24,51.7,30.5,40.0,0.016,0.012,0.028,0.016,0.22000000000000047,0.2359999999999996,38.26666666666665,43.1,1,3.0,4.0,1.4610000000000027,1.4609999999999994,0
2026-04-25,51.1,27.3,39.5,0.075,0.016,0.413,0.075,0.12600000000000047,0.3109999999999996,38.333333333333314,43.55714285714286,1,3.0,4.0,0.6890000000000027,1.8739999999999994,0
2026-04-26,40.8,27.2,36.5,0.717,0.063,4.575,0.717,0.8080000000000005,1.0279999999999996,38.66666666666665,42.199999999999996,1,3.0,5.0,5.016000000000003,6.449,0
2026-04-27,38.9,24.4,31.7,0.921,0.012,6.366,0.921,1.7130000000000005,1.9329999999999996,35.899999999999984,39.31428571428571,1,3.0,6.0,11.354000000000003,12.814999999999998,0
2026-04-28,43.7,18.6,31.6,0.0,0.0,0.0,0.0,1.6380000000000003,1.9329999999999996,33.26666666666666,36.3,1,3.0,7.0,10.941000000000003,12.814999999999998,1
2026-04-29,45.3,27.6,35.6,0.0,0.0,0.0,0.0,0.9210000000000005,1.7639999999999996,32.96666666666665,35.771428571428565,1,3.0,7.0,6.366000000000002,11.629999999999999,2
2026-04-30,46.0,29.6,36.9,0.0,0.0,0.0,0.0,0.0,1.7289999999999996,34.69999999999998,35.97142857142857,1,3.0,7.0,0.0,11.381999999999998,3
2026-05-01,52.1,27.3,39.6,0.0,0.0,0.0,0.0,0.0,1.7129999999999996,37.36666666666665,35.91428571428571,1,3.0,7.0,0.0,11.354,4
2026-05-02,59.8,34.3,46.9,0.0,0.0,0.0,0.0,0.0,1.6379999999999997,41.13333333333332,36.971428571428575,0,2.0,6.0,0.0,10.940999999999999,5
2026-05-03,62.5,39.7,51.1,0.016,0.016,0.0,0.016,0.016000000000000444,0.9369999999999996,45.866666666666646,39.05714285714286,0,1.0,5.0,0.0,6.365999999999999,0
2026-05-04,57.7,40.9,48.2,0.189,0.157,0.22,0.189,0.20500000000000046,0.20499999999999957,48.73333333333332,41.41428571428571,0,0.0,4.0,0.22000000000000267,0.2199999999999991,0
2026-05-05,46.6,37.9,40.8,0.272,0.205,0.469,0.272,0.4770000000000005,0.4769999999999996,46.69999999999998,42.72857142857142,0,0.0,3.0,0.6890000000000026,0.6889999999999991,0
2026-05-06,50.8,31.7,40.1,0.079,0.0,0.551,0.079,0.5400000000000005,0.5559999999999996,43.033333333333324,43.371428571428574,1,1.0,3.0,1.2400000000000027,1.239999999999999,0
2026-05-07,60.4,36.5,48.5,0.004,0.004,0.0,0.004,0.3550000000000005,0.5599999999999996,43.13333333333332,45.028571428571425,0,1.0,2.0,1.0200000000000027,1.239999999999999,1
2026-05-08,62.0,39.9,51.4,0.0,0.0,0.0,0.0,0.08300000000000045,0.5599999999999996,46.66666666666665,46.714285714285715,0,1.0,1.0,0.5510000000000027,1.239999999999999,2
2026-05-09,60.8,39.8,49.9,0.0,0.0,0.0,0.0,0.004000000000000444,0.5599999999999996,49.933333333333316,47.142857142857146,0,0.0,1.0,0.0,1.239999999999999,3
2026-05-10,67.3,40.6,53.2,0.0,0.0,0.0,0.0,0.0,0.5439999999999996,51.49999999999998,47.44285714285714,0,0.0,1.0,0.0,1.239999999999999,4
2026-05-11,74.1,46.9,60.4,0.012,0.012,0.0,0.012,0.012000000000000444,0.36699999999999955,54.49999999999998,49.185714285714276,0,0.0,1.0,0.0,1.0199999999999991,0
2026-05-12,76.6,51.6,63.5,0.0,0.0,0.0,0.0,0.012000000000000444,0.09499999999999956,59.03333333333331,52.42857142857143,0,0.0,1.0,0.0,0.5509999999999992,1
2026-05-13,71.0,47.6,60.9,0.028,0.028,0.0,0.028,0.040000000000000445,0.04399999999999955,61.59999999999999,55.4,0,0.0,0.0,0.0,0.0,0
2026-05-14,64.4,38.4,51.3,0.0,0.0,0.0,0.0,0.028000000000000445,0.03999999999999955,58.56666666666664,55.8,0,0.0,0.0,0.0,0.0,1
2026-05-15,65.9,40.8,52.8,0.0,0.0,0.0,0.0,0.028000000000000445,0.03999999999999955,54.99999999999998,56.0,0,0.0,0.0,0.0,0.0,2
2026-05-16,61.0,39.4,49.6,0.004,0.004,0.0,0.004,0.004000000000000444,0.04399999999999955,51.23333333333331,55.957142857142856,0,0.0,0.0,0.0,0.0,3
2026-05-17,46.9,32.8,38.7,0.26,0.079,1.268,0.26,0.26400000000000046,0.30399999999999955,47.033333333333324,53.885714285714286,0,0.0,0.0,1.2680000000000027,1.2679999999999991,0
2026-05-18,42.4,30.5,35.7,0.35,0.0,2.453,0.35,0.6140000000000004,0.6419999999999995,41.333333333333314,50.357142857142854,1,1.0,1.0,3.7210000000000027,3.720999999999999,0
2026-05-19,50.3,28.7,38.9,0.0,0.0,0.0,0.0,0.6100000000000004,0.6419999999999995,37.76666666666665,46.84285714285715,1,2.0,2.0,3.7210000000000023,3.7209999999999988,1
2026-05-20,56.1,34.3,44.9,0.004,0.004,0.0,0.004,0.3540000000000004,0.6179999999999994,39.833333333333314,44.55714285714286,0,2.0,2.0,2.453000000000002,3.7209999999999988,2
2026-05-21,54.8,38.1,46.6,0.008,0.008,0.0,0.008,0.012000000000000444,0.6259999999999994,43.46666666666665,43.88571428571429,0,1.0,2.0,0.0,3.7209999999999988,3
2026-05-22,58.7,34.9,46.3,0.0,0.0,0.0,0.0,0.012000000000000444,0.6259999999999994,45.933333333333316,42.957142857142856,0,0.0,2.0,0.0,3.7209999999999988,4
2026-05-23,67.2,41.3,54.3,0.004,0.004,0.0,0.004,0.012000000000000444,0.6259999999999994,49.06666666666664,43.628571428571426,0,0.0,2.0,0.0,3.7209999999999988,5
2026-05-24,67.4,48.1,56.5,0.11,0.11,0.0,0.11,0.11400000000000045,0.47599999999999953,52.36666666666665,46.17142857142857,0,0.0,2.0,0.0,2.4529999999999985,0
2026-05-25,69.3,48.2,57.7,0.043,0.043,0.0,0.043,0.15700000000000044,0.16899999999999954,56.16666666666665,49.31428571428571,0,0.0,1.0,0.0,0.0,0
2026-05-26,63.8,45.5,51.7,0.154,0.154,0.0,0.154,0.30700000000000044,0.32299999999999957,55.29999999999999,51.142857142857146,0,0.0,0.0,0.0,0.0,0
2026-05-27,67.7,44.3,55.8,0.0,0.0,0.0,0.0,0.19700000000000045,0.31899999999999956,55.066666666666656,52.699999999999996,0,0.0,0.0,0.0,0.0,1
2026-05-28,69.5,45.5,57.9,0.004,0.004,0.0,0.004,0.15800000000000045,0.31499999999999956,55.13333333333332,54.31428571428571,0,0.0,0.0,0.0,0.0,2
2026-05-29,64.5,42.5,52.0,0.157,0.157,0.0,0.157,0.16100000000000045,0.47199999999999953,55.23333333333332,55.12857142857143,0,0.0,0.0,0.0,0.0,0
2026-05-30,54.3,38.7,44.2,0.453,0.417,0.248,0.453,0.6140000000000004,0.9209999999999996,51.366666666666646,53.68571428571429,0,0.0,0.0,0.24800000000000266,0.2479999999999991,0
2026-05-31,60.6,40.3,50.3,0.083,0.083,0.0,0.083,0.6930000000000005,0.8939999999999996,48.833333333333314,52.800000000000004,0,0.0,0.0,0.24800000000000266,0.2479999999999991,0
2026-06-01,67.7,43.2,55.0,0.079,0.079,0.0,0.079,0.6150000000000004,0.9299999999999996,49.833333333333314,52.41428571428572,0,0.0,0.0,0.24800000000000266,0.2479999999999991,0
2026-06-02,71.0,45.6,58.6,0.028,0.028,0.0,0.028,0.1900000000000005,0.8039999999999996,54.63333333333332,53.39999999999999,0,0.0,0.0,0.0,0.2479999999999991,0
2026-06-03,74.6,49.8,62.2,0.0,0.0,0.0,0.0,0.1070000000000005,0.8039999999999996,58.59999999999999,54.314285714285724,0,0.0,0.0,0.0,0.2479999999999991,1
2026-06-04,75.5,54.3,64.9,0.012,0.012,0.0,0.012,0.0400000000000005,0.8119999999999996,61.899999999999984,55.31428571428571,0,0.0,0.0,0.0,0.2479999999999991,0
2026-06-05,78.0,52.1,65.4,0.0,0.0,0.0,0.0,0.0120000000000005,0.6549999999999996,64.16666666666666,57.228571428571435,0,0.0,0.0,0.0,0.2479999999999991,1
2026-06-06,77.4,53.0,65.9,0.0,0.0,0.0,0.0,0.0120000000000005,0.20199999999999957,65.39999999999999,60.32857142857143,0,0.0,0.0,0.0,0.0,2
2026-06-07,69.0,49.1,58.2,0.106,0.106,0.0,0.106,0.1060000000000005,0.22499999999999953,63.16666666666665,61.457142857142856,0,0.0,0.0,0.0,0.0,0
2026-06-08,71.5,46.3,59.2,0.0,0.0,0.0,0.0,0.1060000000000005,0.14599999999999952,61.09999999999999,62.05714285714286,0,0.0,0.0,0.0,0.0,1
2026-06-09,63.9,45.9,56.2,0.075,0.075,0.0,0.075,0.1810000000000005,0.19299999999999956,57.86666666666665,61.71428571428572,0,0.0,0.0,0.0,0.0,0
2026-06-10,66.6,39.9,54.3,0.0,0.0,0.0,0.0,0.0750000000000005,0.19299999999999956,56.56666666666664,60.58571428571429,0,0.0,0.0,0.0,0.0,1
2026-06-11,67.3,36.4,51.9,0.0,0.0,0.0,0.0,0.0750000000000005,0.18099999999999955,54.13333333333332,58.728571428571435,0,0.0,0.0,0.0,0.0,2
2026-06-12,75.0,45.9,60.5,0.0,0.0,0.0,0.0,0.0,0.18099999999999955,55.56666666666664,58.02857142857143,0,0.0,0.0,0.0,0.0,3
2026-06-13,76.3,50.4,62.7,0.0,0.0,0.0,0.0,0.0,0.18099999999999955,58.366666666666646,57.57142857142857,0,0.0,0.0,0.0,0.0,4
2026-06-14,74.8,47.1,61.4,0.0,0.0,0.0,0.0,0.0,0.07499999999999955,61.53333333333331,58.02857142857143,0,0.0,0.0,0.0,0.0,5
2026-06-15,76.4,50.1,62.9,0.0,0.0,0.0,0.0,0.0,0.07499999999999955,62.333333333333314,58.55714285714286,0,0.0,0.0,0.0,0.0,6
2026-06-16,79.0,51.7,65.9,0.0,0.0,0.0,0.0,0.0,0.0,63.399999999999984,59.94285714285714,0,0.0,0.0,0.0,0.0,7
2026-06-17,77.3,54.0,66.3,0.0,0.0,0.0,0.0,0.0,0.0,65.03333333333332,61.65714285714286,0,0.0,0.0,0.0,0.0,8
2026-06-18,78.9,49.7,64.4,0.0,0.0,0.0,0.0,0.0,0.0,65.53333333333332,63.44285714285714,0,0.0,0.0,0.0,0.0,9
2026-06-19,82.0,56.0,68.6,0.0,0.0,0.0,0.0,0.0,0.0,66.43333333333332,64.6,0,0.0,0.0,0.0,0.0,10
2026-06-20,75.5,50.9,63.4,0.094,0.094,0.0,0.094,0.0940000000000005,0.09399999999999956,65.46666666666664,64.7,0,0.0,0.0,0.0,0.0,0
2026-06-21,74.2,47.6,61.6,0.0,0.0,0.0,0.0,0.0940000000000005,0.09399999999999956,64.53333333333332,64.72857142857143,0,0.0,0.0,0.0,0.0,1
2026-06-22,79.9,54.7,67.2,0.016,0.016,0.0,0.016,0.1100000000000005,0.10999999999999956,64.06666666666665,65.34285714285714,0,0.0,0.0,0.0,0.0,0
2026-06-23,82.1,55.8,70.4,0.0,0.0,0.0,0.0,0.0160000000000005,0.10999999999999956,66.39999999999998,65.9857142857143,0,0.0,0.0,0.0,0.0,1
2026-06-24,82.9,55.7,67.4,0.417,0.417,0.0,0.417,0.4330000000000005,0.5269999999999996,68.33333333333331,66.14285714285714,0,0.0,0.0,0.0,0.0,0
2026-06-25,75.2,51.7,61.1,0.26,0.26,0.0,0.26,0.6770000000000005,0.7869999999999995,66.3,65.67142857142856,0,0.0,0.0,0.0,0.0,0
2026-06-26,80.4,53.5,66.0,0.0,0.0,0.0,0.0,0.6770000000000005,0.7869999999999995,64.83333333333331,65.3,0,0.0,0.0,0.0,0.0,1
2026-06-27,65.4,47.6,55.2,0.118,0.118,0.0,0.118,0.3780000000000005,0.8109999999999995,60.76666666666665,64.12857142857142,0,0.0,0.0,0.0,0.0,0
2026-06-28,57.5,43.5,48.9,0.327,0.327,0.0,0.327,0.4450000000000005,1.1379999999999995,56.69999999999999,62.314285714285724,0,0.0,0.0,0.0,0.0,0
2026-06-29,61.4,35.8,48.8,0.165,0.063,0.717,0.165,0.6100000000000005,1.2869999999999995,50.96666666666665,59.685714285714276,0,0.0,0.0,0.7170000000000026,0.7169999999999991,0
2026-06-30,64.3,44.0,53.5,0.039,0.039,0.0,0.039,0.5310000000000005,1.3259999999999996,50.399999999999984,57.271428571428565,0,0.0,0.0,0.7170000000000026,0.7169999999999991,0
2026-07-01,71.3,48.3,59.2,0.047,0.047,0.0,0.047,0.2510000000000005,0.9559999999999995,53.833333333333314,56.10000000000001,0,0.0,0.0,0.7170000000000026,0.7169999999999991,0
2026-07-02,74.7,51.0,61.5,0.051,0.051,0.0,0.051,0.1370000000000005,0.7469999999999996,58.066666666666656,56.15714285714286,0,0.0,0.0,0.0,0.7169999999999991,0
2026-07-03,71.9,51.2,61.7,0.173,0.173,0.0,0.173,0.27100000000000046,0.9199999999999996,60.79999999999999,55.542857142857144,0,0.0,0.0,0.0,0.7169999999999991,0
2026-07-04,77.9,54.8,66.8,0.016,0.016,0.0,0.016,0.2400000000000005,0.8179999999999996,63.333333333333314,57.199999999999996,0,0.0,0.0,0.0,0.7169999999999991,0
2026-07-05,85.3,57.0,71.4,0.0,0.0,0.0,0.0,0.1890000000000005,0.49099999999999955,66.63333333333331,60.41428571428571,0,0.0,0.0,0.0,0.7169999999999991,1
2026-07-06,82.9,62.1,72.2,0.012,0.012,0.0,0.012,0.028000000000000528,0.3379999999999995,70.13333333333333,63.75714285714286,0,0.0,0.0,0.0,0.0,0
2026-07-07,82.7,60.3,70.1,0.055,0.055,0.0,0.055,0.06700000000000053,0.35399999999999954,71.2333333333333,66.12857142857143,0,0.0,0.0,0.0,0.0,0
2026-07-08,82.7,56.3,68.9,0.193,0.193,0.0,0.193,0.26000000000000056,0.49999999999999956,70.39999999999998,67.5142857142857,0,0.0,0.0,0.0,0.0,0
2026-07-09,82.0,58.5,71.0,0.0,0.0,0.0,0.0,0.24800000000000053,0.44899999999999957,69.99999999999999,68.87142857142857,0,0.0,0.0,0.0,0.0,1
2026-07-10,84.7,59.1,71.5,0.004,0.004,0.0,0.004,0.19700000000000054,0.2799999999999996,70.46666666666664,70.27142857142857,0,0.0,0.0,0.0,0.0,2
2026-07-11,91.1,61.6,77.0,0.0,0.0,0.0,0.0,0.0040000000000005274,0.26399999999999957,73.16666666666664,71.72857142857143,0,0.0,0.0,0.0,0.0,3
2026-07-12,91.7,65.3,78.9,0.0,0.0,0.0,0.0,0.0040000000000005274,0.26399999999999957,75.8,72.8,0,0.0,0.0,0.0,0.0,4
2026-07-13,89.3,63.9,77.4,0.004,0.004,0.0,0.004,0.0040000000000005274,0.25599999999999956,77.76666666666665,73.54285714285716,0,0.0,0.0,0.0,0.0,5
2026-07-14,86.8,66.1,74.6,0.028,0.028,0.0,0.028,0.03200000000000053,0.22899999999999957,76.96666666666665,74.18571428571428,0,0.0,0.0,0.0,0.0,0
2026-07-15,78.5,60.5,70.3,0.161,0.161,0.0,0.161,0.19300000000000053,0.19699999999999956,74.09999999999998,74.38571428571429,0,0.0,0.0,0.0,0.0,0
2026-07-16,80.0,62.2,70.3,0.079,0.079,0.0,0.079,0.2680000000000005,0.2759999999999996,71.7333333333333,74.28571428571429,0,0.0,0.0,0.0,0.0,0
2026-07-17,76.2,59.4,67.2,0.283,0.283,0.0,0.283,0.5230000000000005,0.5549999999999995,69.26666666666665,73.67142857142858,0,0.0,0.0,0.0,0.0,0
2026-07-18,80.0,61.0,68.9,0.224,0.224,0.0,0.224,0.5860000000000005,0.7789999999999996,68.79999999999998,72.51428571428572,0,0.0,0.0,0.0,0.0,0
2026-07-19,83.2,61.9,72.8,0.012,0.012,0.0,0.012,0.5190000000000006,0.7909999999999996,69.63333333333333,71.64285714285714,0,0.0,0.0,0.0,0.0,0
2026-07-20,85.1,64.3,75.0,0.02,0.02,0.0,0.02,0.25600000000000056,0.8069999999999995,72.2333333333333,71.3,0,0.0,0.0,0.0,0.0,0
2026-07-21,84.4,65.6,73.3,0.055,0.055,0.0,0.055,0.08700000000000055,0.8339999999999995,73.69999999999997,71.11428571428571,0,0.0,0.0,0.0,0.0,0
2026-07-22,74.7,59.8,65.7,0.752,0.752,0.0,0.752,0.8270000000000005,1.4249999999999996,71.33333333333331,70.45714285714287,0,0.0,0.0,0.0,0.0,0
2026-07-23,80.2,59.9,69.5,0.098,0.098,0.0,0.098,0.9050000000000005,1.4439999999999997,69.49999999999999,70.34285714285714,0,0.0,0.0,0.0,0.0,0
2026-07-24,83.3,62.6,71.1,0.173,0.173,0.0,0.173,1.0230000000000006,1.3339999999999994,68.76666666666665,70.9,0,0.0,0.0,0.0,0.0,0
2026-07-25,86.4,64.0,74.1,0.028,0.028,0.0,0.028,0.29900000000000054,1.1379999999999995,71.56666666666665,71.64285714285714,0,0.0,0.0,0.0,0.0,0
2026-07-26,88.2,64.2,74.6,0.028,0.028,0.0,0.028,0.22900000000000054,1.1539999999999995,73.26666666666665,71.89999999999999,0,0.0,0.0,0.0,0.0,0
2026-07-27,83.7,60.2,70.1,0.406,0.406,0.0,0.406,0.4620000000000006,1.5399999999999996,72.9333333333333,71.2,0,0.0,0.0,0.0,0.0,0
2026-07-28,77.0,60.9,68.2,0.142,0.142,0.0,0.142,0.5760000000000005,1.6269999999999996,70.96666666666665,70.47142857142858,0,0.0,0.0,0.0,0.0,0
2026-07-29,76.8,60.7,66.3,0.079,0.079,0.0,0.079,0.6270000000000006,0.9539999999999996,68.19999999999999,70.55714285714285,0,0.0,0.0,0.0,0.0,0
2026-07-30,80.0,58.0,66.9,0.106,0.106,0.0,0.106,0.3270000000000005,0.9619999999999996,67.13333333333331,70.18571428571428,0,0.0,0.0,0.0,0.0,0
2026-07-31,85.6,62.0,72.5,0.0,0.0,0.0,0.0,0.18500000000000055,0.7889999999999996,68.56666666666665,70.38571428571429,0,0.0,0.0,0.0,0.0,1
2026-08-01,89.3,64.0,75.5,0.0,0.0,0.0,0.0,0.10600000000000055,0.7609999999999996,71.63333333333331,70.58571428571427,0,0.0,0.0,0.0,0.0,2
