date,trail_name,final_area,weather_group_id,trail_latitude,trail_longitude,trail_elevation_feet,weather_code,temperature_2m_max,temperature_2m_min,temperature_2m_mean,precipitation_sum,rain_sum,snowfall_sum
2026-09-24,24-7,Jeremy Ranch / Glenwild,WG086,40.7580938928905,-111.55747502780672,6689.5,0,72.1,41.5,56.1,0.0,0.0,0.0
2026-09-24,4:20,Deer Valley,WG032,40.63850725810498,-111.5016215026881,7810.7,0,66.2,45.5,55.3,0.0,0.0,0.0
2026-09-24,9K Trail,Park City / PCMR,WG017,40.61454424262402,-111.5340694590712,9222.8,0,57.1,40.0,48.4,0.0,0.0,0.0
2026-09-24,A Toll New World,Summit Park,WG078,40.74525880222984,-111.59660432287036,6843.1,0,70.9,45.0,57.1,0.0,0.0,0.0
2026-09-24,Abilene Way,Jeremy Ranch / Glenwild,WG068,40.705162592888,-111.52848253655898,6454.0,0,73.0,40.6,56.3,0.0,0.0,0.0
2026-09-24,Agitator Trail,Deer Valley,WG028,40.62594479567907,-111.46053082324435,7171.6,0,67.9,47.2,57.0,0.0,0.0,0.0
2026-09-24,Alexander Creek Trail,Summit Park,WG093,40.75856130522611,-111.67962308025976,5873.5,1,72.9,52.8,62.7,0.0,0.0,0.0
2026-09-24,Alta-Brighton Trail,Park City / PCMR,WG009,40.59874189108338,-111.5904390735144,9081.0,0,57.0,41.7,48.8,0.0,0.0,0.0
2026-09-24,Ambush,Jeremy Ranch / Glenwild,WG063,40.694225906082366,-111.58181443950004,7757.7,1,66.7,46.9,55.2,0.0,0.0,0.0
2026-09-24,Amenti,Round Valley,WG067,40.71749758221375,-111.50096260266577,6526.6,0,72.3,41.2,55.6,0.0,0.0,0.0
2026-09-24,An Unexpected Journey Trail,Jordanelle,WG001,40.584095263003086,-111.41492155800285,6731.9,2,71.3,46.0,57.8,0.0,0.0,0.0
2026-09-24,Ancient Forest Loop,Round Valley,WG074,40.7314260153664,-111.49224006112888,6485.8,0,73.2,41.6,56.6,0.0,0.0,0.0
2026-09-24,Ant Farm,Jeremy Ranch / Glenwild,WG077,40.74632495230274,-111.55092174051572,6629.0,0,72.3,41.7,56.3,0.0,0.0,0.0
2026-09-24,Apex,Park City / PCMR,WG038,40.62520958876211,-111.53395003281469,9146.4,0,57.4,40.3,48.7,0.0,0.0,0.0
2026-09-24,April Mountain Trail,Deer Valley,WG047,40.650711302598815,-111.4870593388075,7472.0,0,69.3,43.8,56.0,0.0,0.0,0.0
2026-09-24,Armstrong,Park City / PCMR,WG051,40.65248508262897,-111.52994268919429,7566.3,0,67.2,46.2,55.4,0.0,0.0,0.0
2026-09-24,Ashley Avenue,Round Valley,WG057,40.68155854272997,-111.50389122653404,6794.6,0,70.7,42.9,55.8,0.0,0.0,0.0
2026-09-24,Aspen Slalom,Deer Valley,WG013,40.61311265842392,-111.48457791355952,8816.9,0,59.5,42.6,50.5,0.0,0.0,0.0
2026-09-24,BLT,Jeremy Ranch / Glenwild,WG070,40.71492142685356,-111.56084442077211,6927.9,0,71.8,41.2,55.8,0.0,0.0,0.0
2026-09-24,BYOB,Pinebrook,WG070,40.718283985000745,-111.55661288864135,6639.8,0,71.8,41.2,55.8,0.0,0.0,0.0
2026-09-24,Backslide,Round Valley,WG057,40.686236769495366,-111.49111386346571,6972.4,0,70.7,42.9,55.8,0.0,0.0,0.0
2026-09-24,Bad Apple,Jeremy Ranch / Glenwild,WG076,40.74937514368386,-111.56017979748744,6367.9,0,73.0,42.4,57.0,0.0,0.0,0.0
2026-09-24,Bamm Bamm,Round Valley,WG067,40.71001316656963,-111.50256230173504,6667.3,0,72.3,41.2,55.6,0.0,0.0,0.0
2026-09-24,Barrel Roll,Round Valley,WG058,40.69153134198254,-111.48458530535574,7017.0,0,70.1,42.3,55.2,0.0,0.0,0.0
2026-09-24,Beep Beep Trail,Jordanelle,WG001,40.59039066618902,-111.4033797731244,6670.3,2,71.3,46.0,57.8,0.0,0.0,0.0
2026-09-24,Big Dipper,Jordanelle,WG042,40.66018548005414,-111.43175307695702,6961.2,0,71.1,45.9,57.9,0.0,0.0,0.0
2026-09-24,Big Easy,Round Valley,WG057,40.696128326880846,-111.48285293654745,6776.5,0,70.7,42.9,55.8,0.0,0.0,0.0
2026-09-24,Black Forest,Deer Valley,WG016,40.61940428916709,-111.52036519166067,8929.3,0,59.4,42.5,50.4,0.0,0.0,0.0
2026-09-24,Blackhawk Trail,Jeremy Ranch / Glenwild,WG075,40.73111252615939,-111.53542276920604,6536.5,0,72.2,41.6,56.2,0.0,0.0,0.0
2026-09-24,Blazing Saddle,Park City / PCMR,WG020,40.61652898868821,-111.55635878361066,9384.9,0,56.8,39.8,48.1,0.0,0.0,0.0
2026-09-24,Bonanza Flat Overlook,Deer Valley,WG017,40.60116766018752,-111.5344182482656,9112.3,0,57.1,40.0,48.4,0.0,0.0,0.0
2026-09-24,Bonanza Loop Trail,Deer Valley,WG016,40.60282163896819,-111.52815381158308,8908.5,0,59.4,42.5,50.4,0.0,0.0,0.0
2026-09-24,Bonanza Trail,Deer Valley,WG046,40.661614248984336,-111.49584605339936,6814.3,0,70.3,44.9,57.1,0.0,0.0,0.0
2026-09-24,Boot Hill,Park City / PCMR,WG046,40.66311538182378,-111.50841776480048,6853.1,0,70.3,44.9,57.1,0.0,0.0,0.0
2026-09-24,Boot Hill Connect,Park City / PCMR,WG046,40.66384832032967,-111.50809692977944,6921.4,0,70.3,44.9,57.1,0.0,0.0,0.0
2026-09-24,Boulder,Deer Valley,WG013,40.61539223980999,-111.50399769475118,8635.0,0,59.5,42.6,50.5,0.0,0.0,0.0
2026-09-24,Boulder / Trump,Deer Valley,WG013,40.610998229404565,-111.50208555144307,8996.4,0,59.5,42.6,50.5,0.0,0.0,0.0
2026-09-24,Bourbon Street,Round Valley,WG067,40.70798253656,-111.48164466049944,6673.3,0,72.3,41.2,55.6,0.0,0.0,0.0
2026-09-24,Bow Hunter,Deer Valley,WG014,40.60108596513679,-111.48484426536052,9020.3,0,58.6,41.7,49.5,0.0,0.0,0.0
2026-09-24,Bow Hunter Extension,Deer Valley,WG005,40.59796119210968,-111.4848069886625,9014.7,0,58.7,41.8,49.7,0.0,0.0,0.0
2026-09-24,Brighton Lakes Trail,Park City / PCMR,WG009,40.59287052758444,-111.58751257009568,9276.0,0,57.0,41.7,48.8,0.0,0.0,0.0
2026-09-24,Bronto Jam,Round Valley,WG067,40.71004954775594,-111.501977414722,6672.8,0,72.3,41.2,55.6,0.0,0.0,0.0
2026-09-24,CMG,Park City / PCMR,WG035,40.645848884326966,-111.51679268892973,7606.5,0,66.8,45.8,55.0,0.0,0.0,0.0
2026-09-24,Cammy's,Round Valley,WG057,40.69072662264133,-111.49673800313964,6953.5,0,70.7,42.9,55.8,0.0,0.0,0.0
2026-09-24,Canyons Downhill,Pinebrook,WG061,40.68430916809496,-111.56849091879047,7666.2,1,67.1,47.3,55.5,0.0,0.0,0.0
2026-09-24,Catherine's Pass Trail,Park City / PCMR,WG010,40.585096359880005,-111.59078643106362,9753.9,0,55.1,39.8,46.9,0.0,0.0,0.0
2026-09-24,Claim Jumper,Park City / PCMR,WG036,40.63958065995946,-111.52518162563226,8147.6,0,62.5,43.4,52.8,0.0,0.0,0.0
2026-09-24,Clayton Peak Trail,Park City / PCMR,WG010,40.58693552999217,-111.57085635011327,9813.5,0,55.1,39.8,46.9,0.0,0.0,0.0
2026-09-24,Cobblestone Loop,Jeremy Ranch / Glenwild,WG084,40.75845647840704,-111.52582619388934,6805.4,0,71.0,48.2,58.1,0.0,0.0,0.0
2026-09-24,Cobblestone Trail,Jeremy Ranch / Glenwild,WG084,40.75512641497514,-111.52744418745776,6723.8,0,71.0,48.2,58.1,0.0,0.0,0.0
2026-09-24,Colin's Trail,Jeremy Ranch / Glenwild,WG060,40.69629937433107,-111.55671582168428,7029.9,0,69.6,46.5,56.7,0.0,0.0,0.0
2026-09-24,Colony Mid Mountain Connector,Park City / PCMR,WG052,40.65011049975458,-111.53932673410868,8429.2,1,62.2,41.9,52.2,0.0,0.0,0.0
2026-09-24,Comstock Mine Trail,Park City / PCMR,WG019,40.62270505527668,-111.54357954562096,8723.6,0,58.9,41.8,50.2,0.0,0.0,0.0
2026-09-24,Constellation Trail,Jordanelle,WG026,40.6428753631073,-111.43505033038012,6261.6,0,73.7,46.4,59.9,0.0,0.0,0.0
2026-09-24,Corvair,Deer Valley,WG016,40.61099169805087,-111.51230389508405,8648.6,0,59.4,42.5,50.4,0.0,0.0,0.0
2026-09-24,Corvair (Upper),Deer Valley,WG016,40.60840912265719,-111.51090449857222,8883.3,0,59.4,42.5,50.4,0.0,0.0,0.0
2026-09-24,Corvair Connector,Deer Valley,WG016,40.61070239150149,-111.5115633319795,8812.1,0,59.4,42.5,50.4,0.0,0.0,0.0
2026-09-24,Cousin Eddy Trail,Clark Ranch,WG044,40.66170094764518,-111.45386933866466,6817.2,0,70.8,43.6,56.6,0.0,0.0,0.0
2026-09-24,Coyote Loop Trail,Jordanelle,WG001,40.58676467246392,-111.40272629625528,6895.7,2,71.3,46.0,57.8,0.0,0.0,0.0
2026-09-24,Crazy Eights,Jeremy Ranch / Glenwild,WG077,40.74908550583131,-111.55291850861556,6580.7,0,72.3,41.7,56.3,0.0,0.0,0.0
2026-09-24,Crescent Ridge,Park City / PCMR,WG036,40.64328062856461,-111.5205999025961,8289.2,0,62.5,43.4,52.8,0.0,0.0,0.0
2026-09-24,Cutter Lane,Jeremy Ranch / Glenwild,WG068,40.7083260127391,-111.53140227257067,6437.7,0,73.0,40.6,56.3,0.0,0.0,0.0
2026-09-24,Cyn City,Park City / PCMR,WG016,40.62106458390316,-111.52108056020784,8700.1,0,59.4,42.5,50.4,0.0,0.0,0.0
2026-09-24,Daily Overlook,Deer Valley,WG031,40.631723443280656,-111.4987920660294,7430.4,0,67.5,46.8,56.6,0.0,0.0,0.0
2026-09-24,Daly Avenue,Deer Valley,WG031,40.63079192228995,-111.49966938212476,7430.3,0,67.5,46.8,56.6,0.0,0.0,0.0
2026-09-24,Daly Bypass,Deer Valley,WG031,40.63469577874592,-111.4972952534869,7351.3,0,67.5,46.8,56.6,0.0,0.0,0.0
2026-09-24,Daly Canyon,Deer Valley,WG011,40.620194319264456,-111.50922727258838,7986.4,0,64.0,44.9,54.3,0.0,0.0,0.0
2026-09-24,Daly Grind,Deer Valley,WG011,40.62436395642222,-111.5065519695764,7745.3,0,64.0,44.9,54.3,0.0,0.0,0.0
2026-09-24,Dawns Trail,Park City / PCMR,WG051,40.65039115727101,-111.52578815180028,7505.7,0,67.2,46.2,55.4,0.0,0.0,0.0
2026-09-24,Dead Reckoning,Summit Park,WG078,40.74804102527887,-111.5901705440554,6808.0,0,70.9,45.0,57.1,0.0,0.0,0.0
2026-09-24,Dead Tree,Park City / PCMR,WG021,40.611358588022426,-111.54588982448988,9653.6,0,54.0,38.9,45.9,0.0,0.0,0.0
2026-09-24,Deep Park Circle,Jordanelle,WG026,40.626894083286025,-111.43587347972714,6383.2,0,73.7,46.4,59.9,0.0,0.0,0.0
2026-09-24,Deer Camp,Deer Valley,WG013,40.60519585339864,-111.4911066437841,8920.6,0,59.5,42.6,50.5,0.0,0.0,0.0
2026-09-24,Deer Crest,Deer Valley,WG029,40.63553157935396,-111.47424740401932,7612.2,0,66.5,45.8,55.7,0.0,0.0,0.0
2026-09-24,Devo,Deer Valley,WG032,40.6296740826892,-111.48374523511592,7963.4,0,66.2,45.5,55.3,0.0,0.0,0.0
2026-09-24,Discovery,Summit Park,WG078,40.74903521550762,-111.59463162387972,6614.4,0,70.9,45.0,57.1,0.0,0.0,0.0
2026-09-24,Downward Dog,Round Valley,WG057,40.68865758594976,-111.48489883261024,6958.5,0,70.7,42.9,55.8,0.0,0.0,0.0
2026-09-24,Dropout,Jeremy Ranch / Glenwild,WG077,40.74673233142679,-111.55449028155309,6576.0,0,72.3,41.7,56.3,0.0,0.0,0.0
2026-09-24,Dubois,Jeremy Ranch / Glenwild,WG059,40.698630398586985,-111.55581872982933,6878.9,0,71.9,39.6,55.2,0.0,0.0,0.0
2026-09-24,Eagle Cove,Round Valley,WG057,40.68665016051084,-111.49786169389527,6799.6,0,70.7,42.9,55.8,0.0,0.0,0.0
2026-09-24,Eagle Trail,Park City / PCMR,WG051,40.65138382915936,-111.51929067308184,7664.9,0,67.2,46.2,55.4,0.0,0.0,0.0
2026-09-24,Eagle Way,Park City / PCMR,WG048,40.65295946154777,-111.48775315119684,7538.9,0,67.0,46.3,56.1,0.0,0.0,0.0
2026-09-24,East Fallen Pines Lane,Park City / PCMR,WG022,40.61551642366452,-111.57912837068116,8712.4,2,60.2,40.1,49.9,0.0,0.0,0.0
2026-09-24,Easy Rider,Park City / PCMR,WG009,40.59580193116481,-111.57632308440664,9141.3,0,57.0,41.7,48.8,0.0,0.0,0.0
2026-09-24,Ecker Hill Trail,Pinebrook,WG076,40.740364526144575,-111.5667817840803,6401.3,0,73.0,42.4,57.0,0.0,0.0,0.0
2026-09-24,Empire Alternate,Deer Valley,WG032,40.62635819528807,-111.50016350153602,7943.1,0,66.2,45.5,55.3,0.0,0.0,0.0
2026-09-24,Empire Link,Deer Valley,WG012,40.62422557470265,-111.50748256286928,8022.2,0,63.3,44.6,53.4,0.0,0.0,0.0
2026-09-24,Empire Lodge,Deer Valley,WG015,40.61442062316093,-111.51298418240138,8439.2,0,62.6,43.5,52.9,0.0,0.0,0.0
2026-09-24,Empire Pass Connector,Deer Valley,WG016,40.60627316294136,-111.51481095351645,8948.4,0,59.4,42.5,50.4,0.0,0.0,0.0
2026-09-24,Equestrian,Round Valley,WG067,40.70215181343843,-111.50219785223597,6719.1,0,72.3,41.2,55.6,0.0,0.0,0.0
2026-09-24,Euston,Round Valley,WG047,40.65772556817424,-111.48315877249176,7062.9,0,69.3,43.8,56.0,0.0,0.0,0.0
2026-09-24,Evil Empire,Park City / PCMR,WG016,40.61923823662483,-111.52513988679308,8746.8,0,59.4,42.5,50.4,0.0,0.0,0.0
2026-09-24,Fairway Hills Trail,Round Valley,WG055,40.67853348641883,-111.47699791832557,6747.4,0,71.4,43.2,56.2,0.0,0.0,0.0
2026-09-24,Family Truckster Trail,Clark Ranch,WG044,40.66038172048119,-111.452885753204,6847.4,0,70.8,43.6,56.6,0.0,0.0,0.0
2026-09-24,Fast Pitch Trail,Round Valley,WG055,40.6798165110769,-111.47671870073196,6759.1,0,71.4,43.2,56.2,0.0,0.0,0.0
2026-09-24,Fat Lip,Park City / PCMR,WG016,40.62192963761681,-111.5279713594279,8931.1,0,59.4,42.5,50.4,0.0,0.0,0.0
2026-09-24,Field Stone,Round Valley,WG067,40.71706243943152,-111.49059329339536,6526.3,0,72.3,41.2,55.6,0.0,0.0,0.0
2026-09-24,Fink Again,Jeremy Ranch / Glenwild,WG086,40.75125285000831,-111.55541181172696,6586.2,0,72.1,41.5,56.1,0.0,0.0,0.0
2026-09-24,Finns,Deer Valley,WG028,40.640763495812735,-111.47689190658058,7214.2,0,67.9,47.2,57.0,0.0,0.0,0.0
2026-09-24,Fireswamp,Deer Valley,WG013,40.61340925382439,-111.48239833860336,8873.0,0,59.5,42.6,50.5,0.0,0.0,0.0
2026-09-24,First Time,Park City / PCMR,WG050,40.65050878239233,-111.51048291433958,7041.1,0,69.7,44.3,56.5,0.0,0.0,0.0
2026-09-24,First Time Return,Park City / PCMR,WG050,40.65021414919943,-111.51090683334832,7073.8,0,69.7,44.3,56.5,0.0,0.0,0.0
2026-09-24,Flagstaff Loop,Deer Valley,WG013,40.60758047007656,-111.496735533601,8898.0,0,59.5,42.6,50.5,0.0,0.0,0.0
2026-09-24,Flat Cable,Park City / PCMR,WG032,40.644102718034645,-111.505628746172,7565.4,0,66.2,45.5,55.3,0.0,0.0,0.0
2026-09-24,Flat Iron,Park City / PCMR,WG036,40.62696082564811,-111.51719430456902,8393.5,0,62.5,43.4,52.8,0.0,0.0,0.0
2026-09-24,Flying Dog,Jeremy Ranch / Glenwild,WG087,40.77237660098178,-111.54161762597796,7321.2,0,68.5,46.5,56.0,0.0,0.0,0.0
2026-09-24,Forest Glen Trail,Park City / PCMR,WG022,40.61089948644494,-111.5784844905115,8765.8,2,60.2,40.1,49.9,0.0,0.0,0.0
2026-09-24,Fox Tail Trail,Round Valley,WG045,40.66564803508002,-111.47503092801368,7133.0,0,69.0,43.6,55.8,0.0,0.0,0.0
2026-09-24,Freemason,Park City / PCMR,WG046,40.65768683021079,-111.49819012622744,6949.6,0,70.3,44.9,57.1,0.0,0.0,0.0
2026-09-24,Full Steam Billy,Park City / PCMR,WG031,40.64842922650065,-111.4945100220623,7246.4,0,67.5,46.8,56.6,0.0,0.0,0.0
2026-09-24,Gambel Oak Cut,Round Valley,WG045,40.65967079074984,-111.47871602858976,7240.9,0,69.0,43.6,55.8,0.0,0.0,0.0
2026-09-24,Gambel Oak North,Park City / PCMR,WG047,40.65915752473873,-111.48180315635692,7112.6,0,69.3,43.8,56.0,0.0,0.0,0.0
2026-09-24,Gambel Oak Trail,Park City / PCMR,WG031,40.64847351910524,-111.48419757905585,7408.0,0,67.5,46.8,56.6,0.0,0.0,0.0
2026-09-24,Gap Bypass Trail,Deer Valley,WG028,40.64123747413292,-111.47577580871994,7306.6,0,67.9,47.2,57.0,0.0,0.0,0.0
2026-09-24,Gap Loop,Deer Valley,WG028,40.6409109833561,-111.47399614902376,7445.8,0,67.9,47.2,57.0,0.0,0.0,0.0
2026-09-24,Glenwild Loop,Jeremy Ranch / Glenwild,WG075,40.73989427988239,-111.52813430357229,6701.6,0,72.2,41.6,56.2,0.0,0.0,0.0
2026-09-24,Glenwild Loop / Wasatch,Jeremy Ranch / Glenwild,WG074,40.74589846722535,-111.509614206256,6451.3,0,73.2,41.6,56.6,0.0,0.0,0.0
2026-09-24,Gold Finger,Park City / PCMR,WG053,40.65997467243904,-111.55431689925648,8081.9,1,63.0,42.7,53.0,0.0,0.0,0.0
2026-09-24,Golden Needle,Park City / PCMR,WG008,40.59452078975266,-111.56725110409884,9811.4,0,53.9,38.8,45.8,0.0,0.0,0.0
2026-09-24,Gorgoza Park,Pinebrook,WG089,40.75144469967726,-111.581432624726,6619.5,0,71.2,45.3,57.4,0.0,0.0,0.0
2026-09-24,Gotcha Cuttoff,Park City / PCMR,WG035,40.64587964864319,-111.5166123821088,7673.2,0,66.8,45.8,55.0,0.0,0.0,0.0
2026-09-24,Grave Digger,Deer Valley,WG032,40.62962271716946,-111.50201210924322,7682.6,0,66.2,45.5,55.3,0.0,0.0,0.0
2026-09-24,Great Western Trail,Wasatch Crest / Millcreek,WG092,40.77286580912175,-111.6406537725031,7571.3,0,67.6,41.1,54.2,0.0,0.0,0.0
2026-09-24,Great Western Trail / Great Western Trail bypass,Wasatch Crest / Millcreek,WG091,40.7535574542296,-111.6313027356856,7111.8,0,69.0,44.7,56.4,0.0,0.0,0.0
2026-09-24,H.A.M.,Park City / PCMR,WG035,40.64547382276132,-111.53139851516626,7780.5,0,66.8,45.8,55.0,0.0,0.0,0.0
2026-09-24,Hang Time South,Park City / PCMR,WG046,40.65853660632904,-111.49606808644194,6970.8,0,70.3,44.9,57.1,0.0,0.0,0.0
2026-09-24,Happy Gilmor,Round Valley,WG067,40.70712360033319,-111.5014684546231,6569.0,0,72.3,41.2,55.6,0.0,0.0,0.0
2026-09-24,Happy Trailside,Round Valley,WG067,40.708413441306845,-111.50471867526606,6595.6,0,72.3,41.2,55.6,0.0,0.0,0.0
2026-09-24,Hat Trick Trail,Round Valley,WG055,40.678830976721535,-111.47596646172724,6757.0,0,71.4,43.2,56.2,0.0,0.0,0.0
2026-09-24,Heard It Both Ways Trail,Deer Valley,WG004,40.593082879194085,-111.49125770411068,8855.0,0,59.9,42.9,50.8,0.0,0.0,0.0
2026-09-24,Hidden Cove,Summit Park,WG089,40.756655895607175,-111.597334386164,6686.2,0,71.2,45.3,57.4,0.0,0.0,0.0
2026-09-24,High Meadows Connector,Pinebrook,WG076,40.74134938710701,-111.56847869190176,6429.9,0,73.0,42.4,57.0,0.0,0.0,0.0
2026-09-24,High Side,Round Valley,WG055,40.69388247977245,-111.4770589235944,6909.3,0,71.4,43.2,56.2,0.0,0.0,0.0
2026-09-24,Holly's,Pinebrook,WG063,40.68604417524608,-111.57782170773478,7824.2,1,66.7,46.9,55.2,0.0,0.0,0.0
2026-09-24,Holy Roller,Deer Valley,WG013,40.6113609111251,-111.48708066137604,8716.2,0,59.5,42.6,50.5,0.0,0.0,0.0
2026-09-24,Humdinger,Deer Valley,WG029,40.626356336628135,-111.46720603877804,7537.3,0,66.5,45.8,55.7,0.0,0.0,0.0
2026-09-24,Insurgent,Jeremy Ranch / Glenwild,WG063,40.68610182305705,-111.58195303109213,7873.2,1,66.7,46.9,55.2,0.0,0.0,0.0
2026-09-24,Io Trail (Middle),Deer Valley,WG017,40.61025792344493,-111.52770861008732,9342.5,0,57.1,40.0,48.4,0.0,0.0,0.0
2026-09-24,Iron Bill,Jeremy Ranch / Glenwild,WG071,40.70817834974828,-111.55726593666238,7034.2,0,69.1,46.0,56.2,0.0,0.0,0.0
2026-09-24,Iron Man,Park City / PCMR,WG053,40.6585520468376,-111.5452566956134,8305.8,1,63.0,42.7,53.0,0.0,0.0,0.0
2026-09-24,Iron Mountain Trail,Park City / PCMR,WG054,40.65649532455427,-111.54475504732362,8753.8,1,61.0,40.8,51.0,0.0,0.0,0.0
2026-09-24,Izzy's Inferno (Dog Pound),Deer Valley,WG012,40.619811878384205,-111.48856422719636,8193.5,0,63.3,44.6,53.4,0.0,0.0,0.0
2026-09-24,Jailbreak,Jeremy Ranch / Glenwild,WG085,40.75712939272894,-111.56214780445411,6277.4,0,72.4,46.6,58.7,0.0,0.0,0.0
2026-09-24,Jeep Hill (Safety Coridoor),Deer Valley,WG013,40.60451306969404,-111.50923514571896,8820.6,0,59.5,42.6,50.5,0.0,0.0,0.0
2026-09-24,Jenni's Trail,Park City / PCMR,WG034,40.64869166733497,-111.51220769740809,7207.7,0,68.2,47.1,56.3,0.0,0.0,0.0
2026-09-24,Jenni's Trail upper,Park City / PCMR,WG035,40.63937813819639,-111.5112423147728,7789.7,0,66.8,45.8,55.0,0.0,0.0,0.0
2026-09-24,Johns '99,Park City / PCMR,WG033,40.62911828578874,-111.50998374795329,8128.2,0,63.3,44.1,53.6,0.0,0.0,0.0
2026-09-24,Johns 99,Deer Valley,WG015,40.62450457371346,-111.51231498110546,8231.6,0,62.6,43.5,52.9,0.0,0.0,0.0
2026-09-24,Johns Trail,Park City / PCMR,WG033,40.63760825426597,-111.50539626371148,8041.4,0,63.3,44.1,53.6,0.0,0.0,0.0
2026-09-24,Jordanelle (West Bank) Trail,Jordanelle,WG026,40.63639192686843,-111.4311179892118,6210.9,0,73.7,46.4,59.9,0.0,0.0,0.0
2026-09-24,Jordanelle Perimeter Trail,Jordanelle,WG024,40.633349610731685,-111.4121970547725,6216.7,0,73.9,46.6,60.0,0.0,0.0,0.0
2026-09-24,Jupiter Peak,Park City / PCMR,WG021,40.610319419324455,-111.54904593331813,9871.3,0,54.0,38.9,45.9,0.0,0.0,0.0
2026-09-24,Jupiter Ridge,Park City / PCMR,WG018,40.61268065771163,-111.53867835914352,9869.4,0,54.2,39.0,46.1,0.0,0.0,0.0
2026-09-24,Kaboom Trail / Call Sign Casa Trail,Jordanelle,WG027,40.62794719612903,-111.45468580169128,6888.6,0,71.2,44.9,57.7,0.0,0.0,0.0
2026-09-24,Kari's,Round Valley,WG055,40.69160040530727,-111.47515847036864,6850.2,0,71.4,43.2,56.2,0.0,0.0,0.0
2026-09-24,Keetley,Jordanelle,WG024,40.6438983646529,-111.4097274639112,6255.4,0,73.9,46.6,60.0,0.0,0.0,0.0
2026-09-24,Keystone Trail,Park City / PCMR,WG037,40.62506440637064,-111.53055382777043,8890.7,0,61.4,42.2,51.7,0.0,0.0,0.0
2026-09-24,La Dee Duh,Round Valley,WG057,40.69261799590889,-111.5001632592338,6864.5,0,70.7,42.9,55.8,0.0,0.0,0.0
2026-09-24,Lavina,Deer Valley,WG006,40.58376333945228,-111.52567195673171,8621.7,0,60.3,43.3,51.2,0.0,0.0,0.0
2026-09-24,Legacy Loop,Jeremy Ranch / Glenwild,WG071,40.705995804360256,-111.55961886682412,7342.6,0,69.1,46.0,56.2,0.0,0.0,0.0
2026-09-24,Legacy Ridge,Jeremy Ranch / Glenwild,WG071,40.70648419743829,-111.5603960205038,7414.3,0,69.1,46.0,56.2,0.0,0.0,0.0
2026-09-24,Legacy. Loop,Jeremy Ranch / Glenwild,WG071,40.70737188748682,-111.5599210439625,7363.1,0,69.1,46.0,56.2,0.0,0.0,0.0
2026-09-24,Link,Deer Valley,WG015,40.624117394272574,-111.51614328186776,8385.3,0,62.6,43.5,52.9,0.0,0.0,0.0
2026-09-24,Little Chief,Deer Valley,WG015,40.61872839208637,-111.51243052868438,8322.6,0,62.6,43.5,52.9,0.0,0.0,0.0
2026-09-24,Little Engine Trail,Summit Park,WG089,40.756690732809,-111.59562244098744,6709.3,0,71.2,45.3,57.4,0.0,0.0,0.0
2026-09-24,Little Stick,Deer Valley,WG028,40.63409637421967,-111.478301770839,7464.6,0,67.9,47.2,57.0,0.0,0.0,0.0
2026-09-24,Longview,Jordanelle,WG040,40.65785550770212,-111.4151527495857,6299.6,0,73.7,46.4,59.8,0.0,0.0,0.0
2026-09-24,Looney Tunes Trail,Jordanelle,WG002,40.58370423178651,-111.40605522395904,7149.3,2,69.6,44.3,56.1,0.0,0.0,0.0
2026-09-24,Loose Moose,Park City / PCMR,WG031,40.64358346695202,-111.50940341630726,7446.3,0,67.5,46.8,56.6,0.0,0.0,0.0
2026-09-24,Lost Prospector,Park City / PCMR,WG047,40.659849225736586,-111.4888557229514,7044.5,0,69.3,43.8,56.0,0.0,0.0,0.0
2026-09-24,Lower Devo Trail,Deer Valley,WG032,40.63290230557317,-111.48205615844142,7656.5,0,66.2,45.5,55.3,0.0,0.0,0.0
2026-09-24,Lower Masonic,Park City / PCMR,WG047,40.65358630670372,-111.49972319928794,7113.0,0,69.3,43.8,56.0,0.0,0.0,0.0
2026-09-24,Lower Sparky Trail,Clark Ranch,WG044,40.66761130235187,-111.4559551589961,6689.8,0,70.8,43.6,56.6,0.0,0.0,0.0
2026-09-24,Lower Village,Deer Valley,WG028,40.64043848354113,-111.46360640728942,7008.1,0,67.9,47.2,57.0,0.0,0.0,0.0
2026-09-24,Lynx #2,Round Valley,WG044,40.66734087696376,-111.46694625830712,6898.8,0,70.8,43.6,56.6,0.0,0.0,0.0
2026-09-24,Masonic,Park City / PCMR,WG047,40.65628760128763,-111.48965728213436,7283.0,0,69.3,43.8,56.0,0.0,0.0,0.0
2026-09-24,Matt's Flat,Round Valley,WG057,40.68924275786925,-111.49221205396208,6921.6,0,70.7,42.9,55.8,0.0,0.0,0.0
2026-09-24,McConkeys,Park City / PCMR,WG016,40.617956923480186,-111.52625119796232,8958.8,0,59.4,42.5,50.4,0.0,0.0,0.0
2026-09-24,McConkeys / Io Trail (Middle),Park City / PCMR,WG018,40.61168680632571,-111.53326494678502,9588.6,0,54.2,39.0,46.1,0.0,0.0,0.0
2026-09-24,McHenry Avenue,Deer Valley,WG031,40.640126864152855,-111.49219625319049,7274.9,0,67.5,46.8,56.6,0.0,0.0,0.0
2026-09-24,Mid-Mountain Connect,Park City / PCMR,WG036,40.63223012461414,-111.51309555497544,8201.7,0,62.5,43.4,52.8,0.0,0.0,0.0
2026-09-24,Mid-Mountain Trail,Park City / PCMR,WG036,40.64534582424172,-111.53118141177607,8168.3,0,62.5,43.4,52.8,0.0,0.0,0.0
2026-09-24,Milky Way,Jordanelle,WG042,40.65767372971338,-111.43373089841624,6795.1,0,71.1,45.9,57.9,0.0,0.0,0.0
2026-09-24,Milky Way / Two Rocks,Jordanelle,WG042,40.66056479638159,-111.42608338059031,6558.6,0,71.1,45.9,57.9,0.0,0.0,0.0
2026-09-24,Miner's Mile,Park City / PCMR,WG036,40.62728968091632,-111.51804021102016,8457.0,0,62.5,43.4,52.8,0.0,0.0,0.0
2026-09-24,Miss Billy's,Jeremy Ranch / Glenwild,WG059,40.69127466685039,-111.54016400735836,6614.6,0,71.9,39.6,55.2,0.0,0.0,0.0
2026-09-24,Mojave,Park City / PCMR,WG037,40.634971780917176,-111.5211432294971,8540.4,0,61.4,42.2,51.7,0.0,0.0,0.0
2026-09-24,Moose Hollow,Summit Park,WG088,40.76397899834495,-111.58866445905328,6467.6,0,71.9,46.1,58.1,0.0,0.0,0.0
2026-09-24,Moose Poop,Deer Valley,WG032,40.633538239133244,-111.50120248027572,7607.1,0,66.2,45.5,55.3,0.0,0.0,0.0
2026-09-24,Moose Puddle,Pinebrook,WG071,40.70548588260783,-111.56718578772085,7487.6,0,69.1,46.0,56.2,0.0,0.0,0.0
2026-09-24,Moose Tracks Trail,Park City / PCMR,WG009,40.59516414126596,-111.57427709390586,9258.1,0,57.0,41.7,48.8,0.0,0.0,0.0
2026-09-24,Moosebones,Deer Valley,WG013,40.61167254823319,-111.50326786094648,8857.2,0,59.5,42.6,50.5,0.0,0.0,0.0
2026-09-24,Moosehouse,Park City / PCMR,WG032,40.63204398195126,-111.5038481086022,7902.6,0,66.2,45.5,55.3,0.0,0.0,0.0
2026-09-24,Mother Urban,Deer Valley,WG032,40.63167066031289,-111.5034058570439,7904.1,0,66.2,45.5,55.3,0.0,0.0,0.0
2026-09-24,Mountain Ranch,Jeremy Ranch / Glenwild,WG066,40.719482563829935,-111.5082007499112,6453.3,0,72.9,41.7,56.2,0.0,0.0,0.0
2026-09-24,Mountain Ranch Estates,Round Valley,WG067,40.7173985998433,-111.50812726137713,6520.0,0,72.3,41.2,55.6,0.0,0.0,0.0
2026-09-24,Mountain Willow,Round Valley,WG067,40.71402930681007,-111.48565937361776,6571.7,0,72.3,41.2,55.6,0.0,0.0,0.0
2026-09-24,Mr Muchrocks,Round Valley,WG067,40.70904482572548,-111.50323360919846,6653.2,0,72.3,41.2,55.6,0.0,0.0,0.0
2026-09-24,NCS,Deer Valley,WG032,40.62911396321707,-111.4803727621932,7992.5,0,66.2,45.5,55.3,0.0,0.0,0.0
2026-09-24,Nick NAC,Round Valley,WG057,40.69210865876878,-111.490120990647,6959.3,0,70.7,42.9,55.8,0.0,0.0,0.0
2026-09-24,No Worries,Summit Park,WG081,40.73716048778493,-111.60234213265907,7289.1,0,67.9,47.3,56.3,0.0,0.0,0.0
2026-09-24,North 400 West,Jeremy Ranch / Glenwild,WG068,40.70279368500318,-111.51897621463831,6441.4,0,73.0,40.6,56.3,0.0,0.0,0.0
2026-09-24,North Ross Creek Trail,Jordanelle,WG041,40.66585897507511,-111.42082357173696,6405.0,0,73.3,46.0,59.4,0.0,0.0,0.0
2026-09-24,Nowhere Elks,Round Valley,WG058,40.69018989582584,-111.48311322310164,7036.6,0,70.1,42.3,55.2,0.0,0.0,0.0
2026-09-24,OMG,Deer Valley,WG032,40.631226274970665,-111.4973428195913,7571.3,0,66.2,45.5,55.3,0.0,0.0,0.0
2026-09-24,OMH,Pinebrook,WG070,40.71997692753587,-111.55773747935044,6677.5,0,71.8,41.2,55.8,0.0,0.0,0.0
2026-09-24,Oh Deer Flow,Jordanelle,WG041,40.66237367218405,-111.42118550237925,6403.1,0,73.3,46.0,59.4,0.0,0.0,0.0
2026-09-24,Old Homeward Bound,Deer Valley,WG012,40.61357496233911,-111.48964629692756,8441.1,0,63.3,44.6,53.4,0.0,0.0,0.0
2026-09-24,Old Skool,Deer Valley,WG032,40.631898683587,-111.48423208918877,7827.2,0,66.2,45.5,55.3,0.0,0.0,0.0
2026-09-24,Old Stage Crest Connect,Park City / PCMR,WG023,40.61247305094488,-111.5715274805363,9057.3,0,57.7,40.7,49.0,0.0,0.0,0.0
2026-09-24,Olympic,Pinebrook,WG064,40.69996684096533,-111.57868853500152,8004.0,1,63.0,45.1,53.4,0.0,0.0,0.0
2026-09-24,Ontario Canyon,Deer Valley,WG013,40.61130277448227,-111.48755898005427,8755.1,0,59.5,42.6,50.5,0.0,0.0,0.0
2026-09-24,Ontario Ridge,Deer Valley,WG032,40.62821582013441,-111.49780973717266,7815.3,0,66.2,45.5,55.3,0.0,0.0,0.0
2026-09-24,Ore Cart,Deer Valley,WG015,40.621755910380834,-111.51139929264724,8146.4,0,62.6,43.5,52.9,0.0,0.0,0.0
2026-09-24,Outlook,Deer Valley,WG029,40.63657831428653,-111.4685462481628,7646.2,0,66.5,45.8,55.7,0.0,0.0,0.0
2026-09-24,Pale Green Dot,Summit Park,WG078,40.74689592786439,-111.59182437672968,6802.1,0,70.9,45.0,57.1,0.0,0.0,0.0
2026-09-24,Parley's Lane,Summit Park,WG089,40.75375624958085,-111.59849347383722,6719.0,0,71.2,45.3,57.4,0.0,0.0,0.0
2026-09-24,Payday,Park City / PCMR,WG035,40.64053545819342,-111.51124538504462,7598.1,0,66.8,45.8,55.0,0.0,0.0,0.0
2026-09-24,Payroll,Deer Valley,WG013,40.61095393430099,-111.5094443089702,8630.4,0,59.5,42.6,50.5,0.0,0.0,0.0
2026-09-24,Pedalers Inn,Deer Valley,WG012,40.61923438649311,-111.4865707901735,8286.8,0,63.3,44.6,53.4,0.0,0.0,0.0
2026-09-24,Perrier Pass,Park City / PCMR,WG017,40.61814002894983,-111.53826776190397,9445.9,0,57.1,40.0,48.4,0.0,0.0,0.0
2026-09-24,Pinebrook Point,Pinebrook,WG089,40.75079411917499,-111.57994193527573,6623.3,0,71.2,45.3,57.4,0.0,0.0,0.0
2026-09-24,Pinebrook Pointe South,Pinebrook,WG078,40.74959135152933,-111.5795998040212,6632.5,0,70.9,45.0,57.1,0.0,0.0,0.0
2026-09-24,Pinebrook Southeast Perimeter / Hunter's Trail of the Mid Mountain,Pinebrook,WG072,40.71419878562093,-111.5896757552273,7875.5,0,66.4,45.8,54.8,0.0,0.0,0.0
2026-09-24,Pinebrook Southeast Perimeter / Pinebrook SE Perimeter,Pinebrook,WG079,40.72863077219642,-111.58102679054537,7392.0,0,68.9,45.8,56.0,0.0,0.0,0.0
2026-09-24,Pinebrook Southeast Perimeter Trail,Pinebrook,WG078,40.73058687532795,-111.57244227312069,6947.5,0,70.9,45.0,57.1,0.0,0.0,0.0
2026-09-24,Pinecone Ridge,Park City / PCMR,WG039,40.63337906740186,-111.54644099265712,9084.9,0,57.6,40.6,48.9,0.0,0.0,0.0
2026-09-24,Pioneer Ridge,Park City / PCMR,WG018,40.61649374604546,-111.53892521633333,9598.5,0,54.2,39.0,46.1,0.0,0.0,0.0
2026-09-24,Pipeline,Deer Valley,WG028,40.63885618836171,-111.46966538134832,7356.9,0,67.9,47.2,57.0,0.0,0.0,0.0
2026-09-24,Pointy Rocks,Deer Valley,WG031,40.63679995846106,-111.48172224533342,7428.0,0,67.5,46.8,56.6,0.0,0.0,0.0
2026-09-24,PorcUclimb,Round Valley,WG058,40.69402326414524,-111.48517031749344,7064.7,0,70.1,42.3,55.2,0.0,0.0,0.0
2026-09-24,Powerline,Pinebrook,WG078,40.74237998272819,-111.5716363238219,6548.4,0,70.9,45.0,57.1,0.0,0.0,0.0
2026-09-24,Powerline Connector,Pinebrook,WG078,40.74298978990414,-111.5728828415412,6585.6,0,70.9,45.0,57.1,0.0,0.0,0.0
2026-09-24,Powerline Trail,Park City / PCMR,WG036,40.63015217582808,-111.53743024085954,8362.6,0,62.5,43.4,52.8,0.0,0.0,0.0
2026-09-24,Practice Loops,Round Valley,WG055,40.68336469607561,-111.47532267974417,6752.0,0,71.4,43.2,56.2,0.0,0.0,0.0
2026-09-24,Preserve Connector,Jeremy Ranch / Glenwild,WG087,40.76330147562161,-111.54585203221042,7230.0,0,68.5,46.5,56.0,0.0,0.0,0.0
2026-09-24,Princess Di's,Clark Ranch,WG083,40.751465442037045,-111.43628535405452,6858.8,0,71.1,44.8,56.7,0.0,0.0,0.0
2026-09-24,Prospect,Deer Valley,WG031,40.63405408516434,-111.49547333835608,7482.8,0,67.5,46.8,56.6,0.0,0.0,0.0
2026-09-24,Pulp Friction,Round Valley,WG057,40.69884233324062,-111.50344523686547,6681.3,0,70.7,42.9,55.8,0.0,0.0,0.0
2026-09-24,Putty Tat Trail,Jordanelle,WG001,40.59267845848291,-111.40267007297948,6514.0,2,71.3,46.0,57.8,0.0,0.0,0.0
2026-09-24,Quinn's Connect,Round Valley,WG055,40.68185946906874,-111.4726829059293,6720.8,0,71.4,43.2,56.2,0.0,0.0,0.0
2026-09-24,RTS,Jeremy Ranch / Glenwild,WG070,40.71664642216084,-111.55523569599896,6598.1,0,71.8,41.2,55.8,0.0,0.0,0.0
2026-09-24,RTS / BLT,Jeremy Ranch / Glenwild,WG070,40.71544842193981,-111.5580228733734,6768.3,0,71.8,41.2,55.8,0.0,0.0,0.0
2026-09-24,Rademan Ridge,Round Valley,WG057,40.69522706920315,-111.49835765815162,6895.6,0,70.7,42.9,55.8,0.0,0.0,0.0
2026-09-24,Ramble On,Round Valley,WG067,40.70159467934347,-111.48028465593316,6781.5,0,72.3,41.2,55.6,0.0,0.0,0.0
2026-09-24,Rambler,Round Valley,WG057,40.69772226627651,-111.49065578495473,6809.2,0,70.7,42.9,55.8,0.0,0.0,0.0
2026-09-24,Rambler DT,Round Valley,WG056,40.699080350519786,-111.50674680507665,6485.7,0,72.8,41.7,56.1,0.0,0.0,0.0
2026-09-24,Red Bull,Park City / PCMR,WG035,40.63958635838598,-111.51326842477698,7769.0,0,66.8,45.8,55.0,0.0,0.0,0.0
2026-09-24,Regulator Trail,Deer Valley,WG033,40.62910164594688,-111.48142418804063,8033.8,0,63.3,44.1,53.6,0.0,0.0,0.0
2026-09-24,Richochet,Park City / PCMR,WG062,40.68638148266805,-111.57139393545772,7468.3,1,67.8,48.0,56.2,0.0,0.0,0.0
2026-09-24,Rinse Cycle Trail,Deer Valley,WG028,40.62990230274806,-111.45944053119273,7191.1,0,67.9,47.2,57.0,0.0,0.0,0.0
2026-09-24,Ripple Trail,Deer Valley,WG029,40.63554405253732,-111.47490110184252,7588.0,0,66.5,45.8,55.7,0.0,0.0,0.0
2026-09-24,Riverview West Trail,Jordanelle,WG001,40.58565113588149,-111.41386481977428,6730.6,2,71.3,46.0,57.8,0.0,0.0,0.0
2026-09-24,Road to WOS,Summit Park,WG082,40.73344363030311,-111.61407104321202,7712.2,0,66.5,45.8,54.8,0.0,0.0,0.0
2026-09-24,Rob's Trail,Pinebrook,WG063,40.69704664952428,-111.5702364046946,7584.0,1,66.7,46.9,55.2,0.0,0.0,0.0
2026-09-24,RocMon,Round Valley,WG055,40.68788668982749,-111.4548390225179,6677.5,0,71.4,43.2,56.2,0.0,0.0,0.0
2026-09-24,Rock Chuck Trail,Park City / PCMR,WG008,40.58874474594925,-111.56839301918852,9680.6,0,53.9,38.8,45.8,0.0,0.0,0.0
2026-09-24,Rogue Rider Trail,Park City / PCMR,WG020,40.60699361060532,-111.56187339427328,9423.9,0,56.8,39.8,48.1,0.0,0.0,0.0
2026-09-24,Rosebud,Park City / PCMR,WG036,40.63966083548988,-111.52257618003053,8390.4,0,62.5,43.4,52.8,0.0,0.0,0.0
2026-09-24,Rosebud's Heaven,Park City / PCMR,WG060,40.69195554103422,-111.5659528759652,7326.9,0,69.6,46.5,56.7,0.0,0.0,0.0
2026-09-24,Rossi Hill Trail,Deer Valley,WG031,40.63808222920599,-111.4919292526201,7341.8,0,67.5,46.8,56.6,0.0,0.0,0.0
2026-09-24,Round Valley Connect,Round Valley,WG067,40.70875221615484,-111.50427592382064,6606.7,0,72.3,41.2,55.6,0.0,0.0,0.0
2026-09-24,Round Valley Connector,Round Valley,WG067,40.709506874143365,-111.48774034228174,6611.3,0,72.3,41.2,55.6,0.0,0.0,0.0
2026-09-24,Round Valley Express,Round Valley,WG057,40.69308554123404,-111.4897696424948,6812.1,0,70.7,42.9,55.8,0.0,0.0,0.0
2026-09-24,Rusty Shovel,Round Valley,WG057,40.69776625143012,-111.4804885556652,6868.8,0,70.7,42.9,55.8,0.0,0.0,0.0
2026-09-24,Rusty Spur,Round Valley,WG065,40.70159189598121,-111.4765958017646,6731.2,0,71.9,42.5,55.9,0.0,0.0,0.0
2026-09-24,SOS,Park City / PCMR,WG046,40.666448184385416,-111.48116864087982,6803.8,0,70.3,44.9,57.1,0.0,0.0,0.0
2026-09-24,SQ Connector Trail,Round Valley,WG055,40.68949659271035,-111.47067515084642,6728.8,0,71.4,43.2,56.2,0.0,0.0,0.0
2026-09-24,Sam's Trail,Deer Valley,WG012,40.61912724197413,-111.50964994268364,8145.3,0,63.3,44.6,53.4,0.0,0.0,0.0
2026-09-24,Saved By The Bell,Round Valley,WG067,40.71689792497153,-111.49958806368429,6568.5,0,72.3,41.2,55.6,0.0,0.0,0.0
2026-09-24,Scott's Bypass,Park City / PCMR,WG021,40.612047856355446,-111.55918064050742,9658.7,0,54.0,38.9,45.9,0.0,0.0,0.0
2026-09-24,Secret of My Success Trail,Deer Valley,WG033,40.62597453280468,-111.48566192002252,8293.6,0,63.3,44.1,53.6,0.0,0.0,0.0
2026-09-24,Seldom Seen,Park City / PCMR,WG034,40.64892938917546,-111.51571616491609,7435.6,0,68.2,47.1,56.3,0.0,0.0,0.0
2026-09-24,Seventy 101,Round Valley,WG057,40.68968411592925,-111.49103639156762,6974.3,0,70.7,42.9,55.8,0.0,0.0,0.0
2026-09-24,Shadow Lake,Park City / PCMR,WG020,40.61596037279941,-111.55009628848111,9179.4,0,56.8,39.8,48.1,0.0,0.0,0.0
2026-09-24,Shenanigans,Deer Valley,WG012,40.62034189886961,-111.49849814997506,8237.7,0,63.3,44.6,53.4,0.0,0.0,0.0
2026-09-24,Short Cut,Jeremy Ranch / Glenwild,WG064,40.68025862222409,-111.57883598783349,8081.5,1,63.0,45.1,53.4,0.0,0.0,0.0
2026-09-24,Short Fuse,Park City / PCMR,WG036,40.6346970517688,-111.52339576593836,8439.4,0,62.5,43.4,52.8,0.0,0.0,0.0
2026-09-24,Short Ribs,Summit Park,WG082,40.7348537895427,-111.62048055745409,7705.3,0,66.5,45.8,54.8,0.0,0.0,0.0
2026-09-24,Short Stack,Summit Park,WG082,40.73936874753804,-111.6200542747078,7652.8,0,66.5,45.8,54.8,0.0,0.0,0.0
2026-09-24,Silver Creek Trail,Round Valley,WG074,40.728195917662575,-111.48449884114967,6494.3,0,73.2,41.6,56.6,0.0,0.0,0.0
2026-09-24,Silver Gate,Round Valley,WG073,40.72728013881357,-111.46748664430804,6513.4,0,72.7,43.3,56.7,0.0,0.0,0.0
2026-09-24,Silver Queen,Park City / PCMR,WG037,40.63391819864852,-111.51755091640152,8558.9,0,61.4,42.2,51.7,0.0,0.0,0.0
2026-09-24,Silver Spur,Park City / PCMR,WG049,40.65266965116334,-111.5117818738982,6980.8,0,70.0,44.5,56.7,0.0,0.0,0.0
2026-09-24,Skid Row,Park City / PCMR,WG044,40.66845831872771,-111.47381352761975,6920.8,0,70.8,43.6,56.6,0.0,0.0,0.0
2026-09-24,Skyridge Peak Trail / Milky Way,Jordanelle,WG043,40.65984634182248,-111.4368345884266,7139.2,0,69.8,44.6,56.6,0.0,0.0,0.0
2026-09-24,Sloppy Joe,Round Valley,WG067,40.71599935057343,-111.49742827056478,6658.4,0,72.3,41.2,55.6,0.0,0.0,0.0
2026-09-24,Snake Pit Trail,Park City / PCMR,WG010,40.58750533085767,-111.57189033610032,9625.4,0,55.1,39.8,46.9,0.0,0.0,0.0
2026-09-24,Snowtop,Deer Valley,WG028,40.64752229561398,-111.4705824068134,7443.3,0,67.9,47.2,57.0,0.0,0.0,0.0
2026-09-24,Solamere,Deer Valley,WG045,40.65168830951934,-111.47267426337083,7304.0,0,69.0,43.6,55.8,0.0,0.0,0.0
2026-09-24,Solamere Connector,Deer Valley,WG045,40.651338463153365,-111.4797751905619,7331.1,0,69.0,43.6,55.8,0.0,0.0,0.0
2026-09-24,Somewhere Elks,Round Valley,WG055,40.68702802029736,-111.47813858810876,6977.4,0,71.4,43.2,56.2,0.0,0.0,0.0
2026-09-24,South Canyon,Round Valley,WG055,40.697084178294816,-111.45372200426904,6732.0,0,71.4,43.2,56.2,0.0,0.0,0.0
2026-09-24,South Sweeney,Park City / PCMR,WG031,40.64194117786604,-111.49870009761844,7400.1,0,67.5,46.8,56.6,0.0,0.0,0.0
2026-09-24,Spare Change,Summit Park,WG080,40.74164553017363,-111.60031464541484,6827.9,0,70.0,45.7,57.4,0.0,0.0,0.0
2026-09-24,Sparky's Return,Clark Ranch,WG044,40.6617858998794,-111.45698342605078,6783.6,0,70.8,43.6,56.6,0.0,0.0,0.0
2026-09-24,Speedbag,Deer Valley,WG011,40.624406811076895,-111.50919273225593,7987.6,0,64.0,44.9,54.3,0.0,0.0,0.0
2026-09-24,Spin Cycle Trail,Deer Valley,WG028,40.63411801502942,-111.46082430079326,7178.8,0,67.9,47.2,57.0,0.0,0.0,0.0
2026-09-24,Spiro Trail,Park City / PCMR,WG035,40.64755384631944,-111.52407012433112,7617.4,0,66.8,45.8,55.0,0.0,0.0,0.0
2026-09-24,St. Regis Trail,Deer Valley,WG028,40.639112933407205,-111.47591481144916,7383.3,0,67.9,47.2,57.0,0.0,0.0,0.0
2026-09-24,Stealth Connector / Pheasant Way,Jeremy Ranch / Glenwild,WG076,40.73167942348123,-111.54708752211994,6361.5,0,73.0,42.4,57.0,0.0,0.0,0.0
2026-09-24,Stealth Trail,Jeremy Ranch / Glenwild,WG077,40.73631275924013,-111.5447596003018,6560.0,0,72.3,41.7,56.3,0.0,0.0,0.0
2026-09-24,Steps,Park City / PCMR,WG037,40.63116043759045,-111.5173271228493,8520.8,0,61.4,42.2,51.7,0.0,0.0,0.0
2026-09-24,Stiff Upper Lip,Park City / PCMR,WG017,40.61611691879028,-111.52987009616064,9025.4,0,57.1,40.0,48.4,0.0,0.0,0.0
2026-09-24,Sunny Slopes Trail,Round Valley,WG057,40.68377753714063,-111.48540217687854,6826.8,0,70.7,42.9,55.8,0.0,0.0,0.0
2026-09-24,Sunset,Deer Valley,WG013,40.61222429898699,-111.48546906629171,8777.5,0,59.5,42.6,50.5,0.0,0.0,0.0
2026-09-24,Super G,Deer Valley,WG013,40.6078734147108,-111.486644562986,8939.8,0,59.5,42.6,50.5,0.0,0.0,0.0
2026-09-24,Sven,Jordanelle,WG040,40.66216079919324,-111.41880056586604,6299.4,0,73.7,46.4,59.8,0.0,0.0,0.0
2026-09-24,Sweeney Switchbacks,Park City / PCMR,WG031,40.64428684826398,-111.50263935593632,7442.9,0,67.5,46.8,56.6,0.0,0.0,0.0
2026-09-24,Sweeneys,Park City / PCMR,WG032,40.6416793962084,-111.50380066992643,7712.4,0,66.2,45.5,55.3,0.0,0.0,0.0
2026-09-24,T&G,Deer Valley,WG016,40.611941402305575,-111.51506977898008,8673.3,0,59.4,42.5,50.4,0.0,0.0,0.0
2026-09-24,T&G 2,Deer Valley,WG016,40.62089143656375,-111.51568549288604,8599.5,0,59.4,42.5,50.4,0.0,0.0,0.0
2026-09-24,TDS Ontario Bypass,Deer Valley,WG032,40.62591563844938,-111.49801252893096,7889.0,0,66.2,45.5,55.3,0.0,0.0,0.0
2026-09-24,TSP Skils Area,Round Valley,WG067,40.70929244417837,-111.50545423904256,6671.9,0,72.3,41.2,55.6,0.0,0.0,0.0
2026-09-24,Tall Oaks Circle,Pinebrook,WG078,40.73938310561022,-111.57541687830556,6961.5,0,70.9,45.0,57.1,0.0,0.0,0.0
2026-09-24,Tall T Trail,Deer Valley,WG007,40.59029104976929,-111.52734087474852,9033.3,0,58.7,41.7,49.6,0.0,0.0,0.0
2026-09-24,Tar Pits Jump Line,Round Valley,WG067,40.70948336187246,-111.50501444482678,6663.3,0,72.3,41.2,55.6,0.0,0.0,0.0
2026-09-24,Team Big Bear,Deer Valley,WG013,40.61639926546102,-111.50010669410356,8610.0,0,59.5,42.6,50.5,0.0,0.0,0.0
2026-09-24,Team Cutthroat Downhill,Jeremy Ranch / Glenwild,WG077,40.74619331694971,-111.55242052130288,6618.0,0,72.3,41.7,56.3,0.0,0.0,0.0
2026-09-24,Thaynes Canyon,Park City / PCMR,WG037,40.62644528922062,-111.539067377105,8520.6,0,61.4,42.2,51.7,0.0,0.0,0.0
2026-09-24,The Avenues,Summit Park,WG090,40.75998198374273,-111.6028265058925,7081.5,0,68.5,44.2,55.9,0.0,0.0,0.0
2026-09-24,The Graduate,Jeremy Ranch / Glenwild,WG085,40.7534431855279,-111.56237742796368,6343.1,0,72.4,46.6,58.7,0.0,0.0,0.0
2026-09-24,The Great Gazoo,Round Valley,WG067,40.70997890100696,-111.50140660314835,6662.9,0,72.3,41.2,55.6,0.0,0.0,0.0
2026-09-24,The Lookout,Deer Valley,WG032,40.62921554675458,-111.4942829189022,7693.2,0,66.2,45.5,55.3,0.0,0.0,0.0
2026-09-24,The Sheep Trail,Summit Park,WG094,40.75746633469589,-111.667341513995,6217.2,1,71.7,51.6,61.5,0.0,0.0,0.0
2026-09-24,The Up Trail,Summit Park,WG078,40.74822119025095,-111.58934600493023,6821.1,0,70.9,45.0,57.1,0.0,0.0,0.0
2026-09-24,The Upper Avenues,Summit Park,WG090,40.75942210135698,-111.60997791538348,7425.0,0,68.5,44.2,55.9,0.0,0.0,0.0
2026-09-24,Thieves Forest,Deer Valley,WG013,40.61553068086176,-111.48245627012813,8597.7,0,59.5,42.6,50.5,0.0,0.0,0.0
2026-09-24,Thieves Forrest,Deer Valley,WG014,40.611364491739,-111.4804590615015,9072.7,0,58.6,41.7,49.5,0.0,0.0,0.0
2026-09-24,Three Candles,Park City / PCMR,WG037,40.62931137475258,-111.52248914366156,8843.3,0,61.4,42.2,51.7,0.0,0.0,0.0
2026-09-24,Tidal Wave,Deer Valley,WG013,40.610548014761406,-111.48897388892838,8737.9,0,59.5,42.6,50.5,0.0,0.0,0.0
2026-09-24,Tideline,Jordanelle,WG025,40.64171272429878,-111.40053564270964,6530.0,0,72.8,45.5,59.0,0.0,0.0,0.0
2026-09-24,Tim Man,Round Valley,WG067,40.70348842863846,-111.50080894755244,6766.9,0,72.3,41.2,55.6,0.0,0.0,0.0
2026-09-24,Tommys Two Step,Park City / PCMR,WG036,40.629024211109055,-111.51829238121942,8474.2,0,62.5,43.4,52.8,0.0,0.0,0.0
2026-09-24,Tour De Homes,Deer Valley,WG032,40.63205110837411,-111.48826887414292,7813.1,0,66.2,45.5,55.3,0.0,0.0,0.0
2026-09-24,Tour De Suds (Upper),Deer Valley,WG013,40.614682713092186,-111.50609195133156,8563.5,0,59.5,42.6,50.5,0.0,0.0,0.0
2026-09-24,Town,Park City / PCMR,WG030,40.64755940729975,-111.49861999854691,6988.0,0,70.0,44.5,56.7,0.0,0.0,0.0
2026-09-24,Trailside,Round Valley,WG066,40.71864159830864,-111.50336949570412,6480.1,0,72.9,41.7,56.2,0.0,0.0,0.0
2026-09-24,Trailside Connector,Round Valley,WG067,40.71611276967259,-111.5017965665912,6504.2,0,72.3,41.2,55.6,0.0,0.0,0.0
2026-09-24,Trailside Loop,Round Valley,WG067,40.71199117049012,-111.50483999800892,6609.7,0,72.3,41.2,55.6,0.0,0.0,0.0
2026-09-24,Trappers Gate,Deer Valley,WG031,40.63197509989361,-111.497026036245,7462.8,0,67.5,46.8,56.6,0.0,0.0,0.0
2026-09-24,Trestle,Park City / PCMR,WG033,40.63650074050743,-111.50791633233914,8071.5,0,63.3,44.1,53.6,0.0,0.0,0.0
2026-09-24,Tricky Pickle Trail,Deer Valley,WG004,40.59197973531048,-111.49789592532872,8532.5,0,59.9,42.9,50.8,0.0,0.0,0.0
2026-09-24,Truckhole,Round Valley,WG067,40.704351116822174,-111.50022157042804,6773.9,0,72.3,41.2,55.6,0.0,0.0,0.0
2026-09-24,Trump,Deer Valley,WG013,40.60903529522874,-111.4964159868453,8771.6,0,59.5,42.6,50.5,0.0,0.0,0.0
2026-09-24,Tsunami,Deer Valley,WG013,40.61166268615432,-111.48706860055302,8747.8,0,59.5,42.6,50.5,0.0,0.0,0.0
2026-09-24,Tug of War Trail,Deer Valley,WG013,40.60218815889535,-111.4963014769127,8962.3,0,59.5,42.6,50.5,0.0,0.0,0.0
2026-09-24,Tweety Bird Trail,Jordanelle,WG001,40.59084253440856,-111.40816741687898,6568.1,2,71.3,46.0,57.8,0.0,0.0,0.0
2026-09-24,Twist & Shout,Deer Valley,WG012,40.61590669002216,-111.48826576454944,8415.6,0,63.3,44.6,53.4,0.0,0.0,0.0
2026-09-24,Twist and Shout,Deer Valley,WG013,40.61146669404505,-111.486662413967,8799.9,0,59.5,42.6,50.5,0.0,0.0,0.0
2026-09-24,Undertow Trail,Deer Valley,WG029,40.63057046785135,-111.47858549886824,7937.9,0,66.5,45.8,55.7,0.0,0.0,0.0
2026-09-24,Unga Bunga Skills and Pump Tradk,Round Valley,WG067,40.71158064400824,-111.50217787755837,6590.1,0,72.3,41.2,55.6,0.0,0.0,0.0
2026-09-24,Up Track,Round Valley,WG067,40.71007968280768,-111.50314659118624,6643.1,0,72.3,41.2,55.6,0.0,0.0,0.0
2026-09-24,Upper Devo Trail,Deer Valley,WG033,40.62826200901757,-111.4850494481263,8097.8,0,63.3,44.1,53.6,0.0,0.0,0.0
2026-09-24,Upper Loose,Park City / PCMR,WG032,40.64060205866311,-111.5081407284332,7678.0,0,66.2,45.5,55.3,0.0,0.0,0.0
2026-09-24,Upper Loose Moose,Park City / PCMR,WG032,40.64060459750891,-111.5062344507794,7788.9,0,66.2,45.5,55.3,0.0,0.0,0.0
2026-09-24,Upper Sparky Trail,Clark Ranch,WG044,40.6599723509711,-111.45534390616216,6878.4,0,70.8,43.6,56.6,0.0,0.0,0.0
2026-09-24,Village Pipeline Connector,Deer Valley,WG028,40.6391093200599,-111.472490526811,7336.8,0,67.9,47.2,57.0,0.0,0.0,0.0
2026-09-24,Village Trail,Deer Valley,WG028,40.64077448423082,-111.47113665558776,7315.2,0,67.9,47.2,57.0,0.0,0.0,0.0
2026-09-24,Village Trail / Pipeline,Deer Valley,WG028,40.64110752434245,-111.46934147070748,7182.6,0,67.9,47.2,57.0,0.0,0.0,0.0
2026-09-24,WOW (Wasatch Over Wasatch) Trail,Deer Valley,WG003,40.585198990338895,-111.50729227137398,8248.2,0,63.3,45.9,53.5,0.0,0.0,0.0
2026-09-24,Wada Way,Jordanelle,WG040,40.65139897157171,-111.41292348157292,6267.2,0,73.7,46.4,59.8,0.0,0.0,0.0
2026-09-24,Wasatch,Round Valley,WG074,40.742724215036304,-111.49568804225927,6475.9,0,73.2,41.6,56.6,0.0,0.0,0.0
2026-09-24,Wasatch Crest Connect,Park City / PCMR,WG020,40.616974136223725,-111.55736099806312,9245.9,0,56.8,39.8,48.1,0.0,0.0,0.0
2026-09-24,Wasatch Wiggle Trail,Park City / PCMR,WG010,40.58570056880523,-111.57390345809982,9702.8,0,55.1,39.8,46.9,0.0,0.0,0.0
2026-09-24,We'll Go From There,Jordanelle,WG027,40.633559740125165,-111.4528915193202,6692.5,0,71.2,44.9,57.7,0.0,0.0,0.0
2026-09-24,Winchester Trail,Jeremy Ranch / Glenwild,WG069,40.71094932830698,-111.54449441430567,6453.0,0,72.9,40.6,56.3,0.0,0.0,0.0
2026-09-24,Woodside Gulch,Deer Valley,WG032,40.63428272582461,-111.50200856347875,7635.5,0,66.2,45.5,55.3,0.0,0.0,0.0
2026-09-24,Wowza Downhill Trail,Deer Valley,WG006,40.58677474689952,-111.51626735679228,8564.8,0,60.3,43.3,51.2,0.0,0.0,0.0
2026-09-24,Wowza Trail,Deer Valley,WG006,40.58754867198866,-111.51557993987645,8552.8,0,60.3,43.3,51.2,0.0,0.0,0.0
2026-09-24,Yabba Dabba Doo,Round Valley,WG067,40.71031601545331,-111.5039304608668,6636.2,0,72.3,41.2,55.6,0.0,0.0,0.0
2026-09-24,Yeti's,Pinebrook,WG072,40.70910944007779,-111.57083697014414,7539.3,0,66.4,45.8,54.8,0.0,0.0,0.0
2026-09-24,You Get It,Jordanelle,WG027,40.63417280890808,-111.45447628262694,6774.5,0,71.2,44.9,57.7,0.0,0.0,0.0
2026-09-25,24-7,Jeremy Ranch / Glenwild,WG086,40.7580938928905,-111.55747502780672,6689.5,1,73.8,46.4,59.0,0.0,0.0,0.0
2026-09-25,4:20,Deer Valley,WG032,40.63850725810498,-111.5016215026881,7810.7,3,67.7,48.5,57.5,0.0,0.0,0.0
2026-09-25,9K Trail,Park City / PCMR,WG017,40.61454424262402,-111.5340694590712,9222.8,1,59.7,42.0,50.1,0.0,0.0,0.0
2026-09-25,A Toll New World,Summit Park,WG078,40.74525880222984,-111.59660432287036,6843.1,1,73.2,47.0,59.5,0.0,0.0,0.0
2026-09-25,Abilene Way,Jeremy Ranch / Glenwild,WG068,40.705162592888,-111.52848253655898,6454.0,1,74.5,43.3,58.4,0.0,0.0,0.0
2026-09-25,Agitator Trail,Deer Valley,WG028,40.62594479567907,-111.46053082324435,7171.6,3,69.4,50.2,59.2,0.0,0.0,0.0
2026-09-25,Alexander Creek Trail,Summit Park,WG093,40.75856130522611,-111.67962308025976,5873.5,1,77.4,55.7,65.6,0.0,0.0,0.0
2026-09-25,Alta-Brighton Trail,Park City / PCMR,WG009,40.59874189108338,-111.5904390735144,9081.0,1,59.3,42.2,49.8,0.0,0.0,0.0
2026-09-25,Ambush,Jeremy Ranch / Glenwild,WG063,40.694225906082366,-111.58181443950004,7757.7,0,68.3,48.6,57.8,0.0,0.0,0.0
2026-09-25,Amenti,Round Valley,WG067,40.71749758221375,-111.50096260266577,6526.6,1,73.6,43.9,57.8,0.0,0.0,0.0
2026-09-25,An Unexpected Journey Trail,Jordanelle,WG001,40.584095263003086,-111.41492155800285,6731.9,1,73.1,49.2,60.2,0.0,0.0,0.0
2026-09-25,Ancient Forest Loop,Round Valley,WG074,40.7314260153664,-111.49224006112888,6485.8,1,74.6,47.8,59.9,0.0,0.0,0.0
2026-09-25,Ant Farm,Jeremy Ranch / Glenwild,WG077,40.74632495230274,-111.55092174051572,6629.0,1,73.9,46.6,59.1,0.0,0.0,0.0
2026-09-25,Apex,Park City / PCMR,WG038,40.62520958876211,-111.53395003281469,9146.4,1,60.0,42.3,50.4,0.0,0.0,0.0
2026-09-25,April Mountain Trail,Deer Valley,WG047,40.650711302598815,-111.4870593388075,7472.0,1,71.2,48.1,58.9,0.0,0.0,0.0
2026-09-25,Armstrong,Park City / PCMR,WG051,40.65248508262897,-111.52994268919429,7566.3,1,69.4,49.3,58.4,0.0,0.0,0.0
2026-09-25,Ashley Avenue,Round Valley,WG057,40.68155854272997,-111.50389122653404,6794.6,1,72.5,46.0,58.3,0.0,0.0,0.0
2026-09-25,Aspen Slalom,Deer Valley,WG013,40.61311265842392,-111.48457791355952,8816.9,1,61.3,42.7,51.0,0.0,0.0,0.0
2026-09-25,BLT,Jeremy Ranch / Glenwild,WG070,40.71492142685356,-111.56084442077211,6927.9,1,73.5,46.1,58.7,0.0,0.0,0.0
2026-09-25,BYOB,Pinebrook,WG070,40.718283985000745,-111.55661288864135,6639.8,1,73.5,46.1,58.7,0.0,0.0,0.0
2026-09-25,Backslide,Round Valley,WG057,40.686236769495366,-111.49111386346571,6972.4,1,72.5,46.0,58.3,0.0,0.0,0.0
2026-09-25,Bad Apple,Jeremy Ranch / Glenwild,WG076,40.74937514368386,-111.56017979748744,6367.9,1,74.6,47.3,59.9,0.0,0.0,0.0
2026-09-25,Bamm Bamm,Round Valley,WG067,40.71001316656963,-111.50256230173504,6667.3,1,73.6,43.9,57.8,0.0,0.0,0.0
2026-09-25,Barrel Roll,Round Valley,WG058,40.69153134198254,-111.48458530535574,7017.0,1,71.9,45.3,57.7,0.0,0.0,0.0
2026-09-25,Beep Beep Trail,Jordanelle,WG001,40.59039066618902,-111.4033797731244,6670.3,1,73.1,49.2,60.2,0.0,0.0,0.0
2026-09-25,Big Dipper,Jordanelle,WG042,40.66018548005414,-111.43175307695702,6961.2,3,72.7,49.4,59.9,0.0,0.0,0.0
2026-09-25,Big Easy,Round Valley,WG057,40.696128326880846,-111.48285293654745,6776.5,1,72.5,46.0,58.3,0.0,0.0,0.0
2026-09-25,Black Forest,Deer Valley,WG016,40.61940428916709,-111.52036519166067,8929.3,1,61.2,42.6,50.9,0.0,0.0,0.0
2026-09-25,Blackhawk Trail,Jeremy Ranch / Glenwild,WG075,40.73111252615939,-111.53542276920604,6536.5,1,73.8,46.5,59.0,0.0,0.0,0.0
2026-09-25,Blazing Saddle,Park City / PCMR,WG020,40.61652898868821,-111.55635878361066,9384.9,1,59.4,41.7,49.8,0.0,0.0,0.0
2026-09-25,Bonanza Flat Overlook,Deer Valley,WG017,40.60116766018752,-111.5344182482656,9112.3,1,59.7,42.0,50.1,0.0,0.0,0.0
2026-09-25,Bonanza Loop Trail,Deer Valley,WG016,40.60282163896819,-111.52815381158308,8908.5,1,61.2,42.6,50.9,0.0,0.0,0.0
2026-09-25,Bonanza Trail,Deer Valley,WG046,40.661614248984336,-111.49584605339936,6814.3,1,72.2,49.2,59.9,0.0,0.0,0.0
2026-09-25,Boot Hill,Park City / PCMR,WG046,40.66311538182378,-111.50841776480048,6853.1,1,72.2,49.2,59.9,0.0,0.0,0.0
2026-09-25,Boot Hill Connect,Park City / PCMR,WG046,40.66384832032967,-111.50809692977944,6921.4,1,72.2,49.2,59.9,0.0,0.0,0.0
2026-09-25,Boulder,Deer Valley,WG013,40.61539223980999,-111.50399769475118,8635.0,1,61.3,42.7,51.0,0.0,0.0,0.0
2026-09-25,Boulder / Trump,Deer Valley,WG013,40.610998229404565,-111.50208555144307,8996.4,1,61.3,42.7,51.0,0.0,0.0,0.0
2026-09-25,Bourbon Street,Round Valley,WG067,40.70798253656,-111.48164466049944,6673.3,1,73.6,43.9,57.8,0.0,0.0,0.0
2026-09-25,Bow Hunter,Deer Valley,WG014,40.60108596513679,-111.48484426536052,9020.3,1,60.4,41.8,50.1,0.0,0.0,0.0
2026-09-25,Bow Hunter Extension,Deer Valley,WG005,40.59796119210968,-111.4848069886625,9014.7,1,60.5,41.9,50.2,0.0,0.0,0.0
2026-09-25,Brighton Lakes Trail,Park City / PCMR,WG009,40.59287052758444,-111.58751257009568,9276.0,1,59.3,42.2,49.8,0.0,0.0,0.0
2026-09-25,Bronto Jam,Round Valley,WG067,40.71004954775594,-111.501977414722,6672.8,1,73.6,43.9,57.8,0.0,0.0,0.0
2026-09-25,CMG,Park City / PCMR,WG035,40.645848884326966,-111.51679268892973,7606.5,1,69.0,48.9,58.0,0.0,0.0,0.0
2026-09-25,Cammy's,Round Valley,WG057,40.69072662264133,-111.49673800313964,6953.5,1,72.5,46.0,58.3,0.0,0.0,0.0
2026-09-25,Canyons Downhill,Pinebrook,WG061,40.68430916809496,-111.56849091879047,7666.2,0,68.6,49.0,58.1,0.0,0.0,0.0
2026-09-25,Catherine's Pass Trail,Park City / PCMR,WG010,40.585096359880005,-111.59078643106362,9753.9,1,57.4,40.3,47.9,0.0,0.0,0.0
2026-09-25,Claim Jumper,Park City / PCMR,WG036,40.63958065995946,-111.52518162563226,8147.6,1,64.6,46.5,54.6,0.0,0.0,0.0
2026-09-25,Clayton Peak Trail,Park City / PCMR,WG010,40.58693552999217,-111.57085635011327,9813.5,1,57.4,40.3,47.9,0.0,0.0,0.0
2026-09-25,Cobblestone Loop,Jeremy Ranch / Glenwild,WG084,40.75845647840704,-111.52582619388934,6805.4,1,72.2,50.4,59.8,0.0,0.0,0.0
2026-09-25,Cobblestone Trail,Jeremy Ranch / Glenwild,WG084,40.75512641497514,-111.52744418745776,6723.8,1,72.2,50.4,59.8,0.0,0.0,0.0
2026-09-25,Colin's Trail,Jeremy Ranch / Glenwild,WG060,40.69629937433107,-111.55671582168428,7029.9,1,71.3,50.4,59.7,0.0,0.0,0.0
2026-09-25,Colony Mid Mountain Connector,Park City / PCMR,WG052,40.65011049975458,-111.53932673410868,8429.2,0,64.0,46.7,54.4,0.0,0.0,0.0
2026-09-25,Comstock Mine Trail,Park City / PCMR,WG019,40.62270505527668,-111.54357954562096,8723.6,1,61.5,43.8,51.9,0.0,0.0,0.0
2026-09-25,Constellation Trail,Jordanelle,WG026,40.6428753631073,-111.43505033038012,6261.6,3,74.6,50.8,61.7,0.0,0.0,0.0
2026-09-25,Corvair,Deer Valley,WG016,40.61099169805087,-111.51230389508405,8648.6,1,61.2,42.6,50.9,0.0,0.0,0.0
2026-09-25,Corvair (Upper),Deer Valley,WG016,40.60840912265719,-111.51090449857222,8883.3,1,61.2,42.6,50.9,0.0,0.0,0.0
2026-09-25,Corvair Connector,Deer Valley,WG016,40.61070239150149,-111.5115633319795,8812.1,1,61.2,42.6,50.9,0.0,0.0,0.0
2026-09-25,Cousin Eddy Trail,Clark Ranch,WG044,40.66170094764518,-111.45386933866466,6817.2,2,72.3,46.7,58.6,0.0,0.0,0.0
2026-09-25,Coyote Loop Trail,Jordanelle,WG001,40.58676467246392,-111.40272629625528,6895.7,1,73.1,49.2,60.2,0.0,0.0,0.0
2026-09-25,Crazy Eights,Jeremy Ranch / Glenwild,WG077,40.74908550583131,-111.55291850861556,6580.7,1,73.9,46.6,59.1,0.0,0.0,0.0
2026-09-25,Crescent Ridge,Park City / PCMR,WG036,40.64328062856461,-111.5205999025961,8289.2,1,64.6,46.5,54.6,0.0,0.0,0.0
2026-09-25,Cutter Lane,Jeremy Ranch / Glenwild,WG068,40.7083260127391,-111.53140227257067,6437.7,1,74.5,43.3,58.4,0.0,0.0,0.0
2026-09-25,Cyn City,Park City / PCMR,WG016,40.62106458390316,-111.52108056020784,8700.1,1,61.2,42.6,50.9,0.0,0.0,0.0
2026-09-25,Daily Overlook,Deer Valley,WG031,40.631723443280656,-111.4987920660294,7430.4,3,69.0,49.9,58.8,0.0,0.0,0.0
2026-09-25,Daly Avenue,Deer Valley,WG031,40.63079192228995,-111.49966938212476,7430.3,3,69.0,49.9,58.8,0.0,0.0,0.0
2026-09-25,Daly Bypass,Deer Valley,WG031,40.63469577874592,-111.4972952534869,7351.3,3,69.0,49.9,58.8,0.0,0.0,0.0
2026-09-25,Daly Canyon,Deer Valley,WG011,40.620194319264456,-111.50922727258838,7986.4,1,66.1,48.0,56.1,0.0,0.0,0.0
2026-09-25,Daly Grind,Deer Valley,WG011,40.62436395642222,-111.5065519695764,7745.3,1,66.1,48.0,56.1,0.0,0.0,0.0
2026-09-25,Dawns Trail,Park City / PCMR,WG051,40.65039115727101,-111.52578815180028,7505.7,1,69.4,49.3,58.4,0.0,0.0,0.0
2026-09-25,Dead Reckoning,Summit Park,WG078,40.74804102527887,-111.5901705440554,6808.0,1,73.2,47.0,59.5,0.0,0.0,0.0
2026-09-25,Dead Tree,Park City / PCMR,WG021,40.611358588022426,-111.54588982448988,9653.6,1,55.3,40.0,46.7,0.0,0.0,0.0
2026-09-25,Deep Park Circle,Jordanelle,WG026,40.626894083286025,-111.43587347972714,6383.2,3,74.6,50.8,61.7,0.0,0.0,0.0
2026-09-25,Deer Camp,Deer Valley,WG013,40.60519585339864,-111.4911066437841,8920.6,1,61.3,42.7,51.0,0.0,0.0,0.0
2026-09-25,Deer Crest,Deer Valley,WG029,40.63553157935396,-111.47424740401932,7612.2,3,68.1,48.9,57.9,0.0,0.0,0.0
2026-09-25,Devo,Deer Valley,WG032,40.6296740826892,-111.48374523511592,7963.4,3,67.7,48.5,57.5,0.0,0.0,0.0
2026-09-25,Discovery,Summit Park,WG078,40.74903521550762,-111.59463162387972,6614.4,1,73.2,47.0,59.5,0.0,0.0,0.0
2026-09-25,Downward Dog,Round Valley,WG057,40.68865758594976,-111.48489883261024,6958.5,1,72.5,46.0,58.3,0.0,0.0,0.0
2026-09-25,Dropout,Jeremy Ranch / Glenwild,WG077,40.74673233142679,-111.55449028155309,6576.0,1,73.9,46.6,59.1,0.0,0.0,0.0
2026-09-25,Dubois,Jeremy Ranch / Glenwild,WG059,40.698630398586985,-111.55581872982933,6878.9,1,73.4,42.3,57.4,0.0,0.0,0.0
2026-09-25,Eagle Cove,Round Valley,WG057,40.68665016051084,-111.49786169389527,6799.6,1,72.5,46.0,58.3,0.0,0.0,0.0
2026-09-25,Eagle Trail,Park City / PCMR,WG051,40.65138382915936,-111.51929067308184,7664.9,1,69.4,49.3,58.4,0.0,0.0,0.0
2026-09-25,Eagle Way,Park City / PCMR,WG048,40.65295946154777,-111.48775315119684,7538.9,3,68.5,49.3,58.3,0.0,0.0,0.0
2026-09-25,East Fallen Pines Lane,Park City / PCMR,WG022,40.61551642366452,-111.57912837068116,8712.4,1,62.3,42.0,51.5,0.0,0.0,0.0
2026-09-25,Easy Rider,Park City / PCMR,WG009,40.59580193116481,-111.57632308440664,9141.3,1,59.3,42.2,49.8,0.0,0.0,0.0
2026-09-25,Ecker Hill Trail,Pinebrook,WG076,40.740364526144575,-111.5667817840803,6401.3,1,74.6,47.3,59.9,0.0,0.0,0.0
2026-09-25,Empire Alternate,Deer Valley,WG032,40.62635819528807,-111.50016350153602,7943.1,3,67.7,48.5,57.5,0.0,0.0,0.0
2026-09-25,Empire Link,Deer Valley,WG012,40.62422557470265,-111.50748256286928,8022.2,1,64.5,47.8,55.2,0.0,0.0,0.0
2026-09-25,Empire Lodge,Deer Valley,WG015,40.61442062316093,-111.51298418240138,8439.2,1,64.7,46.6,54.7,0.0,0.0,0.0
2026-09-25,Empire Pass Connector,Deer Valley,WG016,40.60627316294136,-111.51481095351645,8948.4,1,61.2,42.6,50.9,0.0,0.0,0.0
2026-09-25,Equestrian,Round Valley,WG067,40.70215181343843,-111.50219785223597,6719.1,1,73.6,43.9,57.8,0.0,0.0,0.0
2026-09-25,Euston,Round Valley,WG047,40.65772556817424,-111.48315877249176,7062.9,1,71.2,48.1,58.9,0.0,0.0,0.0
2026-09-25,Evil Empire,Park City / PCMR,WG016,40.61923823662483,-111.52513988679308,8746.8,1,61.2,42.6,50.9,0.0,0.0,0.0
2026-09-25,Fairway Hills Trail,Round Valley,WG055,40.67853348641883,-111.47699791832557,6747.4,1,73.1,46.0,58.5,0.0,0.0,0.0
2026-09-25,Family Truckster Trail,Clark Ranch,WG044,40.66038172048119,-111.452885753204,6847.4,2,72.3,46.7,58.6,0.0,0.0,0.0
2026-09-25,Fast Pitch Trail,Round Valley,WG055,40.6798165110769,-111.47671870073196,6759.1,1,73.1,46.0,58.5,0.0,0.0,0.0
2026-09-25,Fat Lip,Park City / PCMR,WG016,40.62192963761681,-111.5279713594279,8931.1,1,61.2,42.6,50.9,0.0,0.0,0.0
2026-09-25,Field Stone,Round Valley,WG067,40.71706243943152,-111.49059329339536,6526.3,1,73.6,43.9,57.8,0.0,0.0,0.0
2026-09-25,Fink Again,Jeremy Ranch / Glenwild,WG086,40.75125285000831,-111.55541181172696,6586.2,1,73.8,46.4,59.0,0.0,0.0,0.0
2026-09-25,Finns,Deer Valley,WG028,40.640763495812735,-111.47689190658058,7214.2,3,69.4,50.2,59.2,0.0,0.0,0.0
2026-09-25,Fireswamp,Deer Valley,WG013,40.61340925382439,-111.48239833860336,8873.0,1,61.3,42.7,51.0,0.0,0.0,0.0
2026-09-25,First Time,Park City / PCMR,WG050,40.65050878239233,-111.51048291433958,7041.1,1,71.6,48.6,59.3,0.0,0.0,0.0
2026-09-25,First Time Return,Park City / PCMR,WG050,40.65021414919943,-111.51090683334832,7073.8,1,71.6,48.6,59.3,0.0,0.0,0.0
2026-09-25,Flagstaff Loop,Deer Valley,WG013,40.60758047007656,-111.496735533601,8898.0,1,61.3,42.7,51.0,0.0,0.0,0.0
2026-09-25,Flat Cable,Park City / PCMR,WG032,40.644102718034645,-111.505628746172,7565.4,3,67.7,48.5,57.5,0.0,0.0,0.0
2026-09-25,Flat Iron,Park City / PCMR,WG036,40.62696082564811,-111.51719430456902,8393.5,1,64.6,46.5,54.6,0.0,0.0,0.0
2026-09-25,Flying Dog,Jeremy Ranch / Glenwild,WG087,40.77237660098178,-111.54161762597796,7321.2,1,70.5,48.4,58.2,0.0,0.0,0.0
2026-09-25,Forest Glen Trail,Park City / PCMR,WG022,40.61089948644494,-111.5784844905115,8765.8,1,62.3,42.0,51.5,0.0,0.0,0.0
2026-09-25,Fox Tail Trail,Round Valley,WG045,40.66564803508002,-111.47503092801368,7133.0,1,70.9,47.9,58.6,0.0,0.0,0.0
2026-09-25,Freemason,Park City / PCMR,WG046,40.65768683021079,-111.49819012622744,6949.6,1,72.2,49.2,59.9,0.0,0.0,0.0
2026-09-25,Full Steam Billy,Park City / PCMR,WG031,40.64842922650065,-111.4945100220623,7246.4,3,69.0,49.9,58.8,0.0,0.0,0.0
2026-09-25,Gambel Oak Cut,Round Valley,WG045,40.65967079074984,-111.47871602858976,7240.9,1,70.9,47.9,58.6,0.0,0.0,0.0
2026-09-25,Gambel Oak North,Park City / PCMR,WG047,40.65915752473873,-111.48180315635692,7112.6,1,71.2,48.1,58.9,0.0,0.0,0.0
2026-09-25,Gambel Oak Trail,Park City / PCMR,WG031,40.64847351910524,-111.48419757905585,7408.0,3,69.0,49.9,58.8,0.0,0.0,0.0
2026-09-25,Gap Bypass Trail,Deer Valley,WG028,40.64123747413292,-111.47577580871994,7306.6,3,69.4,50.2,59.2,0.0,0.0,0.0
2026-09-25,Gap Loop,Deer Valley,WG028,40.6409109833561,-111.47399614902376,7445.8,3,69.4,50.2,59.2,0.0,0.0,0.0
2026-09-25,Glenwild Loop,Jeremy Ranch / Glenwild,WG075,40.73989427988239,-111.52813430357229,6701.6,1,73.8,46.5,59.0,0.0,0.0,0.0
2026-09-25,Glenwild Loop / Wasatch,Jeremy Ranch / Glenwild,WG074,40.74589846722535,-111.509614206256,6451.3,1,74.6,47.8,59.9,0.0,0.0,0.0
2026-09-25,Gold Finger,Park City / PCMR,WG053,40.65997467243904,-111.55431689925648,8081.9,0,64.8,47.5,55.2,0.0,0.0,0.0
2026-09-25,Golden Needle,Park City / PCMR,WG008,40.59452078975266,-111.56725110409884,9811.4,1,55.2,39.9,46.7,0.0,0.0,0.0
2026-09-25,Gorgoza Park,Pinebrook,WG089,40.75144469967726,-111.581432624726,6619.5,1,73.5,47.3,59.8,0.0,0.0,0.0
2026-09-25,Gotcha Cuttoff,Park City / PCMR,WG035,40.64587964864319,-111.5166123821088,7673.2,1,69.0,48.9,58.0,0.0,0.0,0.0
2026-09-25,Grave Digger,Deer Valley,WG032,40.62962271716946,-111.50201210924322,7682.6,3,67.7,48.5,57.5,0.0,0.0,0.0
2026-09-25,Great Western Trail,Wasatch Crest / Millcreek,WG092,40.77286580912175,-111.6406537725031,7571.3,1,70.4,42.4,55.8,0.0,0.0,0.0
2026-09-25,Great Western Trail / Great Western Trail bypass,Wasatch Crest / Millcreek,WG091,40.7535574542296,-111.6313027356856,7111.8,1,71.9,46.9,59.0,0.0,0.0,0.0
2026-09-25,H.A.M.,Park City / PCMR,WG035,40.64547382276132,-111.53139851516626,7780.5,1,69.0,48.9,58.0,0.0,0.0,0.0
2026-09-25,Hang Time South,Park City / PCMR,WG046,40.65853660632904,-111.49606808644194,6970.8,1,72.2,49.2,59.9,0.0,0.0,0.0
2026-09-25,Happy Gilmor,Round Valley,WG067,40.70712360033319,-111.5014684546231,6569.0,1,73.6,43.9,57.8,0.0,0.0,0.0
2026-09-25,Happy Trailside,Round Valley,WG067,40.708413441306845,-111.50471867526606,6595.6,1,73.6,43.9,57.8,0.0,0.0,0.0
2026-09-25,Hat Trick Trail,Round Valley,WG055,40.678830976721535,-111.47596646172724,6757.0,1,73.1,46.0,58.5,0.0,0.0,0.0
2026-09-25,Heard It Both Ways Trail,Deer Valley,WG004,40.593082879194085,-111.49125770411068,8855.0,1,61.7,43.0,51.3,0.0,0.0,0.0
2026-09-25,Hidden Cove,Summit Park,WG089,40.756655895607175,-111.597334386164,6686.2,1,73.5,47.3,59.8,0.0,0.0,0.0
2026-09-25,High Meadows Connector,Pinebrook,WG076,40.74134938710701,-111.56847869190176,6429.9,1,74.6,47.3,59.9,0.0,0.0,0.0
2026-09-25,High Side,Round Valley,WG055,40.69388247977245,-111.4770589235944,6909.3,1,73.1,46.0,58.5,0.0,0.0,0.0
2026-09-25,Holly's,Pinebrook,WG063,40.68604417524608,-111.57782170773478,7824.2,0,68.3,48.6,57.8,0.0,0.0,0.0
2026-09-25,Holy Roller,Deer Valley,WG013,40.6113609111251,-111.48708066137604,8716.2,1,61.3,42.7,51.0,0.0,0.0,0.0
2026-09-25,Humdinger,Deer Valley,WG029,40.626356336628135,-111.46720603877804,7537.3,3,68.1,48.9,57.9,0.0,0.0,0.0
2026-09-25,Insurgent,Jeremy Ranch / Glenwild,WG063,40.68610182305705,-111.58195303109213,7873.2,0,68.3,48.6,57.8,0.0,0.0,0.0
2026-09-25,Io Trail (Middle),Deer Valley,WG017,40.61025792344493,-111.52770861008732,9342.5,1,59.7,42.0,50.1,0.0,0.0,0.0
2026-09-25,Iron Bill,Jeremy Ranch / Glenwild,WG071,40.70817834974828,-111.55726593666238,7034.2,1,70.7,49.9,59.1,0.0,0.0,0.0
2026-09-25,Iron Man,Park City / PCMR,WG053,40.6585520468376,-111.5452566956134,8305.8,0,64.8,47.5,55.2,0.0,0.0,0.0
2026-09-25,Iron Mountain Trail,Park City / PCMR,WG054,40.65649532455427,-111.54475504732362,8753.8,0,62.8,45.5,53.2,0.0,0.0,0.0
2026-09-25,Izzy's Inferno (Dog Pound),Deer Valley,WG012,40.619811878384205,-111.48856422719636,8193.5,1,64.5,47.8,55.2,0.0,0.0,0.0
2026-09-25,Jailbreak,Jeremy Ranch / Glenwild,WG085,40.75712939272894,-111.56214780445411,6277.4,1,74.8,48.6,61.1,0.0,0.0,0.0
2026-09-25,Jeep Hill (Safety Coridoor),Deer Valley,WG013,40.60451306969404,-111.50923514571896,8820.6,1,61.3,42.7,51.0,0.0,0.0,0.0
2026-09-25,Jenni's Trail,Park City / PCMR,WG034,40.64869166733497,-111.51220769740809,7207.7,1,70.3,50.2,59.3,0.0,0.0,0.0
2026-09-25,Jenni's Trail upper,Park City / PCMR,WG035,40.63937813819639,-111.5112423147728,7789.7,1,69.0,48.9,58.0,0.0,0.0,0.0
2026-09-25,Johns '99,Park City / PCMR,WG033,40.62911828578874,-111.50998374795329,8128.2,1,65.4,47.3,55.4,0.0,0.0,0.0
2026-09-25,Johns 99,Deer Valley,WG015,40.62450457371346,-111.51231498110546,8231.6,1,64.7,46.6,54.7,0.0,0.0,0.0
2026-09-25,Johns Trail,Park City / PCMR,WG033,40.63760825426597,-111.50539626371148,8041.4,1,65.4,47.3,55.4,0.0,0.0,0.0
2026-09-25,Jordanelle (West Bank) Trail,Jordanelle,WG026,40.63639192686843,-111.4311179892118,6210.9,3,74.6,50.8,61.7,0.0,0.0,0.0
2026-09-25,Jordanelle Perimeter Trail,Jordanelle,WG024,40.633349610731685,-111.4121970547725,6216.7,3,74.8,51.0,61.9,0.0,0.0,0.0
2026-09-25,Jupiter Peak,Park City / PCMR,WG021,40.610319419324455,-111.54904593331813,9871.3,1,55.3,40.0,46.7,0.0,0.0,0.0
2026-09-25,Jupiter Ridge,Park City / PCMR,WG018,40.61268065771163,-111.53867835914352,9869.4,1,55.4,40.1,46.9,0.0,0.0,0.0
2026-09-25,Kaboom Trail / Call Sign Casa Trail,Jordanelle,WG027,40.62794719612903,-111.45468580169128,6888.6,3,72.7,48.3,59.6,0.0,0.0,0.0
2026-09-25,Kari's,Round Valley,WG055,40.69160040530727,-111.47515847036864,6850.2,1,73.1,46.0,58.5,0.0,0.0,0.0
2026-09-25,Keetley,Jordanelle,WG024,40.6438983646529,-111.4097274639112,6255.4,3,74.8,51.0,61.9,0.0,0.0,0.0
2026-09-25,Keystone Trail,Park City / PCMR,WG037,40.62506440637064,-111.53055382777043,8890.7,1,63.5,45.4,53.5,0.0,0.0,0.0
2026-09-25,La Dee Duh,Round Valley,WG057,40.69261799590889,-111.5001632592338,6864.5,1,72.5,46.0,58.3,0.0,0.0,0.0
2026-09-25,Lavina,Deer Valley,WG006,40.58376333945228,-111.52567195673171,8621.7,1,62.1,43.4,51.7,0.0,0.0,0.0
2026-09-25,Legacy Loop,Jeremy Ranch / Glenwild,WG071,40.705995804360256,-111.55961886682412,7342.6,1,70.7,49.9,59.1,0.0,0.0,0.0
2026-09-25,Legacy Ridge,Jeremy Ranch / Glenwild,WG071,40.70648419743829,-111.5603960205038,7414.3,1,70.7,49.9,59.1,0.0,0.0,0.0
2026-09-25,Legacy. Loop,Jeremy Ranch / Glenwild,WG071,40.70737188748682,-111.5599210439625,7363.1,1,70.7,49.9,59.1,0.0,0.0,0.0
2026-09-25,Link,Deer Valley,WG015,40.624117394272574,-111.51614328186776,8385.3,1,64.7,46.6,54.7,0.0,0.0,0.0
2026-09-25,Little Chief,Deer Valley,WG015,40.61872839208637,-111.51243052868438,8322.6,1,64.7,46.6,54.7,0.0,0.0,0.0
2026-09-25,Little Engine Trail,Summit Park,WG089,40.756690732809,-111.59562244098744,6709.3,1,73.5,47.3,59.8,0.0,0.0,0.0
2026-09-25,Little Stick,Deer Valley,WG028,40.63409637421967,-111.478301770839,7464.6,3,69.4,50.2,59.2,0.0,0.0,0.0
2026-09-25,Longview,Jordanelle,WG040,40.65785550770212,-111.4151527495857,6299.6,3,74.6,50.8,61.7,0.0,0.0,0.0
2026-09-25,Looney Tunes Trail,Jordanelle,WG002,40.58370423178651,-111.40605522395904,7149.3,1,71.4,47.5,58.6,0.0,0.0,0.0
2026-09-25,Loose Moose,Park City / PCMR,WG031,40.64358346695202,-111.50940341630726,7446.3,3,69.0,49.9,58.8,0.0,0.0,0.0
2026-09-25,Lost Prospector,Park City / PCMR,WG047,40.659849225736586,-111.4888557229514,7044.5,1,71.2,48.1,58.9,0.0,0.0,0.0
2026-09-25,Lower Devo Trail,Deer Valley,WG032,40.63290230557317,-111.48205615844142,7656.5,3,67.7,48.5,57.5,0.0,0.0,0.0
2026-09-25,Lower Masonic,Park City / PCMR,WG047,40.65358630670372,-111.49972319928794,7113.0,1,71.2,48.1,58.9,0.0,0.0,0.0
2026-09-25,Lower Sparky Trail,Clark Ranch,WG044,40.66761130235187,-111.4559551589961,6689.8,2,72.3,46.7,58.6,0.0,0.0,0.0
2026-09-25,Lower Village,Deer Valley,WG028,40.64043848354113,-111.46360640728942,7008.1,3,69.4,50.2,59.2,0.0,0.0,0.0
2026-09-25,Lynx #2,Round Valley,WG044,40.66734087696376,-111.46694625830712,6898.8,2,72.3,46.7,58.6,0.0,0.0,0.0
2026-09-25,Masonic,Park City / PCMR,WG047,40.65628760128763,-111.48965728213436,7283.0,1,71.2,48.1,58.9,0.0,0.0,0.0
2026-09-25,Matt's Flat,Round Valley,WG057,40.68924275786925,-111.49221205396208,6921.6,1,72.5,46.0,58.3,0.0,0.0,0.0
2026-09-25,McConkeys,Park City / PCMR,WG016,40.617956923480186,-111.52625119796232,8958.8,1,61.2,42.6,50.9,0.0,0.0,0.0
2026-09-25,McConkeys / Io Trail (Middle),Park City / PCMR,WG018,40.61168680632571,-111.53326494678502,9588.6,1,55.4,40.1,46.9,0.0,0.0,0.0
2026-09-25,McHenry Avenue,Deer Valley,WG031,40.640126864152855,-111.49219625319049,7274.9,3,69.0,49.9,58.8,0.0,0.0,0.0
2026-09-25,Mid-Mountain Connect,Park City / PCMR,WG036,40.63223012461414,-111.51309555497544,8201.7,1,64.6,46.5,54.6,0.0,0.0,0.0
2026-09-25,Mid-Mountain Trail,Park City / PCMR,WG036,40.64534582424172,-111.53118141177607,8168.3,1,64.6,46.5,54.6,0.0,0.0,0.0
2026-09-25,Milky Way,Jordanelle,WG042,40.65767372971338,-111.43373089841624,6795.1,3,72.7,49.4,59.9,0.0,0.0,0.0
2026-09-25,Milky Way / Two Rocks,Jordanelle,WG042,40.66056479638159,-111.42608338059031,6558.6,3,72.7,49.4,59.9,0.0,0.0,0.0
2026-09-25,Miner's Mile,Park City / PCMR,WG036,40.62728968091632,-111.51804021102016,8457.0,1,64.6,46.5,54.6,0.0,0.0,0.0
2026-09-25,Miss Billy's,Jeremy Ranch / Glenwild,WG059,40.69127466685039,-111.54016400735836,6614.6,1,73.4,42.3,57.4,0.0,0.0,0.0
2026-09-25,Mojave,Park City / PCMR,WG037,40.634971780917176,-111.5211432294971,8540.4,1,63.5,45.4,53.5,0.0,0.0,0.0
2026-09-25,Moose Hollow,Summit Park,WG088,40.76397899834495,-111.58866445905328,6467.6,1,74.2,48.0,60.5,0.0,0.0,0.0
2026-09-25,Moose Poop,Deer Valley,WG032,40.633538239133244,-111.50120248027572,7607.1,3,67.7,48.5,57.5,0.0,0.0,0.0
2026-09-25,Moose Puddle,Pinebrook,WG071,40.70548588260783,-111.56718578772085,7487.6,1,70.7,49.9,59.1,0.0,0.0,0.0
2026-09-25,Moose Tracks Trail,Park City / PCMR,WG009,40.59516414126596,-111.57427709390586,9258.1,1,59.3,42.2,49.8,0.0,0.0,0.0
2026-09-25,Moosebones,Deer Valley,WG013,40.61167254823319,-111.50326786094648,8857.2,1,61.3,42.7,51.0,0.0,0.0,0.0
2026-09-25,Moosehouse,Park City / PCMR,WG032,40.63204398195126,-111.5038481086022,7902.6,3,67.7,48.5,57.5,0.0,0.0,0.0
2026-09-25,Mother Urban,Deer Valley,WG032,40.63167066031289,-111.5034058570439,7904.1,3,67.7,48.5,57.5,0.0,0.0,0.0
2026-09-25,Mountain Ranch,Jeremy Ranch / Glenwild,WG066,40.719482563829935,-111.5082007499112,6453.3,1,74.2,44.4,58.4,0.0,0.0,0.0
2026-09-25,Mountain Ranch Estates,Round Valley,WG067,40.7173985998433,-111.50812726137713,6520.0,1,73.6,43.9,57.8,0.0,0.0,0.0
2026-09-25,Mountain Willow,Round Valley,WG067,40.71402930681007,-111.48565937361776,6571.7,1,73.6,43.9,57.8,0.0,0.0,0.0
2026-09-25,Mr Muchrocks,Round Valley,WG067,40.70904482572548,-111.50323360919846,6653.2,1,73.6,43.9,57.8,0.0,0.0,0.0
2026-09-25,NCS,Deer Valley,WG032,40.62911396321707,-111.4803727621932,7992.5,3,67.7,48.5,57.5,0.0,0.0,0.0
2026-09-25,Nick NAC,Round Valley,WG057,40.69210865876878,-111.490120990647,6959.3,1,72.5,46.0,58.3,0.0,0.0,0.0
2026-09-25,No Worries,Summit Park,WG081,40.73716048778493,-111.60234213265907,7289.1,2,70.4,50.0,59.4,0.0,0.0,0.0
2026-09-25,North 400 West,Jeremy Ranch / Glenwild,WG068,40.70279368500318,-111.51897621463831,6441.4,1,74.5,43.3,58.4,0.0,0.0,0.0
2026-09-25,North Ross Creek Trail,Jordanelle,WG041,40.66585897507511,-111.42082357173696,6405.0,3,74.2,50.4,61.3,0.0,0.0,0.0
2026-09-25,Nowhere Elks,Round Valley,WG058,40.69018989582584,-111.48311322310164,7036.6,1,71.9,45.3,57.7,0.0,0.0,0.0
2026-09-25,OMG,Deer Valley,WG032,40.631226274970665,-111.4973428195913,7571.3,3,67.7,48.5,57.5,0.0,0.0,0.0
2026-09-25,OMH,Pinebrook,WG070,40.71997692753587,-111.55773747935044,6677.5,1,73.5,46.1,58.7,0.0,0.0,0.0
2026-09-25,Oh Deer Flow,Jordanelle,WG041,40.66237367218405,-111.42118550237925,6403.1,3,74.2,50.4,61.3,0.0,0.0,0.0
2026-09-25,Old Homeward Bound,Deer Valley,WG012,40.61357496233911,-111.48964629692756,8441.1,1,64.5,47.8,55.2,0.0,0.0,0.0
2026-09-25,Old Skool,Deer Valley,WG032,40.631898683587,-111.48423208918877,7827.2,3,67.7,48.5,57.5,0.0,0.0,0.0
2026-09-25,Old Stage Crest Connect,Park City / PCMR,WG023,40.61247305094488,-111.5715274805363,9057.3,1,60.3,42.6,50.7,0.0,0.0,0.0
2026-09-25,Olympic,Pinebrook,WG064,40.69996684096533,-111.57868853500152,8004.0,1,65.6,48.6,56.4,0.0,0.0,0.0
2026-09-25,Ontario Canyon,Deer Valley,WG013,40.61130277448227,-111.48755898005427,8755.1,1,61.3,42.7,51.0,0.0,0.0,0.0
2026-09-25,Ontario Ridge,Deer Valley,WG032,40.62821582013441,-111.49780973717266,7815.3,3,67.7,48.5,57.5,0.0,0.0,0.0
2026-09-25,Ore Cart,Deer Valley,WG015,40.621755910380834,-111.51139929264724,8146.4,1,64.7,46.6,54.7,0.0,0.0,0.0
2026-09-25,Outlook,Deer Valley,WG029,40.63657831428653,-111.4685462481628,7646.2,3,68.1,48.9,57.9,0.0,0.0,0.0
2026-09-25,Pale Green Dot,Summit Park,WG078,40.74689592786439,-111.59182437672968,6802.1,1,73.2,47.0,59.5,0.0,0.0,0.0
2026-09-25,Parley's Lane,Summit Park,WG089,40.75375624958085,-111.59849347383722,6719.0,1,73.5,47.3,59.8,0.0,0.0,0.0
2026-09-25,Payday,Park City / PCMR,WG035,40.64053545819342,-111.51124538504462,7598.1,1,69.0,48.9,58.0,0.0,0.0,0.0
2026-09-25,Payroll,Deer Valley,WG013,40.61095393430099,-111.5094443089702,8630.4,1,61.3,42.7,51.0,0.0,0.0,0.0
2026-09-25,Pedalers Inn,Deer Valley,WG012,40.61923438649311,-111.4865707901735,8286.8,1,64.5,47.8,55.2,0.0,0.0,0.0
2026-09-25,Perrier Pass,Park City / PCMR,WG017,40.61814002894983,-111.53826776190397,9445.9,1,59.7,42.0,50.1,0.0,0.0,0.0
2026-09-25,Pinebrook Point,Pinebrook,WG089,40.75079411917499,-111.57994193527573,6623.3,1,73.5,47.3,59.8,0.0,0.0,0.0
2026-09-25,Pinebrook Pointe South,Pinebrook,WG078,40.74959135152933,-111.5795998040212,6632.5,1,73.2,47.0,59.5,0.0,0.0,0.0
2026-09-25,Pinebrook Southeast Perimeter / Hunter's Trail of the Mid Mountain,Pinebrook,WG072,40.71419878562093,-111.5896757552273,7875.5,2,68.9,48.5,57.9,0.0,0.0,0.0
2026-09-25,Pinebrook Southeast Perimeter / Pinebrook SE Perimeter,Pinebrook,WG079,40.72863077219642,-111.58102679054537,7392.0,1,70.5,49.6,58.9,0.0,0.0,0.0
2026-09-25,Pinebrook Southeast Perimeter Trail,Pinebrook,WG078,40.73058687532795,-111.57244227312069,6947.5,1,73.2,47.0,59.5,0.0,0.0,0.0
2026-09-25,Pinecone Ridge,Park City / PCMR,WG039,40.63337906740186,-111.54644099265712,9084.9,1,60.2,42.5,50.6,0.0,0.0,0.0
2026-09-25,Pioneer Ridge,Park City / PCMR,WG018,40.61649374604546,-111.53892521633333,9598.5,1,55.4,40.1,46.9,0.0,0.0,0.0
2026-09-25,Pipeline,Deer Valley,WG028,40.63885618836171,-111.46966538134832,7356.9,3,69.4,50.2,59.2,0.0,0.0,0.0
2026-09-25,Pointy Rocks,Deer Valley,WG031,40.63679995846106,-111.48172224533342,7428.0,3,69.0,49.9,58.8,0.0,0.0,0.0
2026-09-25,PorcUclimb,Round Valley,WG058,40.69402326414524,-111.48517031749344,7064.7,1,71.9,45.3,57.7,0.0,0.0,0.0
2026-09-25,Powerline,Pinebrook,WG078,40.74237998272819,-111.5716363238219,6548.4,1,73.2,47.0,59.5,0.0,0.0,0.0
2026-09-25,Powerline Connector,Pinebrook,WG078,40.74298978990414,-111.5728828415412,6585.6,1,73.2,47.0,59.5,0.0,0.0,0.0
2026-09-25,Powerline Trail,Park City / PCMR,WG036,40.63015217582808,-111.53743024085954,8362.6,1,64.6,46.5,54.6,0.0,0.0,0.0
2026-09-25,Practice Loops,Round Valley,WG055,40.68336469607561,-111.47532267974417,6752.0,1,73.1,46.0,58.5,0.0,0.0,0.0
2026-09-25,Preserve Connector,Jeremy Ranch / Glenwild,WG087,40.76330147562161,-111.54585203221042,7230.0,1,70.5,48.4,58.2,0.0,0.0,0.0
2026-09-25,Princess Di's,Clark Ranch,WG083,40.751465442037045,-111.43628535405452,6858.8,1,72.8,47.8,58.9,0.0,0.0,0.0
2026-09-25,Prospect,Deer Valley,WG031,40.63405408516434,-111.49547333835608,7482.8,3,69.0,49.9,58.8,0.0,0.0,0.0
2026-09-25,Pulp Friction,Round Valley,WG057,40.69884233324062,-111.50344523686547,6681.3,1,72.5,46.0,58.3,0.0,0.0,0.0
2026-09-25,Putty Tat Trail,Jordanelle,WG001,40.59267845848291,-111.40267007297948,6514.0,1,73.1,49.2,60.2,0.0,0.0,0.0
2026-09-25,Quinn's Connect,Round Valley,WG055,40.68185946906874,-111.4726829059293,6720.8,1,73.1,46.0,58.5,0.0,0.0,0.0
2026-09-25,RTS,Jeremy Ranch / Glenwild,WG070,40.71664642216084,-111.55523569599896,6598.1,1,73.5,46.1,58.7,0.0,0.0,0.0
2026-09-25,RTS / BLT,Jeremy Ranch / Glenwild,WG070,40.71544842193981,-111.5580228733734,6768.3,1,73.5,46.1,58.7,0.0,0.0,0.0
2026-09-25,Rademan Ridge,Round Valley,WG057,40.69522706920315,-111.49835765815162,6895.6,1,72.5,46.0,58.3,0.0,0.0,0.0
2026-09-25,Ramble On,Round Valley,WG067,40.70159467934347,-111.48028465593316,6781.5,1,73.6,43.9,57.8,0.0,0.0,0.0
2026-09-25,Rambler,Round Valley,WG057,40.69772226627651,-111.49065578495473,6809.2,1,72.5,46.0,58.3,0.0,0.0,0.0
2026-09-25,Rambler DT,Round Valley,WG056,40.699080350519786,-111.50674680507665,6485.7,1,74.2,44.4,58.4,0.0,0.0,0.0
2026-09-25,Red Bull,Park City / PCMR,WG035,40.63958635838598,-111.51326842477698,7769.0,1,69.0,48.9,58.0,0.0,0.0,0.0
2026-09-25,Regulator Trail,Deer Valley,WG033,40.62910164594688,-111.48142418804063,8033.8,1,65.4,47.3,55.4,0.0,0.0,0.0
2026-09-25,Richochet,Park City / PCMR,WG062,40.68638148266805,-111.57139393545772,7468.3,0,69.3,49.7,58.8,0.0,0.0,0.0
2026-09-25,Rinse Cycle Trail,Deer Valley,WG028,40.62990230274806,-111.45944053119273,7191.1,3,69.4,50.2,59.2,0.0,0.0,0.0
2026-09-25,Ripple Trail,Deer Valley,WG029,40.63554405253732,-111.47490110184252,7588.0,3,68.1,48.9,57.9,0.0,0.0,0.0
2026-09-25,Riverview West Trail,Jordanelle,WG001,40.58565113588149,-111.41386481977428,6730.6,1,73.1,49.2,60.2,0.0,0.0,0.0
2026-09-25,Road to WOS,Summit Park,WG082,40.73344363030311,-111.61407104321202,7712.2,2,69.0,48.5,58.0,0.0,0.0,0.0
2026-09-25,Rob's Trail,Pinebrook,WG063,40.69704664952428,-111.5702364046946,7584.0,0,68.3,48.6,57.8,0.0,0.0,0.0
2026-09-25,RocMon,Round Valley,WG055,40.68788668982749,-111.4548390225179,6677.5,1,73.1,46.0,58.5,0.0,0.0,0.0
2026-09-25,Rock Chuck Trail,Park City / PCMR,WG008,40.58874474594925,-111.56839301918852,9680.6,1,55.2,39.9,46.7,0.0,0.0,0.0
2026-09-25,Rogue Rider Trail,Park City / PCMR,WG020,40.60699361060532,-111.56187339427328,9423.9,1,59.4,41.7,49.8,0.0,0.0,0.0
2026-09-25,Rosebud,Park City / PCMR,WG036,40.63966083548988,-111.52257618003053,8390.4,1,64.6,46.5,54.6,0.0,0.0,0.0
2026-09-25,Rosebud's Heaven,Park City / PCMR,WG060,40.69195554103422,-111.5659528759652,7326.9,1,71.3,50.4,59.7,0.0,0.0,0.0
2026-09-25,Rossi Hill Trail,Deer Valley,WG031,40.63808222920599,-111.4919292526201,7341.8,3,69.0,49.9,58.8,0.0,0.0,0.0
2026-09-25,Round Valley Connect,Round Valley,WG067,40.70875221615484,-111.50427592382064,6606.7,1,73.6,43.9,57.8,0.0,0.0,0.0
2026-09-25,Round Valley Connector,Round Valley,WG067,40.709506874143365,-111.48774034228174,6611.3,1,73.6,43.9,57.8,0.0,0.0,0.0
2026-09-25,Round Valley Express,Round Valley,WG057,40.69308554123404,-111.4897696424948,6812.1,1,72.5,46.0,58.3,0.0,0.0,0.0
2026-09-25,Rusty Shovel,Round Valley,WG057,40.69776625143012,-111.4804885556652,6868.8,1,72.5,46.0,58.3,0.0,0.0,0.0
2026-09-25,Rusty Spur,Round Valley,WG065,40.70159189598121,-111.4765958017646,6731.2,1,73.4,44.3,58.0,0.0,0.0,0.0
2026-09-25,SOS,Park City / PCMR,WG046,40.666448184385416,-111.48116864087982,6803.8,1,72.2,49.2,59.9,0.0,0.0,0.0
2026-09-25,SQ Connector Trail,Round Valley,WG055,40.68949659271035,-111.47067515084642,6728.8,1,73.1,46.0,58.5,0.0,0.0,0.0
2026-09-25,Sam's Trail,Deer Valley,WG012,40.61912724197413,-111.50964994268364,8145.3,1,64.5,47.8,55.2,0.0,0.0,0.0
2026-09-25,Saved By The Bell,Round Valley,WG067,40.71689792497153,-111.49958806368429,6568.5,1,73.6,43.9,57.8,0.0,0.0,0.0
2026-09-25,Scott's Bypass,Park City / PCMR,WG021,40.612047856355446,-111.55918064050742,9658.7,1,55.3,40.0,46.7,0.0,0.0,0.0
2026-09-25,Secret of My Success Trail,Deer Valley,WG033,40.62597453280468,-111.48566192002252,8293.6,1,65.4,47.3,55.4,0.0,0.0,0.0
2026-09-25,Seldom Seen,Park City / PCMR,WG034,40.64892938917546,-111.51571616491609,7435.6,1,70.3,50.2,59.3,0.0,0.0,0.0
2026-09-25,Seventy 101,Round Valley,WG057,40.68968411592925,-111.49103639156762,6974.3,1,72.5,46.0,58.3,0.0,0.0,0.0
2026-09-25,Shadow Lake,Park City / PCMR,WG020,40.61596037279941,-111.55009628848111,9179.4,1,59.4,41.7,49.8,0.0,0.0,0.0
2026-09-25,Shenanigans,Deer Valley,WG012,40.62034189886961,-111.49849814997506,8237.7,1,64.5,47.8,55.2,0.0,0.0,0.0
2026-09-25,Short Cut,Jeremy Ranch / Glenwild,WG064,40.68025862222409,-111.57883598783349,8081.5,1,65.6,48.6,56.4,0.0,0.0,0.0
2026-09-25,Short Fuse,Park City / PCMR,WG036,40.6346970517688,-111.52339576593836,8439.4,1,64.6,46.5,54.6,0.0,0.0,0.0
2026-09-25,Short Ribs,Summit Park,WG082,40.7348537895427,-111.62048055745409,7705.3,2,69.0,48.5,58.0,0.0,0.0,0.0
2026-09-25,Short Stack,Summit Park,WG082,40.73936874753804,-111.6200542747078,7652.8,2,69.0,48.5,58.0,0.0,0.0,0.0
2026-09-25,Silver Creek Trail,Round Valley,WG074,40.728195917662575,-111.48449884114967,6494.3,1,74.6,47.8,59.9,0.0,0.0,0.0
2026-09-25,Silver Gate,Round Valley,WG073,40.72728013881357,-111.46748664430804,6513.4,1,74.1,45.1,58.8,0.0,0.0,0.0
2026-09-25,Silver Queen,Park City / PCMR,WG037,40.63391819864852,-111.51755091640152,8558.9,1,63.5,45.4,53.5,0.0,0.0,0.0
2026-09-25,Silver Spur,Park City / PCMR,WG049,40.65266965116334,-111.5117818738982,6980.8,1,71.9,48.9,59.6,0.0,0.0,0.0
2026-09-25,Skid Row,Park City / PCMR,WG044,40.66845831872771,-111.47381352761975,6920.8,2,72.3,46.7,58.6,0.0,0.0,0.0
2026-09-25,Skyridge Peak Trail / Milky Way,Jordanelle,WG043,40.65984634182248,-111.4368345884266,7139.2,3,71.4,48.1,58.6,0.0,0.0,0.0
2026-09-25,Sloppy Joe,Round Valley,WG067,40.71599935057343,-111.49742827056478,6658.4,1,73.6,43.9,57.8,0.0,0.0,0.0
2026-09-25,Snake Pit Trail,Park City / PCMR,WG010,40.58750533085767,-111.57189033610032,9625.4,1,57.4,40.3,47.9,0.0,0.0,0.0
2026-09-25,Snowtop,Deer Valley,WG028,40.64752229561398,-111.4705824068134,7443.3,3,69.4,50.2,59.2,0.0,0.0,0.0
2026-09-25,Solamere,Deer Valley,WG045,40.65168830951934,-111.47267426337083,7304.0,1,70.9,47.9,58.6,0.0,0.0,0.0
2026-09-25,Solamere Connector,Deer Valley,WG045,40.651338463153365,-111.4797751905619,7331.1,1,70.9,47.9,58.6,0.0,0.0,0.0
2026-09-25,Somewhere Elks,Round Valley,WG055,40.68702802029736,-111.47813858810876,6977.4,1,73.1,46.0,58.5,0.0,0.0,0.0
2026-09-25,South Canyon,Round Valley,WG055,40.697084178294816,-111.45372200426904,6732.0,1,73.1,46.0,58.5,0.0,0.0,0.0
2026-09-25,South Sweeney,Park City / PCMR,WG031,40.64194117786604,-111.49870009761844,7400.1,3,69.0,49.9,58.8,0.0,0.0,0.0
2026-09-25,Spare Change,Summit Park,WG080,40.74164553017363,-111.60031464541484,6827.9,1,72.9,47.9,60.0,0.0,0.0,0.0
2026-09-25,Sparky's Return,Clark Ranch,WG044,40.6617858998794,-111.45698342605078,6783.6,2,72.3,46.7,58.6,0.0,0.0,0.0
2026-09-25,Speedbag,Deer Valley,WG011,40.624406811076895,-111.50919273225593,7987.6,1,66.1,48.0,56.1,0.0,0.0,0.0
2026-09-25,Spin Cycle Trail,Deer Valley,WG028,40.63411801502942,-111.46082430079326,7178.8,3,69.4,50.2,59.2,0.0,0.0,0.0
2026-09-25,Spiro Trail,Park City / PCMR,WG035,40.64755384631944,-111.52407012433112,7617.4,1,69.0,48.9,58.0,0.0,0.0,0.0
2026-09-25,St. Regis Trail,Deer Valley,WG028,40.639112933407205,-111.47591481144916,7383.3,3,69.4,50.2,59.2,0.0,0.0,0.0
2026-09-25,Stealth Connector / Pheasant Way,Jeremy Ranch / Glenwild,WG076,40.73167942348123,-111.54708752211994,6361.5,1,74.6,47.3,59.9,0.0,0.0,0.0
2026-09-25,Stealth Trail,Jeremy Ranch / Glenwild,WG077,40.73631275924013,-111.5447596003018,6560.0,1,73.9,46.6,59.1,0.0,0.0,0.0
2026-09-25,Steps,Park City / PCMR,WG037,40.63116043759045,-111.5173271228493,8520.8,1,63.5,45.4,53.5,0.0,0.0,0.0
2026-09-25,Stiff Upper Lip,Park City / PCMR,WG017,40.61611691879028,-111.52987009616064,9025.4,1,59.7,42.0,50.1,0.0,0.0,0.0
2026-09-25,Sunny Slopes Trail,Round Valley,WG057,40.68377753714063,-111.48540217687854,6826.8,1,72.5,46.0,58.3,0.0,0.0,0.0
2026-09-25,Sunset,Deer Valley,WG013,40.61222429898699,-111.48546906629171,8777.5,1,61.3,42.7,51.0,0.0,0.0,0.0
2026-09-25,Super G,Deer Valley,WG013,40.6078734147108,-111.486644562986,8939.8,1,61.3,42.7,51.0,0.0,0.0,0.0
2026-09-25,Sven,Jordanelle,WG040,40.66216079919324,-111.41880056586604,6299.4,3,74.6,50.8,61.7,0.0,0.0,0.0
2026-09-25,Sweeney Switchbacks,Park City / PCMR,WG031,40.64428684826398,-111.50263935593632,7442.9,3,69.0,49.9,58.8,0.0,0.0,0.0
2026-09-25,Sweeneys,Park City / PCMR,WG032,40.6416793962084,-111.50380066992643,7712.4,3,67.7,48.5,57.5,0.0,0.0,0.0
2026-09-25,T&G,Deer Valley,WG016,40.611941402305575,-111.51506977898008,8673.3,1,61.2,42.6,50.9,0.0,0.0,0.0
2026-09-25,T&G 2,Deer Valley,WG016,40.62089143656375,-111.51568549288604,8599.5,1,61.2,42.6,50.9,0.0,0.0,0.0
2026-09-25,TDS Ontario Bypass,Deer Valley,WG032,40.62591563844938,-111.49801252893096,7889.0,3,67.7,48.5,57.5,0.0,0.0,0.0
2026-09-25,TSP Skils Area,Round Valley,WG067,40.70929244417837,-111.50545423904256,6671.9,1,73.6,43.9,57.8,0.0,0.0,0.0
2026-09-25,Tall Oaks Circle,Pinebrook,WG078,40.73938310561022,-111.57541687830556,6961.5,1,73.2,47.0,59.5,0.0,0.0,0.0
2026-09-25,Tall T Trail,Deer Valley,WG007,40.59029104976929,-111.52734087474852,9033.3,1,60.5,41.8,50.1,0.0,0.0,0.0
2026-09-25,Tar Pits Jump Line,Round Valley,WG067,40.70948336187246,-111.50501444482678,6663.3,1,73.6,43.9,57.8,0.0,0.0,0.0
2026-09-25,Team Big Bear,Deer Valley,WG013,40.61639926546102,-111.50010669410356,8610.0,1,61.3,42.7,51.0,0.0,0.0,0.0
2026-09-25,Team Cutthroat Downhill,Jeremy Ranch / Glenwild,WG077,40.74619331694971,-111.55242052130288,6618.0,1,73.9,46.6,59.1,0.0,0.0,0.0
2026-09-25,Thaynes Canyon,Park City / PCMR,WG037,40.62644528922062,-111.539067377105,8520.6,1,63.5,45.4,53.5,0.0,0.0,0.0
2026-09-25,The Avenues,Summit Park,WG090,40.75998198374273,-111.6028265058925,7081.5,1,71.4,46.4,58.5,0.0,0.0,0.0
2026-09-25,The Graduate,Jeremy Ranch / Glenwild,WG085,40.7534431855279,-111.56237742796368,6343.1,1,74.8,48.6,61.1,0.0,0.0,0.0
2026-09-25,The Great Gazoo,Round Valley,WG067,40.70997890100696,-111.50140660314835,6662.9,1,73.6,43.9,57.8,0.0,0.0,0.0
2026-09-25,The Lookout,Deer Valley,WG032,40.62921554675458,-111.4942829189022,7693.2,3,67.7,48.5,57.5,0.0,0.0,0.0
2026-09-25,The Sheep Trail,Summit Park,WG094,40.75746633469589,-111.667341513995,6217.2,1,76.1,54.4,64.3,0.0,0.0,0.0
2026-09-25,The Up Trail,Summit Park,WG078,40.74822119025095,-111.58934600493023,6821.1,1,73.2,47.0,59.5,0.0,0.0,0.0
2026-09-25,The Upper Avenues,Summit Park,WG090,40.75942210135698,-111.60997791538348,7425.0,1,71.4,46.4,58.5,0.0,0.0,0.0
2026-09-25,Thieves Forest,Deer Valley,WG013,40.61553068086176,-111.48245627012813,8597.7,1,61.3,42.7,51.0,0.0,0.0,0.0
2026-09-25,Thieves Forrest,Deer Valley,WG014,40.611364491739,-111.4804590615015,9072.7,1,60.4,41.8,50.1,0.0,0.0,0.0
2026-09-25,Three Candles,Park City / PCMR,WG037,40.62931137475258,-111.52248914366156,8843.3,1,63.5,45.4,53.5,0.0,0.0,0.0
2026-09-25,Tidal Wave,Deer Valley,WG013,40.610548014761406,-111.48897388892838,8737.9,1,61.3,42.7,51.0,0.0,0.0,0.0
2026-09-25,Tideline,Jordanelle,WG025,40.64171272429878,-111.40053564270964,6530.0,3,73.7,49.9,60.8,0.0,0.0,0.0
2026-09-25,Tim Man,Round Valley,WG067,40.70348842863846,-111.50080894755244,6766.9,1,73.6,43.9,57.8,0.0,0.0,0.0
2026-09-25,Tommys Two Step,Park City / PCMR,WG036,40.629024211109055,-111.51829238121942,8474.2,1,64.6,46.5,54.6,0.0,0.0,0.0
2026-09-25,Tour De Homes,Deer Valley,WG032,40.63205110837411,-111.48826887414292,7813.1,3,67.7,48.5,57.5,0.0,0.0,0.0
2026-09-25,Tour De Suds (Upper),Deer Valley,WG013,40.614682713092186,-111.50609195133156,8563.5,1,61.3,42.7,51.0,0.0,0.0,0.0
2026-09-25,Town,Park City / PCMR,WG030,40.64755940729975,-111.49861999854691,6988.0,1,71.9,48.8,59.6,0.0,0.0,0.0
2026-09-25,Trailside,Round Valley,WG066,40.71864159830864,-111.50336949570412,6480.1,1,74.2,44.4,58.4,0.0,0.0,0.0
2026-09-25,Trailside Connector,Round Valley,WG067,40.71611276967259,-111.5017965665912,6504.2,1,73.6,43.9,57.8,0.0,0.0,0.0
2026-09-25,Trailside Loop,Round Valley,WG067,40.71199117049012,-111.50483999800892,6609.7,1,73.6,43.9,57.8,0.0,0.0,0.0
2026-09-25,Trappers Gate,Deer Valley,WG031,40.63197509989361,-111.497026036245,7462.8,3,69.0,49.9,58.8,0.0,0.0,0.0
2026-09-25,Trestle,Park City / PCMR,WG033,40.63650074050743,-111.50791633233914,8071.5,1,65.4,47.3,55.4,0.0,0.0,0.0
2026-09-25,Tricky Pickle Trail,Deer Valley,WG004,40.59197973531048,-111.49789592532872,8532.5,1,61.7,43.0,51.3,0.0,0.0,0.0
2026-09-25,Truckhole,Round Valley,WG067,40.704351116822174,-111.50022157042804,6773.9,1,73.6,43.9,57.8,0.0,0.0,0.0
2026-09-25,Trump,Deer Valley,WG013,40.60903529522874,-111.4964159868453,8771.6,1,61.3,42.7,51.0,0.0,0.0,0.0
2026-09-25,Tsunami,Deer Valley,WG013,40.61166268615432,-111.48706860055302,8747.8,1,61.3,42.7,51.0,0.0,0.0,0.0
2026-09-25,Tug of War Trail,Deer Valley,WG013,40.60218815889535,-111.4963014769127,8962.3,1,61.3,42.7,51.0,0.0,0.0,0.0
2026-09-25,Tweety Bird Trail,Jordanelle,WG001,40.59084253440856,-111.40816741687898,6568.1,1,73.1,49.2,60.2,0.0,0.0,0.0
2026-09-25,Twist & Shout,Deer Valley,WG012,40.61590669002216,-111.48826576454944,8415.6,1,64.5,47.8,55.2,0.0,0.0,0.0
2026-09-25,Twist and Shout,Deer Valley,WG013,40.61146669404505,-111.486662413967,8799.9,1,61.3,42.7,51.0,0.0,0.0,0.0
2026-09-25,Undertow Trail,Deer Valley,WG029,40.63057046785135,-111.47858549886824,7937.9,3,68.1,48.9,57.9,0.0,0.0,0.0
2026-09-25,Unga Bunga Skills and Pump Tradk,Round Valley,WG067,40.71158064400824,-111.50217787755837,6590.1,1,73.6,43.9,57.8,0.0,0.0,0.0
2026-09-25,Up Track,Round Valley,WG067,40.71007968280768,-111.50314659118624,6643.1,1,73.6,43.9,57.8,0.0,0.0,0.0
2026-09-25,Upper Devo Trail,Deer Valley,WG033,40.62826200901757,-111.4850494481263,8097.8,1,65.4,47.3,55.4,0.0,0.0,0.0
2026-09-25,Upper Loose,Park City / PCMR,WG032,40.64060205866311,-111.5081407284332,7678.0,3,67.7,48.5,57.5,0.0,0.0,0.0
2026-09-25,Upper Loose Moose,Park City / PCMR,WG032,40.64060459750891,-111.5062344507794,7788.9,3,67.7,48.5,57.5,0.0,0.0,0.0
2026-09-25,Upper Sparky Trail,Clark Ranch,WG044,40.6599723509711,-111.45534390616216,6878.4,2,72.3,46.7,58.6,0.0,0.0,0.0
2026-09-25,Village Pipeline Connector,Deer Valley,WG028,40.6391093200599,-111.472490526811,7336.8,3,69.4,50.2,59.2,0.0,0.0,0.0
2026-09-25,Village Trail,Deer Valley,WG028,40.64077448423082,-111.47113665558776,7315.2,3,69.4,50.2,59.2,0.0,0.0,0.0
2026-09-25,Village Trail / Pipeline,Deer Valley,WG028,40.64110752434245,-111.46934147070748,7182.6,3,69.4,50.2,59.2,0.0,0.0,0.0
2026-09-25,WOW (Wasatch Over Wasatch) Trail,Deer Valley,WG003,40.585198990338895,-111.50729227137398,8248.2,1,64.4,46.4,54.0,0.0,0.0,0.0
2026-09-25,Wada Way,Jordanelle,WG040,40.65139897157171,-111.41292348157292,6267.2,3,74.6,50.8,61.7,0.0,0.0,0.0
2026-09-25,Wasatch,Round Valley,WG074,40.742724215036304,-111.49568804225927,6475.9,1,74.6,47.8,59.9,0.0,0.0,0.0
2026-09-25,Wasatch Crest Connect,Park City / PCMR,WG020,40.616974136223725,-111.55736099806312,9245.9,1,59.4,41.7,49.8,0.0,0.0,0.0
2026-09-25,Wasatch Wiggle Trail,Park City / PCMR,WG010,40.58570056880523,-111.57390345809982,9702.8,1,57.4,40.3,47.9,0.0,0.0,0.0
2026-09-25,We'll Go From There,Jordanelle,WG027,40.633559740125165,-111.4528915193202,6692.5,3,72.7,48.3,59.6,0.0,0.0,0.0
2026-09-25,Winchester Trail,Jeremy Ranch / Glenwild,WG069,40.71094932830698,-111.54449441430567,6453.0,1,74.5,43.3,58.4,0.0,0.0,0.0
2026-09-25,Woodside Gulch,Deer Valley,WG032,40.63428272582461,-111.50200856347875,7635.5,3,67.7,48.5,57.5,0.0,0.0,0.0
2026-09-25,Wowza Downhill Trail,Deer Valley,WG006,40.58677474689952,-111.51626735679228,8564.8,1,62.1,43.4,51.7,0.0,0.0,0.0
2026-09-25,Wowza Trail,Deer Valley,WG006,40.58754867198866,-111.51557993987645,8552.8,1,62.1,43.4,51.7,0.0,0.0,0.0
2026-09-25,Yabba Dabba Doo,Round Valley,WG067,40.71031601545331,-111.5039304608668,6636.2,1,73.6,43.9,57.8,0.0,0.0,0.0
2026-09-25,Yeti's,Pinebrook,WG072,40.70910944007779,-111.57083697014414,7539.3,2,68.9,48.5,57.9,0.0,0.0,0.0
2026-09-25,You Get It,Jordanelle,WG027,40.63417280890808,-111.45447628262694,6774.5,3,72.7,48.3,59.6,0.0,0.0,0.0
2026-09-26,24-7,Jeremy Ranch / Glenwild,WG086,40.7580938928905,-111.55747502780672,6689.5,2,72.4,48.2,60.4,0.0,0.0,0.0
2026-09-26,4:20,Deer Valley,WG032,40.63850725810498,-111.5016215026881,7810.7,1,66.0,51.4,58.6,0.0,0.0,0.0
2026-09-26,9K Trail,Park City / PCMR,WG017,40.61454424262402,-111.5340694590712,9222.8,2,58.0,42.0,50.1,0.0,0.0,0.0
2026-09-26,A Toll New World,Summit Park,WG078,40.74525880222984,-111.59660432287036,6843.1,2,71.8,48.9,61.0,0.0,0.0,0.0
2026-09-26,Abilene Way,Jeremy Ranch / Glenwild,WG068,40.705162592888,-111.52848253655898,6454.0,2,73.0,45.0,60.7,0.0,0.0,0.0
2026-09-26,Agitator Trail,Deer Valley,WG028,40.62594479567907,-111.46053082324435,7171.6,1,67.7,53.1,60.3,0.0,0.0,0.0
2026-09-26,Alexander Creek Trail,Summit Park,WG093,40.75856130522611,-111.67962308025976,5873.5,2,75.6,54.6,65.8,0.0,0.0,0.0
2026-09-26,Alta-Brighton Trail,Park City / PCMR,WG009,40.59874189108338,-111.5904390735144,9081.0,1,57.9,42.0,49.8,0.0,0.0,0.0
2026-09-26,Ambush,Jeremy Ranch / Glenwild,WG063,40.694225906082366,-111.58181443950004,7757.7,2,66.4,52.5,59.2,0.0,0.0,0.0
2026-09-26,Amenti,Round Valley,WG067,40.71749758221375,-111.50096260266577,6526.6,1,72.4,46.8,59.7,0.0,0.0,0.0
2026-09-26,An Unexpected Journey Trail,Jordanelle,WG001,40.584095263003086,-111.41492155800285,6731.9,0,71.0,53.0,61.7,0.0,0.0,0.0
2026-09-26,Ancient Forest Loop,Round Valley,WG074,40.7314260153664,-111.49224006112888,6485.8,1,73.1,47.6,60.3,0.0,0.0,0.0
2026-09-26,Ant Farm,Jeremy Ranch / Glenwild,WG077,40.74632495230274,-111.55092174051572,6629.0,2,72.6,48.4,60.5,0.0,0.0,0.0
2026-09-26,Apex,Park City / PCMR,WG038,40.62520958876211,-111.53395003281469,9146.4,2,58.3,42.3,50.4,0.0,0.0,0.0
2026-09-26,April Mountain Trail,Deer Valley,WG047,40.650711302598815,-111.4870593388075,7472.0,2,69.3,50.2,60.5,0.0,0.0,0.0
2026-09-26,Armstrong,Park City / PCMR,WG051,40.65248508262897,-111.52994268919429,7566.3,2,67.5,52.4,59.8,0.0,0.0,0.0
2026-09-26,Ashley Avenue,Round Valley,WG057,40.68155854272997,-111.50389122653404,6794.6,1,71.0,48.8,60.6,0.0,0.0,0.0
2026-09-26,Aspen Slalom,Deer Valley,WG013,40.61311265842392,-111.48457791355952,8816.9,1,59.8,43.6,51.7,0.0,0.0,0.0
2026-09-26,BLT,Jeremy Ranch / Glenwild,WG070,40.71492142685356,-111.56084442077211,6927.9,2,72.1,47.9,60.1,0.0,0.0,0.0
2026-09-26,BYOB,Pinebrook,WG070,40.718283985000745,-111.55661288864135,6639.8,2,72.1,47.9,60.1,0.0,0.0,0.0
2026-09-26,Backslide,Round Valley,WG057,40.686236769495366,-111.49111386346571,6972.4,1,71.0,48.8,60.6,0.0,0.0,0.0
2026-09-26,Bad Apple,Jeremy Ranch / Glenwild,WG076,40.74937514368386,-111.56017979748744,6367.9,2,73.3,49.1,61.2,0.0,0.0,0.0
2026-09-26,Bamm Bamm,Round Valley,WG067,40.71001316656963,-111.50256230173504,6667.3,1,72.4,46.8,59.7,0.0,0.0,0.0
2026-09-26,Barrel Roll,Round Valley,WG058,40.69153134198254,-111.48458530535574,7017.0,1,70.4,48.2,60.0,0.0,0.0,0.0
2026-09-26,Beep Beep Trail,Jordanelle,WG001,40.59039066618902,-111.4033797731244,6670.3,0,71.0,53.0,61.7,0.0,0.0,0.0
2026-09-26,Big Dipper,Jordanelle,WG042,40.66018548005414,-111.43175307695702,6961.2,0,71.5,51.3,60.6,0.0,0.0,0.0
2026-09-26,Big Easy,Round Valley,WG057,40.696128326880846,-111.48285293654745,6776.5,1,71.0,48.8,60.6,0.0,0.0,0.0
2026-09-26,Black Forest,Deer Valley,WG016,40.61940428916709,-111.52036519166067,8929.3,1,59.7,43.5,51.6,0.0,0.0,0.0
2026-09-26,Blackhawk Trail,Jeremy Ranch / Glenwild,WG075,40.73111252615939,-111.53542276920604,6536.5,2,72.5,48.3,60.4,0.0,0.0,0.0
2026-09-26,Blazing Saddle,Park City / PCMR,WG020,40.61652898868821,-111.55635878361066,9384.9,2,57.7,41.7,49.9,0.0,0.0,0.0
2026-09-26,Bonanza Flat Overlook,Deer Valley,WG017,40.60116766018752,-111.5344182482656,9112.3,2,58.0,42.0,50.1,0.0,0.0,0.0
2026-09-26,Bonanza Loop Trail,Deer Valley,WG016,40.60282163896819,-111.52815381158308,8908.5,1,59.7,43.5,51.6,0.0,0.0,0.0
2026-09-26,Bonanza Trail,Deer Valley,WG046,40.661614248984336,-111.49584605339936,6814.3,2,70.3,51.3,61.6,0.0,0.0,0.0
2026-09-26,Boot Hill,Park City / PCMR,WG046,40.66311538182378,-111.50841776480048,6853.1,2,70.3,51.3,61.6,0.0,0.0,0.0
2026-09-26,Boot Hill Connect,Park City / PCMR,WG046,40.66384832032967,-111.50809692977944,6921.4,2,70.3,51.3,61.6,0.0,0.0,0.0
2026-09-26,Boulder,Deer Valley,WG013,40.61539223980999,-111.50399769475118,8635.0,1,59.8,43.6,51.7,0.0,0.0,0.0
2026-09-26,Boulder / Trump,Deer Valley,WG013,40.610998229404565,-111.50208555144307,8996.4,1,59.8,43.6,51.7,0.0,0.0,0.0
2026-09-26,Bourbon Street,Round Valley,WG067,40.70798253656,-111.48164466049944,6673.3,1,72.4,46.8,59.7,0.0,0.0,0.0
2026-09-26,Bow Hunter,Deer Valley,WG014,40.60108596513679,-111.48484426536052,9020.3,1,58.9,42.7,50.7,0.0,0.0,0.0
2026-09-26,Bow Hunter Extension,Deer Valley,WG005,40.59796119210968,-111.4848069886625,9014.7,1,59.0,42.8,50.9,0.0,0.0,0.0
2026-09-26,Brighton Lakes Trail,Park City / PCMR,WG009,40.59287052758444,-111.58751257009568,9276.0,1,57.9,42.0,49.8,0.0,0.0,0.0
2026-09-26,Bronto Jam,Round Valley,WG067,40.71004954775594,-111.501977414722,6672.8,1,72.4,46.8,59.7,0.0,0.0,0.0
2026-09-26,CMG,Park City / PCMR,WG035,40.645848884326966,-111.51679268892973,7606.5,2,67.1,52.0,59.4,0.0,0.0,0.0
2026-09-26,Cammy's,Round Valley,WG057,40.69072662264133,-111.49673800313964,6953.5,1,71.0,48.8,60.6,0.0,0.0,0.0
2026-09-26,Canyons Downhill,Pinebrook,WG061,40.68430916809496,-111.56849091879047,7666.2,2,66.7,52.8,59.5,0.0,0.0,0.0
2026-09-26,Catherine's Pass Trail,Park City / PCMR,WG010,40.585096359880005,-111.59078643106362,9753.9,1,56.0,40.1,47.8,0.0,0.0,0.0
2026-09-26,Claim Jumper,Park City / PCMR,WG036,40.63958065995946,-111.52518162563226,8147.6,1,62.5,48.2,55.1,0.0,0.0,0.0
2026-09-26,Clayton Peak Trail,Park City / PCMR,WG010,40.58693552999217,-111.57085635011327,9813.5,1,56.0,40.1,47.8,0.0,0.0,0.0
2026-09-26,Cobblestone Loop,Jeremy Ranch / Glenwild,WG084,40.75845647840704,-111.52582619388934,6805.4,1,70.5,50.8,60.7,0.0,0.0,0.0
2026-09-26,Cobblestone Trail,Jeremy Ranch / Glenwild,WG084,40.75512641497514,-111.52744418745776,6723.8,1,70.5,50.8,60.7,0.0,0.0,0.0
2026-09-26,Colin's Trail,Jeremy Ranch / Glenwild,WG060,40.69629937433107,-111.55671582168428,7029.9,2,69.6,52.0,61.7,0.0,0.0,0.0
2026-09-26,Colony Mid Mountain Connector,Park City / PCMR,WG052,40.65011049975458,-111.53932673410868,8429.2,2,62.2,48.4,55.0,0.0,0.0,0.0
2026-09-26,Comstock Mine Trail,Park City / PCMR,WG019,40.62270505527668,-111.54357954562096,8723.6,2,59.8,43.8,52.0,0.0,0.0,0.0
2026-09-26,Constellation Trail,Jordanelle,WG026,40.6428753631073,-111.43505033038012,6261.6,0,74.0,50.8,62.0,0.0,0.0,0.0
2026-09-26,Corvair,Deer Valley,WG016,40.61099169805087,-111.51230389508405,8648.6,1,59.7,43.5,51.6,0.0,0.0,0.0
2026-09-26,Corvair (Upper),Deer Valley,WG016,40.60840912265719,-111.51090449857222,8883.3,1,59.7,43.5,51.6,0.0,0.0,0.0
2026-09-26,Corvair Connector,Deer Valley,WG016,40.61070239150149,-111.5115633319795,8812.1,1,59.7,43.5,51.6,0.0,0.0,0.0
2026-09-26,Cousin Eddy Trail,Clark Ranch,WG044,40.66170094764518,-111.45386933866466,6817.2,1,71.1,48.8,59.7,0.0,0.0,0.0
2026-09-26,Coyote Loop Trail,Jordanelle,WG001,40.58676467246392,-111.40272629625528,6895.7,0,71.0,53.0,61.7,0.0,0.0,0.0
2026-09-26,Crazy Eights,Jeremy Ranch / Glenwild,WG077,40.74908550583131,-111.55291850861556,6580.7,2,72.6,48.4,60.5,0.0,0.0,0.0
2026-09-26,Crescent Ridge,Park City / PCMR,WG036,40.64328062856461,-111.5205999025961,8289.2,1,62.5,48.2,55.1,0.0,0.0,0.0
2026-09-26,Cutter Lane,Jeremy Ranch / Glenwild,WG068,40.7083260127391,-111.53140227257067,6437.7,2,73.0,45.0,60.7,0.0,0.0,0.0
2026-09-26,Cyn City,Park City / PCMR,WG016,40.62106458390316,-111.52108056020784,8700.1,1,59.7,43.5,51.6,0.0,0.0,0.0
2026-09-26,Daily Overlook,Deer Valley,WG031,40.631723443280656,-111.4987920660294,7430.4,1,67.3,52.7,59.9,0.0,0.0,0.0
2026-09-26,Daly Avenue,Deer Valley,WG031,40.63079192228995,-111.49966938212476,7430.3,1,67.3,52.7,59.9,0.0,0.0,0.0
2026-09-26,Daly Bypass,Deer Valley,WG031,40.63469577874592,-111.4972952534869,7351.3,1,67.3,52.7,59.9,0.0,0.0,0.0
2026-09-26,Daly Canyon,Deer Valley,WG011,40.620194319264456,-111.50922727258838,7986.4,1,64.0,49.7,56.6,0.0,0.0,0.0
2026-09-26,Daly Grind,Deer Valley,WG011,40.62436395642222,-111.5065519695764,7745.3,1,64.0,49.7,56.6,0.0,0.0,0.0
2026-09-26,Dawns Trail,Park City / PCMR,WG051,40.65039115727101,-111.52578815180028,7505.7,2,67.5,52.4,59.8,0.0,0.0,0.0
2026-09-26,Dead Reckoning,Summit Park,WG078,40.74804102527887,-111.5901705440554,6808.0,2,71.8,48.9,61.0,0.0,0.0,0.0
2026-09-26,Dead Tree,Park City / PCMR,WG021,40.611358588022426,-111.54588982448988,9653.6,1,54.9,40.6,47.0,0.0,0.0,0.0
2026-09-26,Deep Park Circle,Jordanelle,WG026,40.626894083286025,-111.43587347972714,6383.2,0,74.0,50.8,62.0,0.0,0.0,0.0
2026-09-26,Deer Camp,Deer Valley,WG013,40.60519585339864,-111.4911066437841,8920.6,1,59.8,43.6,51.7,0.0,0.0,0.0
2026-09-26,Deer Crest,Deer Valley,WG029,40.63553157935396,-111.47424740401932,7612.2,1,66.4,51.8,59.0,0.0,0.0,0.0
2026-09-26,Devo,Deer Valley,WG032,40.6296740826892,-111.48374523511592,7963.4,1,66.0,51.4,58.6,0.0,0.0,0.0
2026-09-26,Discovery,Summit Park,WG078,40.74903521550762,-111.59463162387972,6614.4,2,71.8,48.9,61.0,0.0,0.0,0.0
2026-09-26,Downward Dog,Round Valley,WG057,40.68865758594976,-111.48489883261024,6958.5,1,71.0,48.8,60.6,0.0,0.0,0.0
2026-09-26,Dropout,Jeremy Ranch / Glenwild,WG077,40.74673233142679,-111.55449028155309,6576.0,2,72.6,48.4,60.5,0.0,0.0,0.0
2026-09-26,Dubois,Jeremy Ranch / Glenwild,WG059,40.698630398586985,-111.55581872982933,6878.9,2,72.0,43.9,59.6,0.0,0.0,0.0
2026-09-26,Eagle Cove,Round Valley,WG057,40.68665016051084,-111.49786169389527,6799.6,1,71.0,48.8,60.6,0.0,0.0,0.0
2026-09-26,Eagle Trail,Park City / PCMR,WG051,40.65138382915936,-111.51929067308184,7664.9,2,67.5,52.4,59.8,0.0,0.0,0.0
2026-09-26,Eagle Way,Park City / PCMR,WG048,40.65295946154777,-111.48775315119684,7538.9,1,66.8,52.2,59.4,0.0,0.0,0.0
2026-09-26,East Fallen Pines Lane,Park City / PCMR,WG022,40.61551642366452,-111.57912837068116,8712.4,2,60.6,43.6,52.0,0.0,0.0,0.0
2026-09-26,Easy Rider,Park City / PCMR,WG009,40.59580193116481,-111.57632308440664,9141.3,1,57.9,42.0,49.8,0.0,0.0,0.0
2026-09-26,Ecker Hill Trail,Pinebrook,WG076,40.740364526144575,-111.5667817840803,6401.3,2,73.3,49.1,61.2,0.0,0.0,0.0
2026-09-26,Empire Alternate,Deer Valley,WG032,40.62635819528807,-111.50016350153602,7943.1,1,66.0,51.4,58.6,0.0,0.0,0.0
2026-09-26,Empire Link,Deer Valley,WG012,40.62422557470265,-111.50748256286928,8022.2,0,63.0,48.9,55.5,0.0,0.0,0.0
2026-09-26,Empire Lodge,Deer Valley,WG015,40.61442062316093,-111.51298418240138,8439.2,1,62.6,48.3,55.2,0.0,0.0,0.0
2026-09-26,Empire Pass Connector,Deer Valley,WG016,40.60627316294136,-111.51481095351645,8948.4,1,59.7,43.5,51.6,0.0,0.0,0.0
2026-09-26,Equestrian,Round Valley,WG067,40.70215181343843,-111.50219785223597,6719.1,1,72.4,46.8,59.7,0.0,0.0,0.0
2026-09-26,Euston,Round Valley,WG047,40.65772556817424,-111.48315877249176,7062.9,2,69.3,50.2,60.5,0.0,0.0,0.0
2026-09-26,Evil Empire,Park City / PCMR,WG016,40.61923823662483,-111.52513988679308,8746.8,1,59.7,43.5,51.6,0.0,0.0,0.0
2026-09-26,Fairway Hills Trail,Round Valley,WG055,40.67853348641883,-111.47699791832557,6747.4,0,71.3,50.1,60.4,0.0,0.0,0.0
2026-09-26,Family Truckster Trail,Clark Ranch,WG044,40.66038172048119,-111.452885753204,6847.4,1,71.1,48.8,59.7,0.0,0.0,0.0
2026-09-26,Fast Pitch Trail,Round Valley,WG055,40.6798165110769,-111.47671870073196,6759.1,0,71.3,50.1,60.4,0.0,0.0,0.0
2026-09-26,Fat Lip,Park City / PCMR,WG016,40.62192963761681,-111.5279713594279,8931.1,1,59.7,43.5,51.6,0.0,0.0,0.0
2026-09-26,Field Stone,Round Valley,WG067,40.71706243943152,-111.49059329339536,6526.3,1,72.4,46.8,59.7,0.0,0.0,0.0
2026-09-26,Fink Again,Jeremy Ranch / Glenwild,WG086,40.75125285000831,-111.55541181172696,6586.2,2,72.4,48.2,60.4,0.0,0.0,0.0
2026-09-26,Finns,Deer Valley,WG028,40.640763495812735,-111.47689190658058,7214.2,1,67.7,53.1,60.3,0.0,0.0,0.0
2026-09-26,Fireswamp,Deer Valley,WG013,40.61340925382439,-111.48239833860336,8873.0,1,59.8,43.6,51.7,0.0,0.0,0.0
2026-09-26,First Time,Park City / PCMR,WG050,40.65050878239233,-111.51048291433958,7041.1,2,69.7,50.6,60.9,0.0,0.0,0.0
2026-09-26,First Time Return,Park City / PCMR,WG050,40.65021414919943,-111.51090683334832,7073.8,2,69.7,50.6,60.9,0.0,0.0,0.0
2026-09-26,Flagstaff Loop,Deer Valley,WG013,40.60758047007656,-111.496735533601,8898.0,1,59.8,43.6,51.7,0.0,0.0,0.0
2026-09-26,Flat Cable,Park City / PCMR,WG032,40.644102718034645,-111.505628746172,7565.4,1,66.0,51.4,58.6,0.0,0.0,0.0
2026-09-26,Flat Iron,Park City / PCMR,WG036,40.62696082564811,-111.51719430456902,8393.5,1,62.5,48.2,55.1,0.0,0.0,0.0
2026-09-26,Flying Dog,Jeremy Ranch / Glenwild,WG087,40.77237660098178,-111.54161762597796,7321.2,2,69.0,49.4,59.4,0.0,0.0,0.0
2026-09-26,Forest Glen Trail,Park City / PCMR,WG022,40.61089948644494,-111.5784844905115,8765.8,2,60.6,43.6,52.0,0.0,0.0,0.0
2026-09-26,Fox Tail Trail,Round Valley,WG045,40.66564803508002,-111.47503092801368,7133.0,2,69.0,50.0,60.3,0.0,0.0,0.0
2026-09-26,Freemason,Park City / PCMR,WG046,40.65768683021079,-111.49819012622744,6949.6,2,70.3,51.3,61.6,0.0,0.0,0.0
2026-09-26,Full Steam Billy,Park City / PCMR,WG031,40.64842922650065,-111.4945100220623,7246.4,1,67.3,52.7,59.9,0.0,0.0,0.0
2026-09-26,Gambel Oak Cut,Round Valley,WG045,40.65967079074984,-111.47871602858976,7240.9,2,69.0,50.0,60.3,0.0,0.0,0.0
2026-09-26,Gambel Oak North,Park City / PCMR,WG047,40.65915752473873,-111.48180315635692,7112.6,2,69.3,50.2,60.5,0.0,0.0,0.0
2026-09-26,Gambel Oak Trail,Park City / PCMR,WG031,40.64847351910524,-111.48419757905585,7408.0,1,67.3,52.7,59.9,0.0,0.0,0.0
2026-09-26,Gap Bypass Trail,Deer Valley,WG028,40.64123747413292,-111.47577580871994,7306.6,1,67.7,53.1,60.3,0.0,0.0,0.0
2026-09-26,Gap Loop,Deer Valley,WG028,40.6409109833561,-111.47399614902376,7445.8,1,67.7,53.1,60.3,0.0,0.0,0.0
2026-09-26,Glenwild Loop,Jeremy Ranch / Glenwild,WG075,40.73989427988239,-111.52813430357229,6701.6,2,72.5,48.3,60.4,0.0,0.0,0.0
2026-09-26,Glenwild Loop / Wasatch,Jeremy Ranch / Glenwild,WG074,40.74589846722535,-111.509614206256,6451.3,1,73.1,47.6,60.3,0.0,0.0,0.0
2026-09-26,Gold Finger,Park City / PCMR,WG053,40.65997467243904,-111.55431689925648,8081.9,2,63.0,49.2,55.9,0.0,0.0,0.0
2026-09-26,Golden Needle,Park City / PCMR,WG008,40.59452078975266,-111.56725110409884,9811.4,1,54.8,40.5,46.9,0.0,0.0,0.0
2026-09-26,Gorgoza Park,Pinebrook,WG089,40.75144469967726,-111.581432624726,6619.5,2,72.1,49.2,61.3,0.0,0.0,0.0
2026-09-26,Gotcha Cuttoff,Park City / PCMR,WG035,40.64587964864319,-111.5166123821088,7673.2,2,67.1,52.0,59.4,0.0,0.0,0.0
2026-09-26,Grave Digger,Deer Valley,WG032,40.62962271716946,-111.50201210924322,7682.6,1,66.0,51.4,58.6,0.0,0.0,0.0
2026-09-26,Great Western Trail,Wasatch Crest / Millcreek,WG092,40.77286580912175,-111.6406537725031,7571.3,2,68.9,47.1,57.8,0.0,0.0,0.0
2026-09-26,Great Western Trail / Great Western Trail bypass,Wasatch Crest / Millcreek,WG091,40.7535574542296,-111.6313027356856,7111.8,2,70.4,50.2,61.1,0.0,0.0,0.0
2026-09-26,H.A.M.,Park City / PCMR,WG035,40.64547382276132,-111.53139851516626,7780.5,2,67.1,52.0,59.4,0.0,0.0,0.0
2026-09-26,Hang Time South,Park City / PCMR,WG046,40.65853660632904,-111.49606808644194,6970.8,2,70.3,51.3,61.6,0.0,0.0,0.0
2026-09-26,Happy Gilmor,Round Valley,WG067,40.70712360033319,-111.5014684546231,6569.0,1,72.4,46.8,59.7,0.0,0.0,0.0
2026-09-26,Happy Trailside,Round Valley,WG067,40.708413441306845,-111.50471867526606,6595.6,1,72.4,46.8,59.7,0.0,0.0,0.0
2026-09-26,Hat Trick Trail,Round Valley,WG055,40.678830976721535,-111.47596646172724,6757.0,0,71.3,50.1,60.4,0.0,0.0,0.0
2026-09-26,Heard It Both Ways Trail,Deer Valley,WG004,40.593082879194085,-111.49125770411068,8855.0,1,60.1,43.9,52.0,0.0,0.0,0.0
2026-09-26,Hidden Cove,Summit Park,WG089,40.756655895607175,-111.597334386164,6686.2,2,72.1,49.2,61.3,0.0,0.0,0.0
2026-09-26,High Meadows Connector,Pinebrook,WG076,40.74134938710701,-111.56847869190176,6429.9,2,73.3,49.1,61.2,0.0,0.0,0.0
2026-09-26,High Side,Round Valley,WG055,40.69388247977245,-111.4770589235944,6909.3,0,71.3,50.1,60.4,0.0,0.0,0.0
2026-09-26,Holly's,Pinebrook,WG063,40.68604417524608,-111.57782170773478,7824.2,2,66.4,52.5,59.2,0.0,0.0,0.0
2026-09-26,Holy Roller,Deer Valley,WG013,40.6113609111251,-111.48708066137604,8716.2,1,59.8,43.6,51.7,0.0,0.0,0.0
2026-09-26,Humdinger,Deer Valley,WG029,40.626356336628135,-111.46720603877804,7537.3,1,66.4,51.8,59.0,0.0,0.0,0.0
2026-09-26,Insurgent,Jeremy Ranch / Glenwild,WG063,40.68610182305705,-111.58195303109213,7873.2,2,66.4,52.5,59.2,0.0,0.0,0.0
2026-09-26,Io Trail (Middle),Deer Valley,WG017,40.61025792344493,-111.52770861008732,9342.5,2,58.0,42.0,50.1,0.0,0.0,0.0
2026-09-26,Iron Bill,Jeremy Ranch / Glenwild,WG071,40.70817834974828,-111.55726593666238,7034.2,2,69.1,51.5,61.2,0.0,0.0,0.0
2026-09-26,Iron Man,Park City / PCMR,WG053,40.6585520468376,-111.5452566956134,8305.8,2,63.0,49.2,55.9,0.0,0.0,0.0
2026-09-26,Iron Mountain Trail,Park City / PCMR,WG054,40.65649532455427,-111.54475504732362,8753.8,2,61.0,47.2,53.9,0.0,0.0,0.0
2026-09-26,Izzy's Inferno (Dog Pound),Deer Valley,WG012,40.619811878384205,-111.48856422719636,8193.5,0,63.0,48.9,55.5,0.0,0.0,0.0
2026-09-26,Jailbreak,Jeremy Ranch / Glenwild,WG085,40.75712939272894,-111.56214780445411,6277.4,2,73.3,50.5,62.6,0.0,0.0,0.0
2026-09-26,Jeep Hill (Safety Coridoor),Deer Valley,WG013,40.60451306969404,-111.50923514571896,8820.6,1,59.8,43.6,51.7,0.0,0.0,0.0
2026-09-26,Jenni's Trail,Park City / PCMR,WG034,40.64869166733497,-111.51220769740809,7207.7,2,68.4,53.3,60.8,0.0,0.0,0.0
2026-09-26,Jenni's Trail upper,Park City / PCMR,WG035,40.63937813819639,-111.5112423147728,7789.7,2,67.1,52.0,59.4,0.0,0.0,0.0
2026-09-26,Johns '99,Park City / PCMR,WG033,40.62911828578874,-111.50998374795329,8128.2,1,63.3,49.0,55.9,0.0,0.0,0.0
2026-09-26,Johns 99,Deer Valley,WG015,40.62450457371346,-111.51231498110546,8231.6,1,62.6,48.3,55.2,0.0,0.0,0.0
2026-09-26,Johns Trail,Park City / PCMR,WG033,40.63760825426597,-111.50539626371148,8041.4,1,63.3,49.0,55.9,0.0,0.0,0.0
2026-09-26,Jordanelle (West Bank) Trail,Jordanelle,WG026,40.63639192686843,-111.4311179892118,6210.9,0,74.0,50.8,62.0,0.0,0.0,0.0
2026-09-26,Jordanelle Perimeter Trail,Jordanelle,WG024,40.633349610731685,-111.4121970547725,6216.7,0,74.2,51.0,62.2,0.0,0.0,0.0
2026-09-26,Jupiter Peak,Park City / PCMR,WG021,40.610319419324455,-111.54904593331813,9871.3,1,54.9,40.6,47.0,0.0,0.0,0.0
2026-09-26,Jupiter Ridge,Park City / PCMR,WG018,40.61268065771163,-111.53867835914352,9869.4,1,55.1,40.7,47.1,0.0,0.0,0.0
2026-09-26,Kaboom Trail / Call Sign Casa Trail,Jordanelle,WG027,40.62794719612903,-111.45468580169128,6888.6,1,71.8,49.1,60.7,0.0,0.0,0.0
2026-09-26,Kari's,Round Valley,WG055,40.69160040530727,-111.47515847036864,6850.2,0,71.3,50.1,60.4,0.0,0.0,0.0
2026-09-26,Keetley,Jordanelle,WG024,40.6438983646529,-111.4097274639112,6255.4,0,74.2,51.0,62.2,0.0,0.0,0.0
2026-09-26,Keystone Trail,Park City / PCMR,WG037,40.62506440637064,-111.53055382777043,8890.7,1,61.4,47.1,54.0,0.0,0.0,0.0
2026-09-26,La Dee Duh,Round Valley,WG057,40.69261799590889,-111.5001632592338,6864.5,1,71.0,48.8,60.6,0.0,0.0,0.0
2026-09-26,Lavina,Deer Valley,WG006,40.58376333945228,-111.52567195673171,8621.7,1,60.5,44.3,52.4,0.0,0.0,0.0
2026-09-26,Legacy Loop,Jeremy Ranch / Glenwild,WG071,40.705995804360256,-111.55961886682412,7342.6,2,69.1,51.5,61.2,0.0,0.0,0.0
2026-09-26,Legacy Ridge,Jeremy Ranch / Glenwild,WG071,40.70648419743829,-111.5603960205038,7414.3,2,69.1,51.5,61.2,0.0,0.0,0.0
2026-09-26,Legacy. Loop,Jeremy Ranch / Glenwild,WG071,40.70737188748682,-111.5599210439625,7363.1,2,69.1,51.5,61.2,0.0,0.0,0.0
2026-09-26,Link,Deer Valley,WG015,40.624117394272574,-111.51614328186776,8385.3,1,62.6,48.3,55.2,0.0,0.0,0.0
2026-09-26,Little Chief,Deer Valley,WG015,40.61872839208637,-111.51243052868438,8322.6,1,62.6,48.3,55.2,0.0,0.0,0.0
2026-09-26,Little Engine Trail,Summit Park,WG089,40.756690732809,-111.59562244098744,6709.3,2,72.1,49.2,61.3,0.0,0.0,0.0
2026-09-26,Little Stick,Deer Valley,WG028,40.63409637421967,-111.478301770839,7464.6,1,67.7,53.1,60.3,0.0,0.0,0.0
2026-09-26,Longview,Jordanelle,WG040,40.65785550770212,-111.4151527495857,6299.6,0,74.0,50.8,62.0,0.0,0.0,0.0
2026-09-26,Looney Tunes Trail,Jordanelle,WG002,40.58370423178651,-111.40605522395904,7149.3,0,69.4,51.4,60.0,0.0,0.0,0.0
2026-09-26,Loose Moose,Park City / PCMR,WG031,40.64358346695202,-111.50940341630726,7446.3,1,67.3,52.7,59.9,0.0,0.0,0.0
2026-09-26,Lost Prospector,Park City / PCMR,WG047,40.659849225736586,-111.4888557229514,7044.5,2,69.3,50.2,60.5,0.0,0.0,0.0
2026-09-26,Lower Devo Trail,Deer Valley,WG032,40.63290230557317,-111.48205615844142,7656.5,1,66.0,51.4,58.6,0.0,0.0,0.0
2026-09-26,Lower Masonic,Park City / PCMR,WG047,40.65358630670372,-111.49972319928794,7113.0,2,69.3,50.2,60.5,0.0,0.0,0.0
2026-09-26,Lower Sparky Trail,Clark Ranch,WG044,40.66761130235187,-111.4559551589961,6689.8,1,71.1,48.8,59.7,0.0,0.0,0.0
2026-09-26,Lower Village,Deer Valley,WG028,40.64043848354113,-111.46360640728942,7008.1,1,67.7,53.1,60.3,0.0,0.0,0.0
2026-09-26,Lynx #2,Round Valley,WG044,40.66734087696376,-111.46694625830712,6898.8,1,71.1,48.8,59.7,0.0,0.0,0.0
2026-09-26,Masonic,Park City / PCMR,WG047,40.65628760128763,-111.48965728213436,7283.0,2,69.3,50.2,60.5,0.0,0.0,0.0
2026-09-26,Matt's Flat,Round Valley,WG057,40.68924275786925,-111.49221205396208,6921.6,1,71.0,48.8,60.6,0.0,0.0,0.0
2026-09-26,McConkeys,Park City / PCMR,WG016,40.617956923480186,-111.52625119796232,8958.8,1,59.7,43.5,51.6,0.0,0.0,0.0
2026-09-26,McConkeys / Io Trail (Middle),Park City / PCMR,WG018,40.61168680632571,-111.53326494678502,9588.6,1,55.1,40.7,47.1,0.0,0.0,0.0
2026-09-26,McHenry Avenue,Deer Valley,WG031,40.640126864152855,-111.49219625319049,7274.9,1,67.3,52.7,59.9,0.0,0.0,0.0
2026-09-26,Mid-Mountain Connect,Park City / PCMR,WG036,40.63223012461414,-111.51309555497544,8201.7,1,62.5,48.2,55.1,0.0,0.0,0.0
2026-09-26,Mid-Mountain Trail,Park City / PCMR,WG036,40.64534582424172,-111.53118141177607,8168.3,1,62.5,48.2,55.1,0.0,0.0,0.0
2026-09-26,Milky Way,Jordanelle,WG042,40.65767372971338,-111.43373089841624,6795.1,0,71.5,51.3,60.6,0.0,0.0,0.0
2026-09-26,Milky Way / Two Rocks,Jordanelle,WG042,40.66056479638159,-111.42608338059031,6558.6,0,71.5,51.3,60.6,0.0,0.0,0.0
2026-09-26,Miner's Mile,Park City / PCMR,WG036,40.62728968091632,-111.51804021102016,8457.0,1,62.5,48.2,55.1,0.0,0.0,0.0
2026-09-26,Miss Billy's,Jeremy Ranch / Glenwild,WG059,40.69127466685039,-111.54016400735836,6614.6,2,72.0,43.9,59.6,0.0,0.0,0.0
2026-09-26,Mojave,Park City / PCMR,WG037,40.634971780917176,-111.5211432294971,8540.4,1,61.4,47.1,54.0,0.0,0.0,0.0
2026-09-26,Moose Hollow,Summit Park,WG088,40.76397899834495,-111.58866445905328,6467.6,2,72.8,49.9,62.0,0.0,0.0,0.0
2026-09-26,Moose Poop,Deer Valley,WG032,40.633538239133244,-111.50120248027572,7607.1,1,66.0,51.4,58.6,0.0,0.0,0.0
2026-09-26,Moose Puddle,Pinebrook,WG071,40.70548588260783,-111.56718578772085,7487.6,2,69.1,51.5,61.2,0.0,0.0,0.0
2026-09-26,Moose Tracks Trail,Park City / PCMR,WG009,40.59516414126596,-111.57427709390586,9258.1,1,57.9,42.0,49.8,0.0,0.0,0.0
2026-09-26,Moosebones,Deer Valley,WG013,40.61167254823319,-111.50326786094648,8857.2,1,59.8,43.6,51.7,0.0,0.0,0.0
2026-09-26,Moosehouse,Park City / PCMR,WG032,40.63204398195126,-111.5038481086022,7902.6,1,66.0,51.4,58.6,0.0,0.0,0.0
2026-09-26,Mother Urban,Deer Valley,WG032,40.63167066031289,-111.5034058570439,7904.1,1,66.0,51.4,58.6,0.0,0.0,0.0
2026-09-26,Mountain Ranch,Jeremy Ranch / Glenwild,WG066,40.719482563829935,-111.5082007499112,6453.3,1,73.0,47.4,60.3,0.0,0.0,0.0
2026-09-26,Mountain Ranch Estates,Round Valley,WG067,40.7173985998433,-111.50812726137713,6520.0,1,72.4,46.8,59.7,0.0,0.0,0.0
2026-09-26,Mountain Willow,Round Valley,WG067,40.71402930681007,-111.48565937361776,6571.7,1,72.4,46.8,59.7,0.0,0.0,0.0
2026-09-26,Mr Muchrocks,Round Valley,WG067,40.70904482572548,-111.50323360919846,6653.2,1,72.4,46.8,59.7,0.0,0.0,0.0
2026-09-26,NCS,Deer Valley,WG032,40.62911396321707,-111.4803727621932,7992.5,1,66.0,51.4,58.6,0.0,0.0,0.0
2026-09-26,Nick NAC,Round Valley,WG057,40.69210865876878,-111.490120990647,6959.3,1,71.0,48.8,60.6,0.0,0.0,0.0
2026-09-26,No Worries,Summit Park,WG081,40.73716048778493,-111.60234213265907,7289.1,2,68.9,50.3,60.6,0.0,0.0,0.0
2026-09-26,North 400 West,Jeremy Ranch / Glenwild,WG068,40.70279368500318,-111.51897621463831,6441.4,2,73.0,45.0,60.7,0.0,0.0,0.0
2026-09-26,North Ross Creek Trail,Jordanelle,WG041,40.66585897507511,-111.42082357173696,6405.0,0,73.6,50.4,61.6,0.0,0.0,0.0
2026-09-26,Nowhere Elks,Round Valley,WG058,40.69018989582584,-111.48311322310164,7036.6,1,70.4,48.2,60.0,0.0,0.0,0.0
2026-09-26,OMG,Deer Valley,WG032,40.631226274970665,-111.4973428195913,7571.3,1,66.0,51.4,58.6,0.0,0.0,0.0
2026-09-26,OMH,Pinebrook,WG070,40.71997692753587,-111.55773747935044,6677.5,2,72.1,47.9,60.1,0.0,0.0,0.0
2026-09-26,Oh Deer Flow,Jordanelle,WG041,40.66237367218405,-111.42118550237925,6403.1,0,73.6,50.4,61.6,0.0,0.0,0.0
2026-09-26,Old Homeward Bound,Deer Valley,WG012,40.61357496233911,-111.48964629692756,8441.1,0,63.0,48.9,55.5,0.0,0.0,0.0
2026-09-26,Old Skool,Deer Valley,WG032,40.631898683587,-111.48423208918877,7827.2,1,66.0,51.4,58.6,0.0,0.0,0.0
2026-09-26,Old Stage Crest Connect,Park City / PCMR,WG023,40.61247305094488,-111.5715274805363,9057.3,2,58.6,42.6,50.8,0.0,0.0,0.0
2026-09-26,Olympic,Pinebrook,WG064,40.69996684096533,-111.57868853500152,8004.0,2,64.1,50.2,56.9,0.0,0.0,0.0
2026-09-26,Ontario Canyon,Deer Valley,WG013,40.61130277448227,-111.48755898005427,8755.1,1,59.8,43.6,51.7,0.0,0.0,0.0
2026-09-26,Ontario Ridge,Deer Valley,WG032,40.62821582013441,-111.49780973717266,7815.3,1,66.0,51.4,58.6,0.0,0.0,0.0
2026-09-26,Ore Cart,Deer Valley,WG015,40.621755910380834,-111.51139929264724,8146.4,1,62.6,48.3,55.2,0.0,0.0,0.0
2026-09-26,Outlook,Deer Valley,WG029,40.63657831428653,-111.4685462481628,7646.2,1,66.4,51.8,59.0,0.0,0.0,0.0
2026-09-26,Pale Green Dot,Summit Park,WG078,40.74689592786439,-111.59182437672968,6802.1,2,71.8,48.9,61.0,0.0,0.0,0.0
2026-09-26,Parley's Lane,Summit Park,WG089,40.75375624958085,-111.59849347383722,6719.0,2,72.1,49.2,61.3,0.0,0.0,0.0
2026-09-26,Payday,Park City / PCMR,WG035,40.64053545819342,-111.51124538504462,7598.1,2,67.1,52.0,59.4,0.0,0.0,0.0
2026-09-26,Payroll,Deer Valley,WG013,40.61095393430099,-111.5094443089702,8630.4,1,59.8,43.6,51.7,0.0,0.0,0.0
2026-09-26,Pedalers Inn,Deer Valley,WG012,40.61923438649311,-111.4865707901735,8286.8,0,63.0,48.9,55.5,0.0,0.0,0.0
2026-09-26,Perrier Pass,Park City / PCMR,WG017,40.61814002894983,-111.53826776190397,9445.9,2,58.0,42.0,50.1,0.0,0.0,0.0
2026-09-26,Pinebrook Point,Pinebrook,WG089,40.75079411917499,-111.57994193527573,6623.3,2,72.1,49.2,61.3,0.0,0.0,0.0
2026-09-26,Pinebrook Pointe South,Pinebrook,WG078,40.74959135152933,-111.5795998040212,6632.5,2,71.8,48.9,61.0,0.0,0.0,0.0
2026-09-26,Pinebrook Southeast Perimeter / Hunter's Trail of the Mid Mountain,Pinebrook,WG072,40.71419878562093,-111.5896757552273,7875.5,2,67.4,48.8,59.1,0.0,0.0,0.0
2026-09-26,Pinebrook Southeast Perimeter / Pinebrook SE Perimeter,Pinebrook,WG079,40.72863077219642,-111.58102679054537,7392.0,2,68.9,51.2,61.0,0.0,0.0,0.0
2026-09-26,Pinebrook Southeast Perimeter Trail,Pinebrook,WG078,40.73058687532795,-111.57244227312069,6947.5,2,71.8,48.9,61.0,0.0,0.0,0.0
2026-09-26,Pinecone Ridge,Park City / PCMR,WG039,40.63337906740186,-111.54644099265712,9084.9,2,58.5,42.5,50.7,0.0,0.0,0.0
2026-09-26,Pioneer Ridge,Park City / PCMR,WG018,40.61649374604546,-111.53892521633333,9598.5,1,55.1,40.7,47.1,0.0,0.0,0.0
2026-09-26,Pipeline,Deer Valley,WG028,40.63885618836171,-111.46966538134832,7356.9,1,67.7,53.1,60.3,0.0,0.0,0.0
2026-09-26,Pointy Rocks,Deer Valley,WG031,40.63679995846106,-111.48172224533342,7428.0,1,67.3,52.7,59.9,0.0,0.0,0.0
2026-09-26,PorcUclimb,Round Valley,WG058,40.69402326414524,-111.48517031749344,7064.7,1,70.4,48.2,60.0,0.0,0.0,0.0
2026-09-26,Powerline,Pinebrook,WG078,40.74237998272819,-111.5716363238219,6548.4,2,71.8,48.9,61.0,0.0,0.0,0.0
2026-09-26,Powerline Connector,Pinebrook,WG078,40.74298978990414,-111.5728828415412,6585.6,2,71.8,48.9,61.0,0.0,0.0,0.0
2026-09-26,Powerline Trail,Park City / PCMR,WG036,40.63015217582808,-111.53743024085954,8362.6,1,62.5,48.2,55.1,0.0,0.0,0.0
2026-09-26,Practice Loops,Round Valley,WG055,40.68336469607561,-111.47532267974417,6752.0,0,71.3,50.1,60.4,0.0,0.0,0.0
2026-09-26,Preserve Connector,Jeremy Ranch / Glenwild,WG087,40.76330147562161,-111.54585203221042,7230.0,2,69.0,49.4,59.4,0.0,0.0,0.0
2026-09-26,Princess Di's,Clark Ranch,WG083,40.751465442037045,-111.43628535405452,6858.8,1,71.0,50.1,60.0,0.0,0.0,0.0
2026-09-26,Prospect,Deer Valley,WG031,40.63405408516434,-111.49547333835608,7482.8,1,67.3,52.7,59.9,0.0,0.0,0.0
2026-09-26,Pulp Friction,Round Valley,WG057,40.69884233324062,-111.50344523686547,6681.3,1,71.0,48.8,60.6,0.0,0.0,0.0
2026-09-26,Putty Tat Trail,Jordanelle,WG001,40.59267845848291,-111.40267007297948,6514.0,0,71.0,53.0,61.7,0.0,0.0,0.0
2026-09-26,Quinn's Connect,Round Valley,WG055,40.68185946906874,-111.4726829059293,6720.8,0,71.3,50.1,60.4,0.0,0.0,0.0
2026-09-26,RTS,Jeremy Ranch / Glenwild,WG070,40.71664642216084,-111.55523569599896,6598.1,2,72.1,47.9,60.1,0.0,0.0,0.0
2026-09-26,RTS / BLT,Jeremy Ranch / Glenwild,WG070,40.71544842193981,-111.5580228733734,6768.3,2,72.1,47.9,60.1,0.0,0.0,0.0
2026-09-26,Rademan Ridge,Round Valley,WG057,40.69522706920315,-111.49835765815162,6895.6,1,71.0,48.8,60.6,0.0,0.0,0.0
2026-09-26,Ramble On,Round Valley,WG067,40.70159467934347,-111.48028465593316,6781.5,1,72.4,46.8,59.7,0.0,0.0,0.0
2026-09-26,Rambler,Round Valley,WG057,40.69772226627651,-111.49065578495473,6809.2,1,71.0,48.8,60.6,0.0,0.0,0.0
2026-09-26,Rambler DT,Round Valley,WG056,40.699080350519786,-111.50674680507665,6485.7,1,72.9,47.3,60.2,0.0,0.0,0.0
2026-09-26,Red Bull,Park City / PCMR,WG035,40.63958635838598,-111.51326842477698,7769.0,2,67.1,52.0,59.4,0.0,0.0,0.0
2026-09-26,Regulator Trail,Deer Valley,WG033,40.62910164594688,-111.48142418804063,8033.8,1,63.3,49.0,55.9,0.0,0.0,0.0
2026-09-26,Richochet,Park City / PCMR,WG062,40.68638148266805,-111.57139393545772,7468.3,2,67.4,53.6,60.2,0.0,0.0,0.0
2026-09-26,Rinse Cycle Trail,Deer Valley,WG028,40.62990230274806,-111.45944053119273,7191.1,1,67.7,53.1,60.3,0.0,0.0,0.0
2026-09-26,Ripple Trail,Deer Valley,WG029,40.63554405253732,-111.47490110184252,7588.0,1,66.4,51.8,59.0,0.0,0.0,0.0
2026-09-26,Riverview West Trail,Jordanelle,WG001,40.58565113588149,-111.41386481977428,6730.6,0,71.0,53.0,61.7,0.0,0.0,0.0
2026-09-26,Road to WOS,Summit Park,WG082,40.73344363030311,-111.61407104321202,7712.2,2,67.4,48.9,59.2,0.0,0.0,0.0
2026-09-26,Rob's Trail,Pinebrook,WG063,40.69704664952428,-111.5702364046946,7584.0,2,66.4,52.5,59.2,0.0,0.0,0.0
2026-09-26,RocMon,Round Valley,WG055,40.68788668982749,-111.4548390225179,6677.5,0,71.3,50.1,60.4,0.0,0.0,0.0
2026-09-26,Rock Chuck Trail,Park City / PCMR,WG008,40.58874474594925,-111.56839301918852,9680.6,1,54.8,40.5,46.9,0.0,0.0,0.0
2026-09-26,Rogue Rider Trail,Park City / PCMR,WG020,40.60699361060532,-111.56187339427328,9423.9,2,57.7,41.7,49.9,0.0,0.0,0.0
2026-09-26,Rosebud,Park City / PCMR,WG036,40.63966083548988,-111.52257618003053,8390.4,1,62.5,48.2,55.1,0.0,0.0,0.0
2026-09-26,Rosebud's Heaven,Park City / PCMR,WG060,40.69195554103422,-111.5659528759652,7326.9,2,69.6,52.0,61.7,0.0,0.0,0.0
2026-09-26,Rossi Hill Trail,Deer Valley,WG031,40.63808222920599,-111.4919292526201,7341.8,1,67.3,52.7,59.9,0.0,0.0,0.0
2026-09-26,Round Valley Connect,Round Valley,WG067,40.70875221615484,-111.50427592382064,6606.7,1,72.4,46.8,59.7,0.0,0.0,0.0
2026-09-26,Round Valley Connector,Round Valley,WG067,40.709506874143365,-111.48774034228174,6611.3,1,72.4,46.8,59.7,0.0,0.0,0.0
2026-09-26,Round Valley Express,Round Valley,WG057,40.69308554123404,-111.4897696424948,6812.1,1,71.0,48.8,60.6,0.0,0.0,0.0
2026-09-26,Rusty Shovel,Round Valley,WG057,40.69776625143012,-111.4804885556652,6868.8,1,71.0,48.8,60.6,0.0,0.0,0.0
2026-09-26,Rusty Spur,Round Valley,WG065,40.70159189598121,-111.4765958017646,6731.2,0,71.7,50.1,60.5,0.0,0.0,0.0
2026-09-26,SOS,Park City / PCMR,WG046,40.666448184385416,-111.48116864087982,6803.8,2,70.3,51.3,61.6,0.0,0.0,0.0
2026-09-26,SQ Connector Trail,Round Valley,WG055,40.68949659271035,-111.47067515084642,6728.8,0,71.3,50.1,60.4,0.0,0.0,0.0
2026-09-26,Sam's Trail,Deer Valley,WG012,40.61912724197413,-111.50964994268364,8145.3,0,63.0,48.9,55.5,0.0,0.0,0.0
2026-09-26,Saved By The Bell,Round Valley,WG067,40.71689792497153,-111.49958806368429,6568.5,1,72.4,46.8,59.7,0.0,0.0,0.0
2026-09-26,Scott's Bypass,Park City / PCMR,WG021,40.612047856355446,-111.55918064050742,9658.7,1,54.9,40.6,47.0,0.0,0.0,0.0
2026-09-26,Secret of My Success Trail,Deer Valley,WG033,40.62597453280468,-111.48566192002252,8293.6,1,63.3,49.0,55.9,0.0,0.0,0.0
2026-09-26,Seldom Seen,Park City / PCMR,WG034,40.64892938917546,-111.51571616491609,7435.6,2,68.4,53.3,60.8,0.0,0.0,0.0
2026-09-26,Seventy 101,Round Valley,WG057,40.68968411592925,-111.49103639156762,6974.3,1,71.0,48.8,60.6,0.0,0.0,0.0
2026-09-26,Shadow Lake,Park City / PCMR,WG020,40.61596037279941,-111.55009628848111,9179.4,2,57.7,41.7,49.9,0.0,0.0,0.0
2026-09-26,Shenanigans,Deer Valley,WG012,40.62034189886961,-111.49849814997506,8237.7,0,63.0,48.9,55.5,0.0,0.0,0.0
2026-09-26,Short Cut,Jeremy Ranch / Glenwild,WG064,40.68025862222409,-111.57883598783349,8081.5,2,64.1,50.2,56.9,0.0,0.0,0.0
2026-09-26,Short Fuse,Park City / PCMR,WG036,40.6346970517688,-111.52339576593836,8439.4,1,62.5,48.2,55.1,0.0,0.0,0.0
2026-09-26,Short Ribs,Summit Park,WG082,40.7348537895427,-111.62048055745409,7705.3,2,67.4,48.9,59.2,0.0,0.0,0.0
2026-09-26,Short Stack,Summit Park,WG082,40.73936874753804,-111.6200542747078,7652.8,2,67.4,48.9,59.2,0.0,0.0,0.0
2026-09-26,Silver Creek Trail,Round Valley,WG074,40.728195917662575,-111.48449884114967,6494.3,1,73.1,47.6,60.3,0.0,0.0,0.0
2026-09-26,Silver Gate,Round Valley,WG073,40.72728013881357,-111.46748664430804,6513.4,0,72.5,50.8,61.3,0.0,0.0,0.0
2026-09-26,Silver Queen,Park City / PCMR,WG037,40.63391819864852,-111.51755091640152,8558.9,1,61.4,47.1,54.0,0.0,0.0,0.0
2026-09-26,Silver Spur,Park City / PCMR,WG049,40.65266965116334,-111.5117818738982,6980.8,2,70.0,50.9,61.2,0.0,0.0,0.0
2026-09-26,Skid Row,Park City / PCMR,WG044,40.66845831872771,-111.47381352761975,6920.8,1,71.1,48.8,59.7,0.0,0.0,0.0
2026-09-26,Skyridge Peak Trail / Milky Way,Jordanelle,WG043,40.65984634182248,-111.4368345884266,7139.2,0,70.2,50.0,59.3,0.0,0.0,0.0
2026-09-26,Sloppy Joe,Round Valley,WG067,40.71599935057343,-111.49742827056478,6658.4,1,72.4,46.8,59.7,0.0,0.0,0.0
2026-09-26,Snake Pit Trail,Park City / PCMR,WG010,40.58750533085767,-111.57189033610032,9625.4,1,56.0,40.1,47.8,0.0,0.0,0.0
2026-09-26,Snowtop,Deer Valley,WG028,40.64752229561398,-111.4705824068134,7443.3,1,67.7,53.1,60.3,0.0,0.0,0.0
2026-09-26,Solamere,Deer Valley,WG045,40.65168830951934,-111.47267426337083,7304.0,2,69.0,50.0,60.3,0.0,0.0,0.0
2026-09-26,Solamere Connector,Deer Valley,WG045,40.651338463153365,-111.4797751905619,7331.1,2,69.0,50.0,60.3,0.0,0.0,0.0
2026-09-26,Somewhere Elks,Round Valley,WG055,40.68702802029736,-111.47813858810876,6977.4,0,71.3,50.1,60.4,0.0,0.0,0.0
2026-09-26,South Canyon,Round Valley,WG055,40.697084178294816,-111.45372200426904,6732.0,0,71.3,50.1,60.4,0.0,0.0,0.0
2026-09-26,South Sweeney,Park City / PCMR,WG031,40.64194117786604,-111.49870009761844,7400.1,1,67.3,52.7,59.9,0.0,0.0,0.0
2026-09-26,Spare Change,Summit Park,WG080,40.74164553017363,-111.60031464541484,6827.9,2,71.5,51.2,62.1,0.0,0.0,0.0
2026-09-26,Sparky's Return,Clark Ranch,WG044,40.6617858998794,-111.45698342605078,6783.6,1,71.1,48.8,59.7,0.0,0.0,0.0
2026-09-26,Speedbag,Deer Valley,WG011,40.624406811076895,-111.50919273225593,7987.6,1,64.0,49.7,56.6,0.0,0.0,0.0
2026-09-26,Spin Cycle Trail,Deer Valley,WG028,40.63411801502942,-111.46082430079326,7178.8,1,67.7,53.1,60.3,0.0,0.0,0.0
2026-09-26,Spiro Trail,Park City / PCMR,WG035,40.64755384631944,-111.52407012433112,7617.4,2,67.1,52.0,59.4,0.0,0.0,0.0
2026-09-26,St. Regis Trail,Deer Valley,WG028,40.639112933407205,-111.47591481144916,7383.3,1,67.7,53.1,60.3,0.0,0.0,0.0
2026-09-26,Stealth Connector / Pheasant Way,Jeremy Ranch / Glenwild,WG076,40.73167942348123,-111.54708752211994,6361.5,2,73.3,49.1,61.2,0.0,0.0,0.0
2026-09-26,Stealth Trail,Jeremy Ranch / Glenwild,WG077,40.73631275924013,-111.5447596003018,6560.0,2,72.6,48.4,60.5,0.0,0.0,0.0
2026-09-26,Steps,Park City / PCMR,WG037,40.63116043759045,-111.5173271228493,8520.8,1,61.4,47.1,54.0,0.0,0.0,0.0
2026-09-26,Stiff Upper Lip,Park City / PCMR,WG017,40.61611691879028,-111.52987009616064,9025.4,2,58.0,42.0,50.1,0.0,0.0,0.0
2026-09-26,Sunny Slopes Trail,Round Valley,WG057,40.68377753714063,-111.48540217687854,6826.8,1,71.0,48.8,60.6,0.0,0.0,0.0
2026-09-26,Sunset,Deer Valley,WG013,40.61222429898699,-111.48546906629171,8777.5,1,59.8,43.6,51.7,0.0,0.0,0.0
2026-09-26,Super G,Deer Valley,WG013,40.6078734147108,-111.486644562986,8939.8,1,59.8,43.6,51.7,0.0,0.0,0.0
2026-09-26,Sven,Jordanelle,WG040,40.66216079919324,-111.41880056586604,6299.4,0,74.0,50.8,62.0,0.0,0.0,0.0
2026-09-26,Sweeney Switchbacks,Park City / PCMR,WG031,40.64428684826398,-111.50263935593632,7442.9,1,67.3,52.7,59.9,0.0,0.0,0.0
2026-09-26,Sweeneys,Park City / PCMR,WG032,40.6416793962084,-111.50380066992643,7712.4,1,66.0,51.4,58.6,0.0,0.0,0.0
2026-09-26,T&G,Deer Valley,WG016,40.611941402305575,-111.51506977898008,8673.3,1,59.7,43.5,51.6,0.0,0.0,0.0
2026-09-26,T&G 2,Deer Valley,WG016,40.62089143656375,-111.51568549288604,8599.5,1,59.7,43.5,51.6,0.0,0.0,0.0
2026-09-26,TDS Ontario Bypass,Deer Valley,WG032,40.62591563844938,-111.49801252893096,7889.0,1,66.0,51.4,58.6,0.0,0.0,0.0
2026-09-26,TSP Skils Area,Round Valley,WG067,40.70929244417837,-111.50545423904256,6671.9,1,72.4,46.8,59.7,0.0,0.0,0.0
2026-09-26,Tall Oaks Circle,Pinebrook,WG078,40.73938310561022,-111.57541687830556,6961.5,2,71.8,48.9,61.0,0.0,0.0,0.0
2026-09-26,Tall T Trail,Deer Valley,WG007,40.59029104976929,-111.52734087474852,9033.3,1,58.9,42.7,50.8,0.0,0.0,0.0
2026-09-26,Tar Pits Jump Line,Round Valley,WG067,40.70948336187246,-111.50501444482678,6663.3,1,72.4,46.8,59.7,0.0,0.0,0.0
2026-09-26,Team Big Bear,Deer Valley,WG013,40.61639926546102,-111.50010669410356,8610.0,1,59.8,43.6,51.7,0.0,0.0,0.0
2026-09-26,Team Cutthroat Downhill,Jeremy Ranch / Glenwild,WG077,40.74619331694971,-111.55242052130288,6618.0,2,72.6,48.4,60.5,0.0,0.0,0.0
2026-09-26,Thaynes Canyon,Park City / PCMR,WG037,40.62644528922062,-111.539067377105,8520.6,1,61.4,47.1,54.0,0.0,0.0,0.0
2026-09-26,The Avenues,Summit Park,WG090,40.75998198374273,-111.6028265058925,7081.5,2,69.9,49.7,60.6,0.0,0.0,0.0
2026-09-26,The Graduate,Jeremy Ranch / Glenwild,WG085,40.7534431855279,-111.56237742796368,6343.1,2,73.3,50.5,62.6,0.0,0.0,0.0
2026-09-26,The Great Gazoo,Round Valley,WG067,40.70997890100696,-111.50140660314835,6662.9,1,72.4,46.8,59.7,0.0,0.0,0.0
2026-09-26,The Lookout,Deer Valley,WG032,40.62921554675458,-111.4942829189022,7693.2,1,66.0,51.4,58.6,0.0,0.0,0.0
2026-09-26,The Sheep Trail,Summit Park,WG094,40.75746633469589,-111.667341513995,6217.2,2,74.3,53.4,64.6,0.0,0.0,0.0
2026-09-26,The Up Trail,Summit Park,WG078,40.74822119025095,-111.58934600493023,6821.1,2,71.8,48.9,61.0,0.0,0.0,0.0
2026-09-26,The Upper Avenues,Summit Park,WG090,40.75942210135698,-111.60997791538348,7425.0,2,69.9,49.7,60.6,0.0,0.0,0.0
2026-09-26,Thieves Forest,Deer Valley,WG013,40.61553068086176,-111.48245627012813,8597.7,1,59.8,43.6,51.7,0.0,0.0,0.0
2026-09-26,Thieves Forrest,Deer Valley,WG014,40.611364491739,-111.4804590615015,9072.7,1,58.9,42.7,50.7,0.0,0.0,0.0
2026-09-26,Three Candles,Park City / PCMR,WG037,40.62931137475258,-111.52248914366156,8843.3,1,61.4,47.1,54.0,0.0,0.0,0.0
2026-09-26,Tidal Wave,Deer Valley,WG013,40.610548014761406,-111.48897388892838,8737.9,1,59.8,43.6,51.7,0.0,0.0,0.0
2026-09-26,Tideline,Jordanelle,WG025,40.64171272429878,-111.40053564270964,6530.0,0,73.2,49.9,61.1,0.0,0.0,0.0
2026-09-26,Tim Man,Round Valley,WG067,40.70348842863846,-111.50080894755244,6766.9,1,72.4,46.8,59.7,0.0,0.0,0.0
2026-09-26,Tommys Two Step,Park City / PCMR,WG036,40.629024211109055,-111.51829238121942,8474.2,1,62.5,48.2,55.1,0.0,0.0,0.0
2026-09-26,Tour De Homes,Deer Valley,WG032,40.63205110837411,-111.48826887414292,7813.1,1,66.0,51.4,58.6,0.0,0.0,0.0
2026-09-26,Tour De Suds (Upper),Deer Valley,WG013,40.614682713092186,-111.50609195133156,8563.5,1,59.8,43.6,51.7,0.0,0.0,0.0
2026-09-26,Town,Park City / PCMR,WG030,40.64755940729975,-111.49861999854691,6988.0,2,70.0,50.9,61.2,0.0,0.0,0.0
2026-09-26,Trailside,Round Valley,WG066,40.71864159830864,-111.50336949570412,6480.1,1,73.0,47.4,60.3,0.0,0.0,0.0
2026-09-26,Trailside Connector,Round Valley,WG067,40.71611276967259,-111.5017965665912,6504.2,1,72.4,46.8,59.7,0.0,0.0,0.0
2026-09-26,Trailside Loop,Round Valley,WG067,40.71199117049012,-111.50483999800892,6609.7,1,72.4,46.8,59.7,0.0,0.0,0.0
2026-09-26,Trappers Gate,Deer Valley,WG031,40.63197509989361,-111.497026036245,7462.8,1,67.3,52.7,59.9,0.0,0.0,0.0
2026-09-26,Trestle,Park City / PCMR,WG033,40.63650074050743,-111.50791633233914,8071.5,1,63.3,49.0,55.9,0.0,0.0,0.0
2026-09-26,Tricky Pickle Trail,Deer Valley,WG004,40.59197973531048,-111.49789592532872,8532.5,1,60.1,43.9,52.0,0.0,0.0,0.0
2026-09-26,Truckhole,Round Valley,WG067,40.704351116822174,-111.50022157042804,6773.9,1,72.4,46.8,59.7,0.0,0.0,0.0
2026-09-26,Trump,Deer Valley,WG013,40.60903529522874,-111.4964159868453,8771.6,1,59.8,43.6,51.7,0.0,0.0,0.0
2026-09-26,Tsunami,Deer Valley,WG013,40.61166268615432,-111.48706860055302,8747.8,1,59.8,43.6,51.7,0.0,0.0,0.0
2026-09-26,Tug of War Trail,Deer Valley,WG013,40.60218815889535,-111.4963014769127,8962.3,1,59.8,43.6,51.7,0.0,0.0,0.0
2026-09-26,Tweety Bird Trail,Jordanelle,WG001,40.59084253440856,-111.40816741687898,6568.1,0,71.0,53.0,61.7,0.0,0.0,0.0
2026-09-26,Twist & Shout,Deer Valley,WG012,40.61590669002216,-111.48826576454944,8415.6,0,63.0,48.9,55.5,0.0,0.0,0.0
2026-09-26,Twist and Shout,Deer Valley,WG013,40.61146669404505,-111.486662413967,8799.9,1,59.8,43.6,51.7,0.0,0.0,0.0
2026-09-26,Undertow Trail,Deer Valley,WG029,40.63057046785135,-111.47858549886824,7937.9,1,66.4,51.8,59.0,0.0,0.0,0.0
2026-09-26,Unga Bunga Skills and Pump Tradk,Round Valley,WG067,40.71158064400824,-111.50217787755837,6590.1,1,72.4,46.8,59.7,0.0,0.0,0.0
2026-09-26,Up Track,Round Valley,WG067,40.71007968280768,-111.50314659118624,6643.1,1,72.4,46.8,59.7,0.0,0.0,0.0
2026-09-26,Upper Devo Trail,Deer Valley,WG033,40.62826200901757,-111.4850494481263,8097.8,1,63.3,49.0,55.9,0.0,0.0,0.0
2026-09-26,Upper Loose,Park City / PCMR,WG032,40.64060205866311,-111.5081407284332,7678.0,1,66.0,51.4,58.6,0.0,0.0,0.0
2026-09-26,Upper Loose Moose,Park City / PCMR,WG032,40.64060459750891,-111.5062344507794,7788.9,1,66.0,51.4,58.6,0.0,0.0,0.0
2026-09-26,Upper Sparky Trail,Clark Ranch,WG044,40.6599723509711,-111.45534390616216,6878.4,1,71.1,48.8,59.7,0.0,0.0,0.0
2026-09-26,Village Pipeline Connector,Deer Valley,WG028,40.6391093200599,-111.472490526811,7336.8,1,67.7,53.1,60.3,0.0,0.0,0.0
2026-09-26,Village Trail,Deer Valley,WG028,40.64077448423082,-111.47113665558776,7315.2,1,67.7,53.1,60.3,0.0,0.0,0.0
2026-09-26,Village Trail / Pipeline,Deer Valley,WG028,40.64110752434245,-111.46934147070748,7182.6,1,67.7,53.1,60.3,0.0,0.0,0.0
2026-09-26,WOW (Wasatch Over Wasatch) Trail,Deer Valley,WG003,40.585198990338895,-111.50729227137398,8248.2,0,63.0,45.2,54.0,0.0,0.0,0.0
2026-09-26,Wada Way,Jordanelle,WG040,40.65139897157171,-111.41292348157292,6267.2,0,74.0,50.8,62.0,0.0,0.0,0.0
2026-09-26,Wasatch,Round Valley,WG074,40.742724215036304,-111.49568804225927,6475.9,1,73.1,47.6,60.3,0.0,0.0,0.0
2026-09-26,Wasatch Crest Connect,Park City / PCMR,WG020,40.616974136223725,-111.55736099806312,9245.9,2,57.7,41.7,49.9,0.0,0.0,0.0
2026-09-26,Wasatch Wiggle Trail,Park City / PCMR,WG010,40.58570056880523,-111.57390345809982,9702.8,1,56.0,40.1,47.8,0.0,0.0,0.0
2026-09-26,We'll Go From There,Jordanelle,WG027,40.633559740125165,-111.4528915193202,6692.5,1,71.8,49.1,60.7,0.0,0.0,0.0
2026-09-26,Winchester Trail,Jeremy Ranch / Glenwild,WG069,40.71094932830698,-111.54449441430567,6453.0,2,73.0,44.9,60.6,0.0,0.0,0.0
2026-09-26,Woodside Gulch,Deer Valley,WG032,40.63428272582461,-111.50200856347875,7635.5,1,66.0,51.4,58.6,0.0,0.0,0.0
2026-09-26,Wowza Downhill Trail,Deer Valley,WG006,40.58677474689952,-111.51626735679228,8564.8,1,60.5,44.3,52.4,0.0,0.0,0.0
2026-09-26,Wowza Trail,Deer Valley,WG006,40.58754867198866,-111.51557993987645,8552.8,1,60.5,44.3,52.4,0.0,0.0,0.0
2026-09-26,Yabba Dabba Doo,Round Valley,WG067,40.71031601545331,-111.5039304608668,6636.2,1,72.4,46.8,59.7,0.0,0.0,0.0
2026-09-26,Yeti's,Pinebrook,WG072,40.70910944007779,-111.57083697014414,7539.3,2,67.4,48.8,59.1,0.0,0.0,0.0
2026-09-26,You Get It,Jordanelle,WG027,40.63417280890808,-111.45447628262694,6774.5,1,71.8,49.1,60.7,0.0,0.0,0.0
2026-09-27,24-7,Jeremy Ranch / Glenwild,WG086,40.7580938928905,-111.55747502780672,6689.5,3,72.1,48.7,60.1,0.0,0.0,0.0
2026-09-27,4:20,Deer Valley,WG032,40.63850725810498,-111.5016215026881,7810.7,3,66.0,50.9,57.8,0.0,0.0,0.0
2026-09-27,9K Trail,Park City / PCMR,WG017,40.61454424262402,-111.5340694590712,9222.8,3,57.1,43.3,49.4,0.0,0.0,0.0
2026-09-27,A Toll New World,Summit Park,WG078,40.74525880222984,-111.59660432287036,6843.1,3,71.5,50.5,61.1,0.0,0.0,0.0
2026-09-27,Abilene Way,Jeremy Ranch / Glenwild,WG068,40.705162592888,-111.52848253655898,6454.0,3,72.7,48.5,60.9,0.0,0.0,0.0
2026-09-27,Agitator Trail,Deer Valley,WG028,40.62594479567907,-111.46053082324435,7171.6,3,67.7,52.6,59.5,0.0,0.0,0.0
2026-09-27,Alexander Creek Trail,Summit Park,WG093,40.75856130522611,-111.67962308025976,5873.5,3,75.6,59.4,67.4,0.0,0.0,0.0
2026-09-27,Alta-Brighton Trail,Park City / PCMR,WG009,40.59874189108338,-111.5904390735144,9081.0,3,57.1,43.0,49.0,0.0,0.0,0.0
2026-09-27,Ambush,Jeremy Ranch / Glenwild,WG063,40.694225906082366,-111.58181443950004,7757.7,3,66.2,52.4,58.5,0.0,0.0,0.0
2026-09-27,Amenti,Round Valley,WG067,40.71749758221375,-111.50096260266577,6526.6,3,71.9,47.8,59.9,0.0,0.0,0.0
2026-09-27,An Unexpected Journey Trail,Jordanelle,WG001,40.584095263003086,-111.41492155800285,6731.9,3,70.9,52.0,60.9,0.0,0.0,0.0
2026-09-27,Ancient Forest Loop,Round Valley,WG074,40.7314260153664,-111.49224006112888,6485.8,3,72.9,48.9,60.0,0.0,0.0,0.0
2026-09-27,Ant Farm,Jeremy Ranch / Glenwild,WG077,40.74632495230274,-111.55092174051572,6629.0,3,72.2,48.9,60.2,0.0,0.0,0.0
2026-09-27,Apex,Park City / PCMR,WG038,40.62520958876211,-111.53395003281469,9146.4,3,57.4,43.6,49.7,0.0,0.0,0.0
2026-09-27,April Mountain Trail,Deer Valley,WG047,40.650711302598815,-111.4870593388075,7472.0,3,69.2,51.9,60.1,0.0,0.0,0.0
2026-09-27,Armstrong,Park City / PCMR,WG051,40.65248508262897,-111.52994268919429,7566.3,3,66.8,52.5,59.0,0.0,0.0,0.0
2026-09-27,Ashley Avenue,Round Valley,WG057,40.68155854272997,-111.50389122653404,6794.6,3,70.6,51.2,60.4,0.0,0.0,0.0
2026-09-27,Aspen Slalom,Deer Valley,WG013,40.61311265842392,-111.48457791355952,8816.9,3,59.6,44.3,51.3,0.0,0.0,0.0
2026-09-27,BLT,Jeremy Ranch / Glenwild,WG070,40.71492142685356,-111.56084442077211,6927.9,3,71.8,48.4,59.8,0.0,0.0,0.0
2026-09-27,BYOB,Pinebrook,WG070,40.718283985000745,-111.55661288864135,6639.8,3,71.8,48.4,59.8,0.0,0.0,0.0
2026-09-27,Backslide,Round Valley,WG057,40.686236769495366,-111.49111386346571,6972.4,3,70.6,51.2,60.4,0.0,0.0,0.0
2026-09-27,Bad Apple,Jeremy Ranch / Glenwild,WG076,40.74937514368386,-111.56017979748744,6367.9,3,72.9,49.6,61.0,0.0,0.0,0.0
2026-09-27,Bamm Bamm,Round Valley,WG067,40.71001316656963,-111.50256230173504,6667.3,3,71.9,47.8,59.9,0.0,0.0,0.0
2026-09-27,Barrel Roll,Round Valley,WG058,40.69153134198254,-111.48458530535574,7017.0,3,70.0,50.6,59.7,0.0,0.0,0.0
2026-09-27,Beep Beep Trail,Jordanelle,WG001,40.59039066618902,-111.4033797731244,6670.3,3,70.9,52.0,60.9,0.0,0.0,0.0
2026-09-27,Big Dipper,Jordanelle,WG042,40.66018548005414,-111.43175307695702,6961.2,3,71.2,50.5,60.0,0.0,0.0,0.0
2026-09-27,Big Easy,Round Valley,WG057,40.696128326880846,-111.48285293654745,6776.5,3,70.6,51.2,60.4,0.0,0.0,0.0
2026-09-27,Black Forest,Deer Valley,WG016,40.61940428916709,-111.52036519166067,8929.3,3,59.5,44.2,51.2,0.0,0.0,0.0
2026-09-27,Blackhawk Trail,Jeremy Ranch / Glenwild,WG075,40.73111252615939,-111.53542276920604,6536.5,3,72.1,48.8,60.2,0.0,0.0,0.0
2026-09-27,Blazing Saddle,Park City / PCMR,WG020,40.61652898868821,-111.55635878361066,9384.9,3,56.9,43.0,49.1,0.0,0.0,0.0
2026-09-27,Bonanza Flat Overlook,Deer Valley,WG017,40.60116766018752,-111.5344182482656,9112.3,3,57.1,43.3,49.4,0.0,0.0,0.0
2026-09-27,Bonanza Loop Trail,Deer Valley,WG016,40.60282163896819,-111.52815381158308,8908.5,3,59.5,44.2,51.2,0.0,0.0,0.0
2026-09-27,Bonanza Trail,Deer Valley,WG046,40.661614248984336,-111.49584605339936,6814.3,3,70.3,53.0,61.2,0.0,0.0,0.0
2026-09-27,Boot Hill,Park City / PCMR,WG046,40.66311538182378,-111.50841776480048,6853.1,3,70.3,53.0,61.2,0.0,0.0,0.0
2026-09-27,Boot Hill Connect,Park City / PCMR,WG046,40.66384832032967,-111.50809692977944,6921.4,3,70.3,53.0,61.2,0.0,0.0,0.0
2026-09-27,Boulder,Deer Valley,WG013,40.61539223980999,-111.50399769475118,8635.0,3,59.6,44.3,51.3,0.0,0.0,0.0
2026-09-27,Boulder / Trump,Deer Valley,WG013,40.610998229404565,-111.50208555144307,8996.4,3,59.6,44.3,51.3,0.0,0.0,0.0
2026-09-27,Bourbon Street,Round Valley,WG067,40.70798253656,-111.48164466049944,6673.3,3,71.9,47.8,59.9,0.0,0.0,0.0
2026-09-27,Bow Hunter,Deer Valley,WG014,40.60108596513679,-111.48484426536052,9020.3,3,58.7,43.4,50.4,0.0,0.0,0.0
2026-09-27,Bow Hunter Extension,Deer Valley,WG005,40.59796119210968,-111.4848069886625,9014.7,3,58.8,43.5,50.5,0.0,0.0,0.0
2026-09-27,Brighton Lakes Trail,Park City / PCMR,WG009,40.59287052758444,-111.58751257009568,9276.0,3,57.1,43.0,49.0,0.0,0.0,0.0
2026-09-27,Bronto Jam,Round Valley,WG067,40.71004954775594,-111.501977414722,6672.8,3,71.9,47.8,59.9,0.0,0.0,0.0
2026-09-27,CMG,Park City / PCMR,WG035,40.645848884326966,-111.51679268892973,7606.5,3,66.4,52.1,58.6,0.0,0.0,0.0
2026-09-27,Cammy's,Round Valley,WG057,40.69072662264133,-111.49673800313964,6953.5,3,70.6,51.2,60.4,0.0,0.0,0.0
2026-09-27,Canyons Downhill,Pinebrook,WG061,40.68430916809496,-111.56849091879047,7666.2,3,66.5,52.8,58.8,0.0,0.0,0.0
2026-09-27,Catherine's Pass Trail,Park City / PCMR,WG010,40.585096359880005,-111.59078643106362,9753.9,3,55.2,41.1,47.1,0.0,0.0,0.0
2026-09-27,Claim Jumper,Park City / PCMR,WG036,40.63958065995946,-111.52518162563226,8147.6,3,62.3,47.8,54.3,0.0,0.0,0.0
2026-09-27,Clayton Peak Trail,Park City / PCMR,WG010,40.58693552999217,-111.57085635011327,9813.5,3,55.2,41.1,47.1,0.0,0.0,0.0
2026-09-27,Cobblestone Loop,Jeremy Ranch / Glenwild,WG084,40.75845647840704,-111.52582619388934,6805.4,3,70.6,52.3,60.1,0.0,0.0,0.0
2026-09-27,Cobblestone Trail,Jeremy Ranch / Glenwild,WG084,40.75512641497514,-111.52744418745776,6723.8,3,70.6,52.3,60.1,0.0,0.0,0.0
2026-09-27,Colin's Trail,Jeremy Ranch / Glenwild,WG060,40.69629937433107,-111.55671582168428,7029.9,3,69.2,55.1,61.6,0.0,0.0,0.0
2026-09-27,Colony Mid Mountain Connector,Park City / PCMR,WG052,40.65011049975458,-111.53932673410868,8429.2,3,61.8,48.5,54.3,0.0,0.0,0.0
2026-09-27,Comstock Mine Trail,Park City / PCMR,WG019,40.62270505527668,-111.54357954562096,8723.6,3,58.9,45.1,51.2,0.0,0.0,0.0
2026-09-27,Constellation Trail,Jordanelle,WG026,40.6428753631073,-111.43505033038012,6261.6,3,73.7,51.7,61.9,0.0,0.0,0.0
2026-09-27,Corvair,Deer Valley,WG016,40.61099169805087,-111.51230389508405,8648.6,3,59.5,44.2,51.2,0.0,0.0,0.0
2026-09-27,Corvair (Upper),Deer Valley,WG016,40.60840912265719,-111.51090449857222,8883.3,3,59.5,44.2,51.2,0.0,0.0,0.0
2026-09-27,Corvair Connector,Deer Valley,WG016,40.61070239150149,-111.5115633319795,8812.1,3,59.5,44.2,51.2,0.0,0.0,0.0
2026-09-27,Cousin Eddy Trail,Clark Ranch,WG044,40.66170094764518,-111.45386933866466,6817.2,3,70.9,48.9,59.4,0.0,0.0,0.0
2026-09-27,Coyote Loop Trail,Jordanelle,WG001,40.58676467246392,-111.40272629625528,6895.7,3,70.9,52.0,60.9,0.0,0.0,0.0
2026-09-27,Crazy Eights,Jeremy Ranch / Glenwild,WG077,40.74908550583131,-111.55291850861556,6580.7,3,72.2,48.9,60.2,0.0,0.0,0.0
2026-09-27,Crescent Ridge,Park City / PCMR,WG036,40.64328062856461,-111.5205999025961,8289.2,3,62.3,47.8,54.3,0.0,0.0,0.0
2026-09-27,Cutter Lane,Jeremy Ranch / Glenwild,WG068,40.7083260127391,-111.53140227257067,6437.7,3,72.7,48.5,60.9,0.0,0.0,0.0
2026-09-27,Cyn City,Park City / PCMR,WG016,40.62106458390316,-111.52108056020784,8700.1,3,59.5,44.2,51.2,0.0,0.0,0.0
2026-09-27,Daily Overlook,Deer Valley,WG031,40.631723443280656,-111.4987920660294,7430.4,3,67.3,52.2,59.1,0.0,0.0,0.0
2026-09-27,Daly Avenue,Deer Valley,WG031,40.63079192228995,-111.49966938212476,7430.3,3,67.3,52.2,59.1,0.0,0.0,0.0
2026-09-27,Daly Bypass,Deer Valley,WG031,40.63469577874592,-111.4972952534869,7351.3,3,67.3,52.2,59.1,0.0,0.0,0.0
2026-09-27,Daly Canyon,Deer Valley,WG011,40.620194319264456,-111.50922727258838,7986.4,3,63.8,49.3,55.8,0.0,0.0,0.0
2026-09-27,Daly Grind,Deer Valley,WG011,40.62436395642222,-111.5065519695764,7745.3,3,63.8,49.3,55.8,0.0,0.0,0.0
2026-09-27,Dawns Trail,Park City / PCMR,WG051,40.65039115727101,-111.52578815180028,7505.7,3,66.8,52.5,59.0,0.0,0.0,0.0
2026-09-27,Dead Reckoning,Summit Park,WG078,40.74804102527887,-111.5901705440554,6808.0,3,71.5,50.5,61.1,0.0,0.0,0.0
2026-09-27,Dead Tree,Park City / PCMR,WG021,40.611358588022426,-111.54588982448988,9653.6,3,53.0,40.2,45.9,0.0,0.0,0.0
2026-09-27,Deep Park Circle,Jordanelle,WG026,40.626894083286025,-111.43587347972714,6383.2,3,73.7,51.7,61.9,0.0,0.0,0.0
2026-09-27,Deer Camp,Deer Valley,WG013,40.60519585339864,-111.4911066437841,8920.6,3,59.6,44.3,51.3,0.0,0.0,0.0
2026-09-27,Deer Crest,Deer Valley,WG029,40.63553157935396,-111.47424740401932,7612.2,3,66.4,51.2,58.2,0.0,0.0,0.0
2026-09-27,Devo,Deer Valley,WG032,40.6296740826892,-111.48374523511592,7963.4,3,66.0,50.9,57.8,0.0,0.0,0.0
2026-09-27,Discovery,Summit Park,WG078,40.74903521550762,-111.59463162387972,6614.4,3,71.5,50.5,61.1,0.0,0.0,0.0
2026-09-27,Downward Dog,Round Valley,WG057,40.68865758594976,-111.48489883261024,6958.5,3,70.6,51.2,60.4,0.0,0.0,0.0
2026-09-27,Dropout,Jeremy Ranch / Glenwild,WG077,40.74673233142679,-111.55449028155309,6576.0,3,72.2,48.9,60.2,0.0,0.0,0.0
2026-09-27,Dubois,Jeremy Ranch / Glenwild,WG059,40.698630398586985,-111.55581872982933,6878.9,3,71.6,47.4,59.9,0.0,0.0,0.0
2026-09-27,Eagle Cove,Round Valley,WG057,40.68665016051084,-111.49786169389527,6799.6,3,70.6,51.2,60.4,0.0,0.0,0.0
2026-09-27,Eagle Trail,Park City / PCMR,WG051,40.65138382915936,-111.51929067308184,7664.9,3,66.8,52.5,59.0,0.0,0.0,0.0
2026-09-27,Eagle Way,Park City / PCMR,WG048,40.65295946154777,-111.48775315119684,7538.9,3,66.8,51.7,58.6,0.0,0.0,0.0
2026-09-27,East Fallen Pines Lane,Park City / PCMR,WG022,40.61551642366452,-111.57912837068116,8712.4,3,60.1,43.9,51.3,0.0,0.0,0.0
2026-09-27,Easy Rider,Park City / PCMR,WG009,40.59580193116481,-111.57632308440664,9141.3,3,57.1,43.0,49.0,0.0,0.0,0.0
2026-09-27,Ecker Hill Trail,Pinebrook,WG076,40.740364526144575,-111.5667817840803,6401.3,3,72.9,49.6,61.0,0.0,0.0,0.0
2026-09-27,Empire Alternate,Deer Valley,WG032,40.62635819528807,-111.50016350153602,7943.1,3,66.0,50.9,57.8,0.0,0.0,0.0
2026-09-27,Empire Link,Deer Valley,WG012,40.62422557470265,-111.50748256286928,8022.2,3,63.0,48.2,55.0,0.0,0.0,0.0
2026-09-27,Empire Lodge,Deer Valley,WG015,40.61442062316093,-111.51298418240138,8439.2,3,62.4,47.9,54.4,0.0,0.0,0.0
2026-09-27,Empire Pass Connector,Deer Valley,WG016,40.60627316294136,-111.51481095351645,8948.4,3,59.5,44.2,51.2,0.0,0.0,0.0
2026-09-27,Equestrian,Round Valley,WG067,40.70215181343843,-111.50219785223597,6719.1,3,71.9,47.8,59.9,0.0,0.0,0.0
2026-09-27,Euston,Round Valley,WG047,40.65772556817424,-111.48315877249176,7062.9,3,69.2,51.9,60.1,0.0,0.0,0.0
2026-09-27,Evil Empire,Park City / PCMR,WG016,40.61923823662483,-111.52513988679308,8746.8,3,59.5,44.2,51.2,0.0,0.0,0.0
2026-09-27,Fairway Hills Trail,Round Valley,WG055,40.67853348641883,-111.47699791832557,6747.4,3,71.3,50.0,60.1,0.0,0.0,0.0
2026-09-27,Family Truckster Trail,Clark Ranch,WG044,40.66038172048119,-111.452885753204,6847.4,3,70.9,48.9,59.4,0.0,0.0,0.0
2026-09-27,Fast Pitch Trail,Round Valley,WG055,40.6798165110769,-111.47671870073196,6759.1,3,71.3,50.0,60.1,0.0,0.0,0.0
2026-09-27,Fat Lip,Park City / PCMR,WG016,40.62192963761681,-111.5279713594279,8931.1,3,59.5,44.2,51.2,0.0,0.0,0.0
2026-09-27,Field Stone,Round Valley,WG067,40.71706243943152,-111.49059329339536,6526.3,3,71.9,47.8,59.9,0.0,0.0,0.0
2026-09-27,Fink Again,Jeremy Ranch / Glenwild,WG086,40.75125285000831,-111.55541181172696,6586.2,3,72.1,48.7,60.1,0.0,0.0,0.0
2026-09-27,Finns,Deer Valley,WG028,40.640763495812735,-111.47689190658058,7214.2,3,67.7,52.6,59.5,0.0,0.0,0.0
2026-09-27,Fireswamp,Deer Valley,WG013,40.61340925382439,-111.48239833860336,8873.0,3,59.6,44.3,51.3,0.0,0.0,0.0
2026-09-27,First Time,Park City / PCMR,WG050,40.65050878239233,-111.51048291433958,7041.1,3,69.6,52.4,60.5,0.0,0.0,0.0
2026-09-27,First Time Return,Park City / PCMR,WG050,40.65021414919943,-111.51090683334832,7073.8,3,69.6,52.4,60.5,0.0,0.0,0.0
2026-09-27,Flagstaff Loop,Deer Valley,WG013,40.60758047007656,-111.496735533601,8898.0,3,59.6,44.3,51.3,0.0,0.0,0.0
2026-09-27,Flat Cable,Park City / PCMR,WG032,40.644102718034645,-111.505628746172,7565.4,3,66.0,50.9,57.8,0.0,0.0,0.0
2026-09-27,Flat Iron,Park City / PCMR,WG036,40.62696082564811,-111.51719430456902,8393.5,3,62.3,47.8,54.3,0.0,0.0,0.0
2026-09-27,Flying Dog,Jeremy Ranch / Glenwild,WG087,40.77237660098178,-111.54161762597796,7321.2,3,69.0,50.4,58.9,0.0,0.0,0.0
2026-09-27,Forest Glen Trail,Park City / PCMR,WG022,40.61089948644494,-111.5784844905115,8765.8,3,60.1,43.9,51.3,0.0,0.0,0.0
2026-09-27,Fox Tail Trail,Round Valley,WG045,40.66564803508002,-111.47503092801368,7133.0,3,68.9,51.7,59.8,0.0,0.0,0.0
2026-09-27,Freemason,Park City / PCMR,WG046,40.65768683021079,-111.49819012622744,6949.6,3,70.3,53.0,61.2,0.0,0.0,0.0
2026-09-27,Full Steam Billy,Park City / PCMR,WG031,40.64842922650065,-111.4945100220623,7246.4,3,67.3,52.2,59.1,0.0,0.0,0.0
2026-09-27,Gambel Oak Cut,Round Valley,WG045,40.65967079074984,-111.47871602858976,7240.9,3,68.9,51.7,59.8,0.0,0.0,0.0
2026-09-27,Gambel Oak North,Park City / PCMR,WG047,40.65915752473873,-111.48180315635692,7112.6,3,69.2,51.9,60.1,0.0,0.0,0.0
2026-09-27,Gambel Oak Trail,Park City / PCMR,WG031,40.64847351910524,-111.48419757905585,7408.0,3,67.3,52.2,59.1,0.0,0.0,0.0
2026-09-27,Gap Bypass Trail,Deer Valley,WG028,40.64123747413292,-111.47577580871994,7306.6,3,67.7,52.6,59.5,0.0,0.0,0.0
2026-09-27,Gap Loop,Deer Valley,WG028,40.6409109833561,-111.47399614902376,7445.8,3,67.7,52.6,59.5,0.0,0.0,0.0
2026-09-27,Glenwild Loop,Jeremy Ranch / Glenwild,WG075,40.73989427988239,-111.52813430357229,6701.6,3,72.1,48.8,60.2,0.0,0.0,0.0
2026-09-27,Glenwild Loop / Wasatch,Jeremy Ranch / Glenwild,WG074,40.74589846722535,-111.509614206256,6451.3,3,72.9,48.9,60.0,0.0,0.0,0.0
2026-09-27,Gold Finger,Park City / PCMR,WG053,40.65997467243904,-111.55431689925648,8081.9,3,62.6,49.3,55.2,0.0,0.0,0.0
2026-09-27,Golden Needle,Park City / PCMR,WG008,40.59452078975266,-111.56725110409884,9811.4,3,53.0,40.2,45.8,0.0,0.0,0.0
2026-09-27,Gorgoza Park,Pinebrook,WG089,40.75144469967726,-111.581432624726,6619.5,3,71.8,50.8,61.4,0.0,0.0,0.0
2026-09-27,Gotcha Cuttoff,Park City / PCMR,WG035,40.64587964864319,-111.5166123821088,7673.2,3,66.4,52.1,58.6,0.0,0.0,0.0
2026-09-27,Grave Digger,Deer Valley,WG032,40.62962271716946,-111.50201210924322,7682.6,3,66.0,50.9,57.8,0.0,0.0,0.0
2026-09-27,Great Western Trail,Wasatch Crest / Millcreek,WG092,40.77286580912175,-111.6406537725031,7571.3,3,68.4,47.8,59.1,0.0,0.0,0.0
2026-09-27,Great Western Trail / Great Western Trail bypass,Wasatch Crest / Millcreek,WG091,40.7535574542296,-111.6313027356856,7111.8,3,69.9,55.5,62.4,0.0,0.0,0.0
2026-09-27,H.A.M.,Park City / PCMR,WG035,40.64547382276132,-111.53139851516626,7780.5,3,66.4,52.1,58.6,0.0,0.0,0.0
2026-09-27,Hang Time South,Park City / PCMR,WG046,40.65853660632904,-111.49606808644194,6970.8,3,70.3,53.0,61.2,0.0,0.0,0.0
2026-09-27,Happy Gilmor,Round Valley,WG067,40.70712360033319,-111.5014684546231,6569.0,3,71.9,47.8,59.9,0.0,0.0,0.0
2026-09-27,Happy Trailside,Round Valley,WG067,40.708413441306845,-111.50471867526606,6595.6,3,71.9,47.8,59.9,0.0,0.0,0.0
2026-09-27,Hat Trick Trail,Round Valley,WG055,40.678830976721535,-111.47596646172724,6757.0,3,71.3,50.0,60.1,0.0,0.0,0.0
2026-09-27,Heard It Both Ways Trail,Deer Valley,WG004,40.593082879194085,-111.49125770411068,8855.0,3,60.0,44.7,51.6,0.0,0.0,0.0
2026-09-27,Hidden Cove,Summit Park,WG089,40.756655895607175,-111.597334386164,6686.2,3,71.8,50.8,61.4,0.0,0.0,0.0
2026-09-27,High Meadows Connector,Pinebrook,WG076,40.74134938710701,-111.56847869190176,6429.9,3,72.9,49.6,61.0,0.0,0.0,0.0
2026-09-27,High Side,Round Valley,WG055,40.69388247977245,-111.4770589235944,6909.3,3,71.3,50.0,60.1,0.0,0.0,0.0
2026-09-27,Holly's,Pinebrook,WG063,40.68604417524608,-111.57782170773478,7824.2,3,66.2,52.4,58.5,0.0,0.0,0.0
2026-09-27,Holy Roller,Deer Valley,WG013,40.6113609111251,-111.48708066137604,8716.2,3,59.6,44.3,51.3,0.0,0.0,0.0
2026-09-27,Humdinger,Deer Valley,WG029,40.626356336628135,-111.46720603877804,7537.3,3,66.4,51.2,58.2,0.0,0.0,0.0
2026-09-27,Insurgent,Jeremy Ranch / Glenwild,WG063,40.68610182305705,-111.58195303109213,7873.2,3,66.2,52.4,58.5,0.0,0.0,0.0
2026-09-27,Io Trail (Middle),Deer Valley,WG017,40.61025792344493,-111.52770861008732,9342.5,3,57.1,43.3,49.4,0.0,0.0,0.0
2026-09-27,Iron Bill,Jeremy Ranch / Glenwild,WG071,40.70817834974828,-111.55726593666238,7034.2,3,68.7,54.5,61.0,0.0,0.0,0.0
2026-09-27,Iron Man,Park City / PCMR,WG053,40.6585520468376,-111.5452566956134,8305.8,3,62.6,49.3,55.2,0.0,0.0,0.0
2026-09-27,Iron Mountain Trail,Park City / PCMR,WG054,40.65649532455427,-111.54475504732362,8753.8,3,60.6,47.3,53.2,0.0,0.0,0.0
2026-09-27,Izzy's Inferno (Dog Pound),Deer Valley,WG012,40.619811878384205,-111.48856422719636,8193.5,3,63.0,48.2,55.0,0.0,0.0,0.0
2026-09-27,Jailbreak,Jeremy Ranch / Glenwild,WG085,40.75712939272894,-111.56214780445411,6277.4,3,73.1,52.1,62.7,0.0,0.0,0.0
2026-09-27,Jeep Hill (Safety Coridoor),Deer Valley,WG013,40.60451306969404,-111.50923514571896,8820.6,3,59.6,44.3,51.3,0.0,0.0,0.0
2026-09-27,Jenni's Trail,Park City / PCMR,WG034,40.64869166733497,-111.51220769740809,7207.7,3,67.7,53.4,59.9,0.0,0.0,0.0
2026-09-27,Jenni's Trail upper,Park City / PCMR,WG035,40.63937813819639,-111.5112423147728,7789.7,3,66.4,52.1,58.6,0.0,0.0,0.0
2026-09-27,Johns '99,Park City / PCMR,WG033,40.62911828578874,-111.50998374795329,8128.2,3,63.0,48.6,55.1,0.0,0.0,0.0
2026-09-27,Johns 99,Deer Valley,WG015,40.62450457371346,-111.51231498110546,8231.6,3,62.4,47.9,54.4,0.0,0.0,0.0
2026-09-27,Johns Trail,Park City / PCMR,WG033,40.63760825426597,-111.50539626371148,8041.4,3,63.0,48.6,55.1,0.0,0.0,0.0
2026-09-27,Jordanelle (West Bank) Trail,Jordanelle,WG026,40.63639192686843,-111.4311179892118,6210.9,3,73.7,51.7,61.9,0.0,0.0,0.0
2026-09-27,Jordanelle Perimeter Trail,Jordanelle,WG024,40.633349610731685,-111.4121970547725,6216.7,3,73.9,51.9,62.1,0.0,0.0,0.0
2026-09-27,Jupiter Peak,Park City / PCMR,WG021,40.610319419324455,-111.54904593331813,9871.3,3,53.0,40.2,45.9,0.0,0.0,0.0
2026-09-27,Jupiter Ridge,Park City / PCMR,WG018,40.61268065771163,-111.53867835914352,9869.4,3,53.2,40.4,46.0,0.0,0.0,0.0
2026-09-27,Kaboom Trail / Call Sign Casa Trail,Jordanelle,WG027,40.62794719612903,-111.45468580169128,6888.6,3,71.4,50.7,60.4,0.0,0.0,0.0
2026-09-27,Kari's,Round Valley,WG055,40.69160040530727,-111.47515847036864,6850.2,3,71.3,50.0,60.1,0.0,0.0,0.0
2026-09-27,Keetley,Jordanelle,WG024,40.6438983646529,-111.4097274639112,6255.4,3,73.9,51.9,62.1,0.0,0.0,0.0
2026-09-27,Keystone Trail,Park City / PCMR,WG037,40.62506440637064,-111.53055382777043,8890.7,3,61.1,46.6,53.2,0.0,0.0,0.0
2026-09-27,La Dee Duh,Round Valley,WG057,40.69261799590889,-111.5001632592338,6864.5,3,70.6,51.2,60.4,0.0,0.0,0.0
2026-09-27,Lavina,Deer Valley,WG006,40.58376333945228,-111.52567195673171,8621.7,3,60.4,45.1,52.0,0.0,0.0,0.0
2026-09-27,Legacy Loop,Jeremy Ranch / Glenwild,WG071,40.705995804360256,-111.55961886682412,7342.6,3,68.7,54.5,61.0,0.0,0.0,0.0
2026-09-27,Legacy Ridge,Jeremy Ranch / Glenwild,WG071,40.70648419743829,-111.5603960205038,7414.3,3,68.7,54.5,61.0,0.0,0.0,0.0
2026-09-27,Legacy. Loop,Jeremy Ranch / Glenwild,WG071,40.70737188748682,-111.5599210439625,7363.1,3,68.7,54.5,61.0,0.0,0.0,0.0
2026-09-27,Link,Deer Valley,WG015,40.624117394272574,-111.51614328186776,8385.3,3,62.4,47.9,54.4,0.0,0.0,0.0
2026-09-27,Little Chief,Deer Valley,WG015,40.61872839208637,-111.51243052868438,8322.6,3,62.4,47.9,54.4,0.0,0.0,0.0
2026-09-27,Little Engine Trail,Summit Park,WG089,40.756690732809,-111.59562244098744,6709.3,3,71.8,50.8,61.4,0.0,0.0,0.0
2026-09-27,Little Stick,Deer Valley,WG028,40.63409637421967,-111.478301770839,7464.6,3,67.7,52.6,59.5,0.0,0.0,0.0
2026-09-27,Longview,Jordanelle,WG040,40.65785550770212,-111.4151527495857,6299.6,3,73.7,51.7,61.9,0.0,0.0,0.0
2026-09-27,Looney Tunes Trail,Jordanelle,WG002,40.58370423178651,-111.40605522395904,7149.3,3,69.3,50.4,59.2,0.0,0.0,0.0
2026-09-27,Loose Moose,Park City / PCMR,WG031,40.64358346695202,-111.50940341630726,7446.3,3,67.3,52.2,59.1,0.0,0.0,0.0
2026-09-27,Lost Prospector,Park City / PCMR,WG047,40.659849225736586,-111.4888557229514,7044.5,3,69.2,51.9,60.1,0.0,0.0,0.0
2026-09-27,Lower Devo Trail,Deer Valley,WG032,40.63290230557317,-111.48205615844142,7656.5,3,66.0,50.9,57.8,0.0,0.0,0.0
2026-09-27,Lower Masonic,Park City / PCMR,WG047,40.65358630670372,-111.49972319928794,7113.0,3,69.2,51.9,60.1,0.0,0.0,0.0
2026-09-27,Lower Sparky Trail,Clark Ranch,WG044,40.66761130235187,-111.4559551589961,6689.8,3,70.9,48.9,59.4,0.0,0.0,0.0
2026-09-27,Lower Village,Deer Valley,WG028,40.64043848354113,-111.46360640728942,7008.1,3,67.7,52.6,59.5,0.0,0.0,0.0
2026-09-27,Lynx #2,Round Valley,WG044,40.66734087696376,-111.46694625830712,6898.8,3,70.9,48.9,59.4,0.0,0.0,0.0
2026-09-27,Masonic,Park City / PCMR,WG047,40.65628760128763,-111.48965728213436,7283.0,3,69.2,51.9,60.1,0.0,0.0,0.0
2026-09-27,Matt's Flat,Round Valley,WG057,40.68924275786925,-111.49221205396208,6921.6,3,70.6,51.2,60.4,0.0,0.0,0.0
2026-09-27,McConkeys,Park City / PCMR,WG016,40.617956923480186,-111.52625119796232,8958.8,3,59.5,44.2,51.2,0.0,0.0,0.0
2026-09-27,McConkeys / Io Trail (Middle),Park City / PCMR,WG018,40.61168680632571,-111.53326494678502,9588.6,3,53.2,40.4,46.0,0.0,0.0,0.0
2026-09-27,McHenry Avenue,Deer Valley,WG031,40.640126864152855,-111.49219625319049,7274.9,3,67.3,52.2,59.1,0.0,0.0,0.0
2026-09-27,Mid-Mountain Connect,Park City / PCMR,WG036,40.63223012461414,-111.51309555497544,8201.7,3,62.3,47.8,54.3,0.0,0.0,0.0
2026-09-27,Mid-Mountain Trail,Park City / PCMR,WG036,40.64534582424172,-111.53118141177607,8168.3,3,62.3,47.8,54.3,0.0,0.0,0.0
2026-09-27,Milky Way,Jordanelle,WG042,40.65767372971338,-111.43373089841624,6795.1,3,71.2,50.5,60.0,0.0,0.0,0.0
2026-09-27,Milky Way / Two Rocks,Jordanelle,WG042,40.66056479638159,-111.42608338059031,6558.6,3,71.2,50.5,60.0,0.0,0.0,0.0
2026-09-27,Miner's Mile,Park City / PCMR,WG036,40.62728968091632,-111.51804021102016,8457.0,3,62.3,47.8,54.3,0.0,0.0,0.0
2026-09-27,Miss Billy's,Jeremy Ranch / Glenwild,WG059,40.69127466685039,-111.54016400735836,6614.6,3,71.6,47.4,59.9,0.0,0.0,0.0
2026-09-27,Mojave,Park City / PCMR,WG037,40.634971780917176,-111.5211432294971,8540.4,3,61.1,46.6,53.2,0.0,0.0,0.0
2026-09-27,Moose Hollow,Summit Park,WG088,40.76397899834495,-111.58866445905328,6467.6,3,72.5,51.5,62.2,0.0,0.0,0.0
2026-09-27,Moose Poop,Deer Valley,WG032,40.633538239133244,-111.50120248027572,7607.1,3,66.0,50.9,57.8,0.0,0.0,0.0
2026-09-27,Moose Puddle,Pinebrook,WG071,40.70548588260783,-111.56718578772085,7487.6,3,68.7,54.5,61.0,0.0,0.0,0.0
2026-09-27,Moose Tracks Trail,Park City / PCMR,WG009,40.59516414126596,-111.57427709390586,9258.1,3,57.1,43.0,49.0,0.0,0.0,0.0
2026-09-27,Moosebones,Deer Valley,WG013,40.61167254823319,-111.50326786094648,8857.2,3,59.6,44.3,51.3,0.0,0.0,0.0
2026-09-27,Moosehouse,Park City / PCMR,WG032,40.63204398195126,-111.5038481086022,7902.6,3,66.0,50.9,57.8,0.0,0.0,0.0
2026-09-27,Mother Urban,Deer Valley,WG032,40.63167066031289,-111.5034058570439,7904.1,3,66.0,50.9,57.8,0.0,0.0,0.0
2026-09-27,Mountain Ranch,Jeremy Ranch / Glenwild,WG066,40.719482563829935,-111.5082007499112,6453.3,3,72.5,48.4,60.5,0.0,0.0,0.0
2026-09-27,Mountain Ranch Estates,Round Valley,WG067,40.7173985998433,-111.50812726137713,6520.0,3,71.9,47.8,59.9,0.0,0.0,0.0
2026-09-27,Mountain Willow,Round Valley,WG067,40.71402930681007,-111.48565937361776,6571.7,3,71.9,47.8,59.9,0.0,0.0,0.0
2026-09-27,Mr Muchrocks,Round Valley,WG067,40.70904482572548,-111.50323360919846,6653.2,3,71.9,47.8,59.9,0.0,0.0,0.0
2026-09-27,NCS,Deer Valley,WG032,40.62911396321707,-111.4803727621932,7992.5,3,66.0,50.9,57.8,0.0,0.0,0.0
2026-09-27,Nick NAC,Round Valley,WG057,40.69210865876878,-111.490120990647,6959.3,3,70.6,51.2,60.4,0.0,0.0,0.0
2026-09-27,No Worries,Summit Park,WG081,40.73716048778493,-111.60234213265907,7289.1,3,68.1,54.9,60.6,0.0,0.0,0.0
2026-09-27,North 400 West,Jeremy Ranch / Glenwild,WG068,40.70279368500318,-111.51897621463831,6441.4,3,72.7,48.5,60.9,0.0,0.0,0.0
2026-09-27,North Ross Creek Trail,Jordanelle,WG041,40.66585897507511,-111.42082357173696,6405.0,3,73.3,51.3,61.5,0.0,0.0,0.0
2026-09-27,Nowhere Elks,Round Valley,WG058,40.69018989582584,-111.48311322310164,7036.6,3,70.0,50.6,59.7,0.0,0.0,0.0
2026-09-27,OMG,Deer Valley,WG032,40.631226274970665,-111.4973428195913,7571.3,3,66.0,50.9,57.8,0.0,0.0,0.0
2026-09-27,OMH,Pinebrook,WG070,40.71997692753587,-111.55773747935044,6677.5,3,71.8,48.4,59.8,0.0,0.0,0.0
2026-09-27,Oh Deer Flow,Jordanelle,WG041,40.66237367218405,-111.42118550237925,6403.1,3,73.3,51.3,61.5,0.0,0.0,0.0
2026-09-27,Old Homeward Bound,Deer Valley,WG012,40.61357496233911,-111.48964629692756,8441.1,3,63.0,48.2,55.0,0.0,0.0,0.0
2026-09-27,Old Skool,Deer Valley,WG032,40.631898683587,-111.48423208918877,7827.2,3,66.0,50.9,57.8,0.0,0.0,0.0
2026-09-27,Old Stage Crest Connect,Park City / PCMR,WG023,40.61247305094488,-111.5715274805363,9057.3,3,57.8,43.9,50.0,0.0,0.0,0.0
2026-09-27,Olympic,Pinebrook,WG064,40.69996684096533,-111.57868853500152,8004.0,3,63.7,50.3,56.2,0.0,0.0,0.0
2026-09-27,Ontario Canyon,Deer Valley,WG013,40.61130277448227,-111.48755898005427,8755.1,3,59.6,44.3,51.3,0.0,0.0,0.0
2026-09-27,Ontario Ridge,Deer Valley,WG032,40.62821582013441,-111.49780973717266,7815.3,3,66.0,50.9,57.8,0.0,0.0,0.0
2026-09-27,Ore Cart,Deer Valley,WG015,40.621755910380834,-111.51139929264724,8146.4,3,62.4,47.9,54.4,0.0,0.0,0.0
2026-09-27,Outlook,Deer Valley,WG029,40.63657831428653,-111.4685462481628,7646.2,3,66.4,51.2,58.2,0.0,0.0,0.0
2026-09-27,Pale Green Dot,Summit Park,WG078,40.74689592786439,-111.59182437672968,6802.1,3,71.5,50.5,61.1,0.0,0.0,0.0
2026-09-27,Parley's Lane,Summit Park,WG089,40.75375624958085,-111.59849347383722,6719.0,3,71.8,50.8,61.4,0.0,0.0,0.0
2026-09-27,Payday,Park City / PCMR,WG035,40.64053545819342,-111.51124538504462,7598.1,3,66.4,52.1,58.6,0.0,0.0,0.0
2026-09-27,Payroll,Deer Valley,WG013,40.61095393430099,-111.5094443089702,8630.4,3,59.6,44.3,51.3,0.0,0.0,0.0
2026-09-27,Pedalers Inn,Deer Valley,WG012,40.61923438649311,-111.4865707901735,8286.8,3,63.0,48.2,55.0,0.0,0.0,0.0
2026-09-27,Perrier Pass,Park City / PCMR,WG017,40.61814002894983,-111.53826776190397,9445.9,3,57.1,43.3,49.4,0.0,0.0,0.0
2026-09-27,Pinebrook Point,Pinebrook,WG089,40.75079411917499,-111.57994193527573,6623.3,3,71.8,50.8,61.4,0.0,0.0,0.0
2026-09-27,Pinebrook Pointe South,Pinebrook,WG078,40.74959135152933,-111.5795998040212,6632.5,3,71.5,50.5,61.1,0.0,0.0,0.0
2026-09-27,Pinebrook Southeast Perimeter / Hunter's Trail of the Mid Mountain,Pinebrook,WG072,40.71419878562093,-111.5896757552273,7875.5,3,66.6,53.4,59.1,0.0,0.0,0.0
2026-09-27,Pinebrook Southeast Perimeter / Pinebrook SE Perimeter,Pinebrook,WG079,40.72863077219642,-111.58102679054537,7392.0,3,68.4,54.3,60.8,0.0,0.0,0.0
2026-09-27,Pinebrook Southeast Perimeter Trail,Pinebrook,WG078,40.73058687532795,-111.57244227312069,6947.5,3,71.5,50.5,61.1,0.0,0.0,0.0
2026-09-27,Pinecone Ridge,Park City / PCMR,WG039,40.63337906740186,-111.54644099265712,9084.9,3,57.7,43.8,49.9,0.0,0.0,0.0
2026-09-27,Pioneer Ridge,Park City / PCMR,WG018,40.61649374604546,-111.53892521633333,9598.5,3,53.2,40.4,46.0,0.0,0.0,0.0
2026-09-27,Pipeline,Deer Valley,WG028,40.63885618836171,-111.46966538134832,7356.9,3,67.7,52.6,59.5,0.0,0.0,0.0
2026-09-27,Pointy Rocks,Deer Valley,WG031,40.63679995846106,-111.48172224533342,7428.0,3,67.3,52.2,59.1,0.0,0.0,0.0
2026-09-27,PorcUclimb,Round Valley,WG058,40.69402326414524,-111.48517031749344,7064.7,3,70.0,50.6,59.7,0.0,0.0,0.0
2026-09-27,Powerline,Pinebrook,WG078,40.74237998272819,-111.5716363238219,6548.4,3,71.5,50.5,61.1,0.0,0.0,0.0
2026-09-27,Powerline Connector,Pinebrook,WG078,40.74298978990414,-111.5728828415412,6585.6,3,71.5,50.5,61.1,0.0,0.0,0.0
2026-09-27,Powerline Trail,Park City / PCMR,WG036,40.63015217582808,-111.53743024085954,8362.6,3,62.3,47.8,54.3,0.0,0.0,0.0
2026-09-27,Practice Loops,Round Valley,WG055,40.68336469607561,-111.47532267974417,6752.0,3,71.3,50.0,60.1,0.0,0.0,0.0
2026-09-27,Preserve Connector,Jeremy Ranch / Glenwild,WG087,40.76330147562161,-111.54585203221042,7230.0,3,69.0,50.4,58.9,0.0,0.0,0.0
2026-09-27,Princess Di's,Clark Ranch,WG083,40.751465442037045,-111.43628535405452,6858.8,3,71.2,48.7,59.8,0.0,0.0,0.0
2026-09-27,Prospect,Deer Valley,WG031,40.63405408516434,-111.49547333835608,7482.8,3,67.3,52.2,59.1,0.0,0.0,0.0
2026-09-27,Pulp Friction,Round Valley,WG057,40.69884233324062,-111.50344523686547,6681.3,3,70.6,51.2,60.4,0.0,0.0,0.0
2026-09-27,Putty Tat Trail,Jordanelle,WG001,40.59267845848291,-111.40267007297948,6514.0,3,70.9,52.0,60.9,0.0,0.0,0.0
2026-09-27,Quinn's Connect,Round Valley,WG055,40.68185946906874,-111.4726829059293,6720.8,3,71.3,50.0,60.1,0.0,0.0,0.0
2026-09-27,RTS,Jeremy Ranch / Glenwild,WG070,40.71664642216084,-111.55523569599896,6598.1,3,71.8,48.4,59.8,0.0,0.0,0.0
2026-09-27,RTS / BLT,Jeremy Ranch / Glenwild,WG070,40.71544842193981,-111.5580228733734,6768.3,3,71.8,48.4,59.8,0.0,0.0,0.0
2026-09-27,Rademan Ridge,Round Valley,WG057,40.69522706920315,-111.49835765815162,6895.6,3,70.6,51.2,60.4,0.0,0.0,0.0
2026-09-27,Ramble On,Round Valley,WG067,40.70159467934347,-111.48028465593316,6781.5,3,71.9,47.8,59.9,0.0,0.0,0.0
2026-09-27,Rambler,Round Valley,WG057,40.69772226627651,-111.49065578495473,6809.2,3,70.6,51.2,60.4,0.0,0.0,0.0
2026-09-27,Rambler DT,Round Valley,WG056,40.699080350519786,-111.50674680507665,6485.7,3,72.5,48.3,60.4,0.0,0.0,0.0
2026-09-27,Red Bull,Park City / PCMR,WG035,40.63958635838598,-111.51326842477698,7769.0,3,66.4,52.1,58.6,0.0,0.0,0.0
2026-09-27,Regulator Trail,Deer Valley,WG033,40.62910164594688,-111.48142418804063,8033.8,3,63.0,48.6,55.1,0.0,0.0,0.0
2026-09-27,Richochet,Park City / PCMR,WG062,40.68638148266805,-111.57139393545772,7468.3,3,67.2,53.5,59.5,0.0,0.0,0.0
2026-09-27,Rinse Cycle Trail,Deer Valley,WG028,40.62990230274806,-111.45944053119273,7191.1,3,67.7,52.6,59.5,0.0,0.0,0.0
2026-09-27,Ripple Trail,Deer Valley,WG029,40.63554405253732,-111.47490110184252,7588.0,3,66.4,51.2,58.2,0.0,0.0,0.0
2026-09-27,Riverview West Trail,Jordanelle,WG001,40.58565113588149,-111.41386481977428,6730.6,3,70.9,52.0,60.9,0.0,0.0,0.0
2026-09-27,Road to WOS,Summit Park,WG082,40.73344363030311,-111.61407104321202,7712.2,3,66.6,53.5,59.2,0.0,0.0,0.0
2026-09-27,Rob's Trail,Pinebrook,WG063,40.69704664952428,-111.5702364046946,7584.0,3,66.2,52.4,58.5,0.0,0.0,0.0
2026-09-27,RocMon,Round Valley,WG055,40.68788668982749,-111.4548390225179,6677.5,3,71.3,50.0,60.1,0.0,0.0,0.0
2026-09-27,Rock Chuck Trail,Park City / PCMR,WG008,40.58874474594925,-111.56839301918852,9680.6,3,53.0,40.2,45.8,0.0,0.0,0.0
2026-09-27,Rogue Rider Trail,Park City / PCMR,WG020,40.60699361060532,-111.56187339427328,9423.9,3,56.9,43.0,49.1,0.0,0.0,0.0
2026-09-27,Rosebud,Park City / PCMR,WG036,40.63966083548988,-111.52257618003053,8390.4,3,62.3,47.8,54.3,0.0,0.0,0.0
2026-09-27,Rosebud's Heaven,Park City / PCMR,WG060,40.69195554103422,-111.5659528759652,7326.9,3,69.2,55.1,61.6,0.0,0.0,0.0
2026-09-27,Rossi Hill Trail,Deer Valley,WG031,40.63808222920599,-111.4919292526201,7341.8,3,67.3,52.2,59.1,0.0,0.0,0.0
2026-09-27,Round Valley Connect,Round Valley,WG067,40.70875221615484,-111.50427592382064,6606.7,3,71.9,47.8,59.9,0.0,0.0,0.0
2026-09-27,Round Valley Connector,Round Valley,WG067,40.709506874143365,-111.48774034228174,6611.3,3,71.9,47.8,59.9,0.0,0.0,0.0
2026-09-27,Round Valley Express,Round Valley,WG057,40.69308554123404,-111.4897696424948,6812.1,3,70.6,51.2,60.4,0.0,0.0,0.0
2026-09-27,Rusty Shovel,Round Valley,WG057,40.69776625143012,-111.4804885556652,6868.8,3,70.6,51.2,60.4,0.0,0.0,0.0
2026-09-27,Rusty Spur,Round Valley,WG065,40.70159189598121,-111.4765958017646,6731.2,3,71.7,48.6,60.4,0.0,0.0,0.0
2026-09-27,SOS,Park City / PCMR,WG046,40.666448184385416,-111.48116864087982,6803.8,3,70.3,53.0,61.2,0.0,0.0,0.0
2026-09-27,SQ Connector Trail,Round Valley,WG055,40.68949659271035,-111.47067515084642,6728.8,3,71.3,50.0,60.1,0.0,0.0,0.0
2026-09-27,Sam's Trail,Deer Valley,WG012,40.61912724197413,-111.50964994268364,8145.3,3,63.0,48.2,55.0,0.0,0.0,0.0
2026-09-27,Saved By The Bell,Round Valley,WG067,40.71689792497153,-111.49958806368429,6568.5,3,71.9,47.8,59.9,0.0,0.0,0.0
2026-09-27,Scott's Bypass,Park City / PCMR,WG021,40.612047856355446,-111.55918064050742,9658.7,3,53.0,40.2,45.9,0.0,0.0,0.0
2026-09-27,Secret of My Success Trail,Deer Valley,WG033,40.62597453280468,-111.48566192002252,8293.6,3,63.0,48.6,55.1,0.0,0.0,0.0
2026-09-27,Seldom Seen,Park City / PCMR,WG034,40.64892938917546,-111.51571616491609,7435.6,3,67.7,53.4,59.9,0.0,0.0,0.0
2026-09-27,Seventy 101,Round Valley,WG057,40.68968411592925,-111.49103639156762,6974.3,3,70.6,51.2,60.4,0.0,0.0,0.0
2026-09-27,Shadow Lake,Park City / PCMR,WG020,40.61596037279941,-111.55009628848111,9179.4,3,56.9,43.0,49.1,0.0,0.0,0.0
2026-09-27,Shenanigans,Deer Valley,WG012,40.62034189886961,-111.49849814997506,8237.7,3,63.0,48.2,55.0,0.0,0.0,0.0
2026-09-27,Short Cut,Jeremy Ranch / Glenwild,WG064,40.68025862222409,-111.57883598783349,8081.5,3,63.7,50.3,56.2,0.0,0.0,0.0
2026-09-27,Short Fuse,Park City / PCMR,WG036,40.6346970517688,-111.52339576593836,8439.4,3,62.3,47.8,54.3,0.0,0.0,0.0
2026-09-27,Short Ribs,Summit Park,WG082,40.7348537895427,-111.62048055745409,7705.3,3,66.6,53.5,59.2,0.0,0.0,0.0
2026-09-27,Short Stack,Summit Park,WG082,40.73936874753804,-111.6200542747078,7652.8,3,66.6,53.5,59.2,0.0,0.0,0.0
2026-09-27,Silver Creek Trail,Round Valley,WG074,40.728195917662575,-111.48449884114967,6494.3,3,72.9,48.9,60.0,0.0,0.0,0.0
2026-09-27,Silver Gate,Round Valley,WG073,40.72728013881357,-111.46748664430804,6513.4,3,72.4,49.4,61.1,0.0,0.0,0.0
2026-09-27,Silver Queen,Park City / PCMR,WG037,40.63391819864852,-111.51755091640152,8558.9,3,61.1,46.6,53.2,0.0,0.0,0.0
2026-09-27,Silver Spur,Park City / PCMR,WG049,40.65266965116334,-111.5117818738982,6980.8,3,69.9,52.6,60.8,0.0,0.0,0.0
2026-09-27,Skid Row,Park City / PCMR,WG044,40.66845831872771,-111.47381352761975,6920.8,3,70.9,48.9,59.4,0.0,0.0,0.0
2026-09-27,Skyridge Peak Trail / Milky Way,Jordanelle,WG043,40.65984634182248,-111.4368345884266,7139.2,3,69.9,49.2,58.7,0.0,0.0,0.0
2026-09-27,Sloppy Joe,Round Valley,WG067,40.71599935057343,-111.49742827056478,6658.4,3,71.9,47.8,59.9,0.0,0.0,0.0
2026-09-27,Snake Pit Trail,Park City / PCMR,WG010,40.58750533085767,-111.57189033610032,9625.4,3,55.2,41.1,47.1,0.0,0.0,0.0
2026-09-27,Snowtop,Deer Valley,WG028,40.64752229561398,-111.4705824068134,7443.3,3,67.7,52.6,59.5,0.0,0.0,0.0
2026-09-27,Solamere,Deer Valley,WG045,40.65168830951934,-111.47267426337083,7304.0,3,68.9,51.7,59.8,0.0,0.0,0.0
2026-09-27,Solamere Connector,Deer Valley,WG045,40.651338463153365,-111.4797751905619,7331.1,3,68.9,51.7,59.8,0.0,0.0,0.0
2026-09-27,Somewhere Elks,Round Valley,WG055,40.68702802029736,-111.47813858810876,6977.4,3,71.3,50.0,60.1,0.0,0.0,0.0
2026-09-27,South Canyon,Round Valley,WG055,40.697084178294816,-111.45372200426904,6732.0,3,71.3,50.0,60.1,0.0,0.0,0.0
2026-09-27,South Sweeney,Park City / PCMR,WG031,40.64194117786604,-111.49870009761844,7400.1,3,67.3,52.2,59.1,0.0,0.0,0.0
2026-09-27,Spare Change,Summit Park,WG080,40.74164553017363,-111.60031464541484,6827.9,3,70.9,56.5,63.5,0.0,0.0,0.0
2026-09-27,Sparky's Return,Clark Ranch,WG044,40.6617858998794,-111.45698342605078,6783.6,3,70.9,48.9,59.4,0.0,0.0,0.0
2026-09-27,Speedbag,Deer Valley,WG011,40.624406811076895,-111.50919273225593,7987.6,3,63.8,49.3,55.8,0.0,0.0,0.0
2026-09-27,Spin Cycle Trail,Deer Valley,WG028,40.63411801502942,-111.46082430079326,7178.8,3,67.7,52.6,59.5,0.0,0.0,0.0
2026-09-27,Spiro Trail,Park City / PCMR,WG035,40.64755384631944,-111.52407012433112,7617.4,3,66.4,52.1,58.6,0.0,0.0,0.0
2026-09-27,St. Regis Trail,Deer Valley,WG028,40.639112933407205,-111.47591481144916,7383.3,3,67.7,52.6,59.5,0.0,0.0,0.0
2026-09-27,Stealth Connector / Pheasant Way,Jeremy Ranch / Glenwild,WG076,40.73167942348123,-111.54708752211994,6361.5,3,72.9,49.6,61.0,0.0,0.0,0.0
2026-09-27,Stealth Trail,Jeremy Ranch / Glenwild,WG077,40.73631275924013,-111.5447596003018,6560.0,3,72.2,48.9,60.2,0.0,0.0,0.0
2026-09-27,Steps,Park City / PCMR,WG037,40.63116043759045,-111.5173271228493,8520.8,3,61.1,46.6,53.2,0.0,0.0,0.0
2026-09-27,Stiff Upper Lip,Park City / PCMR,WG017,40.61611691879028,-111.52987009616064,9025.4,3,57.1,43.3,49.4,0.0,0.0,0.0
2026-09-27,Sunny Slopes Trail,Round Valley,WG057,40.68377753714063,-111.48540217687854,6826.8,3,70.6,51.2,60.4,0.0,0.0,0.0
2026-09-27,Sunset,Deer Valley,WG013,40.61222429898699,-111.48546906629171,8777.5,3,59.6,44.3,51.3,0.0,0.0,0.0
2026-09-27,Super G,Deer Valley,WG013,40.6078734147108,-111.486644562986,8939.8,3,59.6,44.3,51.3,0.0,0.0,0.0
2026-09-27,Sven,Jordanelle,WG040,40.66216079919324,-111.41880056586604,6299.4,3,73.7,51.7,61.9,0.0,0.0,0.0
2026-09-27,Sweeney Switchbacks,Park City / PCMR,WG031,40.64428684826398,-111.50263935593632,7442.9,3,67.3,52.2,59.1,0.0,0.0,0.0
2026-09-27,Sweeneys,Park City / PCMR,WG032,40.6416793962084,-111.50380066992643,7712.4,3,66.0,50.9,57.8,0.0,0.0,0.0
2026-09-27,T&G,Deer Valley,WG016,40.611941402305575,-111.51506977898008,8673.3,3,59.5,44.2,51.2,0.0,0.0,0.0
2026-09-27,T&G 2,Deer Valley,WG016,40.62089143656375,-111.51568549288604,8599.5,3,59.5,44.2,51.2,0.0,0.0,0.0
2026-09-27,TDS Ontario Bypass,Deer Valley,WG032,40.62591563844938,-111.49801252893096,7889.0,3,66.0,50.9,57.8,0.0,0.0,0.0
2026-09-27,TSP Skils Area,Round Valley,WG067,40.70929244417837,-111.50545423904256,6671.9,3,71.9,47.8,59.9,0.0,0.0,0.0
2026-09-27,Tall Oaks Circle,Pinebrook,WG078,40.73938310561022,-111.57541687830556,6961.5,3,71.5,50.5,61.1,0.0,0.0,0.0
2026-09-27,Tall T Trail,Deer Valley,WG007,40.59029104976929,-111.52734087474852,9033.3,3,58.7,43.4,50.4,0.0,0.0,0.0
2026-09-27,Tar Pits Jump Line,Round Valley,WG067,40.70948336187246,-111.50501444482678,6663.3,3,71.9,47.8,59.9,0.0,0.0,0.0
2026-09-27,Team Big Bear,Deer Valley,WG013,40.61639926546102,-111.50010669410356,8610.0,3,59.6,44.3,51.3,0.0,0.0,0.0
2026-09-27,Team Cutthroat Downhill,Jeremy Ranch / Glenwild,WG077,40.74619331694971,-111.55242052130288,6618.0,3,72.2,48.9,60.2,0.0,0.0,0.0
2026-09-27,Thaynes Canyon,Park City / PCMR,WG037,40.62644528922062,-111.539067377105,8520.6,3,61.1,46.6,53.2,0.0,0.0,0.0
2026-09-27,The Avenues,Summit Park,WG090,40.75998198374273,-111.6028265058925,7081.5,3,69.4,55.0,61.9,0.0,0.0,0.0
2026-09-27,The Graduate,Jeremy Ranch / Glenwild,WG085,40.7534431855279,-111.56237742796368,6343.1,3,73.1,52.1,62.7,0.0,0.0,0.0
2026-09-27,The Great Gazoo,Round Valley,WG067,40.70997890100696,-111.50140660314835,6662.9,3,71.9,47.8,59.9,0.0,0.0,0.0
2026-09-27,The Lookout,Deer Valley,WG032,40.62921554675458,-111.4942829189022,7693.2,3,66.0,50.9,57.8,0.0,0.0,0.0
2026-09-27,The Sheep Trail,Summit Park,WG094,40.75746633469589,-111.667341513995,6217.2,3,74.3,58.1,66.2,0.0,0.0,0.0
2026-09-27,The Up Trail,Summit Park,WG078,40.74822119025095,-111.58934600493023,6821.1,3,71.5,50.5,61.1,0.0,0.0,0.0
2026-09-27,The Upper Avenues,Summit Park,WG090,40.75942210135698,-111.60997791538348,7425.0,3,69.4,55.0,61.9,0.0,0.0,0.0
2026-09-27,Thieves Forest,Deer Valley,WG013,40.61553068086176,-111.48245627012813,8597.7,3,59.6,44.3,51.3,0.0,0.0,0.0
2026-09-27,Thieves Forrest,Deer Valley,WG014,40.611364491739,-111.4804590615015,9072.7,3,58.7,43.4,50.4,0.0,0.0,0.0
2026-09-27,Three Candles,Park City / PCMR,WG037,40.62931137475258,-111.52248914366156,8843.3,3,61.1,46.6,53.2,0.0,0.0,0.0
2026-09-27,Tidal Wave,Deer Valley,WG013,40.610548014761406,-111.48897388892838,8737.9,3,59.6,44.3,51.3,0.0,0.0,0.0
2026-09-27,Tideline,Jordanelle,WG025,40.64171272429878,-111.40053564270964,6530.0,3,72.8,50.8,61.0,0.0,0.0,0.0
2026-09-27,Tim Man,Round Valley,WG067,40.70348842863846,-111.50080894755244,6766.9,3,71.9,47.8,59.9,0.0,0.0,0.0
2026-09-27,Tommys Two Step,Park City / PCMR,WG036,40.629024211109055,-111.51829238121942,8474.2,3,62.3,47.8,54.3,0.0,0.0,0.0
2026-09-27,Tour De Homes,Deer Valley,WG032,40.63205110837411,-111.48826887414292,7813.1,3,66.0,50.9,57.8,0.0,0.0,0.0
2026-09-27,Tour De Suds (Upper),Deer Valley,WG013,40.614682713092186,-111.50609195133156,8563.5,3,59.6,44.3,51.3,0.0,0.0,0.0
2026-09-27,Town,Park City / PCMR,WG030,40.64755940729975,-111.49861999854691,6988.0,3,69.9,52.6,60.8,0.0,0.0,0.0
2026-09-27,Trailside,Round Valley,WG066,40.71864159830864,-111.50336949570412,6480.1,3,72.5,48.4,60.5,0.0,0.0,0.0
2026-09-27,Trailside Connector,Round Valley,WG067,40.71611276967259,-111.5017965665912,6504.2,3,71.9,47.8,59.9,0.0,0.0,0.0
2026-09-27,Trailside Loop,Round Valley,WG067,40.71199117049012,-111.50483999800892,6609.7,3,71.9,47.8,59.9,0.0,0.0,0.0
2026-09-27,Trappers Gate,Deer Valley,WG031,40.63197509989361,-111.497026036245,7462.8,3,67.3,52.2,59.1,0.0,0.0,0.0
2026-09-27,Trestle,Park City / PCMR,WG033,40.63650074050743,-111.50791633233914,8071.5,3,63.0,48.6,55.1,0.0,0.0,0.0
2026-09-27,Tricky Pickle Trail,Deer Valley,WG004,40.59197973531048,-111.49789592532872,8532.5,3,60.0,44.7,51.6,0.0,0.0,0.0
2026-09-27,Truckhole,Round Valley,WG067,40.704351116822174,-111.50022157042804,6773.9,3,71.9,47.8,59.9,0.0,0.0,0.0
2026-09-27,Trump,Deer Valley,WG013,40.60903529522874,-111.4964159868453,8771.6,3,59.6,44.3,51.3,0.0,0.0,0.0
2026-09-27,Tsunami,Deer Valley,WG013,40.61166268615432,-111.48706860055302,8747.8,3,59.6,44.3,51.3,0.0,0.0,0.0
2026-09-27,Tug of War Trail,Deer Valley,WG013,40.60218815889535,-111.4963014769127,8962.3,3,59.6,44.3,51.3,0.0,0.0,0.0
2026-09-27,Tweety Bird Trail,Jordanelle,WG001,40.59084253440856,-111.40816741687898,6568.1,3,70.9,52.0,60.9,0.0,0.0,0.0
2026-09-27,Twist & Shout,Deer Valley,WG012,40.61590669002216,-111.48826576454944,8415.6,3,63.0,48.2,55.0,0.0,0.0,0.0
2026-09-27,Twist and Shout,Deer Valley,WG013,40.61146669404505,-111.486662413967,8799.9,3,59.6,44.3,51.3,0.0,0.0,0.0
2026-09-27,Undertow Trail,Deer Valley,WG029,40.63057046785135,-111.47858549886824,7937.9,3,66.4,51.2,58.2,0.0,0.0,0.0
2026-09-27,Unga Bunga Skills and Pump Tradk,Round Valley,WG067,40.71158064400824,-111.50217787755837,6590.1,3,71.9,47.8,59.9,0.0,0.0,0.0
2026-09-27,Up Track,Round Valley,WG067,40.71007968280768,-111.50314659118624,6643.1,3,71.9,47.8,59.9,0.0,0.0,0.0
2026-09-27,Upper Devo Trail,Deer Valley,WG033,40.62826200901757,-111.4850494481263,8097.8,3,63.0,48.6,55.1,0.0,0.0,0.0
2026-09-27,Upper Loose,Park City / PCMR,WG032,40.64060205866311,-111.5081407284332,7678.0,3,66.0,50.9,57.8,0.0,0.0,0.0
2026-09-27,Upper Loose Moose,Park City / PCMR,WG032,40.64060459750891,-111.5062344507794,7788.9,3,66.0,50.9,57.8,0.0,0.0,0.0
2026-09-27,Upper Sparky Trail,Clark Ranch,WG044,40.6599723509711,-111.45534390616216,6878.4,3,70.9,48.9,59.4,0.0,0.0,0.0
2026-09-27,Village Pipeline Connector,Deer Valley,WG028,40.6391093200599,-111.472490526811,7336.8,3,67.7,52.6,59.5,0.0,0.0,0.0
2026-09-27,Village Trail,Deer Valley,WG028,40.64077448423082,-111.47113665558776,7315.2,3,67.7,52.6,59.5,0.0,0.0,0.0
2026-09-27,Village Trail / Pipeline,Deer Valley,WG028,40.64110752434245,-111.46934147070748,7182.6,3,67.7,52.6,59.5,0.0,0.0,0.0
2026-09-27,WOW (Wasatch Over Wasatch) Trail,Deer Valley,WG003,40.585198990338895,-111.50729227137398,8248.2,3,62.8,46.3,53.8,0.0,0.0,0.0
2026-09-27,Wada Way,Jordanelle,WG040,40.65139897157171,-111.41292348157292,6267.2,3,73.7,51.7,61.9,0.0,0.0,0.0
2026-09-27,Wasatch,Round Valley,WG074,40.742724215036304,-111.49568804225927,6475.9,3,72.9,48.9,60.0,0.0,0.0,0.0
2026-09-27,Wasatch Crest Connect,Park City / PCMR,WG020,40.616974136223725,-111.55736099806312,9245.9,3,56.9,43.0,49.1,0.0,0.0,0.0
2026-09-27,Wasatch Wiggle Trail,Park City / PCMR,WG010,40.58570056880523,-111.57390345809982,9702.8,3,55.2,41.1,47.1,0.0,0.0,0.0
2026-09-27,We'll Go From There,Jordanelle,WG027,40.633559740125165,-111.4528915193202,6692.5,3,71.4,50.7,60.4,0.0,0.0,0.0
2026-09-27,Winchester Trail,Jeremy Ranch / Glenwild,WG069,40.71094932830698,-111.54449441430567,6453.0,3,72.7,48.4,60.9,0.0,0.0,0.0
2026-09-27,Woodside Gulch,Deer Valley,WG032,40.63428272582461,-111.50200856347875,7635.5,3,66.0,50.9,57.8,0.0,0.0,0.0
2026-09-27,Wowza Downhill Trail,Deer Valley,WG006,40.58677474689952,-111.51626735679228,8564.8,3,60.4,45.1,52.0,0.0,0.0,0.0
2026-09-27,Wowza Trail,Deer Valley,WG006,40.58754867198866,-111.51557993987645,8552.8,3,60.4,45.1,52.0,0.0,0.0,0.0
2026-09-27,Yabba Dabba Doo,Round Valley,WG067,40.71031601545331,-111.5039304608668,6636.2,3,71.9,47.8,59.9,0.0,0.0,0.0
2026-09-27,Yeti's,Pinebrook,WG072,40.70910944007779,-111.57083697014414,7539.3,3,66.6,53.4,59.1,0.0,0.0,0.0
2026-09-27,You Get It,Jordanelle,WG027,40.63417280890808,-111.45447628262694,6774.5,3,71.4,50.7,60.4,0.0,0.0,0.0
2026-09-28,24-7,Jeremy Ranch / Glenwild,WG086,40.7580938928905,-111.55747502780672,6689.5,71,55.9,46.7,52.1,0.555,0.547,0.055
2026-09-28,4:20,Deer Valley,WG032,40.63850725810498,-111.5016215026881,7810.7,61,53.9,43.7,48.3,0.13,0.13,0.0
2026-09-28,9K Trail,Park City / PCMR,WG017,40.61454424262402,-111.5340694590712,9222.8,73,46.5,38.2,42.0,0.217,0.205,0.083
2026-09-28,A Toll New World,Summit Park,WG078,40.74525880222984,-111.59660432287036,6843.1,61,56.7,46.0,52.4,0.071,0.071,0.0
2026-09-28,Abilene Way,Jeremy Ranch / Glenwild,WG068,40.705162592888,-111.52848253655898,6454.0,65,55.8,47.3,52.6,0.598,0.598,0.0
2026-09-28,Agitator Trail,Deer Valley,WG028,40.62594479567907,-111.46053082324435,7171.6,61,55.6,45.4,50.0,0.13,0.13,0.0
2026-09-28,Alexander Creek Trail,Summit Park,WG093,40.75856130522611,-111.67962308025976,5873.5,61,63.4,50.7,57.2,0.102,0.102,0.0
2026-09-28,Alta-Brighton Trail,Park City / PCMR,WG009,40.59874189108338,-111.5904390735144,9081.0,75,46.9,38.2,41.8,0.453,0.354,0.689
2026-09-28,Ambush,Jeremy Ranch / Glenwild,WG063,40.694225906082366,-111.58181443950004,7757.7,63,54.8,43.5,48.8,0.256,0.256,0.0
2026-09-28,Amenti,Round Valley,WG067,40.71749758221375,-111.50096260266577,6526.6,71,55.8,46.6,52.4,0.713,0.709,0.028
2026-09-28,An Unexpected Journey Trail,Jordanelle,WG001,40.584095263003086,-111.41492155800285,6731.9,63,56.9,46.9,52.0,0.425,0.425,0.0
2026-09-28,Ancient Forest Loop,Round Valley,WG074,40.7314260153664,-111.49224006112888,6485.8,65,56.3,47.8,52.9,0.528,0.528,0.0
2026-09-28,Ant Farm,Jeremy Ranch / Glenwild,WG077,40.74632495230274,-111.55092174051572,6629.0,71,56.0,46.8,52.3,0.555,0.547,0.055
2026-09-28,Apex,Park City / PCMR,WG038,40.62520958876211,-111.53395003281469,9146.4,73,46.8,38.5,42.3,0.217,0.205,0.083
2026-09-28,April Mountain Trail,Deer Valley,WG047,40.650711302598815,-111.4870593388075,7472.0,61,55.0,44.7,50.3,0.087,0.087,0.0
2026-09-28,Armstrong,Park City / PCMR,WG051,40.65248508262897,-111.52994268919429,7566.3,55,54.3,44.4,49.3,0.091,0.091,0.0
2026-09-28,Ashley Avenue,Round Valley,WG057,40.68155854272997,-111.50389122653404,6794.6,63,55.1,45.5,51.5,0.232,0.232,0.0
2026-09-28,Aspen Slalom,Deer Valley,WG013,40.61311265842392,-111.48457791355952,8816.9,53,49.9,39.8,44.0,0.106,0.106,0.0
2026-09-28,BLT,Jeremy Ranch / Glenwild,WG070,40.71492142685356,-111.56084442077211,6927.9,71,55.6,46.4,51.8,0.555,0.547,0.055
2026-09-28,BYOB,Pinebrook,WG070,40.718283985000745,-111.55661288864135,6639.8,71,55.6,46.4,51.8,0.555,0.547,0.055
2026-09-28,Backslide,Round Valley,WG057,40.686236769495366,-111.49111386346571,6972.4,63,55.1,45.5,51.5,0.232,0.232,0.0
2026-09-28,Bad Apple,Jeremy Ranch / Glenwild,WG076,40.74937514368386,-111.56017979748744,6367.9,71,56.7,47.6,53.0,0.555,0.547,0.055
2026-09-28,Bamm Bamm,Round Valley,WG067,40.71001316656963,-111.50256230173504,6667.3,71,55.8,46.6,52.4,0.713,0.709,0.028
2026-09-28,Barrel Roll,Round Valley,WG058,40.69153134198254,-111.48458530535574,7017.0,63,54.5,44.9,50.8,0.232,0.232,0.0
2026-09-28,Beep Beep Trail,Jordanelle,WG001,40.59039066618902,-111.4033797731244,6670.3,63,56.9,46.9,52.0,0.425,0.425,0.0
2026-09-28,Big Dipper,Jordanelle,WG042,40.66018548005414,-111.43175307695702,6961.2,65,56.1,46.5,51.8,0.496,0.496,0.0
2026-09-28,Big Easy,Round Valley,WG057,40.696128326880846,-111.48285293654745,6776.5,63,55.1,45.5,51.5,0.232,0.232,0.0
2026-09-28,Black Forest,Deer Valley,WG016,40.61940428916709,-111.52036519166067,8929.3,53,49.8,39.7,43.9,0.106,0.106,0.0
2026-09-28,Blackhawk Trail,Jeremy Ranch / Glenwild,WG075,40.73111252615939,-111.53542276920604,6536.5,71,55.9,46.7,52.2,0.555,0.547,0.055
2026-09-28,Blazing Saddle,Park City / PCMR,WG020,40.61652898868821,-111.55635878361066,9384.9,73,46.2,37.9,41.7,0.217,0.205,0.083
2026-09-28,Bonanza Flat Overlook,Deer Valley,WG017,40.60116766018752,-111.5344182482656,9112.3,73,46.5,38.2,42.0,0.217,0.205,0.083
2026-09-28,Bonanza Loop Trail,Deer Valley,WG016,40.60282163896819,-111.52815381158308,8908.5,53,49.8,39.7,43.9,0.106,0.106,0.0
2026-09-28,Bonanza Trail,Deer Valley,WG046,40.661614248984336,-111.49584605339936,6814.3,61,56.0,45.8,51.4,0.087,0.087,0.0
2026-09-28,Boot Hill,Park City / PCMR,WG046,40.66311538182378,-111.50841776480048,6853.1,61,56.0,45.8,51.4,0.087,0.087,0.0
2026-09-28,Boot Hill Connect,Park City / PCMR,WG046,40.66384832032967,-111.50809692977944,6921.4,61,56.0,45.8,51.4,0.087,0.087,0.0
2026-09-28,Boulder,Deer Valley,WG013,40.61539223980999,-111.50399769475118,8635.0,53,49.9,39.8,44.0,0.106,0.106,0.0
2026-09-28,Boulder / Trump,Deer Valley,WG013,40.610998229404565,-111.50208555144307,8996.4,53,49.9,39.8,44.0,0.106,0.106,0.0
2026-09-28,Bourbon Street,Round Valley,WG067,40.70798253656,-111.48164466049944,6673.3,71,55.8,46.6,52.4,0.713,0.709,0.028
2026-09-28,Bow Hunter,Deer Valley,WG014,40.60108596513679,-111.48484426536052,9020.3,53,49.0,38.9,43.0,0.106,0.106,0.0
2026-09-28,Bow Hunter Extension,Deer Valley,WG005,40.59796119210968,-111.4848069886625,9014.7,53,49.1,39.0,43.2,0.106,0.106,0.0
2026-09-28,Brighton Lakes Trail,Park City / PCMR,WG009,40.59287052758444,-111.58751257009568,9276.0,75,46.9,38.2,41.8,0.453,0.354,0.689
2026-09-28,Bronto Jam,Round Valley,WG067,40.71004954775594,-111.501977414722,6672.8,71,55.8,46.6,52.4,0.713,0.709,0.028
2026-09-28,CMG,Park City / PCMR,WG035,40.645848884326966,-111.51679268892973,7606.5,55,53.9,44.0,48.9,0.091,0.091,0.0
2026-09-28,Cammy's,Round Valley,WG057,40.69072662264133,-111.49673800313964,6953.5,63,55.1,45.5,51.5,0.232,0.232,0.0
2026-09-28,Canyons Downhill,Pinebrook,WG061,40.68430916809496,-111.56849091879047,7666.2,63,55.1,43.8,49.1,0.256,0.256,0.0
2026-09-28,Catherine's Pass Trail,Park City / PCMR,WG010,40.585096359880005,-111.59078643106362,9753.9,63,45.0,36.3,39.9,0.453,0.453,0.0
2026-09-28,Claim Jumper,Park City / PCMR,WG036,40.63958065995946,-111.52518162563226,8147.6,53,50.3,41.2,45.9,0.043,0.043,0.0
2026-09-28,Clayton Peak Trail,Park City / PCMR,WG010,40.58693552999217,-111.57085635011327,9813.5,63,45.0,36.3,39.9,0.453,0.453,0.0
2026-09-28,Cobblestone Loop,Jeremy Ranch / Glenwild,WG084,40.75845647840704,-111.52582619388934,6805.4,55,55.2,47.1,51.8,0.087,0.087,0.0
2026-09-28,Cobblestone Trail,Jeremy Ranch / Glenwild,WG084,40.75512641497514,-111.52744418745776,6723.8,55,55.2,47.1,51.8,0.087,0.087,0.0
2026-09-28,Colin's Trail,Jeremy Ranch / Glenwild,WG060,40.69629937433107,-111.55671582168428,7029.9,63,57.0,45.7,51.1,0.307,0.307,0.0
2026-09-28,Colony Mid Mountain Connector,Park City / PCMR,WG052,40.65011049975458,-111.53932673410868,8429.2,63,51.1,41.0,45.6,0.24,0.24,0.0
2026-09-28,Comstock Mine Trail,Park City / PCMR,WG019,40.62270505527668,-111.54357954562096,8723.6,63,48.3,40.0,43.8,0.217,0.217,0.0
2026-09-28,Constellation Trail,Jordanelle,WG026,40.6428753631073,-111.43505033038012,6261.6,63,58.5,48.0,53.4,0.539,0.539,0.0
2026-09-28,Corvair,Deer Valley,WG016,40.61099169805087,-111.51230389508405,8648.6,53,49.8,39.7,43.9,0.106,0.106,0.0
2026-09-28,Corvair (Upper),Deer Valley,WG016,40.60840912265719,-111.51090449857222,8883.3,53,49.8,39.7,43.9,0.106,0.106,0.0
2026-09-28,Corvair Connector,Deer Valley,WG016,40.61070239150149,-111.5115633319795,8812.1,53,49.8,39.7,43.9,0.106,0.106,0.0
2026-09-28,Cousin Eddy Trail,Clark Ranch,WG044,40.66170094764518,-111.45386933866466,6817.2,61,54.9,45.3,51.0,0.185,0.185,0.0
2026-09-28,Coyote Loop Trail,Jordanelle,WG001,40.58676467246392,-111.40272629625528,6895.7,63,56.9,46.9,52.0,0.425,0.425,0.0
2026-09-28,Crazy Eights,Jeremy Ranch / Glenwild,WG077,40.74908550583131,-111.55291850861556,6580.7,71,56.0,46.8,52.3,0.555,0.547,0.055
2026-09-28,Crescent Ridge,Park City / PCMR,WG036,40.64328062856461,-111.5205999025961,8289.2,53,50.3,41.2,45.9,0.043,0.043,0.0
2026-09-28,Cutter Lane,Jeremy Ranch / Glenwild,WG068,40.7083260127391,-111.53140227257067,6437.7,65,55.8,47.3,52.6,0.598,0.598,0.0
2026-09-28,Cyn City,Park City / PCMR,WG016,40.62106458390316,-111.52108056020784,8700.1,53,49.8,39.7,43.9,0.106,0.106,0.0
2026-09-28,Daily Overlook,Deer Valley,WG031,40.631723443280656,-111.4987920660294,7430.4,61,55.3,45.0,49.6,0.13,0.13,0.0
2026-09-28,Daly Avenue,Deer Valley,WG031,40.63079192228995,-111.49966938212476,7430.3,61,55.3,45.0,49.6,0.13,0.13,0.0
2026-09-28,Daly Bypass,Deer Valley,WG031,40.63469577874592,-111.4972952534869,7351.3,61,55.3,45.0,49.6,0.13,0.13,0.0
2026-09-28,Daly Canyon,Deer Valley,WG011,40.620194319264456,-111.50922727258838,7986.4,53,51.8,42.7,47.4,0.043,0.043,0.0
2026-09-28,Daly Grind,Deer Valley,WG011,40.62436395642222,-111.5065519695764,7745.3,53,51.8,42.7,47.4,0.043,0.043,0.0
2026-09-28,Dawns Trail,Park City / PCMR,WG051,40.65039115727101,-111.52578815180028,7505.7,55,54.3,44.4,49.3,0.091,0.091,0.0
2026-09-28,Dead Reckoning,Summit Park,WG078,40.74804102527887,-111.5901705440554,6808.0,61,56.7,46.0,52.4,0.071,0.071,0.0
2026-09-28,Dead Tree,Park City / PCMR,WG021,40.611358588022426,-111.54588982448988,9653.6,73,44.2,36.5,39.8,0.256,0.217,0.276
2026-09-28,Deep Park Circle,Jordanelle,WG026,40.626894083286025,-111.43587347972714,6383.2,63,58.5,48.0,53.4,0.539,0.539,0.0
2026-09-28,Deer Camp,Deer Valley,WG013,40.60519585339864,-111.4911066437841,8920.6,53,49.9,39.8,44.0,0.106,0.106,0.0
2026-09-28,Deer Crest,Deer Valley,WG029,40.63553157935396,-111.47424740401932,7612.2,61,54.3,44.0,48.7,0.13,0.13,0.0
2026-09-28,Devo,Deer Valley,WG032,40.6296740826892,-111.48374523511592,7963.4,61,53.9,43.7,48.3,0.13,0.13,0.0
2026-09-28,Discovery,Summit Park,WG078,40.74903521550762,-111.59463162387972,6614.4,61,56.7,46.0,52.4,0.071,0.071,0.0
2026-09-28,Downward Dog,Round Valley,WG057,40.68865758594976,-111.48489883261024,6958.5,63,55.1,45.5,51.5,0.232,0.232,0.0
2026-09-28,Dropout,Jeremy Ranch / Glenwild,WG077,40.74673233142679,-111.55449028155309,6576.0,71,56.0,46.8,52.3,0.555,0.547,0.055
2026-09-28,Dubois,Jeremy Ranch / Glenwild,WG059,40.698630398586985,-111.55581872982933,6878.9,65,54.7,46.2,51.6,0.598,0.598,0.0
2026-09-28,Eagle Cove,Round Valley,WG057,40.68665016051084,-111.49786169389527,6799.6,63,55.1,45.5,51.5,0.232,0.232,0.0
2026-09-28,Eagle Trail,Park City / PCMR,WG051,40.65138382915936,-111.51929067308184,7664.9,55,54.3,44.4,49.3,0.091,0.091,0.0
2026-09-28,Eagle Way,Park City / PCMR,WG048,40.65295946154777,-111.48775315119684,7538.9,61,54.7,44.5,49.1,0.13,0.13,0.0
2026-09-28,East Fallen Pines Lane,Park City / PCMR,WG022,40.61551642366452,-111.57912837068116,8712.4,63,48.4,39.8,43.7,0.346,0.346,0.0
2026-09-28,Easy Rider,Park City / PCMR,WG009,40.59580193116481,-111.57632308440664,9141.3,75,46.9,38.2,41.8,0.453,0.354,0.689
2026-09-28,Ecker Hill Trail,Pinebrook,WG076,40.740364526144575,-111.5667817840803,6401.3,71,56.7,47.6,53.0,0.555,0.547,0.055
2026-09-28,Empire Alternate,Deer Valley,WG032,40.62635819528807,-111.50016350153602,7943.1,61,53.9,43.7,48.3,0.13,0.13,0.0
2026-09-28,Empire Link,Deer Valley,WG012,40.62422557470265,-111.50748256286928,8022.2,63,53.1,41.6,46.4,0.287,0.287,0.0
2026-09-28,Empire Lodge,Deer Valley,WG015,40.61442062316093,-111.51298418240138,8439.2,53,50.4,41.3,46.0,0.043,0.043,0.0
2026-09-28,Empire Pass Connector,Deer Valley,WG016,40.60627316294136,-111.51481095351645,8948.4,53,49.8,39.7,43.9,0.106,0.106,0.0
2026-09-28,Equestrian,Round Valley,WG067,40.70215181343843,-111.50219785223597,6719.1,71,55.8,46.6,52.4,0.713,0.709,0.028
2026-09-28,Euston,Round Valley,WG047,40.65772556817424,-111.48315877249176,7062.9,61,55.0,44.7,50.3,0.087,0.087,0.0
2026-09-28,Evil Empire,Park City / PCMR,WG016,40.61923823662483,-111.52513988679308,8746.8,53,49.8,39.7,43.9,0.106,0.106,0.0
2026-09-28,Fairway Hills Trail,Round Valley,WG055,40.67853348641883,-111.47699791832557,6747.4,61,56.2,46.2,51.8,0.201,0.201,0.0
2026-09-28,Family Truckster Trail,Clark Ranch,WG044,40.66038172048119,-111.452885753204,6847.4,61,54.9,45.3,51.0,0.185,0.185,0.0
2026-09-28,Fast Pitch Trail,Round Valley,WG055,40.6798165110769,-111.47671870073196,6759.1,61,56.2,46.2,51.8,0.201,0.201,0.0
2026-09-28,Fat Lip,Park City / PCMR,WG016,40.62192963761681,-111.5279713594279,8931.1,53,49.8,39.7,43.9,0.106,0.106,0.0
2026-09-28,Field Stone,Round Valley,WG067,40.71706243943152,-111.49059329339536,6526.3,71,55.8,46.6,52.4,0.713,0.709,0.028
2026-09-28,Fink Again,Jeremy Ranch / Glenwild,WG086,40.75125285000831,-111.55541181172696,6586.2,71,55.9,46.7,52.1,0.555,0.547,0.055
2026-09-28,Finns,Deer Valley,WG028,40.640763495812735,-111.47689190658058,7214.2,61,55.6,45.4,50.0,0.13,0.13,0.0
2026-09-28,Fireswamp,Deer Valley,WG013,40.61340925382439,-111.48239833860336,8873.0,53,49.9,39.8,44.0,0.106,0.106,0.0
2026-09-28,First Time,Park City / PCMR,WG050,40.65050878239233,-111.51048291433958,7041.1,61,55.4,45.2,50.8,0.087,0.087,0.0
2026-09-28,First Time Return,Park City / PCMR,WG050,40.65021414919943,-111.51090683334832,7073.8,61,55.4,45.2,50.8,0.087,0.087,0.0
2026-09-28,Flagstaff Loop,Deer Valley,WG013,40.60758047007656,-111.496735533601,8898.0,53,49.9,39.8,44.0,0.106,0.106,0.0
2026-09-28,Flat Cable,Park City / PCMR,WG032,40.644102718034645,-111.505628746172,7565.4,61,53.9,43.7,48.3,0.13,0.13,0.0
2026-09-28,Flat Iron,Park City / PCMR,WG036,40.62696082564811,-111.51719430456902,8393.5,53,50.3,41.2,45.9,0.043,0.043,0.0
2026-09-28,Flying Dog,Jeremy Ranch / Glenwild,WG087,40.77237660098178,-111.54161762597796,7321.2,61,54.5,45.0,50.3,0.071,0.071,0.0
2026-09-28,Forest Glen Trail,Park City / PCMR,WG022,40.61089948644494,-111.5784844905115,8765.8,63,48.4,39.8,43.7,0.346,0.346,0.0
2026-09-28,Fox Tail Trail,Round Valley,WG045,40.66564803508002,-111.47503092801368,7133.0,61,54.7,44.5,50.1,0.087,0.087,0.0
2026-09-28,Freemason,Park City / PCMR,WG046,40.65768683021079,-111.49819012622744,6949.6,61,56.0,45.8,51.4,0.087,0.087,0.0
2026-09-28,Full Steam Billy,Park City / PCMR,WG031,40.64842922650065,-111.4945100220623,7246.4,61,55.3,45.0,49.6,0.13,0.13,0.0
2026-09-28,Gambel Oak Cut,Round Valley,WG045,40.65967079074984,-111.47871602858976,7240.9,61,54.7,44.5,50.1,0.087,0.087,0.0
2026-09-28,Gambel Oak North,Park City / PCMR,WG047,40.65915752473873,-111.48180315635692,7112.6,61,55.0,44.7,50.3,0.087,0.087,0.0
2026-09-28,Gambel Oak Trail,Park City / PCMR,WG031,40.64847351910524,-111.48419757905585,7408.0,61,55.3,45.0,49.6,0.13,0.13,0.0
2026-09-28,Gap Bypass Trail,Deer Valley,WG028,40.64123747413292,-111.47577580871994,7306.6,61,55.6,45.4,50.0,0.13,0.13,0.0
2026-09-28,Gap Loop,Deer Valley,WG028,40.6409109833561,-111.47399614902376,7445.8,61,55.6,45.4,50.0,0.13,0.13,0.0
2026-09-28,Glenwild Loop,Jeremy Ranch / Glenwild,WG075,40.73989427988239,-111.52813430357229,6701.6,71,55.9,46.7,52.2,0.555,0.547,0.055
2026-09-28,Glenwild Loop / Wasatch,Jeremy Ranch / Glenwild,WG074,40.74589846722535,-111.509614206256,6451.3,65,56.3,47.8,52.9,0.528,0.528,0.0
2026-09-28,Gold Finger,Park City / PCMR,WG053,40.65997467243904,-111.55431689925648,8081.9,63,51.9,41.8,46.5,0.24,0.24,0.0
2026-09-28,Golden Needle,Park City / PCMR,WG008,40.59452078975266,-111.56725110409884,9811.4,73,44.1,36.5,39.7,0.256,0.217,0.276
2026-09-28,Gorgoza Park,Pinebrook,WG089,40.75144469967726,-111.581432624726,6619.5,61,57.0,46.3,52.7,0.071,0.071,0.0
2026-09-28,Gotcha Cuttoff,Park City / PCMR,WG035,40.64587964864319,-111.5166123821088,7673.2,55,53.9,44.0,48.9,0.091,0.091,0.0
2026-09-28,Grave Digger,Deer Valley,WG032,40.62962271716946,-111.50201210924322,7682.6,61,53.9,43.7,48.3,0.13,0.13,0.0
2026-09-28,Great Western Trail,Wasatch Crest / Millcreek,WG092,40.77286580912175,-111.6406537725031,7571.3,53,56.1,42.9,49.9,0.043,0.043,0.0
2026-09-28,Great Western Trail / Great Western Trail bypass,Wasatch Crest / Millcreek,WG091,40.7535574542296,-111.6313027356856,7111.8,51,59.0,45.2,52.1,0.031,0.031,0.0
2026-09-28,H.A.M.,Park City / PCMR,WG035,40.64547382276132,-111.53139851516626,7780.5,55,53.9,44.0,48.9,0.091,0.091,0.0
2026-09-28,Hang Time South,Park City / PCMR,WG046,40.65853660632904,-111.49606808644194,6970.8,61,56.0,45.8,51.4,0.087,0.087,0.0
2026-09-28,Happy Gilmor,Round Valley,WG067,40.70712360033319,-111.5014684546231,6569.0,71,55.8,46.6,52.4,0.713,0.709,0.028
2026-09-28,Happy Trailside,Round Valley,WG067,40.708413441306845,-111.50471867526606,6595.6,71,55.8,46.6,52.4,0.713,0.709,0.028
2026-09-28,Hat Trick Trail,Round Valley,WG055,40.678830976721535,-111.47596646172724,6757.0,61,56.2,46.2,51.8,0.201,0.201,0.0
2026-09-28,Heard It Both Ways Trail,Deer Valley,WG004,40.593082879194085,-111.49125770411068,8855.0,53,50.2,40.2,44.3,0.106,0.106,0.0
2026-09-28,Hidden Cove,Summit Park,WG089,40.756655895607175,-111.597334386164,6686.2,61,57.0,46.3,52.7,0.071,0.071,0.0
2026-09-28,High Meadows Connector,Pinebrook,WG076,40.74134938710701,-111.56847869190176,6429.9,71,56.7,47.6,53.0,0.555,0.547,0.055
2026-09-28,High Side,Round Valley,WG055,40.69388247977245,-111.4770589235944,6909.3,61,56.2,46.2,51.8,0.201,0.201,0.0
2026-09-28,Holly's,Pinebrook,WG063,40.68604417524608,-111.57782170773478,7824.2,63,54.8,43.5,48.8,0.256,0.256,0.0
2026-09-28,Holy Roller,Deer Valley,WG013,40.6113609111251,-111.48708066137604,8716.2,53,49.9,39.8,44.0,0.106,0.106,0.0
2026-09-28,Humdinger,Deer Valley,WG029,40.626356336628135,-111.46720603877804,7537.3,61,54.3,44.0,48.7,0.13,0.13,0.0
2026-09-28,Insurgent,Jeremy Ranch / Glenwild,WG063,40.68610182305705,-111.58195303109213,7873.2,63,54.8,43.5,48.8,0.256,0.256,0.0
2026-09-28,Io Trail (Middle),Deer Valley,WG017,40.61025792344493,-111.52770861008732,9342.5,73,46.5,38.2,42.0,0.217,0.205,0.083
2026-09-28,Iron Bill,Jeremy Ranch / Glenwild,WG071,40.70817834974828,-111.55726593666238,7034.2,63,56.4,45.2,50.5,0.307,0.307,0.0
2026-09-28,Iron Man,Park City / PCMR,WG053,40.6585520468376,-111.5452566956134,8305.8,63,51.9,41.8,46.5,0.24,0.24,0.0
2026-09-28,Iron Mountain Trail,Park City / PCMR,WG054,40.65649532455427,-111.54475504732362,8753.8,63,49.9,39.9,44.5,0.24,0.24,0.0
2026-09-28,Izzy's Inferno (Dog Pound),Deer Valley,WG012,40.619811878384205,-111.48856422719636,8193.5,63,53.1,41.6,46.4,0.287,0.287,0.0
2026-09-28,Jailbreak,Jeremy Ranch / Glenwild,WG085,40.75712939272894,-111.56214780445411,6277.4,61,58.3,47.6,54.0,0.071,0.071,0.0
2026-09-28,Jeep Hill (Safety Coridoor),Deer Valley,WG013,40.60451306969404,-111.50923514571896,8820.6,53,49.9,39.8,44.0,0.106,0.106,0.0
2026-09-28,Jenni's Trail,Park City / PCMR,WG034,40.64869166733497,-111.51220769740809,7207.7,55,55.2,45.3,50.2,0.091,0.091,0.0
2026-09-28,Jenni's Trail upper,Park City / PCMR,WG035,40.63937813819639,-111.5112423147728,7789.7,55,53.9,44.0,48.9,0.091,0.091,0.0
2026-09-28,Johns '99,Park City / PCMR,WG033,40.62911828578874,-111.50998374795329,8128.2,53,51.1,42.0,46.7,0.043,0.043,0.0
2026-09-28,Johns 99,Deer Valley,WG015,40.62450457371346,-111.51231498110546,8231.6,53,50.4,41.3,46.0,0.043,0.043,0.0
2026-09-28,Johns Trail,Park City / PCMR,WG033,40.63760825426597,-111.50539626371148,8041.4,53,51.1,42.0,46.7,0.043,0.043,0.0
2026-09-28,Jordanelle (West Bank) Trail,Jordanelle,WG026,40.63639192686843,-111.4311179892118,6210.9,63,58.5,48.0,53.4,0.539,0.539,0.0
2026-09-28,Jordanelle Perimeter Trail,Jordanelle,WG024,40.633349610731685,-111.4121970547725,6216.7,63,58.6,48.2,53.6,0.539,0.539,0.0
2026-09-28,Jupiter Peak,Park City / PCMR,WG021,40.610319419324455,-111.54904593331813,9871.3,73,44.2,36.5,39.8,0.256,0.217,0.276
2026-09-28,Jupiter Ridge,Park City / PCMR,WG018,40.61268065771163,-111.53867835914352,9869.4,73,44.3,36.7,39.9,0.256,0.217,0.276
2026-09-28,Kaboom Trail / Call Sign Casa Trail,Jordanelle,WG027,40.62794719612903,-111.45468580169128,6888.6,63,55.8,46.1,51.2,0.386,0.386,0.0
2026-09-28,Kari's,Round Valley,WG055,40.69160040530727,-111.47515847036864,6850.2,61,56.2,46.2,51.8,0.201,0.201,0.0
2026-09-28,Keetley,Jordanelle,WG024,40.6438983646529,-111.4097274639112,6255.4,63,58.6,48.2,53.6,0.539,0.539,0.0
2026-09-28,Keystone Trail,Park City / PCMR,WG037,40.62506440637064,-111.53055382777043,8890.7,53,49.2,40.1,44.8,0.043,0.043,0.0
2026-09-28,La Dee Duh,Round Valley,WG057,40.69261799590889,-111.5001632592338,6864.5,63,55.1,45.5,51.5,0.232,0.232,0.0
2026-09-28,Lavina,Deer Valley,WG006,40.58376333945228,-111.52567195673171,8621.7,53,50.6,40.6,44.7,0.106,0.106,0.0
2026-09-28,Legacy Loop,Jeremy Ranch / Glenwild,WG071,40.705995804360256,-111.55961886682412,7342.6,63,56.4,45.2,50.5,0.307,0.307,0.0
2026-09-28,Legacy Ridge,Jeremy Ranch / Glenwild,WG071,40.70648419743829,-111.5603960205038,7414.3,63,56.4,45.2,50.5,0.307,0.307,0.0
2026-09-28,Legacy. Loop,Jeremy Ranch / Glenwild,WG071,40.70737188748682,-111.5599210439625,7363.1,63,56.4,45.2,50.5,0.307,0.307,0.0
2026-09-28,Link,Deer Valley,WG015,40.624117394272574,-111.51614328186776,8385.3,53,50.4,41.3,46.0,0.043,0.043,0.0
2026-09-28,Little Chief,Deer Valley,WG015,40.61872839208637,-111.51243052868438,8322.6,53,50.4,41.3,46.0,0.043,0.043,0.0
2026-09-28,Little Engine Trail,Summit Park,WG089,40.756690732809,-111.59562244098744,6709.3,61,57.0,46.3,52.7,0.071,0.071,0.0
2026-09-28,Little Stick,Deer Valley,WG028,40.63409637421967,-111.478301770839,7464.6,61,55.6,45.4,50.0,0.13,0.13,0.0
2026-09-28,Longview,Jordanelle,WG040,40.65785550770212,-111.4151527495857,6299.6,63,58.5,48.0,53.4,0.539,0.539,0.0
2026-09-28,Looney Tunes Trail,Jordanelle,WG002,40.58370423178651,-111.40605522395904,7149.3,63,55.2,45.2,50.4,0.425,0.425,0.0
2026-09-28,Loose Moose,Park City / PCMR,WG031,40.64358346695202,-111.50940341630726,7446.3,61,55.3,45.0,49.6,0.13,0.13,0.0
2026-09-28,Lost Prospector,Park City / PCMR,WG047,40.659849225736586,-111.4888557229514,7044.5,61,55.0,44.7,50.3,0.087,0.087,0.0
2026-09-28,Lower Devo Trail,Deer Valley,WG032,40.63290230557317,-111.48205615844142,7656.5,61,53.9,43.7,48.3,0.13,0.13,0.0
2026-09-28,Lower Masonic,Park City / PCMR,WG047,40.65358630670372,-111.49972319928794,7113.0,61,55.0,44.7,50.3,0.087,0.087,0.0
2026-09-28,Lower Sparky Trail,Clark Ranch,WG044,40.66761130235187,-111.4559551589961,6689.8,61,54.9,45.3,51.0,0.185,0.185,0.0
2026-09-28,Lower Village,Deer Valley,WG028,40.64043848354113,-111.46360640728942,7008.1,61,55.6,45.4,50.0,0.13,0.13,0.0
2026-09-28,Lynx #2,Round Valley,WG044,40.66734087696376,-111.46694625830712,6898.8,61,54.9,45.3,51.0,0.185,0.185,0.0
2026-09-28,Masonic,Park City / PCMR,WG047,40.65628760128763,-111.48965728213436,7283.0,61,55.0,44.7,50.3,0.087,0.087,0.0
2026-09-28,Matt's Flat,Round Valley,WG057,40.68924275786925,-111.49221205396208,6921.6,63,55.1,45.5,51.5,0.232,0.232,0.0
2026-09-28,McConkeys,Park City / PCMR,WG016,40.617956923480186,-111.52625119796232,8958.8,53,49.8,39.7,43.9,0.106,0.106,0.0
2026-09-28,McConkeys / Io Trail (Middle),Park City / PCMR,WG018,40.61168680632571,-111.53326494678502,9588.6,73,44.3,36.7,39.9,0.256,0.217,0.276
2026-09-28,McHenry Avenue,Deer Valley,WG031,40.640126864152855,-111.49219625319049,7274.9,61,55.3,45.0,49.6,0.13,0.13,0.0
2026-09-28,Mid-Mountain Connect,Park City / PCMR,WG036,40.63223012461414,-111.51309555497544,8201.7,53,50.3,41.2,45.9,0.043,0.043,0.0
2026-09-28,Mid-Mountain Trail,Park City / PCMR,WG036,40.64534582424172,-111.53118141177607,8168.3,53,50.3,41.2,45.9,0.043,0.043,0.0
2026-09-28,Milky Way,Jordanelle,WG042,40.65767372971338,-111.43373089841624,6795.1,65,56.1,46.5,51.8,0.496,0.496,0.0
2026-09-28,Milky Way / Two Rocks,Jordanelle,WG042,40.66056479638159,-111.42608338059031,6558.6,65,56.1,46.5,51.8,0.496,0.496,0.0
2026-09-28,Miner's Mile,Park City / PCMR,WG036,40.62728968091632,-111.51804021102016,8457.0,53,50.3,41.2,45.9,0.043,0.043,0.0
2026-09-28,Miss Billy's,Jeremy Ranch / Glenwild,WG059,40.69127466685039,-111.54016400735836,6614.6,65,54.7,46.2,51.6,0.598,0.598,0.0
2026-09-28,Mojave,Park City / PCMR,WG037,40.634971780917176,-111.5211432294971,8540.4,53,49.2,40.1,44.8,0.043,0.043,0.0
2026-09-28,Moose Hollow,Summit Park,WG088,40.76397899834495,-111.58866445905328,6467.6,61,57.8,47.0,53.5,0.071,0.071,0.0
2026-09-28,Moose Poop,Deer Valley,WG032,40.633538239133244,-111.50120248027572,7607.1,61,53.9,43.7,48.3,0.13,0.13,0.0
2026-09-28,Moose Puddle,Pinebrook,WG071,40.70548588260783,-111.56718578772085,7487.6,63,56.4,45.2,50.5,0.307,0.307,0.0
2026-09-28,Moose Tracks Trail,Park City / PCMR,WG009,40.59516414126596,-111.57427709390586,9258.1,75,46.9,38.2,41.8,0.453,0.354,0.689
2026-09-28,Moosebones,Deer Valley,WG013,40.61167254823319,-111.50326786094648,8857.2,53,49.9,39.8,44.0,0.106,0.106,0.0
2026-09-28,Moosehouse,Park City / PCMR,WG032,40.63204398195126,-111.5038481086022,7902.6,61,53.9,43.7,48.3,0.13,0.13,0.0
2026-09-28,Mother Urban,Deer Valley,WG032,40.63167066031289,-111.5034058570439,7904.1,61,53.9,43.7,48.3,0.13,0.13,0.0
2026-09-28,Mountain Ranch,Jeremy Ranch / Glenwild,WG066,40.719482563829935,-111.5082007499112,6453.3,71,56.4,47.2,53.0,0.713,0.709,0.028
2026-09-28,Mountain Ranch Estates,Round Valley,WG067,40.7173985998433,-111.50812726137713,6520.0,71,55.8,46.6,52.4,0.713,0.709,0.028
2026-09-28,Mountain Willow,Round Valley,WG067,40.71402930681007,-111.48565937361776,6571.7,71,55.8,46.6,52.4,0.713,0.709,0.028
2026-09-28,Mr Muchrocks,Round Valley,WG067,40.70904482572548,-111.50323360919846,6653.2,71,55.8,46.6,52.4,0.713,0.709,0.028
2026-09-28,NCS,Deer Valley,WG032,40.62911396321707,-111.4803727621932,7992.5,61,53.9,43.7,48.3,0.13,0.13,0.0
2026-09-28,Nick NAC,Round Valley,WG057,40.69210865876878,-111.490120990647,6959.3,63,55.1,45.5,51.5,0.232,0.232,0.0
2026-09-28,No Worries,Summit Park,WG081,40.73716048778493,-111.60234213265907,7289.1,53,57.5,44.9,51.2,0.13,0.13,0.0
2026-09-28,North 400 West,Jeremy Ranch / Glenwild,WG068,40.70279368500318,-111.51897621463831,6441.4,65,55.8,47.3,52.6,0.598,0.598,0.0
2026-09-28,North Ross Creek Trail,Jordanelle,WG041,40.66585897507511,-111.42082357173696,6405.0,63,58.0,47.6,53.0,0.539,0.539,0.0
2026-09-28,Nowhere Elks,Round Valley,WG058,40.69018989582584,-111.48311322310164,7036.6,63,54.5,44.9,50.8,0.232,0.232,0.0
2026-09-28,OMG,Deer Valley,WG032,40.631226274970665,-111.4973428195913,7571.3,61,53.9,43.7,48.3,0.13,0.13,0.0
2026-09-28,OMH,Pinebrook,WG070,40.71997692753587,-111.55773747935044,6677.5,71,55.6,46.4,51.8,0.555,0.547,0.055
2026-09-28,Oh Deer Flow,Jordanelle,WG041,40.66237367218405,-111.42118550237925,6403.1,63,58.0,47.6,53.0,0.539,0.539,0.0
2026-09-28,Old Homeward Bound,Deer Valley,WG012,40.61357496233911,-111.48964629692756,8441.1,63,53.1,41.6,46.4,0.287,0.287,0.0
2026-09-28,Old Skool,Deer Valley,WG032,40.631898683587,-111.48423208918877,7827.2,61,53.9,43.7,48.3,0.13,0.13,0.0
2026-09-28,Old Stage Crest Connect,Park City / PCMR,WG023,40.61247305094488,-111.5715274805363,9057.3,73,47.1,38.8,42.6,0.217,0.205,0.083
2026-09-28,Olympic,Pinebrook,WG064,40.69996684096533,-111.57868853500152,8004.0,61,53.7,42.6,47.3,0.276,0.276,0.0
2026-09-28,Ontario Canyon,Deer Valley,WG013,40.61130277448227,-111.48755898005427,8755.1,53,49.9,39.8,44.0,0.106,0.106,0.0
2026-09-28,Ontario Ridge,Deer Valley,WG032,40.62821582013441,-111.49780973717266,7815.3,61,53.9,43.7,48.3,0.13,0.13,0.0
2026-09-28,Ore Cart,Deer Valley,WG015,40.621755910380834,-111.51139929264724,8146.4,53,50.4,41.3,46.0,0.043,0.043,0.0
2026-09-28,Outlook,Deer Valley,WG029,40.63657831428653,-111.4685462481628,7646.2,61,54.3,44.0,48.7,0.13,0.13,0.0
2026-09-28,Pale Green Dot,Summit Park,WG078,40.74689592786439,-111.59182437672968,6802.1,61,56.7,46.0,52.4,0.071,0.071,0.0
2026-09-28,Parley's Lane,Summit Park,WG089,40.75375624958085,-111.59849347383722,6719.0,61,57.0,46.3,52.7,0.071,0.071,0.0
2026-09-28,Payday,Park City / PCMR,WG035,40.64053545819342,-111.51124538504462,7598.1,55,53.9,44.0,48.9,0.091,0.091,0.0
2026-09-28,Payroll,Deer Valley,WG013,40.61095393430099,-111.5094443089702,8630.4,53,49.9,39.8,44.0,0.106,0.106,0.0
2026-09-28,Pedalers Inn,Deer Valley,WG012,40.61923438649311,-111.4865707901735,8286.8,63,53.1,41.6,46.4,0.287,0.287,0.0
2026-09-28,Perrier Pass,Park City / PCMR,WG017,40.61814002894983,-111.53826776190397,9445.9,73,46.5,38.2,42.0,0.217,0.205,0.083
2026-09-28,Pinebrook Point,Pinebrook,WG089,40.75079411917499,-111.57994193527573,6623.3,61,57.0,46.3,52.7,0.071,0.071,0.0
2026-09-28,Pinebrook Pointe South,Pinebrook,WG078,40.74959135152933,-111.5795998040212,6632.5,61,56.7,46.0,52.4,0.071,0.071,0.0
2026-09-28,Pinebrook Southeast Perimeter / Hunter's Trail of the Mid Mountain,Pinebrook,WG072,40.71419878562093,-111.5896757552273,7875.5,53,56.0,43.4,49.7,0.13,0.13,0.0
2026-09-28,Pinebrook Southeast Perimeter / Pinebrook SE Perimeter,Pinebrook,WG079,40.72863077219642,-111.58102679054537,7392.0,63,56.2,44.9,50.3,0.307,0.307,0.0
2026-09-28,Pinebrook Southeast Perimeter Trail,Pinebrook,WG078,40.73058687532795,-111.57244227312069,6947.5,61,56.7,46.0,52.4,0.071,0.071,0.0
2026-09-28,Pinecone Ridge,Park City / PCMR,WG039,40.63337906740186,-111.54644099265712,9084.9,73,47.0,38.7,42.5,0.217,0.205,0.083
2026-09-28,Pioneer Ridge,Park City / PCMR,WG018,40.61649374604546,-111.53892521633333,9598.5,73,44.3,36.7,39.9,0.256,0.217,0.276
2026-09-28,Pipeline,Deer Valley,WG028,40.63885618836171,-111.46966538134832,7356.9,61,55.6,45.4,50.0,0.13,0.13,0.0
2026-09-28,Pointy Rocks,Deer Valley,WG031,40.63679995846106,-111.48172224533342,7428.0,61,55.3,45.0,49.6,0.13,0.13,0.0
2026-09-28,PorcUclimb,Round Valley,WG058,40.69402326414524,-111.48517031749344,7064.7,63,54.5,44.9,50.8,0.232,0.232,0.0
2026-09-28,Powerline,Pinebrook,WG078,40.74237998272819,-111.5716363238219,6548.4,61,56.7,46.0,52.4,0.071,0.071,0.0
2026-09-28,Powerline Connector,Pinebrook,WG078,40.74298978990414,-111.5728828415412,6585.6,61,56.7,46.0,52.4,0.071,0.071,0.0
2026-09-28,Powerline Trail,Park City / PCMR,WG036,40.63015217582808,-111.53743024085954,8362.6,53,50.3,41.2,45.9,0.043,0.043,0.0
2026-09-28,Practice Loops,Round Valley,WG055,40.68336469607561,-111.47532267974417,6752.0,61,56.2,46.2,51.8,0.201,0.201,0.0
2026-09-28,Preserve Connector,Jeremy Ranch / Glenwild,WG087,40.76330147562161,-111.54585203221042,7230.0,61,54.5,45.0,50.3,0.071,0.071,0.0
2026-09-28,Princess Di's,Clark Ranch,WG083,40.751465442037045,-111.43628535405452,6858.8,63,56.5,46.1,51.7,0.413,0.413,0.0
2026-09-28,Prospect,Deer Valley,WG031,40.63405408516434,-111.49547333835608,7482.8,61,55.3,45.0,49.6,0.13,0.13,0.0
2026-09-28,Pulp Friction,Round Valley,WG057,40.69884233324062,-111.50344523686547,6681.3,63,55.1,45.5,51.5,0.232,0.232,0.0
2026-09-28,Putty Tat Trail,Jordanelle,WG001,40.59267845848291,-111.40267007297948,6514.0,63,56.9,46.9,52.0,0.425,0.425,0.0
2026-09-28,Quinn's Connect,Round Valley,WG055,40.68185946906874,-111.4726829059293,6720.8,61,56.2,46.2,51.8,0.201,0.201,0.0
2026-09-28,RTS,Jeremy Ranch / Glenwild,WG070,40.71664642216084,-111.55523569599896,6598.1,71,55.6,46.4,51.8,0.555,0.547,0.055
2026-09-28,RTS / BLT,Jeremy Ranch / Glenwild,WG070,40.71544842193981,-111.5580228733734,6768.3,71,55.6,46.4,51.8,0.555,0.547,0.055
2026-09-28,Rademan Ridge,Round Valley,WG057,40.69522706920315,-111.49835765815162,6895.6,63,55.1,45.5,51.5,0.232,0.232,0.0
2026-09-28,Ramble On,Round Valley,WG067,40.70159467934347,-111.48028465593316,6781.5,71,55.8,46.6,52.4,0.713,0.709,0.028
2026-09-28,Rambler,Round Valley,WG057,40.69772226627651,-111.49065578495473,6809.2,63,55.1,45.5,51.5,0.232,0.232,0.0
2026-09-28,Rambler DT,Round Valley,WG056,40.699080350519786,-111.50674680507665,6485.7,71,56.3,47.2,53.0,0.713,0.709,0.028
2026-09-28,Red Bull,Park City / PCMR,WG035,40.63958635838598,-111.51326842477698,7769.0,55,53.9,44.0,48.9,0.091,0.091,0.0
2026-09-28,Regulator Trail,Deer Valley,WG033,40.62910164594688,-111.48142418804063,8033.8,53,51.1,42.0,46.7,0.043,0.043,0.0
2026-09-28,Richochet,Park City / PCMR,WG062,40.68638148266805,-111.57139393545772,7468.3,63,55.8,44.6,49.8,0.256,0.256,0.0
2026-09-28,Rinse Cycle Trail,Deer Valley,WG028,40.62990230274806,-111.45944053119273,7191.1,61,55.6,45.4,50.0,0.13,0.13,0.0
2026-09-28,Ripple Trail,Deer Valley,WG029,40.63554405253732,-111.47490110184252,7588.0,61,54.3,44.0,48.7,0.13,0.13,0.0
2026-09-28,Riverview West Trail,Jordanelle,WG001,40.58565113588149,-111.41386481977428,6730.6,63,56.9,46.9,52.0,0.425,0.425,0.0
2026-09-28,Road to WOS,Summit Park,WG082,40.73344363030311,-111.61407104321202,7712.2,53,56.1,43.5,49.8,0.13,0.13,0.0
2026-09-28,Rob's Trail,Pinebrook,WG063,40.69704664952428,-111.5702364046946,7584.0,63,54.8,43.5,48.8,0.256,0.256,0.0
2026-09-28,RocMon,Round Valley,WG055,40.68788668982749,-111.4548390225179,6677.5,61,56.2,46.2,51.8,0.201,0.201,0.0
2026-09-28,Rock Chuck Trail,Park City / PCMR,WG008,40.58874474594925,-111.56839301918852,9680.6,73,44.1,36.5,39.7,0.256,0.217,0.276
2026-09-28,Rogue Rider Trail,Park City / PCMR,WG020,40.60699361060532,-111.56187339427328,9423.9,73,46.2,37.9,41.7,0.217,0.205,0.083
2026-09-28,Rosebud,Park City / PCMR,WG036,40.63966083548988,-111.52257618003053,8390.4,53,50.3,41.2,45.9,0.043,0.043,0.0
2026-09-28,Rosebud's Heaven,Park City / PCMR,WG060,40.69195554103422,-111.5659528759652,7326.9,63,57.0,45.7,51.1,0.307,0.307,0.0
2026-09-28,Rossi Hill Trail,Deer Valley,WG031,40.63808222920599,-111.4919292526201,7341.8,61,55.3,45.0,49.6,0.13,0.13,0.0
2026-09-28,Round Valley Connect,Round Valley,WG067,40.70875221615484,-111.50427592382064,6606.7,71,55.8,46.6,52.4,0.713,0.709,0.028
2026-09-28,Round Valley Connector,Round Valley,WG067,40.709506874143365,-111.48774034228174,6611.3,71,55.8,46.6,52.4,0.713,0.709,0.028
2026-09-28,Round Valley Express,Round Valley,WG057,40.69308554123404,-111.4897696424948,6812.1,63,55.1,45.5,51.5,0.232,0.232,0.0
2026-09-28,Rusty Shovel,Round Valley,WG057,40.69776625143012,-111.4804885556652,6868.8,63,55.1,45.5,51.5,0.232,0.232,0.0
2026-09-28,Rusty Spur,Round Valley,WG065,40.70159189598121,-111.4765958017646,6731.2,63,56.4,46.7,52.3,0.37,0.37,0.0
2026-09-28,SOS,Park City / PCMR,WG046,40.666448184385416,-111.48116864087982,6803.8,61,56.0,45.8,51.4,0.087,0.087,0.0
2026-09-28,SQ Connector Trail,Round Valley,WG055,40.68949659271035,-111.47067515084642,6728.8,61,56.2,46.2,51.8,0.201,0.201,0.0
2026-09-28,Sam's Trail,Deer Valley,WG012,40.61912724197413,-111.50964994268364,8145.3,63,53.1,41.6,46.4,0.287,0.287,0.0
2026-09-28,Saved By The Bell,Round Valley,WG067,40.71689792497153,-111.49958806368429,6568.5,71,55.8,46.6,52.4,0.713,0.709,0.028
2026-09-28,Scott's Bypass,Park City / PCMR,WG021,40.612047856355446,-111.55918064050742,9658.7,73,44.2,36.5,39.8,0.256,0.217,0.276
2026-09-28,Secret of My Success Trail,Deer Valley,WG033,40.62597453280468,-111.48566192002252,8293.6,53,51.1,42.0,46.7,0.043,0.043,0.0
2026-09-28,Seldom Seen,Park City / PCMR,WG034,40.64892938917546,-111.51571616491609,7435.6,55,55.2,45.3,50.2,0.091,0.091,0.0
2026-09-28,Seventy 101,Round Valley,WG057,40.68968411592925,-111.49103639156762,6974.3,63,55.1,45.5,51.5,0.232,0.232,0.0
2026-09-28,Shadow Lake,Park City / PCMR,WG020,40.61596037279941,-111.55009628848111,9179.4,73,46.2,37.9,41.7,0.217,0.205,0.083
2026-09-28,Shenanigans,Deer Valley,WG012,40.62034189886961,-111.49849814997506,8237.7,63,53.1,41.6,46.4,0.287,0.287,0.0
2026-09-28,Short Cut,Jeremy Ranch / Glenwild,WG064,40.68025862222409,-111.57883598783349,8081.5,61,53.7,42.6,47.3,0.276,0.276,0.0
2026-09-28,Short Fuse,Park City / PCMR,WG036,40.6346970517688,-111.52339576593836,8439.4,53,50.3,41.2,45.9,0.043,0.043,0.0
2026-09-28,Short Ribs,Summit Park,WG082,40.7348537895427,-111.62048055745409,7705.3,53,56.1,43.5,49.8,0.13,0.13,0.0
2026-09-28,Short Stack,Summit Park,WG082,40.73936874753804,-111.6200542747078,7652.8,53,56.1,43.5,49.8,0.13,0.13,0.0
2026-09-28,Silver Creek Trail,Round Valley,WG074,40.728195917662575,-111.48449884114967,6494.3,65,56.3,47.8,52.9,0.528,0.528,0.0
2026-09-28,Silver Gate,Round Valley,WG073,40.72728013881357,-111.46748664430804,6513.4,63,57.2,47.5,53.1,0.37,0.37,0.0
2026-09-28,Silver Queen,Park City / PCMR,WG037,40.63391819864852,-111.51755091640152,8558.9,53,49.2,40.1,44.8,0.043,0.043,0.0
2026-09-28,Silver Spur,Park City / PCMR,WG049,40.65266965116334,-111.5117818738982,6980.8,61,55.7,45.4,51.0,0.087,0.087,0.0
2026-09-28,Skid Row,Park City / PCMR,WG044,40.66845831872771,-111.47381352761975,6920.8,61,54.9,45.3,51.0,0.185,0.185,0.0
2026-09-28,Skyridge Peak Trail / Milky Way,Jordanelle,WG043,40.65984634182248,-111.4368345884266,7139.2,65,54.8,45.2,50.5,0.496,0.496,0.0
2026-09-28,Sloppy Joe,Round Valley,WG067,40.71599935057343,-111.49742827056478,6658.4,71,55.8,46.6,52.4,0.713,0.709,0.028
2026-09-28,Snake Pit Trail,Park City / PCMR,WG010,40.58750533085767,-111.57189033610032,9625.4,63,45.0,36.3,39.9,0.453,0.453,0.0
2026-09-28,Snowtop,Deer Valley,WG028,40.64752229561398,-111.4705824068134,7443.3,61,55.6,45.4,50.0,0.13,0.13,0.0
2026-09-28,Solamere,Deer Valley,WG045,40.65168830951934,-111.47267426337083,7304.0,61,54.7,44.5,50.1,0.087,0.087,0.0
2026-09-28,Solamere Connector,Deer Valley,WG045,40.651338463153365,-111.4797751905619,7331.1,61,54.7,44.5,50.1,0.087,0.087,0.0
2026-09-28,Somewhere Elks,Round Valley,WG055,40.68702802029736,-111.47813858810876,6977.4,61,56.2,46.2,51.8,0.201,0.201,0.0
2026-09-28,South Canyon,Round Valley,WG055,40.697084178294816,-111.45372200426904,6732.0,61,56.2,46.2,51.8,0.201,0.201,0.0
2026-09-28,South Sweeney,Park City / PCMR,WG031,40.64194117786604,-111.49870009761844,7400.1,61,55.3,45.0,49.6,0.13,0.13,0.0
2026-09-28,Spare Change,Summit Park,WG080,40.74164553017363,-111.60031464541484,6827.9,51,60.0,46.2,53.1,0.031,0.031,0.0
2026-09-28,Sparky's Return,Clark Ranch,WG044,40.6617858998794,-111.45698342605078,6783.6,61,54.9,45.3,51.0,0.185,0.185,0.0
2026-09-28,Speedbag,Deer Valley,WG011,40.624406811076895,-111.50919273225593,7987.6,53,51.8,42.7,47.4,0.043,0.043,0.0
2026-09-28,Spin Cycle Trail,Deer Valley,WG028,40.63411801502942,-111.46082430079326,7178.8,61,55.6,45.4,50.0,0.13,0.13,0.0
2026-09-28,Spiro Trail,Park City / PCMR,WG035,40.64755384631944,-111.52407012433112,7617.4,55,53.9,44.0,48.9,0.091,0.091,0.0
2026-09-28,St. Regis Trail,Deer Valley,WG028,40.639112933407205,-111.47591481144916,7383.3,61,55.6,45.4,50.0,0.13,0.13,0.0
2026-09-28,Stealth Connector / Pheasant Way,Jeremy Ranch / Glenwild,WG076,40.73167942348123,-111.54708752211994,6361.5,71,56.7,47.6,53.0,0.555,0.547,0.055
2026-09-28,Stealth Trail,Jeremy Ranch / Glenwild,WG077,40.73631275924013,-111.5447596003018,6560.0,71,56.0,46.8,52.3,0.555,0.547,0.055
2026-09-28,Steps,Park City / PCMR,WG037,40.63116043759045,-111.5173271228493,8520.8,53,49.2,40.1,44.8,0.043,0.043,0.0
2026-09-28,Stiff Upper Lip,Park City / PCMR,WG017,40.61611691879028,-111.52987009616064,9025.4,73,46.5,38.2,42.0,0.217,0.205,0.083
2026-09-28,Sunny Slopes Trail,Round Valley,WG057,40.68377753714063,-111.48540217687854,6826.8,63,55.1,45.5,51.5,0.232,0.232,0.0
2026-09-28,Sunset,Deer Valley,WG013,40.61222429898699,-111.48546906629171,8777.5,53,49.9,39.8,44.0,0.106,0.106,0.0
2026-09-28,Super G,Deer Valley,WG013,40.6078734147108,-111.486644562986,8939.8,53,49.9,39.8,44.0,0.106,0.106,0.0
2026-09-28,Sven,Jordanelle,WG040,40.66216079919324,-111.41880056586604,6299.4,63,58.5,48.0,53.4,0.539,0.539,0.0
2026-09-28,Sweeney Switchbacks,Park City / PCMR,WG031,40.64428684826398,-111.50263935593632,7442.9,61,55.3,45.0,49.6,0.13,0.13,0.0
2026-09-28,Sweeneys,Park City / PCMR,WG032,40.6416793962084,-111.50380066992643,7712.4,61,53.9,43.7,48.3,0.13,0.13,0.0
2026-09-28,T&G,Deer Valley,WG016,40.611941402305575,-111.51506977898008,8673.3,53,49.8,39.7,43.9,0.106,0.106,0.0
2026-09-28,T&G 2,Deer Valley,WG016,40.62089143656375,-111.51568549288604,8599.5,53,49.8,39.7,43.9,0.106,0.106,0.0
2026-09-28,TDS Ontario Bypass,Deer Valley,WG032,40.62591563844938,-111.49801252893096,7889.0,61,53.9,43.7,48.3,0.13,0.13,0.0
2026-09-28,TSP Skils Area,Round Valley,WG067,40.70929244417837,-111.50545423904256,6671.9,71,55.8,46.6,52.4,0.713,0.709,0.028
2026-09-28,Tall Oaks Circle,Pinebrook,WG078,40.73938310561022,-111.57541687830556,6961.5,61,56.7,46.0,52.4,0.071,0.071,0.0
2026-09-28,Tall T Trail,Deer Valley,WG007,40.59029104976929,-111.52734087474852,9033.3,53,49.0,38.9,43.1,0.106,0.106,0.0
2026-09-28,Tar Pits Jump Line,Round Valley,WG067,40.70948336187246,-111.50501444482678,6663.3,71,55.8,46.6,52.4,0.713,0.709,0.028
2026-09-28,Team Big Bear,Deer Valley,WG013,40.61639926546102,-111.50010669410356,8610.0,53,49.9,39.8,44.0,0.106,0.106,0.0
2026-09-28,Team Cutthroat Downhill,Jeremy Ranch / Glenwild,WG077,40.74619331694971,-111.55242052130288,6618.0,71,56.0,46.8,52.3,0.555,0.547,0.055
2026-09-28,Thaynes Canyon,Park City / PCMR,WG037,40.62644528922062,-111.539067377105,8520.6,53,49.2,40.1,44.8,0.043,0.043,0.0
2026-09-28,The Avenues,Summit Park,WG090,40.75998198374273,-111.6028265058925,7081.5,51,58.5,44.7,51.6,0.031,0.031,0.0
2026-09-28,The Graduate,Jeremy Ranch / Glenwild,WG085,40.7534431855279,-111.56237742796368,6343.1,61,58.3,47.6,54.0,0.071,0.071,0.0
2026-09-28,The Great Gazoo,Round Valley,WG067,40.70997890100696,-111.50140660314835,6662.9,71,55.8,46.6,52.4,0.713,0.709,0.028
2026-09-28,The Lookout,Deer Valley,WG032,40.62921554675458,-111.4942829189022,7693.2,61,53.9,43.7,48.3,0.13,0.13,0.0
2026-09-28,The Sheep Trail,Summit Park,WG094,40.75746633469589,-111.667341513995,6217.2,61,62.2,49.5,56.0,0.102,0.102,0.0
2026-09-28,The Up Trail,Summit Park,WG078,40.74822119025095,-111.58934600493023,6821.1,61,56.7,46.0,52.4,0.071,0.071,0.0
2026-09-28,The Upper Avenues,Summit Park,WG090,40.75942210135698,-111.60997791538348,7425.0,51,58.5,44.7,51.6,0.031,0.031,0.0
2026-09-28,Thieves Forest,Deer Valley,WG013,40.61553068086176,-111.48245627012813,8597.7,53,49.9,39.8,44.0,0.106,0.106,0.0
2026-09-28,Thieves Forrest,Deer Valley,WG014,40.611364491739,-111.4804590615015,9072.7,53,49.0,38.9,43.0,0.106,0.106,0.0
2026-09-28,Three Candles,Park City / PCMR,WG037,40.62931137475258,-111.52248914366156,8843.3,53,49.2,40.1,44.8,0.043,0.043,0.0
2026-09-28,Tidal Wave,Deer Valley,WG013,40.610548014761406,-111.48897388892838,8737.9,53,49.9,39.8,44.0,0.106,0.106,0.0
2026-09-28,Tideline,Jordanelle,WG025,40.64171272429878,-111.40053564270964,6530.0,63,57.6,47.2,52.5,0.539,0.539,0.0
2026-09-28,Tim Man,Round Valley,WG067,40.70348842863846,-111.50080894755244,6766.9,71,55.8,46.6,52.4,0.713,0.709,0.028
2026-09-28,Tommys Two Step,Park City / PCMR,WG036,40.629024211109055,-111.51829238121942,8474.2,53,50.3,41.2,45.9,0.043,0.043,0.0
2026-09-28,Tour De Homes,Deer Valley,WG032,40.63205110837411,-111.48826887414292,7813.1,61,53.9,43.7,48.3,0.13,0.13,0.0
2026-09-28,Tour De Suds (Upper),Deer Valley,WG013,40.614682713092186,-111.50609195133156,8563.5,53,49.9,39.8,44.0,0.106,0.106,0.0
2026-09-28,Town,Park City / PCMR,WG030,40.64755940729975,-111.49861999854691,6988.0,61,55.7,45.4,51.0,0.087,0.087,0.0
2026-09-28,Trailside,Round Valley,WG066,40.71864159830864,-111.50336949570412,6480.1,71,56.4,47.2,53.0,0.713,0.709,0.028
2026-09-28,Trailside Connector,Round Valley,WG067,40.71611276967259,-111.5017965665912,6504.2,71,55.8,46.6,52.4,0.713,0.709,0.028
2026-09-28,Trailside Loop,Round Valley,WG067,40.71199117049012,-111.50483999800892,6609.7,71,55.8,46.6,52.4,0.713,0.709,0.028
2026-09-28,Trappers Gate,Deer Valley,WG031,40.63197509989361,-111.497026036245,7462.8,61,55.3,45.0,49.6,0.13,0.13,0.0
2026-09-28,Trestle,Park City / PCMR,WG033,40.63650074050743,-111.50791633233914,8071.5,53,51.1,42.0,46.7,0.043,0.043,0.0
2026-09-28,Tricky Pickle Trail,Deer Valley,WG004,40.59197973531048,-111.49789592532872,8532.5,53,50.2,40.2,44.3,0.106,0.106,0.0
2026-09-28,Truckhole,Round Valley,WG067,40.704351116822174,-111.50022157042804,6773.9,71,55.8,46.6,52.4,0.713,0.709,0.028
2026-09-28,Trump,Deer Valley,WG013,40.60903529522874,-111.4964159868453,8771.6,53,49.9,39.8,44.0,0.106,0.106,0.0
2026-09-28,Tsunami,Deer Valley,WG013,40.61166268615432,-111.48706860055302,8747.8,53,49.9,39.8,44.0,0.106,0.106,0.0
2026-09-28,Tug of War Trail,Deer Valley,WG013,40.60218815889535,-111.4963014769127,8962.3,53,49.9,39.8,44.0,0.106,0.106,0.0
2026-09-28,Tweety Bird Trail,Jordanelle,WG001,40.59084253440856,-111.40816741687898,6568.1,63,56.9,46.9,52.0,0.425,0.425,0.0
2026-09-28,Twist & Shout,Deer Valley,WG012,40.61590669002216,-111.48826576454944,8415.6,63,53.1,41.6,46.4,0.287,0.287,0.0
2026-09-28,Twist and Shout,Deer Valley,WG013,40.61146669404505,-111.486662413967,8799.9,53,49.9,39.8,44.0,0.106,0.106,0.0
2026-09-28,Undertow Trail,Deer Valley,WG029,40.63057046785135,-111.47858549886824,7937.9,61,54.3,44.0,48.7,0.13,0.13,0.0
2026-09-28,Unga Bunga Skills and Pump Tradk,Round Valley,WG067,40.71158064400824,-111.50217787755837,6590.1,71,55.8,46.6,52.4,0.713,0.709,0.028
2026-09-28,Up Track,Round Valley,WG067,40.71007968280768,-111.50314659118624,6643.1,71,55.8,46.6,52.4,0.713,0.709,0.028
2026-09-28,Upper Devo Trail,Deer Valley,WG033,40.62826200901757,-111.4850494481263,8097.8,53,51.1,42.0,46.7,0.043,0.043,0.0
2026-09-28,Upper Loose,Park City / PCMR,WG032,40.64060205866311,-111.5081407284332,7678.0,61,53.9,43.7,48.3,0.13,0.13,0.0
2026-09-28,Upper Loose Moose,Park City / PCMR,WG032,40.64060459750891,-111.5062344507794,7788.9,61,53.9,43.7,48.3,0.13,0.13,0.0
2026-09-28,Upper Sparky Trail,Clark Ranch,WG044,40.6599723509711,-111.45534390616216,6878.4,61,54.9,45.3,51.0,0.185,0.185,0.0
2026-09-28,Village Pipeline Connector,Deer Valley,WG028,40.6391093200599,-111.472490526811,7336.8,61,55.6,45.4,50.0,0.13,0.13,0.0
2026-09-28,Village Trail,Deer Valley,WG028,40.64077448423082,-111.47113665558776,7315.2,61,55.6,45.4,50.0,0.13,0.13,0.0
2026-09-28,Village Trail / Pipeline,Deer Valley,WG028,40.64110752434245,-111.46934147070748,7182.6,61,55.6,45.4,50.0,0.13,0.13,0.0
2026-09-28,WOW (Wasatch Over Wasatch) Trail,Deer Valley,WG003,40.585198990338895,-111.50729227137398,8248.2,61,53.7,42.2,46.7,0.244,0.244,0.0
2026-09-28,Wada Way,Jordanelle,WG040,40.65139897157171,-111.41292348157292,6267.2,63,58.5,48.0,53.4,0.539,0.539,0.0
2026-09-28,Wasatch,Round Valley,WG074,40.742724215036304,-111.49568804225927,6475.9,65,56.3,47.8,52.9,0.528,0.528,0.0
2026-09-28,Wasatch Crest Connect,Park City / PCMR,WG020,40.616974136223725,-111.55736099806312,9245.9,73,46.2,37.9,41.7,0.217,0.205,0.083
2026-09-28,Wasatch Wiggle Trail,Park City / PCMR,WG010,40.58570056880523,-111.57390345809982,9702.8,63,45.0,36.3,39.9,0.453,0.453,0.0
2026-09-28,We'll Go From There,Jordanelle,WG027,40.633559740125165,-111.4528915193202,6692.5,63,55.8,46.1,51.2,0.386,0.386,0.0
2026-09-28,Winchester Trail,Jeremy Ranch / Glenwild,WG069,40.71094932830698,-111.54449441430567,6453.0,65,55.7,47.3,52.6,0.598,0.598,0.0
2026-09-28,Woodside Gulch,Deer Valley,WG032,40.63428272582461,-111.50200856347875,7635.5,61,53.9,43.7,48.3,0.13,0.13,0.0
2026-09-28,Wowza Downhill Trail,Deer Valley,WG006,40.58677474689952,-111.51626735679228,8564.8,53,50.6,40.6,44.7,0.106,0.106,0.0
2026-09-28,Wowza Trail,Deer Valley,WG006,40.58754867198866,-111.51557993987645,8552.8,53,50.6,40.6,44.7,0.106,0.106,0.0
2026-09-28,Yabba Dabba Doo,Round Valley,WG067,40.71031601545331,-111.5039304608668,6636.2,71,55.8,46.6,52.4,0.713,0.709,0.028
2026-09-28,Yeti's,Pinebrook,WG072,40.70910944007779,-111.57083697014414,7539.3,53,56.0,43.4,49.7,0.13,0.13,0.0
2026-09-28,You Get It,Jordanelle,WG027,40.63417280890808,-111.45447628262694,6774.5,63,55.8,46.1,51.2,0.386,0.386,0.0
2026-09-29,24-7,Jeremy Ranch / Glenwild,WG086,40.7580938928905,-111.55747502780672,6689.5,3,65.7,44.5,53.3,0.0,0.0,0.0
2026-09-29,4:20,Deer Valley,WG032,40.63850725810498,-111.5016215026881,7810.7,45,58.6,42.4,49.0,0.0,0.0,0.0
2026-09-29,9K Trail,Park City / PCMR,WG017,40.61454424262402,-111.5340694590712,9222.8,45,51.5,36.4,42.6,0.0,0.0,0.0
2026-09-29,A Toll New World,Summit Park,WG078,40.74525880222984,-111.59660432287036,6843.1,3,65.4,43.0,52.5,0.0,0.0,0.0
2026-09-29,Abilene Way,Jeremy Ranch / Glenwild,WG068,40.705162592888,-111.52848253655898,6454.0,3,66.5,46.3,54.4,0.0,0.0,0.0
2026-09-29,Agitator Trail,Deer Valley,WG028,40.62594479567907,-111.46053082324435,7171.6,45,60.3,44.1,50.7,0.0,0.0,0.0
2026-09-29,Alexander Creek Trail,Summit Park,WG093,40.75856130522611,-111.67962308025976,5873.5,3,68.5,49.4,57.3,0.0,0.0,0.0
2026-09-29,Alta-Brighton Trail,Park City / PCMR,WG009,40.59874189108338,-111.5904390735144,9081.0,3,51.5,37.3,43.1,0.0,0.0,0.0
2026-09-29,Ambush,Jeremy Ranch / Glenwild,WG063,40.694225906082366,-111.58181443950004,7757.7,45,59.4,40.9,49.0,0.0,0.0,0.0
2026-09-29,Amenti,Round Valley,WG067,40.71749758221375,-111.50096260266577,6526.6,3,65.5,43.9,52.7,0.0,0.0,0.0
2026-09-29,An Unexpected Journey Trail,Jordanelle,WG001,40.584095263003086,-111.41492155800285,6731.9,3,65.9,43.8,52.8,0.0,0.0,0.0
2026-09-29,Ancient Forest Loop,Round Valley,WG074,40.7314260153664,-111.49224006112888,6485.8,3,66.5,44.4,53.6,0.0,0.0,0.0
2026-09-29,Ant Farm,Jeremy Ranch / Glenwild,WG077,40.74632495230274,-111.55092174051572,6629.0,3,65.8,44.7,53.5,0.0,0.0,0.0
2026-09-29,Apex,Park City / PCMR,WG038,40.62520958876211,-111.53395003281469,9146.4,45,51.8,36.7,42.9,0.0,0.0,0.0
2026-09-29,April Mountain Trail,Deer Valley,WG047,40.650711302598815,-111.4870593388075,7472.0,3,62.4,44.7,51.5,0.0,0.0,0.0
2026-09-29,Armstrong,Park City / PCMR,WG051,40.65248508262897,-111.52994268919429,7566.3,45,60.4,43.0,50.1,0.0,0.0,0.0
2026-09-29,Ashley Avenue,Round Valley,WG057,40.68155854272997,-111.50389122653404,6794.6,3,64.1,44.3,52.3,0.0,0.0,0.0
2026-09-29,Aspen Slalom,Deer Valley,WG013,40.61311265842392,-111.48457791355952,8816.9,3,53.3,38.2,44.4,0.0,0.0,0.0
2026-09-29,BLT,Jeremy Ranch / Glenwild,WG070,40.71492142685356,-111.56084442077211,6927.9,3,65.4,44.2,53.0,0.0,0.0,0.0
2026-09-29,BYOB,Pinebrook,WG070,40.718283985000745,-111.55661288864135,6639.8,3,65.4,44.2,53.0,0.0,0.0,0.0
2026-09-29,Backslide,Round Valley,WG057,40.686236769495366,-111.49111386346571,6972.4,3,64.1,44.3,52.3,0.0,0.0,0.0
2026-09-29,Bad Apple,Jeremy Ranch / Glenwild,WG076,40.74937514368386,-111.56017979748744,6367.9,3,66.5,45.4,54.2,0.0,0.0,0.0
2026-09-29,Bamm Bamm,Round Valley,WG067,40.71001316656963,-111.50256230173504,6667.3,3,65.5,43.9,52.7,0.0,0.0,0.0
2026-09-29,Barrel Roll,Round Valley,WG058,40.69153134198254,-111.48458530535574,7017.0,3,63.5,43.7,51.7,0.0,0.0,0.0
2026-09-29,Beep Beep Trail,Jordanelle,WG001,40.59039066618902,-111.4033797731244,6670.3,3,65.9,43.8,52.8,0.0,0.0,0.0
2026-09-29,Big Dipper,Jordanelle,WG042,40.66018548005414,-111.43175307695702,6961.2,3,65.3,44.3,52.2,0.0,0.0,0.0
2026-09-29,Big Easy,Round Valley,WG057,40.696128326880846,-111.48285293654745,6776.5,3,64.1,44.3,52.3,0.0,0.0,0.0
2026-09-29,Black Forest,Deer Valley,WG016,40.61940428916709,-111.52036519166067,8929.3,3,53.2,38.1,44.2,0.0,0.0,0.0
2026-09-29,Blackhawk Trail,Jeremy Ranch / Glenwild,WG075,40.73111252615939,-111.53542276920604,6536.5,3,65.7,44.6,53.4,0.0,0.0,0.0
2026-09-29,Blazing Saddle,Park City / PCMR,WG020,40.61652898868821,-111.55635878361066,9384.9,45,51.2,36.2,42.3,0.0,0.0,0.0
2026-09-29,Bonanza Flat Overlook,Deer Valley,WG017,40.60116766018752,-111.5344182482656,9112.3,45,51.5,36.4,42.6,0.0,0.0,0.0
2026-09-29,Bonanza Loop Trail,Deer Valley,WG016,40.60282163896819,-111.52815381158308,8908.5,3,53.2,38.1,44.2,0.0,0.0,0.0
2026-09-29,Bonanza Trail,Deer Valley,WG046,40.661614248984336,-111.49584605339936,6814.3,3,63.4,45.8,52.5,0.0,0.0,0.0
2026-09-29,Boot Hill,Park City / PCMR,WG046,40.66311538182378,-111.50841776480048,6853.1,3,63.4,45.8,52.5,0.0,0.0,0.0
2026-09-29,Boot Hill Connect,Park City / PCMR,WG046,40.66384832032967,-111.50809692977944,6921.4,3,63.4,45.8,52.5,0.0,0.0,0.0
2026-09-29,Boulder,Deer Valley,WG013,40.61539223980999,-111.50399769475118,8635.0,3,53.3,38.2,44.4,0.0,0.0,0.0
2026-09-29,Boulder / Trump,Deer Valley,WG013,40.610998229404565,-111.50208555144307,8996.4,3,53.3,38.2,44.4,0.0,0.0,0.0
2026-09-29,Bourbon Street,Round Valley,WG067,40.70798253656,-111.48164466049944,6673.3,3,65.5,43.9,52.7,0.0,0.0,0.0
2026-09-29,Bow Hunter,Deer Valley,WG014,40.60108596513679,-111.48484426536052,9020.3,3,52.4,37.3,43.4,0.0,0.0,0.0
2026-09-29,Bow Hunter Extension,Deer Valley,WG005,40.59796119210968,-111.4848069886625,9014.7,3,52.5,37.4,43.5,0.0,0.0,0.0
2026-09-29,Brighton Lakes Trail,Park City / PCMR,WG009,40.59287052758444,-111.58751257009568,9276.0,3,51.5,37.3,43.1,0.0,0.0,0.0
2026-09-29,Bronto Jam,Round Valley,WG067,40.71004954775594,-111.501977414722,6672.8,3,65.5,43.9,52.7,0.0,0.0,0.0
2026-09-29,CMG,Park City / PCMR,WG035,40.645848884326966,-111.51679268892973,7606.5,45,60.0,42.6,49.7,0.0,0.0,0.0
2026-09-29,Cammy's,Round Valley,WG057,40.69072662264133,-111.49673800313964,6953.5,3,64.1,44.3,52.3,0.0,0.0,0.0
2026-09-29,Canyons Downhill,Pinebrook,WG061,40.68430916809496,-111.56849091879047,7666.2,45,59.8,41.2,49.3,0.0,0.0,0.0
2026-09-29,Catherine's Pass Trail,Park City / PCMR,WG010,40.585096359880005,-111.59078643106362,9753.9,3,49.6,35.4,41.2,0.0,0.0,0.0
2026-09-29,Claim Jumper,Park City / PCMR,WG036,40.63958065995946,-111.52518162563226,8147.6,45,55.9,39.3,46.3,0.0,0.0,0.0
2026-09-29,Clayton Peak Trail,Park City / PCMR,WG010,40.58693552999217,-111.57085635011327,9813.5,3,49.6,35.4,41.2,0.0,0.0,0.0
2026-09-29,Cobblestone Loop,Jeremy Ranch / Glenwild,WG084,40.75845647840704,-111.52582619388934,6805.4,3,64.7,43.8,52.9,0.0,0.0,0.0
2026-09-29,Cobblestone Trail,Jeremy Ranch / Glenwild,WG084,40.75512641497514,-111.52744418745776,6723.8,3,64.7,43.8,52.9,0.0,0.0,0.0
2026-09-29,Colin's Trail,Jeremy Ranch / Glenwild,WG060,40.69629937433107,-111.55671582168428,7029.9,3,63.0,44.3,52.0,0.0,0.0,0.0
2026-09-29,Colony Mid Mountain Connector,Park City / PCMR,WG052,40.65011049975458,-111.53932673410868,8429.2,45,55.0,38.9,45.6,0.0,0.0,0.0
2026-09-29,Comstock Mine Trail,Park City / PCMR,WG019,40.62270505527668,-111.54357954562096,8723.6,45,53.3,38.2,44.4,0.0,0.0,0.0
2026-09-29,Constellation Trail,Jordanelle,WG026,40.6428753631073,-111.43505033038012,6261.6,3,68.2,46.2,54.6,0.0,0.0,0.0
2026-09-29,Corvair,Deer Valley,WG016,40.61099169805087,-111.51230389508405,8648.6,3,53.2,38.1,44.2,0.0,0.0,0.0
2026-09-29,Corvair (Upper),Deer Valley,WG016,40.60840912265719,-111.51090449857222,8883.3,3,53.2,38.1,44.2,0.0,0.0,0.0
2026-09-29,Corvair Connector,Deer Valley,WG016,40.61070239150149,-111.5115633319795,8812.1,3,53.2,38.1,44.2,0.0,0.0,0.0
2026-09-29,Cousin Eddy Trail,Clark Ranch,WG044,40.66170094764518,-111.45386933866466,6817.2,3,64.2,44.4,51.9,0.0,0.0,0.0
2026-09-29,Coyote Loop Trail,Jordanelle,WG001,40.58676467246392,-111.40272629625528,6895.7,3,65.9,43.8,52.8,0.0,0.0,0.0
2026-09-29,Crazy Eights,Jeremy Ranch / Glenwild,WG077,40.74908550583131,-111.55291850861556,6580.7,3,65.8,44.7,53.5,0.0,0.0,0.0
2026-09-29,Crescent Ridge,Park City / PCMR,WG036,40.64328062856461,-111.5205999025961,8289.2,45,55.9,39.3,46.3,0.0,0.0,0.0
2026-09-29,Cutter Lane,Jeremy Ranch / Glenwild,WG068,40.7083260127391,-111.53140227257067,6437.7,3,66.5,46.3,54.4,0.0,0.0,0.0
2026-09-29,Cyn City,Park City / PCMR,WG016,40.62106458390316,-111.52108056020784,8700.1,3,53.2,38.1,44.2,0.0,0.0,0.0
2026-09-29,Daily Overlook,Deer Valley,WG031,40.631723443280656,-111.4987920660294,7430.4,45,59.9,43.7,50.3,0.0,0.0,0.0
2026-09-29,Daly Avenue,Deer Valley,WG031,40.63079192228995,-111.49966938212476,7430.3,45,59.9,43.7,50.3,0.0,0.0,0.0
2026-09-29,Daly Bypass,Deer Valley,WG031,40.63469577874592,-111.4972952534869,7351.3,45,59.9,43.7,50.3,0.0,0.0,0.0
2026-09-29,Daly Canyon,Deer Valley,WG011,40.620194319264456,-111.50922727258838,7986.4,45,57.4,40.8,47.8,0.0,0.0,0.0
2026-09-29,Daly Grind,Deer Valley,WG011,40.62436395642222,-111.5065519695764,7745.3,45,57.4,40.8,47.8,0.0,0.0,0.0
2026-09-29,Dawns Trail,Park City / PCMR,WG051,40.65039115727101,-111.52578815180028,7505.7,45,60.4,43.0,50.1,0.0,0.0,0.0
2026-09-29,Dead Reckoning,Summit Park,WG078,40.74804102527887,-111.5901705440554,6808.0,3,65.4,43.0,52.5,0.0,0.0,0.0
2026-09-29,Dead Tree,Park City / PCMR,WG021,40.611358588022426,-111.54588982448988,9653.6,3,49.1,35.7,40.9,0.0,0.0,0.0
2026-09-29,Deep Park Circle,Jordanelle,WG026,40.626894083286025,-111.43587347972714,6383.2,3,68.2,46.2,54.6,0.0,0.0,0.0
2026-09-29,Deer Camp,Deer Valley,WG013,40.60519585339864,-111.4911066437841,8920.6,3,53.3,38.2,44.4,0.0,0.0,0.0
2026-09-29,Deer Crest,Deer Valley,WG029,40.63553157935396,-111.47424740401932,7612.2,45,59.0,42.8,49.3,0.0,0.0,0.0
2026-09-29,Devo,Deer Valley,WG032,40.6296740826892,-111.48374523511592,7963.4,45,58.6,42.4,49.0,0.0,0.0,0.0
2026-09-29,Discovery,Summit Park,WG078,40.74903521550762,-111.59463162387972,6614.4,3,65.4,43.0,52.5,0.0,0.0,0.0
2026-09-29,Downward Dog,Round Valley,WG057,40.68865758594976,-111.48489883261024,6958.5,3,64.1,44.3,52.3,0.0,0.0,0.0
2026-09-29,Dropout,Jeremy Ranch / Glenwild,WG077,40.74673233142679,-111.55449028155309,6576.0,3,65.8,44.7,53.5,0.0,0.0,0.0
2026-09-29,Dubois,Jeremy Ranch / Glenwild,WG059,40.698630398586985,-111.55581872982933,6878.9,3,65.4,45.2,53.3,0.0,0.0,0.0
2026-09-29,Eagle Cove,Round Valley,WG057,40.68665016051084,-111.49786169389527,6799.6,3,64.1,44.3,52.3,0.0,0.0,0.0
2026-09-29,Eagle Trail,Park City / PCMR,WG051,40.65138382915936,-111.51929067308184,7664.9,45,60.4,43.0,50.1,0.0,0.0,0.0
2026-09-29,Eagle Way,Park City / PCMR,WG048,40.65295946154777,-111.48775315119684,7538.9,45,59.4,43.2,49.8,0.0,0.0,0.0
2026-09-29,East Fallen Pines Lane,Park City / PCMR,WG022,40.61551642366452,-111.57912837068116,8712.4,3,53.9,38.7,44.8,0.0,0.0,0.0
2026-09-29,Easy Rider,Park City / PCMR,WG009,40.59580193116481,-111.57632308440664,9141.3,3,51.5,37.3,43.1,0.0,0.0,0.0
2026-09-29,Ecker Hill Trail,Pinebrook,WG076,40.740364526144575,-111.5667817840803,6401.3,3,66.5,45.4,54.2,0.0,0.0,0.0
2026-09-29,Empire Alternate,Deer Valley,WG032,40.62635819528807,-111.50016350153602,7943.1,45,58.6,42.4,49.0,0.0,0.0,0.0
2026-09-29,Empire Link,Deer Valley,WG012,40.62422557470265,-111.50748256286928,8022.2,3,55.7,40.5,46.7,0.0,0.0,0.0
2026-09-29,Empire Lodge,Deer Valley,WG015,40.61442062316093,-111.51298418240138,8439.2,45,56.0,39.4,46.4,0.0,0.0,0.0
2026-09-29,Empire Pass Connector,Deer Valley,WG016,40.60627316294136,-111.51481095351645,8948.4,3,53.2,38.1,44.2,0.0,0.0,0.0
2026-09-29,Equestrian,Round Valley,WG067,40.70215181343843,-111.50219785223597,6719.1,3,65.5,43.9,52.7,0.0,0.0,0.0
2026-09-29,Euston,Round Valley,WG047,40.65772556817424,-111.48315877249176,7062.9,3,62.4,44.7,51.5,0.0,0.0,0.0
2026-09-29,Evil Empire,Park City / PCMR,WG016,40.61923823662483,-111.52513988679308,8746.8,3,53.2,38.1,44.2,0.0,0.0,0.0
2026-09-29,Fairway Hills Trail,Round Valley,WG055,40.67853348641883,-111.47699791832557,6747.4,3,64.7,43.5,51.9,0.0,0.0,0.0
2026-09-29,Family Truckster Trail,Clark Ranch,WG044,40.66038172048119,-111.452885753204,6847.4,3,64.2,44.4,51.9,0.0,0.0,0.0
2026-09-29,Fast Pitch Trail,Round Valley,WG055,40.6798165110769,-111.47671870073196,6759.1,3,64.7,43.5,51.9,0.0,0.0,0.0
2026-09-29,Fat Lip,Park City / PCMR,WG016,40.62192963761681,-111.5279713594279,8931.1,3,53.2,38.1,44.2,0.0,0.0,0.0
2026-09-29,Field Stone,Round Valley,WG067,40.71706243943152,-111.49059329339536,6526.3,3,65.5,43.9,52.7,0.0,0.0,0.0
2026-09-29,Fink Again,Jeremy Ranch / Glenwild,WG086,40.75125285000831,-111.55541181172696,6586.2,3,65.7,44.5,53.3,0.0,0.0,0.0
2026-09-29,Finns,Deer Valley,WG028,40.640763495812735,-111.47689190658058,7214.2,45,60.3,44.1,50.7,0.0,0.0,0.0
2026-09-29,Fireswamp,Deer Valley,WG013,40.61340925382439,-111.48239833860336,8873.0,3,53.3,38.2,44.4,0.0,0.0,0.0
2026-09-29,First Time,Park City / PCMR,WG050,40.65050878239233,-111.51048291433958,7041.1,3,62.8,45.2,51.9,0.0,0.0,0.0
2026-09-29,First Time Return,Park City / PCMR,WG050,40.65021414919943,-111.51090683334832,7073.8,3,62.8,45.2,51.9,0.0,0.0,0.0
2026-09-29,Flagstaff Loop,Deer Valley,WG013,40.60758047007656,-111.496735533601,8898.0,3,53.3,38.2,44.4,0.0,0.0,0.0
2026-09-29,Flat Cable,Park City / PCMR,WG032,40.644102718034645,-111.505628746172,7565.4,45,58.6,42.4,49.0,0.0,0.0,0.0
2026-09-29,Flat Iron,Park City / PCMR,WG036,40.62696082564811,-111.51719430456902,8393.5,45,55.9,39.3,46.3,0.0,0.0,0.0
2026-09-29,Flying Dog,Jeremy Ranch / Glenwild,WG087,40.77237660098178,-111.54161762597796,7321.2,3,62.6,41.5,50.5,0.0,0.0,0.0
2026-09-29,Forest Glen Trail,Park City / PCMR,WG022,40.61089948644494,-111.5784844905115,8765.8,3,53.9,38.7,44.8,0.0,0.0,0.0
2026-09-29,Fox Tail Trail,Round Valley,WG045,40.66564803508002,-111.47503092801368,7133.0,3,62.1,44.5,51.2,0.0,0.0,0.0
2026-09-29,Freemason,Park City / PCMR,WG046,40.65768683021079,-111.49819012622744,6949.6,3,63.4,45.8,52.5,0.0,0.0,0.0
2026-09-29,Full Steam Billy,Park City / PCMR,WG031,40.64842922650065,-111.4945100220623,7246.4,45,59.9,43.7,50.3,0.0,0.0,0.0
2026-09-29,Gambel Oak Cut,Round Valley,WG045,40.65967079074984,-111.47871602858976,7240.9,3,62.1,44.5,51.2,0.0,0.0,0.0
2026-09-29,Gambel Oak North,Park City / PCMR,WG047,40.65915752473873,-111.48180315635692,7112.6,3,62.4,44.7,51.5,0.0,0.0,0.0
2026-09-29,Gambel Oak Trail,Park City / PCMR,WG031,40.64847351910524,-111.48419757905585,7408.0,45,59.9,43.7,50.3,0.0,0.0,0.0
2026-09-29,Gap Bypass Trail,Deer Valley,WG028,40.64123747413292,-111.47577580871994,7306.6,45,60.3,44.1,50.7,0.0,0.0,0.0
2026-09-29,Gap Loop,Deer Valley,WG028,40.6409109833561,-111.47399614902376,7445.8,45,60.3,44.1,50.7,0.0,0.0,0.0
2026-09-29,Glenwild Loop,Jeremy Ranch / Glenwild,WG075,40.73989427988239,-111.52813430357229,6701.6,3,65.7,44.6,53.4,0.0,0.0,0.0
2026-09-29,Glenwild Loop / Wasatch,Jeremy Ranch / Glenwild,WG074,40.74589846722535,-111.509614206256,6451.3,3,66.5,44.4,53.6,0.0,0.0,0.0
2026-09-29,Gold Finger,Park City / PCMR,WG053,40.65997467243904,-111.55431689925648,8081.9,45,55.9,39.8,46.5,0.0,0.0,0.0
2026-09-29,Golden Needle,Park City / PCMR,WG008,40.59452078975266,-111.56725110409884,9811.4,3,49.1,35.7,40.9,0.0,0.0,0.0
2026-09-29,Gorgoza Park,Pinebrook,WG089,40.75144469967726,-111.581432624726,6619.5,3,65.7,43.3,52.8,0.0,0.0,0.0
2026-09-29,Gotcha Cuttoff,Park City / PCMR,WG035,40.64587964864319,-111.5166123821088,7673.2,45,60.0,42.6,49.7,0.0,0.0,0.0
2026-09-29,Grave Digger,Deer Valley,WG032,40.62962271716946,-111.50201210924322,7682.6,45,58.6,42.4,49.0,0.0,0.0,0.0
2026-09-29,Great Western Trail,Wasatch Crest / Millcreek,WG092,40.77286580912175,-111.6406537725031,7571.3,3,62.8,40.0,49.5,0.0,0.0,0.0
2026-09-29,Great Western Trail / Great Western Trail bypass,Wasatch Crest / Millcreek,WG091,40.7535574542296,-111.6313027356856,7111.8,3,63.8,42.6,51.5,0.0,0.0,0.0
2026-09-29,H.A.M.,Park City / PCMR,WG035,40.64547382276132,-111.53139851516626,7780.5,45,60.0,42.6,49.7,0.0,0.0,0.0
2026-09-29,Hang Time South,Park City / PCMR,WG046,40.65853660632904,-111.49606808644194,6970.8,3,63.4,45.8,52.5,0.0,0.0,0.0
2026-09-29,Happy Gilmor,Round Valley,WG067,40.70712360033319,-111.5014684546231,6569.0,3,65.5,43.9,52.7,0.0,0.0,0.0
2026-09-29,Happy Trailside,Round Valley,WG067,40.708413441306845,-111.50471867526606,6595.6,3,65.5,43.9,52.7,0.0,0.0,0.0
2026-09-29,Hat Trick Trail,Round Valley,WG055,40.678830976721535,-111.47596646172724,6757.0,3,64.7,43.5,51.9,0.0,0.0,0.0
2026-09-29,Heard It Both Ways Trail,Deer Valley,WG004,40.593082879194085,-111.49125770411068,8855.0,3,53.7,38.5,44.7,0.0,0.0,0.0
2026-09-29,Hidden Cove,Summit Park,WG089,40.756655895607175,-111.597334386164,6686.2,3,65.7,43.3,52.8,0.0,0.0,0.0
2026-09-29,High Meadows Connector,Pinebrook,WG076,40.74134938710701,-111.56847869190176,6429.9,3,66.5,45.4,54.2,0.0,0.0,0.0
2026-09-29,High Side,Round Valley,WG055,40.69388247977245,-111.4770589235944,6909.3,3,64.7,43.5,51.9,0.0,0.0,0.0
2026-09-29,Holly's,Pinebrook,WG063,40.68604417524608,-111.57782170773478,7824.2,45,59.4,40.9,49.0,0.0,0.0,0.0
2026-09-29,Holy Roller,Deer Valley,WG013,40.6113609111251,-111.48708066137604,8716.2,3,53.3,38.2,44.4,0.0,0.0,0.0
2026-09-29,Humdinger,Deer Valley,WG029,40.626356336628135,-111.46720603877804,7537.3,45,59.0,42.8,49.3,0.0,0.0,0.0
2026-09-29,Insurgent,Jeremy Ranch / Glenwild,WG063,40.68610182305705,-111.58195303109213,7873.2,45,59.4,40.9,49.0,0.0,0.0,0.0
2026-09-29,Io Trail (Middle),Deer Valley,WG017,40.61025792344493,-111.52770861008732,9342.5,45,51.5,36.4,42.6,0.0,0.0,0.0
2026-09-29,Iron Bill,Jeremy Ranch / Glenwild,WG071,40.70817834974828,-111.55726593666238,7034.2,3,62.5,43.7,51.4,0.0,0.0,0.0
2026-09-29,Iron Man,Park City / PCMR,WG053,40.6585520468376,-111.5452566956134,8305.8,45,55.9,39.8,46.5,0.0,0.0,0.0
2026-09-29,Iron Mountain Trail,Park City / PCMR,WG054,40.65649532455427,-111.54475504732362,8753.8,45,53.9,37.8,44.5,0.0,0.0,0.0
2026-09-29,Izzy's Inferno (Dog Pound),Deer Valley,WG012,40.619811878384205,-111.48856422719636,8193.5,3,55.7,40.5,46.7,0.0,0.0,0.0
2026-09-29,Jailbreak,Jeremy Ranch / Glenwild,WG085,40.75712939272894,-111.56214780445411,6277.4,3,67.0,44.6,54.1,0.0,0.0,0.0
2026-09-29,Jeep Hill (Safety Coridoor),Deer Valley,WG013,40.60451306969404,-111.50923514571896,8820.6,3,53.3,38.2,44.4,0.0,0.0,0.0
2026-09-29,Jenni's Trail,Park City / PCMR,WG034,40.64869166733497,-111.51220769740809,7207.7,45,61.3,43.9,51.1,0.0,0.0,0.0
2026-09-29,Jenni's Trail upper,Park City / PCMR,WG035,40.63937813819639,-111.5112423147728,7789.7,45,60.0,42.6,49.7,0.0,0.0,0.0
2026-09-29,Johns '99,Park City / PCMR,WG033,40.62911828578874,-111.50998374795329,8128.2,45,56.7,40.1,47.1,0.0,0.0,0.0
2026-09-29,Johns 99,Deer Valley,WG015,40.62450457371346,-111.51231498110546,8231.6,45,56.0,39.4,46.4,0.0,0.0,0.0
2026-09-29,Johns Trail,Park City / PCMR,WG033,40.63760825426597,-111.50539626371148,8041.4,45,56.7,40.1,47.1,0.0,0.0,0.0
2026-09-29,Jordanelle (West Bank) Trail,Jordanelle,WG026,40.63639192686843,-111.4311179892118,6210.9,3,68.2,46.2,54.6,0.0,0.0,0.0
2026-09-29,Jordanelle Perimeter Trail,Jordanelle,WG024,40.633349610731685,-111.4121970547725,6216.7,3,68.4,46.4,54.7,0.0,0.0,0.0
2026-09-29,Jupiter Peak,Park City / PCMR,WG021,40.610319419324455,-111.54904593331813,9871.3,3,49.1,35.7,40.9,0.0,0.0,0.0
2026-09-29,Jupiter Ridge,Park City / PCMR,WG018,40.61268065771163,-111.53867835914352,9869.4,3,49.3,35.9,41.1,0.0,0.0,0.0
2026-09-29,Kaboom Trail / Call Sign Casa Trail,Jordanelle,WG027,40.62794719612903,-111.45468580169128,6888.6,3,64.5,45.9,53.1,0.0,0.0,0.0
2026-09-29,Kari's,Round Valley,WG055,40.69160040530727,-111.47515847036864,6850.2,3,64.7,43.5,51.9,0.0,0.0,0.0
2026-09-29,Keetley,Jordanelle,WG024,40.6438983646529,-111.4097274639112,6255.4,3,68.4,46.4,54.7,0.0,0.0,0.0
2026-09-29,Keystone Trail,Park City / PCMR,WG037,40.62506440637064,-111.53055382777043,8890.7,45,54.7,38.2,45.2,0.0,0.0,0.0
2026-09-29,La Dee Duh,Round Valley,WG057,40.69261799590889,-111.5001632592338,6864.5,3,64.1,44.3,52.3,0.0,0.0,0.0
2026-09-29,Lavina,Deer Valley,WG006,40.58376333945228,-111.52567195673171,8621.7,3,54.1,38.9,45.1,0.0,0.0,0.0
2026-09-29,Legacy Loop,Jeremy Ranch / Glenwild,WG071,40.705995804360256,-111.55961886682412,7342.6,3,62.5,43.7,51.4,0.0,0.0,0.0
2026-09-29,Legacy Ridge,Jeremy Ranch / Glenwild,WG071,40.70648419743829,-111.5603960205038,7414.3,3,62.5,43.7,51.4,0.0,0.0,0.0
2026-09-29,Legacy. Loop,Jeremy Ranch / Glenwild,WG071,40.70737188748682,-111.5599210439625,7363.1,3,62.5,43.7,51.4,0.0,0.0,0.0
2026-09-29,Link,Deer Valley,WG015,40.624117394272574,-111.51614328186776,8385.3,45,56.0,39.4,46.4,0.0,0.0,0.0
2026-09-29,Little Chief,Deer Valley,WG015,40.61872839208637,-111.51243052868438,8322.6,45,56.0,39.4,46.4,0.0,0.0,0.0
2026-09-29,Little Engine Trail,Summit Park,WG089,40.756690732809,-111.59562244098744,6709.3,3,65.7,43.3,52.8,0.0,0.0,0.0
2026-09-29,Little Stick,Deer Valley,WG028,40.63409637421967,-111.478301770839,7464.6,45,60.3,44.1,50.7,0.0,0.0,0.0
2026-09-29,Longview,Jordanelle,WG040,40.65785550770212,-111.4151527495857,6299.6,3,68.2,46.2,54.5,0.0,0.0,0.0
2026-09-29,Looney Tunes Trail,Jordanelle,WG002,40.58370423178651,-111.40605522395904,7149.3,3,64.2,42.1,51.1,0.0,0.0,0.0
2026-09-29,Loose Moose,Park City / PCMR,WG031,40.64358346695202,-111.50940341630726,7446.3,45,59.9,43.7,50.3,0.0,0.0,0.0
2026-09-29,Lost Prospector,Park City / PCMR,WG047,40.659849225736586,-111.4888557229514,7044.5,3,62.4,44.7,51.5,0.0,0.0,0.0
2026-09-29,Lower Devo Trail,Deer Valley,WG032,40.63290230557317,-111.48205615844142,7656.5,45,58.6,42.4,49.0,0.0,0.0,0.0
2026-09-29,Lower Masonic,Park City / PCMR,WG047,40.65358630670372,-111.49972319928794,7113.0,3,62.4,44.7,51.5,0.0,0.0,0.0
2026-09-29,Lower Sparky Trail,Clark Ranch,WG044,40.66761130235187,-111.4559551589961,6689.8,3,64.2,44.4,51.9,0.0,0.0,0.0
2026-09-29,Lower Village,Deer Valley,WG028,40.64043848354113,-111.46360640728942,7008.1,45,60.3,44.1,50.7,0.0,0.0,0.0
2026-09-29,Lynx #2,Round Valley,WG044,40.66734087696376,-111.46694625830712,6898.8,3,64.2,44.4,51.9,0.0,0.0,0.0
2026-09-29,Masonic,Park City / PCMR,WG047,40.65628760128763,-111.48965728213436,7283.0,3,62.4,44.7,51.5,0.0,0.0,0.0
2026-09-29,Matt's Flat,Round Valley,WG057,40.68924275786925,-111.49221205396208,6921.6,3,64.1,44.3,52.3,0.0,0.0,0.0
2026-09-29,McConkeys,Park City / PCMR,WG016,40.617956923480186,-111.52625119796232,8958.8,3,53.2,38.1,44.2,0.0,0.0,0.0
2026-09-29,McConkeys / Io Trail (Middle),Park City / PCMR,WG018,40.61168680632571,-111.53326494678502,9588.6,3,49.3,35.9,41.1,0.0,0.0,0.0
2026-09-29,McHenry Avenue,Deer Valley,WG031,40.640126864152855,-111.49219625319049,7274.9,45,59.9,43.7,50.3,0.0,0.0,0.0
2026-09-29,Mid-Mountain Connect,Park City / PCMR,WG036,40.63223012461414,-111.51309555497544,8201.7,45,55.9,39.3,46.3,0.0,0.0,0.0
2026-09-29,Mid-Mountain Trail,Park City / PCMR,WG036,40.64534582424172,-111.53118141177607,8168.3,45,55.9,39.3,46.3,0.0,0.0,0.0
2026-09-29,Milky Way,Jordanelle,WG042,40.65767372971338,-111.43373089841624,6795.1,3,65.3,44.3,52.2,0.0,0.0,0.0
2026-09-29,Milky Way / Two Rocks,Jordanelle,WG042,40.66056479638159,-111.42608338059031,6558.6,3,65.3,44.3,52.2,0.0,0.0,0.0
2026-09-29,Miner's Mile,Park City / PCMR,WG036,40.62728968091632,-111.51804021102016,8457.0,45,55.9,39.3,46.3,0.0,0.0,0.0
2026-09-29,Miss Billy's,Jeremy Ranch / Glenwild,WG059,40.69127466685039,-111.54016400735836,6614.6,3,65.4,45.2,53.3,0.0,0.0,0.0
2026-09-29,Mojave,Park City / PCMR,WG037,40.634971780917176,-111.5211432294971,8540.4,45,54.7,38.2,45.2,0.0,0.0,0.0
2026-09-29,Moose Hollow,Summit Park,WG088,40.76397899834495,-111.58866445905328,6467.6,3,66.4,44.1,53.6,0.0,0.0,0.0
2026-09-29,Moose Poop,Deer Valley,WG032,40.633538239133244,-111.50120248027572,7607.1,45,58.6,42.4,49.0,0.0,0.0,0.0
2026-09-29,Moose Puddle,Pinebrook,WG071,40.70548588260783,-111.56718578772085,7487.6,3,62.5,43.7,51.4,0.0,0.0,0.0
2026-09-29,Moose Tracks Trail,Park City / PCMR,WG009,40.59516414126596,-111.57427709390586,9258.1,3,51.5,37.3,43.1,0.0,0.0,0.0
2026-09-29,Moosebones,Deer Valley,WG013,40.61167254823319,-111.50326786094648,8857.2,3,53.3,38.2,44.4,0.0,0.0,0.0
2026-09-29,Moosehouse,Park City / PCMR,WG032,40.63204398195126,-111.5038481086022,7902.6,45,58.6,42.4,49.0,0.0,0.0,0.0
2026-09-29,Mother Urban,Deer Valley,WG032,40.63167066031289,-111.5034058570439,7904.1,45,58.6,42.4,49.0,0.0,0.0,0.0
2026-09-29,Mountain Ranch,Jeremy Ranch / Glenwild,WG066,40.719482563829935,-111.5082007499112,6453.3,3,66.1,44.4,53.2,0.0,0.0,0.0
2026-09-29,Mountain Ranch Estates,Round Valley,WG067,40.7173985998433,-111.50812726137713,6520.0,3,65.5,43.9,52.7,0.0,0.0,0.0
2026-09-29,Mountain Willow,Round Valley,WG067,40.71402930681007,-111.48565937361776,6571.7,3,65.5,43.9,52.7,0.0,0.0,0.0
2026-09-29,Mr Muchrocks,Round Valley,WG067,40.70904482572548,-111.50323360919846,6653.2,3,65.5,43.9,52.7,0.0,0.0,0.0
2026-09-29,NCS,Deer Valley,WG032,40.62911396321707,-111.4803727621932,7992.5,45,58.6,42.4,49.0,0.0,0.0,0.0
2026-09-29,Nick NAC,Round Valley,WG057,40.69210865876878,-111.490120990647,6959.3,3,64.1,44.3,52.3,0.0,0.0,0.0
2026-09-29,No Worries,Summit Park,WG081,40.73716048778493,-111.60234213265907,7289.1,3,62.4,43.0,50.8,0.0,0.0,0.0
2026-09-29,North 400 West,Jeremy Ranch / Glenwild,WG068,40.70279368500318,-111.51897621463831,6441.4,3,66.5,46.3,54.4,0.0,0.0,0.0
2026-09-29,North Ross Creek Trail,Jordanelle,WG041,40.66585897507511,-111.42082357173696,6405.0,3,67.8,45.8,54.1,0.0,0.0,0.0
2026-09-29,Nowhere Elks,Round Valley,WG058,40.69018989582584,-111.48311322310164,7036.6,3,63.5,43.7,51.7,0.0,0.0,0.0
2026-09-29,OMG,Deer Valley,WG032,40.631226274970665,-111.4973428195913,7571.3,45,58.6,42.4,49.0,0.0,0.0,0.0
2026-09-29,OMH,Pinebrook,WG070,40.71997692753587,-111.55773747935044,6677.5,3,65.4,44.2,53.0,0.0,0.0,0.0
2026-09-29,Oh Deer Flow,Jordanelle,WG041,40.66237367218405,-111.42118550237925,6403.1,3,67.8,45.8,54.1,0.0,0.0,0.0
2026-09-29,Old Homeward Bound,Deer Valley,WG012,40.61357496233911,-111.48964629692756,8441.1,3,55.7,40.5,46.7,0.0,0.0,0.0
2026-09-29,Old Skool,Deer Valley,WG032,40.631898683587,-111.48423208918877,7827.2,45,58.6,42.4,49.0,0.0,0.0,0.0
2026-09-29,Old Stage Crest Connect,Park City / PCMR,WG023,40.61247305094488,-111.5715274805363,9057.3,45,52.1,37.1,43.2,0.0,0.0,0.0
2026-09-29,Olympic,Pinebrook,WG064,40.69996684096533,-111.57868853500152,8004.0,3,57.7,40.4,47.4,0.0,0.0,0.0
2026-09-29,Ontario Canyon,Deer Valley,WG013,40.61130277448227,-111.48755898005427,8755.1,3,53.3,38.2,44.4,0.0,0.0,0.0
2026-09-29,Ontario Ridge,Deer Valley,WG032,40.62821582013441,-111.49780973717266,7815.3,45,58.6,42.4,49.0,0.0,0.0,0.0
2026-09-29,Ore Cart,Deer Valley,WG015,40.621755910380834,-111.51139929264724,8146.4,45,56.0,39.4,46.4,0.0,0.0,0.0
2026-09-29,Outlook,Deer Valley,WG029,40.63657831428653,-111.4685462481628,7646.2,45,59.0,42.8,49.3,0.0,0.0,0.0
2026-09-29,Pale Green Dot,Summit Park,WG078,40.74689592786439,-111.59182437672968,6802.1,3,65.4,43.0,52.5,0.0,0.0,0.0
2026-09-29,Parley's Lane,Summit Park,WG089,40.75375624958085,-111.59849347383722,6719.0,3,65.7,43.3,52.8,0.0,0.0,0.0
2026-09-29,Payday,Park City / PCMR,WG035,40.64053545819342,-111.51124538504462,7598.1,45,60.0,42.6,49.7,0.0,0.0,0.0
2026-09-29,Payroll,Deer Valley,WG013,40.61095393430099,-111.5094443089702,8630.4,3,53.3,38.2,44.4,0.0,0.0,0.0
2026-09-29,Pedalers Inn,Deer Valley,WG012,40.61923438649311,-111.4865707901735,8286.8,3,55.7,40.5,46.7,0.0,0.0,0.0
2026-09-29,Perrier Pass,Park City / PCMR,WG017,40.61814002894983,-111.53826776190397,9445.9,45,51.5,36.4,42.6,0.0,0.0,0.0
2026-09-29,Pinebrook Point,Pinebrook,WG089,40.75079411917499,-111.57994193527573,6623.3,3,65.7,43.3,52.8,0.0,0.0,0.0
2026-09-29,Pinebrook Pointe South,Pinebrook,WG078,40.74959135152933,-111.5795998040212,6632.5,3,65.4,43.0,52.5,0.0,0.0,0.0
2026-09-29,Pinebrook Southeast Perimeter / Hunter's Trail of the Mid Mountain,Pinebrook,WG072,40.71419878562093,-111.5896757552273,7875.5,3,60.9,41.6,49.3,0.0,0.0,0.0
2026-09-29,Pinebrook Southeast Perimeter / Pinebrook SE Perimeter,Pinebrook,WG079,40.72863077219642,-111.58102679054537,7392.0,3,62.2,43.5,51.2,0.0,0.0,0.0
2026-09-29,Pinebrook Southeast Perimeter Trail,Pinebrook,WG078,40.73058687532795,-111.57244227312069,6947.5,3,65.4,43.0,52.5,0.0,0.0,0.0
2026-09-29,Pinecone Ridge,Park City / PCMR,WG039,40.63337906740186,-111.54644099265712,9084.9,45,52.0,37.0,43.1,0.0,0.0,0.0
2026-09-29,Pioneer Ridge,Park City / PCMR,WG018,40.61649374604546,-111.53892521633333,9598.5,3,49.3,35.9,41.1,0.0,0.0,0.0
2026-09-29,Pipeline,Deer Valley,WG028,40.63885618836171,-111.46966538134832,7356.9,45,60.3,44.1,50.7,0.0,0.0,0.0
2026-09-29,Pointy Rocks,Deer Valley,WG031,40.63679995846106,-111.48172224533342,7428.0,45,59.9,43.7,50.3,0.0,0.0,0.0
2026-09-29,PorcUclimb,Round Valley,WG058,40.69402326414524,-111.48517031749344,7064.7,3,63.5,43.7,51.7,0.0,0.0,0.0
2026-09-29,Powerline,Pinebrook,WG078,40.74237998272819,-111.5716363238219,6548.4,3,65.4,43.0,52.5,0.0,0.0,0.0
2026-09-29,Powerline Connector,Pinebrook,WG078,40.74298978990414,-111.5728828415412,6585.6,3,65.4,43.0,52.5,0.0,0.0,0.0
2026-09-29,Powerline Trail,Park City / PCMR,WG036,40.63015217582808,-111.53743024085954,8362.6,45,55.9,39.3,46.3,0.0,0.0,0.0
2026-09-29,Practice Loops,Round Valley,WG055,40.68336469607561,-111.47532267974417,6752.0,3,64.7,43.5,51.9,0.0,0.0,0.0
2026-09-29,Preserve Connector,Jeremy Ranch / Glenwild,WG087,40.76330147562161,-111.54585203221042,7230.0,3,62.6,41.5,50.5,0.0,0.0,0.0
2026-09-29,Princess Di's,Clark Ranch,WG083,40.751465442037045,-111.43628535405452,6858.8,45,65.7,43.2,52.2,0.0,0.0,0.0
2026-09-29,Prospect,Deer Valley,WG031,40.63405408516434,-111.49547333835608,7482.8,45,59.9,43.7,50.3,0.0,0.0,0.0
2026-09-29,Pulp Friction,Round Valley,WG057,40.69884233324062,-111.50344523686547,6681.3,3,64.1,44.3,52.3,0.0,0.0,0.0
2026-09-29,Putty Tat Trail,Jordanelle,WG001,40.59267845848291,-111.40267007297948,6514.0,3,65.9,43.8,52.8,0.0,0.0,0.0
2026-09-29,Quinn's Connect,Round Valley,WG055,40.68185946906874,-111.4726829059293,6720.8,3,64.7,43.5,51.9,0.0,0.0,0.0
2026-09-29,RTS,Jeremy Ranch / Glenwild,WG070,40.71664642216084,-111.55523569599896,6598.1,3,65.4,44.2,53.0,0.0,0.0,0.0
2026-09-29,RTS / BLT,Jeremy Ranch / Glenwild,WG070,40.71544842193981,-111.5580228733734,6768.3,3,65.4,44.2,53.0,0.0,0.0,0.0
2026-09-29,Rademan Ridge,Round Valley,WG057,40.69522706920315,-111.49835765815162,6895.6,3,64.1,44.3,52.3,0.0,0.0,0.0
2026-09-29,Ramble On,Round Valley,WG067,40.70159467934347,-111.48028465593316,6781.5,3,65.5,43.9,52.7,0.0,0.0,0.0
2026-09-29,Rambler,Round Valley,WG057,40.69772226627651,-111.49065578495473,6809.2,3,64.1,44.3,52.3,0.0,0.0,0.0
2026-09-29,Rambler DT,Round Valley,WG056,40.699080350519786,-111.50674680507665,6485.7,3,66.1,44.4,53.2,0.0,0.0,0.0
2026-09-29,Red Bull,Park City / PCMR,WG035,40.63958635838598,-111.51326842477698,7769.0,45,60.0,42.6,49.7,0.0,0.0,0.0
2026-09-29,Regulator Trail,Deer Valley,WG033,40.62910164594688,-111.48142418804063,8033.8,45,56.7,40.1,47.1,0.0,0.0,0.0
2026-09-29,Richochet,Park City / PCMR,WG062,40.68638148266805,-111.57139393545772,7468.3,45,60.5,41.9,50.0,0.0,0.0,0.0
2026-09-29,Rinse Cycle Trail,Deer Valley,WG028,40.62990230274806,-111.45944053119273,7191.1,45,60.3,44.1,50.7,0.0,0.0,0.0
2026-09-29,Ripple Trail,Deer Valley,WG029,40.63554405253732,-111.47490110184252,7588.0,45,59.0,42.8,49.3,0.0,0.0,0.0
2026-09-29,Riverview West Trail,Jordanelle,WG001,40.58565113588149,-111.41386481977428,6730.6,3,65.9,43.8,52.8,0.0,0.0,0.0
2026-09-29,Road to WOS,Summit Park,WG082,40.73344363030311,-111.61407104321202,7712.2,3,61.0,41.6,49.4,0.0,0.0,0.0
2026-09-29,Rob's Trail,Pinebrook,WG063,40.69704664952428,-111.5702364046946,7584.0,45,59.4,40.9,49.0,0.0,0.0,0.0
2026-09-29,RocMon,Round Valley,WG055,40.68788668982749,-111.4548390225179,6677.5,3,64.7,43.5,51.9,0.0,0.0,0.0
2026-09-29,Rock Chuck Trail,Park City / PCMR,WG008,40.58874474594925,-111.56839301918852,9680.6,3,49.1,35.7,40.9,0.0,0.0,0.0
2026-09-29,Rogue Rider Trail,Park City / PCMR,WG020,40.60699361060532,-111.56187339427328,9423.9,45,51.2,36.2,42.3,0.0,0.0,0.0
2026-09-29,Rosebud,Park City / PCMR,WG036,40.63966083548988,-111.52257618003053,8390.4,45,55.9,39.3,46.3,0.0,0.0,0.0
2026-09-29,Rosebud's Heaven,Park City / PCMR,WG060,40.69195554103422,-111.5659528759652,7326.9,3,63.0,44.3,52.0,0.0,0.0,0.0
2026-09-29,Rossi Hill Trail,Deer Valley,WG031,40.63808222920599,-111.4919292526201,7341.8,45,59.9,43.7,50.3,0.0,0.0,0.0
2026-09-29,Round Valley Connect,Round Valley,WG067,40.70875221615484,-111.50427592382064,6606.7,3,65.5,43.9,52.7,0.0,0.0,0.0
2026-09-29,Round Valley Connector,Round Valley,WG067,40.709506874143365,-111.48774034228174,6611.3,3,65.5,43.9,52.7,0.0,0.0,0.0
2026-09-29,Round Valley Express,Round Valley,WG057,40.69308554123404,-111.4897696424948,6812.1,3,64.1,44.3,52.3,0.0,0.0,0.0
2026-09-29,Rusty Shovel,Round Valley,WG057,40.69776625143012,-111.4804885556652,6868.8,3,64.1,44.3,52.3,0.0,0.0,0.0
2026-09-29,Rusty Spur,Round Valley,WG065,40.70159189598121,-111.4765958017646,6731.2,3,65.4,43.3,52.2,0.0,0.0,0.0
2026-09-29,SOS,Park City / PCMR,WG046,40.666448184385416,-111.48116864087982,6803.8,3,63.4,45.8,52.5,0.0,0.0,0.0
2026-09-29,SQ Connector Trail,Round Valley,WG055,40.68949659271035,-111.47067515084642,6728.8,3,64.7,43.5,51.9,0.0,0.0,0.0
2026-09-29,Sam's Trail,Deer Valley,WG012,40.61912724197413,-111.50964994268364,8145.3,3,55.7,40.5,46.7,0.0,0.0,0.0
2026-09-29,Saved By The Bell,Round Valley,WG067,40.71689792497153,-111.49958806368429,6568.5,3,65.5,43.9,52.7,0.0,0.0,0.0
2026-09-29,Scott's Bypass,Park City / PCMR,WG021,40.612047856355446,-111.55918064050742,9658.7,3,49.1,35.7,40.9,0.0,0.0,0.0
2026-09-29,Secret of My Success Trail,Deer Valley,WG033,40.62597453280468,-111.48566192002252,8293.6,45,56.7,40.1,47.1,0.0,0.0,0.0
2026-09-29,Seldom Seen,Park City / PCMR,WG034,40.64892938917546,-111.51571616491609,7435.6,45,61.3,43.9,51.1,0.0,0.0,0.0
2026-09-29,Seventy 101,Round Valley,WG057,40.68968411592925,-111.49103639156762,6974.3,3,64.1,44.3,52.3,0.0,0.0,0.0
2026-09-29,Shadow Lake,Park City / PCMR,WG020,40.61596037279941,-111.55009628848111,9179.4,45,51.2,36.2,42.3,0.0,0.0,0.0
2026-09-29,Shenanigans,Deer Valley,WG012,40.62034189886961,-111.49849814997506,8237.7,3,55.7,40.5,46.7,0.0,0.0,0.0
2026-09-29,Short Cut,Jeremy Ranch / Glenwild,WG064,40.68025862222409,-111.57883598783349,8081.5,3,57.7,40.4,47.4,0.0,0.0,0.0
2026-09-29,Short Fuse,Park City / PCMR,WG036,40.6346970517688,-111.52339576593836,8439.4,45,55.9,39.3,46.3,0.0,0.0,0.0
2026-09-29,Short Ribs,Summit Park,WG082,40.7348537895427,-111.62048055745409,7705.3,3,61.0,41.6,49.4,0.0,0.0,0.0
2026-09-29,Short Stack,Summit Park,WG082,40.73936874753804,-111.6200542747078,7652.8,3,61.0,41.6,49.4,0.0,0.0,0.0
2026-09-29,Silver Creek Trail,Round Valley,WG074,40.728195917662575,-111.48449884114967,6494.3,3,66.5,44.4,53.6,0.0,0.0,0.0
2026-09-29,Silver Gate,Round Valley,WG073,40.72728013881357,-111.46748664430804,6513.4,3,66.2,44.1,53.0,0.0,0.0,0.0
2026-09-29,Silver Queen,Park City / PCMR,WG037,40.63391819864852,-111.51755091640152,8558.9,45,54.7,38.2,45.2,0.0,0.0,0.0
2026-09-29,Silver Spur,Park City / PCMR,WG049,40.65266965116334,-111.5117818738982,6980.8,3,63.1,45.4,52.2,0.0,0.0,0.0
2026-09-29,Skid Row,Park City / PCMR,WG044,40.66845831872771,-111.47381352761975,6920.8,3,64.2,44.4,51.9,0.0,0.0,0.0
2026-09-29,Skyridge Peak Trail / Milky Way,Jordanelle,WG043,40.65984634182248,-111.4368345884266,7139.2,3,64.0,43.0,50.9,0.0,0.0,0.0
2026-09-29,Sloppy Joe,Round Valley,WG067,40.71599935057343,-111.49742827056478,6658.4,3,65.5,43.9,52.7,0.0,0.0,0.0
2026-09-29,Snake Pit Trail,Park City / PCMR,WG010,40.58750533085767,-111.57189033610032,9625.4,3,49.6,35.4,41.2,0.0,0.0,0.0
2026-09-29,Snowtop,Deer Valley,WG028,40.64752229561398,-111.4705824068134,7443.3,45,60.3,44.1,50.7,0.0,0.0,0.0
2026-09-29,Solamere,Deer Valley,WG045,40.65168830951934,-111.47267426337083,7304.0,3,62.1,44.5,51.2,0.0,0.0,0.0
2026-09-29,Solamere Connector,Deer Valley,WG045,40.651338463153365,-111.4797751905619,7331.1,3,62.1,44.5,51.2,0.0,0.0,0.0
2026-09-29,Somewhere Elks,Round Valley,WG055,40.68702802029736,-111.47813858810876,6977.4,3,64.7,43.5,51.9,0.0,0.0,0.0
2026-09-29,South Canyon,Round Valley,WG055,40.697084178294816,-111.45372200426904,6732.0,3,64.7,43.5,51.9,0.0,0.0,0.0
2026-09-29,South Sweeney,Park City / PCMR,WG031,40.64194117786604,-111.49870009761844,7400.1,45,59.9,43.7,50.3,0.0,0.0,0.0
2026-09-29,Spare Change,Summit Park,WG080,40.74164553017363,-111.60031464541484,6827.9,3,64.8,43.6,52.5,0.0,0.0,0.0
2026-09-29,Sparky's Return,Clark Ranch,WG044,40.6617858998794,-111.45698342605078,6783.6,3,64.2,44.4,51.9,0.0,0.0,0.0
2026-09-29,Speedbag,Deer Valley,WG011,40.624406811076895,-111.50919273225593,7987.6,45,57.4,40.8,47.8,0.0,0.0,0.0
2026-09-29,Spin Cycle Trail,Deer Valley,WG028,40.63411801502942,-111.46082430079326,7178.8,45,60.3,44.1,50.7,0.0,0.0,0.0
2026-09-29,Spiro Trail,Park City / PCMR,WG035,40.64755384631944,-111.52407012433112,7617.4,45,60.0,42.6,49.7,0.0,0.0,0.0
2026-09-29,St. Regis Trail,Deer Valley,WG028,40.639112933407205,-111.47591481144916,7383.3,45,60.3,44.1,50.7,0.0,0.0,0.0
2026-09-29,Stealth Connector / Pheasant Way,Jeremy Ranch / Glenwild,WG076,40.73167942348123,-111.54708752211994,6361.5,3,66.5,45.4,54.2,0.0,0.0,0.0
2026-09-29,Stealth Trail,Jeremy Ranch / Glenwild,WG077,40.73631275924013,-111.5447596003018,6560.0,3,65.8,44.7,53.5,0.0,0.0,0.0
2026-09-29,Steps,Park City / PCMR,WG037,40.63116043759045,-111.5173271228493,8520.8,45,54.7,38.2,45.2,0.0,0.0,0.0
2026-09-29,Stiff Upper Lip,Park City / PCMR,WG017,40.61611691879028,-111.52987009616064,9025.4,45,51.5,36.4,42.6,0.0,0.0,0.0
2026-09-29,Sunny Slopes Trail,Round Valley,WG057,40.68377753714063,-111.48540217687854,6826.8,3,64.1,44.3,52.3,0.0,0.0,0.0
2026-09-29,Sunset,Deer Valley,WG013,40.61222429898699,-111.48546906629171,8777.5,3,53.3,38.2,44.4,0.0,0.0,0.0
2026-09-29,Super G,Deer Valley,WG013,40.6078734147108,-111.486644562986,8939.8,3,53.3,38.2,44.4,0.0,0.0,0.0
2026-09-29,Sven,Jordanelle,WG040,40.66216079919324,-111.41880056586604,6299.4,3,68.2,46.2,54.5,0.0,0.0,0.0
2026-09-29,Sweeney Switchbacks,Park City / PCMR,WG031,40.64428684826398,-111.50263935593632,7442.9,45,59.9,43.7,50.3,0.0,0.0,0.0
2026-09-29,Sweeneys,Park City / PCMR,WG032,40.6416793962084,-111.50380066992643,7712.4,45,58.6,42.4,49.0,0.0,0.0,0.0
2026-09-29,T&G,Deer Valley,WG016,40.611941402305575,-111.51506977898008,8673.3,3,53.2,38.1,44.2,0.0,0.0,0.0
2026-09-29,T&G 2,Deer Valley,WG016,40.62089143656375,-111.51568549288604,8599.5,3,53.2,38.1,44.2,0.0,0.0,0.0
2026-09-29,TDS Ontario Bypass,Deer Valley,WG032,40.62591563844938,-111.49801252893096,7889.0,45,58.6,42.4,49.0,0.0,0.0,0.0
2026-09-29,TSP Skils Area,Round Valley,WG067,40.70929244417837,-111.50545423904256,6671.9,3,65.5,43.9,52.7,0.0,0.0,0.0
2026-09-29,Tall Oaks Circle,Pinebrook,WG078,40.73938310561022,-111.57541687830556,6961.5,3,65.4,43.0,52.5,0.0,0.0,0.0
2026-09-29,Tall T Trail,Deer Valley,WG007,40.59029104976929,-111.52734087474852,9033.3,3,52.4,37.3,43.5,0.0,0.0,0.0
2026-09-29,Tar Pits Jump Line,Round Valley,WG067,40.70948336187246,-111.50501444482678,6663.3,3,65.5,43.9,52.7,0.0,0.0,0.0
2026-09-29,Team Big Bear,Deer Valley,WG013,40.61639926546102,-111.50010669410356,8610.0,3,53.3,38.2,44.4,0.0,0.0,0.0
2026-09-29,Team Cutthroat Downhill,Jeremy Ranch / Glenwild,WG077,40.74619331694971,-111.55242052130288,6618.0,3,65.8,44.7,53.5,0.0,0.0,0.0
2026-09-29,Thaynes Canyon,Park City / PCMR,WG037,40.62644528922062,-111.539067377105,8520.6,45,54.7,38.2,45.2,0.0,0.0,0.0
2026-09-29,The Avenues,Summit Park,WG090,40.75998198374273,-111.6028265058925,7081.5,3,63.3,42.1,50.9,0.0,0.0,0.0
2026-09-29,The Graduate,Jeremy Ranch / Glenwild,WG085,40.7534431855279,-111.56237742796368,6343.1,3,67.0,44.6,54.1,0.0,0.0,0.0
2026-09-29,The Great Gazoo,Round Valley,WG067,40.70997890100696,-111.50140660314835,6662.9,3,65.5,43.9,52.7,0.0,0.0,0.0
2026-09-29,The Lookout,Deer Valley,WG032,40.62921554675458,-111.4942829189022,7693.2,45,58.6,42.4,49.0,0.0,0.0,0.0
2026-09-29,The Sheep Trail,Summit Park,WG094,40.75746633469589,-111.667341513995,6217.2,3,67.3,48.1,56.1,0.0,0.0,0.0
2026-09-29,The Up Trail,Summit Park,WG078,40.74822119025095,-111.58934600493023,6821.1,3,65.4,43.0,52.5,0.0,0.0,0.0
2026-09-29,The Upper Avenues,Summit Park,WG090,40.75942210135698,-111.60997791538348,7425.0,3,63.3,42.1,50.9,0.0,0.0,0.0
2026-09-29,Thieves Forest,Deer Valley,WG013,40.61553068086176,-111.48245627012813,8597.7,3,53.3,38.2,44.4,0.0,0.0,0.0
2026-09-29,Thieves Forrest,Deer Valley,WG014,40.611364491739,-111.4804590615015,9072.7,3,52.4,37.3,43.4,0.0,0.0,0.0
2026-09-29,Three Candles,Park City / PCMR,WG037,40.62931137475258,-111.52248914366156,8843.3,45,54.7,38.2,45.2,0.0,0.0,0.0
2026-09-29,Tidal Wave,Deer Valley,WG013,40.610548014761406,-111.48897388892838,8737.9,3,53.3,38.2,44.4,0.0,0.0,0.0
2026-09-29,Tideline,Jordanelle,WG025,40.64171272429878,-111.40053564270964,6530.0,3,67.3,45.4,53.7,0.0,0.0,0.0
2026-09-29,Tim Man,Round Valley,WG067,40.70348842863846,-111.50080894755244,6766.9,3,65.5,43.9,52.7,0.0,0.0,0.0
2026-09-29,Tommys Two Step,Park City / PCMR,WG036,40.629024211109055,-111.51829238121942,8474.2,45,55.9,39.3,46.3,0.0,0.0,0.0
2026-09-29,Tour De Homes,Deer Valley,WG032,40.63205110837411,-111.48826887414292,7813.1,45,58.6,42.4,49.0,0.0,0.0,0.0
2026-09-29,Tour De Suds (Upper),Deer Valley,WG013,40.614682713092186,-111.50609195133156,8563.5,3,53.3,38.2,44.4,0.0,0.0,0.0
2026-09-29,Town,Park City / PCMR,WG030,40.64755940729975,-111.49861999854691,6988.0,3,63.0,45.4,52.1,0.0,0.0,0.0
2026-09-29,Trailside,Round Valley,WG066,40.71864159830864,-111.50336949570412,6480.1,3,66.1,44.4,53.2,0.0,0.0,0.0
2026-09-29,Trailside Connector,Round Valley,WG067,40.71611276967259,-111.5017965665912,6504.2,3,65.5,43.9,52.7,0.0,0.0,0.0
2026-09-29,Trailside Loop,Round Valley,WG067,40.71199117049012,-111.50483999800892,6609.7,3,65.5,43.9,52.7,0.0,0.0,0.0
2026-09-29,Trappers Gate,Deer Valley,WG031,40.63197509989361,-111.497026036245,7462.8,45,59.9,43.7,50.3,0.0,0.0,0.0
2026-09-29,Trestle,Park City / PCMR,WG033,40.63650074050743,-111.50791633233914,8071.5,45,56.7,40.1,47.1,0.0,0.0,0.0
2026-09-29,Tricky Pickle Trail,Deer Valley,WG004,40.59197973531048,-111.49789592532872,8532.5,3,53.7,38.5,44.7,0.0,0.0,0.0
2026-09-29,Truckhole,Round Valley,WG067,40.704351116822174,-111.50022157042804,6773.9,3,65.5,43.9,52.7,0.0,0.0,0.0
2026-09-29,Trump,Deer Valley,WG013,40.60903529522874,-111.4964159868453,8771.6,3,53.3,38.2,44.4,0.0,0.0,0.0
2026-09-29,Tsunami,Deer Valley,WG013,40.61166268615432,-111.48706860055302,8747.8,3,53.3,38.2,44.4,0.0,0.0,0.0
2026-09-29,Tug of War Trail,Deer Valley,WG013,40.60218815889535,-111.4963014769127,8962.3,3,53.3,38.2,44.4,0.0,0.0,0.0
2026-09-29,Tweety Bird Trail,Jordanelle,WG001,40.59084253440856,-111.40816741687898,6568.1,3,65.9,43.8,52.8,0.0,0.0,0.0
2026-09-29,Twist & Shout,Deer Valley,WG012,40.61590669002216,-111.48826576454944,8415.6,3,55.7,40.5,46.7,0.0,0.0,0.0
2026-09-29,Twist and Shout,Deer Valley,WG013,40.61146669404505,-111.486662413967,8799.9,3,53.3,38.2,44.4,0.0,0.0,0.0
2026-09-29,Undertow Trail,Deer Valley,WG029,40.63057046785135,-111.47858549886824,7937.9,45,59.0,42.8,49.3,0.0,0.0,0.0
2026-09-29,Unga Bunga Skills and Pump Tradk,Round Valley,WG067,40.71158064400824,-111.50217787755837,6590.1,3,65.5,43.9,52.7,0.0,0.0,0.0
2026-09-29,Up Track,Round Valley,WG067,40.71007968280768,-111.50314659118624,6643.1,3,65.5,43.9,52.7,0.0,0.0,0.0
2026-09-29,Upper Devo Trail,Deer Valley,WG033,40.62826200901757,-111.4850494481263,8097.8,45,56.7,40.1,47.1,0.0,0.0,0.0
2026-09-29,Upper Loose,Park City / PCMR,WG032,40.64060205866311,-111.5081407284332,7678.0,45,58.6,42.4,49.0,0.0,0.0,0.0
2026-09-29,Upper Loose Moose,Park City / PCMR,WG032,40.64060459750891,-111.5062344507794,7788.9,45,58.6,42.4,49.0,0.0,0.0,0.0
2026-09-29,Upper Sparky Trail,Clark Ranch,WG044,40.6599723509711,-111.45534390616216,6878.4,3,64.2,44.4,51.9,0.0,0.0,0.0
2026-09-29,Village Pipeline Connector,Deer Valley,WG028,40.6391093200599,-111.472490526811,7336.8,45,60.3,44.1,50.7,0.0,0.0,0.0
2026-09-29,Village Trail,Deer Valley,WG028,40.64077448423082,-111.47113665558776,7315.2,45,60.3,44.1,50.7,0.0,0.0,0.0
2026-09-29,Village Trail / Pipeline,Deer Valley,WG028,40.64110752434245,-111.46934147070748,7182.6,45,60.3,44.1,50.7,0.0,0.0,0.0
2026-09-29,WOW (Wasatch Over Wasatch) Trail,Deer Valley,WG003,40.585198990338895,-111.50729227137398,8248.2,3,56.2,41.6,47.3,0.0,0.0,0.0
2026-09-29,Wada Way,Jordanelle,WG040,40.65139897157171,-111.41292348157292,6267.2,3,68.2,46.2,54.5,0.0,0.0,0.0
2026-09-29,Wasatch,Round Valley,WG074,40.742724215036304,-111.49568804225927,6475.9,3,66.5,44.4,53.6,0.0,0.0,0.0
2026-09-29,Wasatch Crest Connect,Park City / PCMR,WG020,40.616974136223725,-111.55736099806312,9245.9,45,51.2,36.2,42.3,0.0,0.0,0.0
2026-09-29,Wasatch Wiggle Trail,Park City / PCMR,WG010,40.58570056880523,-111.57390345809982,9702.8,3,49.6,35.4,41.2,0.0,0.0,0.0
2026-09-29,We'll Go From There,Jordanelle,WG027,40.633559740125165,-111.4528915193202,6692.5,3,64.5,45.9,53.1,0.0,0.0,0.0
2026-09-29,Winchester Trail,Jeremy Ranch / Glenwild,WG069,40.71094932830698,-111.54449441430567,6453.0,3,66.4,46.3,54.3,0.0,0.0,0.0
2026-09-29,Woodside Gulch,Deer Valley,WG032,40.63428272582461,-111.50200856347875,7635.5,45,58.6,42.4,49.0,0.0,0.0,0.0
2026-09-29,Wowza Downhill Trail,Deer Valley,WG006,40.58677474689952,-111.51626735679228,8564.8,3,54.1,38.9,45.1,0.0,0.0,0.0
2026-09-29,Wowza Trail,Deer Valley,WG006,40.58754867198866,-111.51557993987645,8552.8,3,54.1,38.9,45.1,0.0,0.0,0.0
2026-09-29,Yabba Dabba Doo,Round Valley,WG067,40.71031601545331,-111.5039304608668,6636.2,3,65.5,43.9,52.7,0.0,0.0,0.0
2026-09-29,Yeti's,Pinebrook,WG072,40.70910944007779,-111.57083697014414,7539.3,3,60.9,41.6,49.3,0.0,0.0,0.0
2026-09-29,You Get It,Jordanelle,WG027,40.63417280890808,-111.45447628262694,6774.5,3,64.5,45.9,53.1,0.0,0.0,0.0
2026-09-30,24-7,Jeremy Ranch / Glenwild,WG086,40.7580938928905,-111.55747502780672,6689.5,0,68.4,45.9,55.6,0.0,0.0,0.0
2026-09-30,4:20,Deer Valley,WG032,40.63850725810498,-111.5016215026881,7810.7,0,63.5,44.0,52.3,0.0,0.0,0.0
2026-09-30,9K Trail,Park City / PCMR,WG017,40.61454424262402,-111.5340694590712,9222.8,1,54.4,36.8,45.0,0.0,0.0,0.0
2026-09-30,A Toll New World,Summit Park,WG078,40.74525880222984,-111.59660432287036,6843.1,0,67.1,43.8,54.6,0.0,0.0,0.0
2026-09-30,Abilene Way,Jeremy Ranch / Glenwild,WG068,40.705162592888,-111.52848253655898,6454.0,0,69.6,45.9,56.7,0.0,0.0,0.0
2026-09-30,Agitator Trail,Deer Valley,WG028,40.62594479567907,-111.46053082324435,7171.6,0,65.2,45.7,54.0,0.0,0.0,0.0
2026-09-30,Alexander Creek Trail,Summit Park,WG093,40.75856130522611,-111.67962308025976,5873.5,0,69.3,51.4,59.7,0.0,0.0,0.0
2026-09-30,Alta-Brighton Trail,Park City / PCMR,WG009,40.59874189108338,-111.5904390735144,9081.0,0,54.5,38.4,45.7,0.0,0.0,0.0
2026-09-30,Ambush,Jeremy Ranch / Glenwild,WG063,40.694225906082366,-111.58181443950004,7757.7,0,62.5,43.9,52.5,0.0,0.0,0.0
2026-09-30,Amenti,Round Valley,WG067,40.71749758221375,-111.50096260266577,6526.6,0,68.7,43.9,54.7,0.0,0.0,0.0
2026-09-30,An Unexpected Journey Trail,Jordanelle,WG001,40.584095263003086,-111.41492155800285,6731.9,0,70.3,43.8,55.1,0.0,0.0,0.0
2026-09-30,Ancient Forest Loop,Round Valley,WG074,40.7314260153664,-111.49224006112888,6485.8,0,69.5,45.6,55.7,0.0,0.0,0.0
2026-09-30,Ant Farm,Jeremy Ranch / Glenwild,WG077,40.74632495230274,-111.55092174051572,6629.0,0,68.5,46.0,55.8,0.0,0.0,0.0
2026-09-30,Apex,Park City / PCMR,WG038,40.62520958876211,-111.53395003281469,9146.4,1,54.7,37.1,45.3,0.0,0.0,0.0
2026-09-30,April Mountain Trail,Deer Valley,WG047,40.650711302598815,-111.4870593388075,7472.0,0,66.6,46.0,54.6,0.0,0.0,0.0
2026-09-30,Armstrong,Park City / PCMR,WG051,40.65248508262897,-111.52994268919429,7566.3,0,64.4,44.6,53.3,0.0,0.0,0.0
2026-09-30,Ashley Avenue,Round Valley,WG057,40.68155854272997,-111.50389122653404,6794.6,0,67.7,44.2,54.6,0.0,0.0,0.0
2026-09-30,Aspen Slalom,Deer Valley,WG013,40.61311265842392,-111.48457791355952,8816.9,0,57.5,39.1,47.2,0.0,0.0,0.0
2026-09-30,BLT,Jeremy Ranch / Glenwild,WG070,40.71492142685356,-111.56084442077211,6927.9,0,68.1,45.6,55.3,0.0,0.0,0.0
2026-09-30,BYOB,Pinebrook,WG070,40.718283985000745,-111.55661288864135,6639.8,0,68.1,45.6,55.3,0.0,0.0,0.0
2026-09-30,Backslide,Round Valley,WG057,40.686236769495366,-111.49111386346571,6972.4,0,67.7,44.2,54.6,0.0,0.0,0.0
2026-09-30,Bad Apple,Jeremy Ranch / Glenwild,WG076,40.74937514368386,-111.56017979748744,6367.9,0,69.2,46.7,56.5,0.0,0.0,0.0
2026-09-30,Bamm Bamm,Round Valley,WG067,40.71001316656963,-111.50256230173504,6667.3,0,68.7,43.9,54.7,0.0,0.0,0.0
2026-09-30,Barrel Roll,Round Valley,WG058,40.69153134198254,-111.48458530535574,7017.0,0,67.1,43.5,54.0,0.0,0.0,0.0
2026-09-30,Beep Beep Trail,Jordanelle,WG001,40.59039066618902,-111.4033797731244,6670.3,0,70.3,43.8,55.1,0.0,0.0,0.0
2026-09-30,Big Dipper,Jordanelle,WG042,40.66018548005414,-111.43175307695702,6961.2,0,68.9,44.0,54.8,0.0,0.0,0.0
2026-09-30,Big Easy,Round Valley,WG057,40.696128326880846,-111.48285293654745,6776.5,0,67.7,44.2,54.6,0.0,0.0,0.0
2026-09-30,Black Forest,Deer Valley,WG016,40.61940428916709,-111.52036519166067,8929.3,0,57.4,39.0,47.1,0.0,0.0,0.0
2026-09-30,Blackhawk Trail,Jeremy Ranch / Glenwild,WG075,40.73111252615939,-111.53542276920604,6536.5,0,68.4,45.9,55.7,0.0,0.0,0.0
2026-09-30,Blazing Saddle,Park City / PCMR,WG020,40.61652898868821,-111.55635878361066,9384.9,1,54.2,36.5,44.7,0.0,0.0,0.0
2026-09-30,Bonanza Flat Overlook,Deer Valley,WG017,40.60116766018752,-111.5344182482656,9112.3,1,54.4,36.8,45.0,0.0,0.0,0.0
2026-09-30,Bonanza Loop Trail,Deer Valley,WG016,40.60282163896819,-111.52815381158308,8908.5,0,57.4,39.0,47.1,0.0,0.0,0.0
2026-09-30,Bonanza Trail,Deer Valley,WG046,40.661614248984336,-111.49584605339936,6814.3,0,67.6,47.0,55.7,0.0,0.0,0.0
2026-09-30,Boot Hill,Park City / PCMR,WG046,40.66311538182378,-111.50841776480048,6853.1,0,67.6,47.0,55.7,0.0,0.0,0.0
2026-09-30,Boot Hill Connect,Park City / PCMR,WG046,40.66384832032967,-111.50809692977944,6921.4,0,67.6,47.0,55.7,0.0,0.0,0.0
2026-09-30,Boulder,Deer Valley,WG013,40.61539223980999,-111.50399769475118,8635.0,0,57.5,39.1,47.2,0.0,0.0,0.0
2026-09-30,Boulder / Trump,Deer Valley,WG013,40.610998229404565,-111.50208555144307,8996.4,0,57.5,39.1,47.2,0.0,0.0,0.0
2026-09-30,Bourbon Street,Round Valley,WG067,40.70798253656,-111.48164466049944,6673.3,0,68.7,43.9,54.7,0.0,0.0,0.0
2026-09-30,Bow Hunter,Deer Valley,WG014,40.60108596513679,-111.48484426536052,9020.3,0,56.5,38.2,46.2,0.0,0.0,0.0
2026-09-30,Bow Hunter Extension,Deer Valley,WG005,40.59796119210968,-111.4848069886625,9014.7,0,56.6,38.3,46.3,0.0,0.0,0.0
2026-09-30,Brighton Lakes Trail,Park City / PCMR,WG009,40.59287052758444,-111.58751257009568,9276.0,0,54.5,38.4,45.7,0.0,0.0,0.0
2026-09-30,Bronto Jam,Round Valley,WG067,40.71004954775594,-111.501977414722,6672.8,0,68.7,43.9,54.7,0.0,0.0,0.0
2026-09-30,CMG,Park City / PCMR,WG035,40.645848884326966,-111.51679268892973,7606.5,0,64.0,44.2,52.9,0.0,0.0,0.0
2026-09-30,Cammy's,Round Valley,WG057,40.69072662264133,-111.49673800313964,6953.5,0,67.7,44.2,54.6,0.0,0.0,0.0
2026-09-30,Canyons Downhill,Pinebrook,WG061,40.68430916809496,-111.56849091879047,7666.2,0,62.8,44.2,52.8,0.0,0.0,0.0
2026-09-30,Catherine's Pass Trail,Park City / PCMR,WG010,40.585096359880005,-111.59078643106362,9753.9,0,52.6,36.5,43.8,0.0,0.0,0.0
2026-09-30,Claim Jumper,Park City / PCMR,WG036,40.63958065995946,-111.52518162563226,8147.6,0,59.5,40.7,49.2,0.0,0.0,0.0
2026-09-30,Clayton Peak Trail,Park City / PCMR,WG010,40.58693552999217,-111.57085635011327,9813.5,0,52.6,36.5,43.8,0.0,0.0,0.0
2026-09-30,Cobblestone Loop,Jeremy Ranch / Glenwild,WG084,40.75845647840704,-111.52582619388934,6805.4,0,67.5,45.7,55.7,0.0,0.0,0.0
2026-09-30,Cobblestone Trail,Jeremy Ranch / Glenwild,WG084,40.75512641497514,-111.52744418745776,6723.8,0,67.5,45.7,55.7,0.0,0.0,0.0
2026-09-30,Colin's Trail,Jeremy Ranch / Glenwild,WG060,40.69629937433107,-111.55671582168428,7029.9,0,65.4,46.9,55.2,0.0,0.0,0.0
2026-09-30,Colony Mid Mountain Connector,Park City / PCMR,WG052,40.65011049975458,-111.53932673410868,8429.2,0,57.9,39.5,48.4,0.0,0.0,0.0
2026-09-30,Comstock Mine Trail,Park City / PCMR,WG019,40.62270505527668,-111.54357954562096,8723.6,1,56.2,38.6,46.8,0.0,0.0,0.0
2026-09-30,Constellation Trail,Jordanelle,WG026,40.6428753631073,-111.43505033038012,6261.6,0,72.0,45.9,57.1,0.0,0.0,0.0
2026-09-30,Corvair,Deer Valley,WG016,40.61099169805087,-111.51230389508405,8648.6,0,57.4,39.0,47.1,0.0,0.0,0.0
2026-09-30,Corvair (Upper),Deer Valley,WG016,40.60840912265719,-111.51090449857222,8883.3,0,57.4,39.0,47.1,0.0,0.0,0.0
2026-09-30,Corvair Connector,Deer Valley,WG016,40.61070239150149,-111.5115633319795,8812.1,0,57.4,39.0,47.1,0.0,0.0,0.0
2026-09-30,Cousin Eddy Trail,Clark Ranch,WG044,40.66170094764518,-111.45386933866466,6817.2,0,68.1,43.7,54.4,0.0,0.0,0.0
2026-09-30,Coyote Loop Trail,Jordanelle,WG001,40.58676467246392,-111.40272629625528,6895.7,0,70.3,43.8,55.1,0.0,0.0,0.0
2026-09-30,Crazy Eights,Jeremy Ranch / Glenwild,WG077,40.74908550583131,-111.55291850861556,6580.7,0,68.5,46.0,55.8,0.0,0.0,0.0
2026-09-30,Crescent Ridge,Park City / PCMR,WG036,40.64328062856461,-111.5205999025961,8289.2,0,59.5,40.7,49.2,0.0,0.0,0.0
2026-09-30,Cutter Lane,Jeremy Ranch / Glenwild,WG068,40.7083260127391,-111.53140227257067,6437.7,0,69.6,45.9,56.7,0.0,0.0,0.0
2026-09-30,Cyn City,Park City / PCMR,WG016,40.62106458390316,-111.52108056020784,8700.1,0,57.4,39.0,47.1,0.0,0.0,0.0
2026-09-30,Daily Overlook,Deer Valley,WG031,40.631723443280656,-111.4987920660294,7430.4,0,64.8,45.4,53.6,0.0,0.0,0.0
2026-09-30,Daly Avenue,Deer Valley,WG031,40.63079192228995,-111.49966938212476,7430.3,0,64.8,45.4,53.6,0.0,0.0,0.0
2026-09-30,Daly Bypass,Deer Valley,WG031,40.63469577874592,-111.4972952534869,7351.3,0,64.8,45.4,53.6,0.0,0.0,0.0
2026-09-30,Daly Canyon,Deer Valley,WG011,40.620194319264456,-111.50922727258838,7986.4,0,61.0,42.2,50.7,0.0,0.0,0.0
2026-09-30,Daly Grind,Deer Valley,WG011,40.62436395642222,-111.5065519695764,7745.3,0,61.0,42.2,50.7,0.0,0.0,0.0
2026-09-30,Dawns Trail,Park City / PCMR,WG051,40.65039115727101,-111.52578815180028,7505.7,0,64.4,44.6,53.3,0.0,0.0,0.0
2026-09-30,Dead Reckoning,Summit Park,WG078,40.74804102527887,-111.5901705440554,6808.0,0,67.1,43.8,54.6,0.0,0.0,0.0
2026-09-30,Dead Tree,Park City / PCMR,WG021,40.611358588022426,-111.54588982448988,9653.6,0,52.1,37.4,43.8,0.0,0.0,0.0
2026-09-30,Deep Park Circle,Jordanelle,WG026,40.626894083286025,-111.43587347972714,6383.2,0,72.0,45.9,57.1,0.0,0.0,0.0
2026-09-30,Deer Camp,Deer Valley,WG013,40.60519585339864,-111.4911066437841,8920.6,0,57.5,39.1,47.2,0.0,0.0,0.0
2026-09-30,Deer Crest,Deer Valley,WG029,40.63553157935396,-111.47424740401932,7612.2,0,63.8,44.4,52.7,0.0,0.0,0.0
2026-09-30,Devo,Deer Valley,WG032,40.6296740826892,-111.48374523511592,7963.4,0,63.5,44.0,52.3,0.0,0.0,0.0
2026-09-30,Discovery,Summit Park,WG078,40.74903521550762,-111.59463162387972,6614.4,0,67.1,43.8,54.6,0.0,0.0,0.0
2026-09-30,Downward Dog,Round Valley,WG057,40.68865758594976,-111.48489883261024,6958.5,0,67.7,44.2,54.6,0.0,0.0,0.0
2026-09-30,Dropout,Jeremy Ranch / Glenwild,WG077,40.74673233142679,-111.55449028155309,6576.0,0,68.5,46.0,55.8,0.0,0.0,0.0
2026-09-30,Dubois,Jeremy Ranch / Glenwild,WG059,40.698630398586985,-111.55581872982933,6878.9,0,68.6,44.8,55.6,0.0,0.0,0.0
2026-09-30,Eagle Cove,Round Valley,WG057,40.68665016051084,-111.49786169389527,6799.6,0,67.7,44.2,54.6,0.0,0.0,0.0
2026-09-30,Eagle Trail,Park City / PCMR,WG051,40.65138382915936,-111.51929067308184,7664.9,0,64.4,44.6,53.3,0.0,0.0,0.0
2026-09-30,Eagle Way,Park City / PCMR,WG048,40.65295946154777,-111.48775315119684,7538.9,0,64.3,44.8,53.1,0.0,0.0,0.0
2026-09-30,East Fallen Pines Lane,Park City / PCMR,WG022,40.61551642366452,-111.57912837068116,8712.4,0,56.4,38.4,47.0,0.0,0.0,0.0
2026-09-30,Easy Rider,Park City / PCMR,WG009,40.59580193116481,-111.57632308440664,9141.3,0,54.5,38.4,45.7,0.0,0.0,0.0
2026-09-30,Ecker Hill Trail,Pinebrook,WG076,40.740364526144575,-111.5667817840803,6401.3,0,69.2,46.7,56.5,0.0,0.0,0.0
2026-09-30,Empire Alternate,Deer Valley,WG032,40.62635819528807,-111.50016350153602,7943.1,0,63.5,44.0,52.3,0.0,0.0,0.0
2026-09-30,Empire Link,Deer Valley,WG012,40.62422557470265,-111.50748256286928,8022.2,0,61.0,41.6,50.0,0.0,0.0,0.0
2026-09-30,Empire Lodge,Deer Valley,WG015,40.61442062316093,-111.51298418240138,8439.2,0,59.6,40.8,49.3,0.0,0.0,0.0
2026-09-30,Empire Pass Connector,Deer Valley,WG016,40.60627316294136,-111.51481095351645,8948.4,0,57.4,39.0,47.1,0.0,0.0,0.0
2026-09-30,Equestrian,Round Valley,WG067,40.70215181343843,-111.50219785223597,6719.1,0,68.7,43.9,54.7,0.0,0.0,0.0
2026-09-30,Euston,Round Valley,WG047,40.65772556817424,-111.48315877249176,7062.9,0,66.6,46.0,54.6,0.0,0.0,0.0
2026-09-30,Evil Empire,Park City / PCMR,WG016,40.61923823662483,-111.52513988679308,8746.8,0,57.4,39.0,47.1,0.0,0.0,0.0
2026-09-30,Fairway Hills Trail,Round Valley,WG055,40.67853348641883,-111.47699791832557,6747.4,0,68.3,43.3,54.1,0.0,0.0,0.0
2026-09-30,Family Truckster Trail,Clark Ranch,WG044,40.66038172048119,-111.452885753204,6847.4,0,68.1,43.7,54.4,0.0,0.0,0.0
2026-09-30,Fast Pitch Trail,Round Valley,WG055,40.6798165110769,-111.47671870073196,6759.1,0,68.3,43.3,54.1,0.0,0.0,0.0
2026-09-30,Fat Lip,Park City / PCMR,WG016,40.62192963761681,-111.5279713594279,8931.1,0,57.4,39.0,47.1,0.0,0.0,0.0
2026-09-30,Field Stone,Round Valley,WG067,40.71706243943152,-111.49059329339536,6526.3,0,68.7,43.9,54.7,0.0,0.0,0.0
2026-09-30,Fink Again,Jeremy Ranch / Glenwild,WG086,40.75125285000831,-111.55541181172696,6586.2,0,68.4,45.9,55.6,0.0,0.0,0.0
2026-09-30,Finns,Deer Valley,WG028,40.640763495812735,-111.47689190658058,7214.2,0,65.2,45.7,54.0,0.0,0.0,0.0
2026-09-30,Fireswamp,Deer Valley,WG013,40.61340925382439,-111.48239833860336,8873.0,0,57.5,39.1,47.2,0.0,0.0,0.0
2026-09-30,First Time,Park City / PCMR,WG050,40.65050878239233,-111.51048291433958,7041.1,0,67.0,46.4,55.0,0.0,0.0,0.0
2026-09-30,First Time Return,Park City / PCMR,WG050,40.65021414919943,-111.51090683334832,7073.8,0,67.0,46.4,55.0,0.0,0.0,0.0
2026-09-30,Flagstaff Loop,Deer Valley,WG013,40.60758047007656,-111.496735533601,8898.0,0,57.5,39.1,47.2,0.0,0.0,0.0
2026-09-30,Flat Cable,Park City / PCMR,WG032,40.644102718034645,-111.505628746172,7565.4,0,63.5,44.0,52.3,0.0,0.0,0.0
2026-09-30,Flat Iron,Park City / PCMR,WG036,40.62696082564811,-111.51719430456902,8393.5,0,59.5,40.7,49.2,0.0,0.0,0.0
2026-09-30,Flying Dog,Jeremy Ranch / Glenwild,WG087,40.77237660098178,-111.54161762597796,7321.2,0,64.7,43.1,53.2,0.0,0.0,0.0
2026-09-30,Forest Glen Trail,Park City / PCMR,WG022,40.61089948644494,-111.5784844905115,8765.8,0,56.4,38.4,47.0,0.0,0.0,0.0
2026-09-30,Fox Tail Trail,Round Valley,WG045,40.66564803508002,-111.47503092801368,7133.0,0,66.3,45.7,54.3,0.0,0.0,0.0
2026-09-30,Freemason,Park City / PCMR,WG046,40.65768683021079,-111.49819012622744,6949.6,0,67.6,47.0,55.7,0.0,0.0,0.0
2026-09-30,Full Steam Billy,Park City / PCMR,WG031,40.64842922650065,-111.4945100220623,7246.4,0,64.8,45.4,53.6,0.0,0.0,0.0
2026-09-30,Gambel Oak Cut,Round Valley,WG045,40.65967079074984,-111.47871602858976,7240.9,0,66.3,45.7,54.3,0.0,0.0,0.0
2026-09-30,Gambel Oak North,Park City / PCMR,WG047,40.65915752473873,-111.48180315635692,7112.6,0,66.6,46.0,54.6,0.0,0.0,0.0
2026-09-30,Gambel Oak Trail,Park City / PCMR,WG031,40.64847351910524,-111.48419757905585,7408.0,0,64.8,45.4,53.6,0.0,0.0,0.0
2026-09-30,Gap Bypass Trail,Deer Valley,WG028,40.64123747413292,-111.47577580871994,7306.6,0,65.2,45.7,54.0,0.0,0.0,0.0
2026-09-30,Gap Loop,Deer Valley,WG028,40.6409109833561,-111.47399614902376,7445.8,0,65.2,45.7,54.0,0.0,0.0,0.0
2026-09-30,Glenwild Loop,Jeremy Ranch / Glenwild,WG075,40.73989427988239,-111.52813430357229,6701.6,0,68.4,45.9,55.7,0.0,0.0,0.0
2026-09-30,Glenwild Loop / Wasatch,Jeremy Ranch / Glenwild,WG074,40.74589846722535,-111.509614206256,6451.3,0,69.5,45.6,55.7,0.0,0.0,0.0
2026-09-30,Gold Finger,Park City / PCMR,WG053,40.65997467243904,-111.55431689925648,8081.9,0,58.8,40.3,49.2,0.0,0.0,0.0
2026-09-30,Golden Needle,Park City / PCMR,WG008,40.59452078975266,-111.56725110409884,9811.4,0,52.1,37.3,43.7,0.0,0.0,0.0
2026-09-30,Gorgoza Park,Pinebrook,WG089,40.75144469967726,-111.581432624726,6619.5,0,67.4,44.1,55.0,0.0,0.0,0.0
2026-09-30,Gotcha Cuttoff,Park City / PCMR,WG035,40.64587964864319,-111.5166123821088,7673.2,0,64.0,44.2,52.9,0.0,0.0,0.0
2026-09-30,Grave Digger,Deer Valley,WG032,40.62962271716946,-111.50201210924322,7682.6,0,63.5,44.0,52.3,0.0,0.0,0.0
2026-09-30,Great Western Trail,Wasatch Crest / Millcreek,WG092,40.77286580912175,-111.6406537725031,7571.3,0,64.0,40.8,51.8,0.0,0.0,0.0
2026-09-30,Great Western Trail / Great Western Trail bypass,Wasatch Crest / Millcreek,WG091,40.7535574542296,-111.6313027356856,7111.8,0,64.8,44.1,54.0,0.0,0.0,0.0
2026-09-30,H.A.M.,Park City / PCMR,WG035,40.64547382276132,-111.53139851516626,7780.5,0,64.0,44.2,52.9,0.0,0.0,0.0
2026-09-30,Hang Time South,Park City / PCMR,WG046,40.65853660632904,-111.49606808644194,6970.8,0,67.6,47.0,55.7,0.0,0.0,0.0
2026-09-30,Happy Gilmor,Round Valley,WG067,40.70712360033319,-111.5014684546231,6569.0,0,68.7,43.9,54.7,0.0,0.0,0.0
2026-09-30,Happy Trailside,Round Valley,WG067,40.708413441306845,-111.50471867526606,6595.6,0,68.7,43.9,54.7,0.0,0.0,0.0
2026-09-30,Hat Trick Trail,Round Valley,WG055,40.678830976721535,-111.47596646172724,6757.0,0,68.3,43.3,54.1,0.0,0.0,0.0
2026-09-30,Heard It Both Ways Trail,Deer Valley,WG004,40.593082879194085,-111.49125770411068,8855.0,0,57.8,39.4,47.5,0.0,0.0,0.0
2026-09-30,Hidden Cove,Summit Park,WG089,40.756655895607175,-111.597334386164,6686.2,0,67.4,44.1,55.0,0.0,0.0,0.0
2026-09-30,High Meadows Connector,Pinebrook,WG076,40.74134938710701,-111.56847869190176,6429.9,0,69.2,46.7,56.5,0.0,0.0,0.0
2026-09-30,High Side,Round Valley,WG055,40.69388247977245,-111.4770589235944,6909.3,0,68.3,43.3,54.1,0.0,0.0,0.0
2026-09-30,Holly's,Pinebrook,WG063,40.68604417524608,-111.57782170773478,7824.2,0,62.5,43.9,52.5,0.0,0.0,0.0
2026-09-30,Holy Roller,Deer Valley,WG013,40.6113609111251,-111.48708066137604,8716.2,0,57.5,39.1,47.2,0.0,0.0,0.0
2026-09-30,Humdinger,Deer Valley,WG029,40.626356336628135,-111.46720603877804,7537.3,0,63.8,44.4,52.7,0.0,0.0,0.0
2026-09-30,Insurgent,Jeremy Ranch / Glenwild,WG063,40.68610182305705,-111.58195303109213,7873.2,0,62.5,43.9,52.5,0.0,0.0,0.0
2026-09-30,Io Trail (Middle),Deer Valley,WG017,40.61025792344493,-111.52770861008732,9342.5,1,54.4,36.8,45.0,0.0,0.0,0.0
2026-09-30,Iron Bill,Jeremy Ranch / Glenwild,WG071,40.70817834974828,-111.55726593666238,7034.2,0,64.9,46.3,54.6,0.0,0.0,0.0
2026-09-30,Iron Man,Park City / PCMR,WG053,40.6585520468376,-111.5452566956134,8305.8,0,58.8,40.3,49.2,0.0,0.0,0.0
2026-09-30,Iron Mountain Trail,Park City / PCMR,WG054,40.65649532455427,-111.54475504732362,8753.8,0,56.8,38.3,47.2,0.0,0.0,0.0
2026-09-30,Izzy's Inferno (Dog Pound),Deer Valley,WG012,40.619811878384205,-111.48856422719636,8193.5,0,61.0,41.6,50.0,0.0,0.0,0.0
2026-09-30,Jailbreak,Jeremy Ranch / Glenwild,WG085,40.75712939272894,-111.56214780445411,6277.4,0,68.7,45.4,56.2,0.0,0.0,0.0
2026-09-30,Jeep Hill (Safety Coridoor),Deer Valley,WG013,40.60451306969404,-111.50923514571896,8820.6,0,57.5,39.1,47.2,0.0,0.0,0.0
2026-09-30,Jenni's Trail,Park City / PCMR,WG034,40.64869166733497,-111.51220769740809,7207.7,0,65.3,45.6,54.3,0.0,0.0,0.0
2026-09-30,Jenni's Trail upper,Park City / PCMR,WG035,40.63937813819639,-111.5112423147728,7789.7,0,64.0,44.2,52.9,0.0,0.0,0.0
2026-09-30,Johns '99,Park City / PCMR,WG033,40.62911828578874,-111.50998374795329,8128.2,0,60.3,41.4,49.9,0.0,0.0,0.0
2026-09-30,Johns 99,Deer Valley,WG015,40.62450457371346,-111.51231498110546,8231.6,0,59.6,40.8,49.3,0.0,0.0,0.0
2026-09-30,Johns Trail,Park City / PCMR,WG033,40.63760825426597,-111.50539626371148,8041.4,0,60.3,41.4,49.9,0.0,0.0,0.0
2026-09-30,Jordanelle (West Bank) Trail,Jordanelle,WG026,40.63639192686843,-111.4311179892118,6210.9,0,72.0,45.9,57.1,0.0,0.0,0.0
2026-09-30,Jordanelle Perimeter Trail,Jordanelle,WG024,40.633349610731685,-111.4121970547725,6216.7,0,72.1,46.0,57.3,0.0,0.0,0.0
2026-09-30,Jupiter Peak,Park City / PCMR,WG021,40.610319419324455,-111.54904593331813,9871.3,0,52.1,37.4,43.8,0.0,0.0,0.0
2026-09-30,Jupiter Ridge,Park City / PCMR,WG018,40.61268065771163,-111.53867835914352,9869.4,0,52.3,37.5,44.0,0.0,0.0,0.0
2026-09-30,Kaboom Trail / Call Sign Casa Trail,Jordanelle,WG027,40.62794719612903,-111.45468580169128,6888.6,0,68.9,45.9,56.1,0.0,0.0,0.0
2026-09-30,Kari's,Round Valley,WG055,40.69160040530727,-111.47515847036864,6850.2,0,68.3,43.3,54.1,0.0,0.0,0.0
2026-09-30,Keetley,Jordanelle,WG024,40.6438983646529,-111.4097274639112,6255.4,0,72.1,46.0,57.3,0.0,0.0,0.0
2026-09-30,Keystone Trail,Park City / PCMR,WG037,40.62506440637064,-111.53055382777043,8890.7,0,58.3,39.5,48.0,0.0,0.0,0.0
2026-09-30,La Dee Duh,Round Valley,WG057,40.69261799590889,-111.5001632592338,6864.5,0,67.7,44.2,54.6,0.0,0.0,0.0
2026-09-30,Lavina,Deer Valley,WG006,40.58376333945228,-111.52567195673171,8621.7,0,58.2,39.8,47.9,0.0,0.0,0.0
2026-09-30,Legacy Loop,Jeremy Ranch / Glenwild,WG071,40.705995804360256,-111.55961886682412,7342.6,0,64.9,46.3,54.6,0.0,0.0,0.0
2026-09-30,Legacy Ridge,Jeremy Ranch / Glenwild,WG071,40.70648419743829,-111.5603960205038,7414.3,0,64.9,46.3,54.6,0.0,0.0,0.0
2026-09-30,Legacy. Loop,Jeremy Ranch / Glenwild,WG071,40.70737188748682,-111.5599210439625,7363.1,0,64.9,46.3,54.6,0.0,0.0,0.0
2026-09-30,Link,Deer Valley,WG015,40.624117394272574,-111.51614328186776,8385.3,0,59.6,40.8,49.3,0.0,0.0,0.0
2026-09-30,Little Chief,Deer Valley,WG015,40.61872839208637,-111.51243052868438,8322.6,0,59.6,40.8,49.3,0.0,0.0,0.0
2026-09-30,Little Engine Trail,Summit Park,WG089,40.756690732809,-111.59562244098744,6709.3,0,67.4,44.1,55.0,0.0,0.0,0.0
2026-09-30,Little Stick,Deer Valley,WG028,40.63409637421967,-111.478301770839,7464.6,0,65.2,45.7,54.0,0.0,0.0,0.0
2026-09-30,Longview,Jordanelle,WG040,40.65785550770212,-111.4151527495857,6299.6,0,72.0,45.9,57.1,0.0,0.0,0.0
2026-09-30,Looney Tunes Trail,Jordanelle,WG002,40.58370423178651,-111.40605522395904,7149.3,0,68.6,42.2,53.5,0.0,0.0,0.0
2026-09-30,Loose Moose,Park City / PCMR,WG031,40.64358346695202,-111.50940341630726,7446.3,0,64.8,45.4,53.6,0.0,0.0,0.0
2026-09-30,Lost Prospector,Park City / PCMR,WG047,40.659849225736586,-111.4888557229514,7044.5,0,66.6,46.0,54.6,0.0,0.0,0.0
2026-09-30,Lower Devo Trail,Deer Valley,WG032,40.63290230557317,-111.48205615844142,7656.5,0,63.5,44.0,52.3,0.0,0.0,0.0
2026-09-30,Lower Masonic,Park City / PCMR,WG047,40.65358630670372,-111.49972319928794,7113.0,0,66.6,46.0,54.6,0.0,0.0,0.0
2026-09-30,Lower Sparky Trail,Clark Ranch,WG044,40.66761130235187,-111.4559551589961,6689.8,0,68.1,43.7,54.4,0.0,0.0,0.0
2026-09-30,Lower Village,Deer Valley,WG028,40.64043848354113,-111.46360640728942,7008.1,0,65.2,45.7,54.0,0.0,0.0,0.0
2026-09-30,Lynx #2,Round Valley,WG044,40.66734087696376,-111.46694625830712,6898.8,0,68.1,43.7,54.4,0.0,0.0,0.0
2026-09-30,Masonic,Park City / PCMR,WG047,40.65628760128763,-111.48965728213436,7283.0,0,66.6,46.0,54.6,0.0,0.0,0.0
2026-09-30,Matt's Flat,Round Valley,WG057,40.68924275786925,-111.49221205396208,6921.6,0,67.7,44.2,54.6,0.0,0.0,0.0
2026-09-30,McConkeys,Park City / PCMR,WG016,40.617956923480186,-111.52625119796232,8958.8,0,57.4,39.0,47.1,0.0,0.0,0.0
2026-09-30,McConkeys / Io Trail (Middle),Park City / PCMR,WG018,40.61168680632571,-111.53326494678502,9588.6,0,52.3,37.5,44.0,0.0,0.0,0.0
2026-09-30,McHenry Avenue,Deer Valley,WG031,40.640126864152855,-111.49219625319049,7274.9,0,64.8,45.4,53.6,0.0,0.0,0.0
2026-09-30,Mid-Mountain Connect,Park City / PCMR,WG036,40.63223012461414,-111.51309555497544,8201.7,0,59.5,40.7,49.2,0.0,0.0,0.0
2026-09-30,Mid-Mountain Trail,Park City / PCMR,WG036,40.64534582424172,-111.53118141177607,8168.3,0,59.5,40.7,49.2,0.0,0.0,0.0
2026-09-30,Milky Way,Jordanelle,WG042,40.65767372971338,-111.43373089841624,6795.1,0,68.9,44.0,54.8,0.0,0.0,0.0
2026-09-30,Milky Way / Two Rocks,Jordanelle,WG042,40.66056479638159,-111.42608338059031,6558.6,0,68.9,44.0,54.8,0.0,0.0,0.0
2026-09-30,Miner's Mile,Park City / PCMR,WG036,40.62728968091632,-111.51804021102016,8457.0,0,59.5,40.7,49.2,0.0,0.0,0.0
2026-09-30,Miss Billy's,Jeremy Ranch / Glenwild,WG059,40.69127466685039,-111.54016400735836,6614.6,0,68.6,44.8,55.6,0.0,0.0,0.0
2026-09-30,Mojave,Park City / PCMR,WG037,40.634971780917176,-111.5211432294971,8540.4,0,58.3,39.5,48.0,0.0,0.0,0.0
2026-09-30,Moose Hollow,Summit Park,WG088,40.76397899834495,-111.58866445905328,6467.6,0,68.1,44.8,55.7,0.0,0.0,0.0
2026-09-30,Moose Poop,Deer Valley,WG032,40.633538239133244,-111.50120248027572,7607.1,0,63.5,44.0,52.3,0.0,0.0,0.0
2026-09-30,Moose Puddle,Pinebrook,WG071,40.70548588260783,-111.56718578772085,7487.6,0,64.9,46.3,54.6,0.0,0.0,0.0
2026-09-30,Moose Tracks Trail,Park City / PCMR,WG009,40.59516414126596,-111.57427709390586,9258.1,0,54.5,38.4,45.7,0.0,0.0,0.0
2026-09-30,Moosebones,Deer Valley,WG013,40.61167254823319,-111.50326786094648,8857.2,0,57.5,39.1,47.2,0.0,0.0,0.0
2026-09-30,Moosehouse,Park City / PCMR,WG032,40.63204398195126,-111.5038481086022,7902.6,0,63.5,44.0,52.3,0.0,0.0,0.0
2026-09-30,Mother Urban,Deer Valley,WG032,40.63167066031289,-111.5034058570439,7904.1,0,63.5,44.0,52.3,0.0,0.0,0.0
2026-09-30,Mountain Ranch,Jeremy Ranch / Glenwild,WG066,40.719482563829935,-111.5082007499112,6453.3,0,69.3,44.4,55.3,0.0,0.0,0.0
2026-09-30,Mountain Ranch Estates,Round Valley,WG067,40.7173985998433,-111.50812726137713,6520.0,0,68.7,43.9,54.7,0.0,0.0,0.0
2026-09-30,Mountain Willow,Round Valley,WG067,40.71402930681007,-111.48565937361776,6571.7,0,68.7,43.9,54.7,0.0,0.0,0.0
2026-09-30,Mr Muchrocks,Round Valley,WG067,40.70904482572548,-111.50323360919846,6653.2,0,68.7,43.9,54.7,0.0,0.0,0.0
2026-09-30,NCS,Deer Valley,WG032,40.62911396321707,-111.4803727621932,7992.5,0,63.5,44.0,52.3,0.0,0.0,0.0
2026-09-30,Nick NAC,Round Valley,WG057,40.69210865876878,-111.490120990647,6959.3,0,67.7,44.2,54.6,0.0,0.0,0.0
2026-09-30,No Worries,Summit Park,WG081,40.73716048778493,-111.60234213265907,7289.1,0,63.8,44.8,53.6,0.0,0.0,0.0
2026-09-30,North 400 West,Jeremy Ranch / Glenwild,WG068,40.70279368500318,-111.51897621463831,6441.4,0,69.6,45.9,56.7,0.0,0.0,0.0
2026-09-30,North Ross Creek Trail,Jordanelle,WG041,40.66585897507511,-111.42082357173696,6405.0,0,71.5,45.4,56.7,0.0,0.0,0.0
2026-09-30,Nowhere Elks,Round Valley,WG058,40.69018989582584,-111.48311322310164,7036.6,0,67.1,43.5,54.0,0.0,0.0,0.0
2026-09-30,OMG,Deer Valley,WG032,40.631226274970665,-111.4973428195913,7571.3,0,63.5,44.0,52.3,0.0,0.0,0.0
2026-09-30,OMH,Pinebrook,WG070,40.71997692753587,-111.55773747935044,6677.5,0,68.1,45.6,55.3,0.0,0.0,0.0
2026-09-30,Oh Deer Flow,Jordanelle,WG041,40.66237367218405,-111.42118550237925,6403.1,0,71.5,45.4,56.7,0.0,0.0,0.0
2026-09-30,Old Homeward Bound,Deer Valley,WG012,40.61357496233911,-111.48964629692756,8441.1,0,61.0,41.6,50.0,0.0,0.0,0.0
2026-09-30,Old Skool,Deer Valley,WG032,40.631898683587,-111.48423208918877,7827.2,0,63.5,44.0,52.3,0.0,0.0,0.0
2026-09-30,Old Stage Crest Connect,Park City / PCMR,WG023,40.61247305094488,-111.5715274805363,9057.3,1,55.1,37.4,45.6,0.0,0.0,0.0
2026-09-30,Olympic,Pinebrook,WG064,40.69996684096533,-111.57868853500152,8004.0,0,59.3,42.3,50.3,0.0,0.0,0.0
2026-09-30,Ontario Canyon,Deer Valley,WG013,40.61130277448227,-111.48755898005427,8755.1,0,57.5,39.1,47.2,0.0,0.0,0.0
2026-09-30,Ontario Ridge,Deer Valley,WG032,40.62821582013441,-111.49780973717266,7815.3,0,63.5,44.0,52.3,0.0,0.0,0.0
2026-09-30,Ore Cart,Deer Valley,WG015,40.621755910380834,-111.51139929264724,8146.4,0,59.6,40.8,49.3,0.0,0.0,0.0
2026-09-30,Outlook,Deer Valley,WG029,40.63657831428653,-111.4685462481628,7646.2,0,63.8,44.4,52.7,0.0,0.0,0.0
2026-09-30,Pale Green Dot,Summit Park,WG078,40.74689592786439,-111.59182437672968,6802.1,0,67.1,43.8,54.6,0.0,0.0,0.0
2026-09-30,Parley's Lane,Summit Park,WG089,40.75375624958085,-111.59849347383722,6719.0,0,67.4,44.1,55.0,0.0,0.0,0.0
2026-09-30,Payday,Park City / PCMR,WG035,40.64053545819342,-111.51124538504462,7598.1,0,64.0,44.2,52.9,0.0,0.0,0.0
2026-09-30,Payroll,Deer Valley,WG013,40.61095393430099,-111.5094443089702,8630.4,0,57.5,39.1,47.2,0.0,0.0,0.0
2026-09-30,Pedalers Inn,Deer Valley,WG012,40.61923438649311,-111.4865707901735,8286.8,0,61.0,41.6,50.0,0.0,0.0,0.0
2026-09-30,Perrier Pass,Park City / PCMR,WG017,40.61814002894983,-111.53826776190397,9445.9,1,54.4,36.8,45.0,0.0,0.0,0.0
2026-09-30,Pinebrook Point,Pinebrook,WG089,40.75079411917499,-111.57994193527573,6623.3,0,67.4,44.1,55.0,0.0,0.0,0.0
2026-09-30,Pinebrook Pointe South,Pinebrook,WG078,40.74959135152933,-111.5795998040212,6632.5,0,67.1,43.8,54.6,0.0,0.0,0.0
2026-09-30,Pinebrook Southeast Perimeter / Hunter's Trail of the Mid Mountain,Pinebrook,WG072,40.71419878562093,-111.5896757552273,7875.5,0,62.3,43.4,52.2,0.0,0.0,0.0
2026-09-30,Pinebrook Southeast Perimeter / Pinebrook SE Perimeter,Pinebrook,WG079,40.72863077219642,-111.58102679054537,7392.0,0,64.7,46.1,54.4,0.0,0.0,0.0
2026-09-30,Pinebrook Southeast Perimeter Trail,Pinebrook,WG078,40.73058687532795,-111.57244227312069,6947.5,0,67.1,43.8,54.6,0.0,0.0,0.0
2026-09-30,Pinecone Ridge,Park City / PCMR,WG039,40.63337906740186,-111.54644099265712,9084.9,1,55.0,37.3,45.5,0.0,0.0,0.0
2026-09-30,Pioneer Ridge,Park City / PCMR,WG018,40.61649374604546,-111.53892521633333,9598.5,0,52.3,37.5,44.0,0.0,0.0,0.0
2026-09-30,Pipeline,Deer Valley,WG028,40.63885618836171,-111.46966538134832,7356.9,0,65.2,45.7,54.0,0.0,0.0,0.0
2026-09-30,Pointy Rocks,Deer Valley,WG031,40.63679995846106,-111.48172224533342,7428.0,0,64.8,45.4,53.6,0.0,0.0,0.0
2026-09-30,PorcUclimb,Round Valley,WG058,40.69402326414524,-111.48517031749344,7064.7,0,67.1,43.5,54.0,0.0,0.0,0.0
2026-09-30,Powerline,Pinebrook,WG078,40.74237998272819,-111.5716363238219,6548.4,0,67.1,43.8,54.6,0.0,0.0,0.0
2026-09-30,Powerline Connector,Pinebrook,WG078,40.74298978990414,-111.5728828415412,6585.6,0,67.1,43.8,54.6,0.0,0.0,0.0
2026-09-30,Powerline Trail,Park City / PCMR,WG036,40.63015217582808,-111.53743024085954,8362.6,0,59.5,40.7,49.2,0.0,0.0,0.0
2026-09-30,Practice Loops,Round Valley,WG055,40.68336469607561,-111.47532267974417,6752.0,0,68.3,43.3,54.1,0.0,0.0,0.0
2026-09-30,Preserve Connector,Jeremy Ranch / Glenwild,WG087,40.76330147562161,-111.54585203221042,7230.0,0,64.7,43.1,53.2,0.0,0.0,0.0
2026-09-30,Princess Di's,Clark Ranch,WG083,40.751465442037045,-111.43628535405452,6858.8,0,69.3,43.3,54.6,0.0,0.0,0.0
2026-09-30,Prospect,Deer Valley,WG031,40.63405408516434,-111.49547333835608,7482.8,0,64.8,45.4,53.6,0.0,0.0,0.0
2026-09-30,Pulp Friction,Round Valley,WG057,40.69884233324062,-111.50344523686547,6681.3,0,67.7,44.2,54.6,0.0,0.0,0.0
2026-09-30,Putty Tat Trail,Jordanelle,WG001,40.59267845848291,-111.40267007297948,6514.0,0,70.3,43.8,55.1,0.0,0.0,0.0
2026-09-30,Quinn's Connect,Round Valley,WG055,40.68185946906874,-111.4726829059293,6720.8,0,68.3,43.3,54.1,0.0,0.0,0.0
2026-09-30,RTS,Jeremy Ranch / Glenwild,WG070,40.71664642216084,-111.55523569599896,6598.1,0,68.1,45.6,55.3,0.0,0.0,0.0
2026-09-30,RTS / BLT,Jeremy Ranch / Glenwild,WG070,40.71544842193981,-111.5580228733734,6768.3,0,68.1,45.6,55.3,0.0,0.0,0.0
2026-09-30,Rademan Ridge,Round Valley,WG057,40.69522706920315,-111.49835765815162,6895.6,0,67.7,44.2,54.6,0.0,0.0,0.0
2026-09-30,Ramble On,Round Valley,WG067,40.70159467934347,-111.48028465593316,6781.5,0,68.7,43.9,54.7,0.0,0.0,0.0
2026-09-30,Rambler,Round Valley,WG057,40.69772226627651,-111.49065578495473,6809.2,0,67.7,44.2,54.6,0.0,0.0,0.0
2026-09-30,Rambler DT,Round Valley,WG056,40.699080350519786,-111.50674680507665,6485.7,0,69.2,44.4,55.2,0.0,0.0,0.0
2026-09-30,Red Bull,Park City / PCMR,WG035,40.63958635838598,-111.51326842477698,7769.0,0,64.0,44.2,52.9,0.0,0.0,0.0
2026-09-30,Regulator Trail,Deer Valley,WG033,40.62910164594688,-111.48142418804063,8033.8,0,60.3,41.4,49.9,0.0,0.0,0.0
2026-09-30,Richochet,Park City / PCMR,WG062,40.68638148266805,-111.57139393545772,7468.3,0,63.5,44.9,53.5,0.0,0.0,0.0
2026-09-30,Rinse Cycle Trail,Deer Valley,WG028,40.62990230274806,-111.45944053119273,7191.1,0,65.2,45.7,54.0,0.0,0.0,0.0
2026-09-30,Ripple Trail,Deer Valley,WG029,40.63554405253732,-111.47490110184252,7588.0,0,63.8,44.4,52.7,0.0,0.0,0.0
2026-09-30,Riverview West Trail,Jordanelle,WG001,40.58565113588149,-111.41386481977428,6730.6,0,70.3,43.8,55.1,0.0,0.0,0.0
2026-09-30,Road to WOS,Summit Park,WG082,40.73344363030311,-111.61407104321202,7712.2,0,62.4,43.4,52.2,0.0,0.0,0.0
2026-09-30,Rob's Trail,Pinebrook,WG063,40.69704664952428,-111.5702364046946,7584.0,0,62.5,43.9,52.5,0.0,0.0,0.0
2026-09-30,RocMon,Round Valley,WG055,40.68788668982749,-111.4548390225179,6677.5,0,68.3,43.3,54.1,0.0,0.0,0.0
2026-09-30,Rock Chuck Trail,Park City / PCMR,WG008,40.58874474594925,-111.56839301918852,9680.6,0,52.1,37.3,43.7,0.0,0.0,0.0
2026-09-30,Rogue Rider Trail,Park City / PCMR,WG020,40.60699361060532,-111.56187339427328,9423.9,1,54.2,36.5,44.7,0.0,0.0,0.0
2026-09-30,Rosebud,Park City / PCMR,WG036,40.63966083548988,-111.52257618003053,8390.4,0,59.5,40.7,49.2,0.0,0.0,0.0
2026-09-30,Rosebud's Heaven,Park City / PCMR,WG060,40.69195554103422,-111.5659528759652,7326.9,0,65.4,46.9,55.2,0.0,0.0,0.0
2026-09-30,Rossi Hill Trail,Deer Valley,WG031,40.63808222920599,-111.4919292526201,7341.8,0,64.8,45.4,53.6,0.0,0.0,0.0
2026-09-30,Round Valley Connect,Round Valley,WG067,40.70875221615484,-111.50427592382064,6606.7,0,68.7,43.9,54.7,0.0,0.0,0.0
2026-09-30,Round Valley Connector,Round Valley,WG067,40.709506874143365,-111.48774034228174,6611.3,0,68.7,43.9,54.7,0.0,0.0,0.0
2026-09-30,Round Valley Express,Round Valley,WG057,40.69308554123404,-111.4897696424948,6812.1,0,67.7,44.2,54.6,0.0,0.0,0.0
2026-09-30,Rusty Shovel,Round Valley,WG057,40.69776625143012,-111.4804885556652,6868.8,0,67.7,44.2,54.6,0.0,0.0,0.0
2026-09-30,Rusty Spur,Round Valley,WG065,40.70159189598121,-111.4765958017646,6731.2,0,69.0,43.8,54.3,0.0,0.0,0.0
2026-09-30,SOS,Park City / PCMR,WG046,40.666448184385416,-111.48116864087982,6803.8,0,67.6,47.0,55.7,0.0,0.0,0.0
2026-09-30,SQ Connector Trail,Round Valley,WG055,40.68949659271035,-111.47067515084642,6728.8,0,68.3,43.3,54.1,0.0,0.0,0.0
2026-09-30,Sam's Trail,Deer Valley,WG012,40.61912724197413,-111.50964994268364,8145.3,0,61.0,41.6,50.0,0.0,0.0,0.0
2026-09-30,Saved By The Bell,Round Valley,WG067,40.71689792497153,-111.49958806368429,6568.5,0,68.7,43.9,54.7,0.0,0.0,0.0
2026-09-30,Scott's Bypass,Park City / PCMR,WG021,40.612047856355446,-111.55918064050742,9658.7,0,52.1,37.4,43.8,0.0,0.0,0.0
2026-09-30,Secret of My Success Trail,Deer Valley,WG033,40.62597453280468,-111.48566192002252,8293.6,0,60.3,41.4,49.9,0.0,0.0,0.0
2026-09-30,Seldom Seen,Park City / PCMR,WG034,40.64892938917546,-111.51571616491609,7435.6,0,65.3,45.6,54.3,0.0,0.0,0.0
2026-09-30,Seventy 101,Round Valley,WG057,40.68968411592925,-111.49103639156762,6974.3,0,67.7,44.2,54.6,0.0,0.0,0.0
2026-09-30,Shadow Lake,Park City / PCMR,WG020,40.61596037279941,-111.55009628848111,9179.4,1,54.2,36.5,44.7,0.0,0.0,0.0
2026-09-30,Shenanigans,Deer Valley,WG012,40.62034189886961,-111.49849814997506,8237.7,0,61.0,41.6,50.0,0.0,0.0,0.0
2026-09-30,Short Cut,Jeremy Ranch / Glenwild,WG064,40.68025862222409,-111.57883598783349,8081.5,0,59.3,42.3,50.3,0.0,0.0,0.0
2026-09-30,Short Fuse,Park City / PCMR,WG036,40.6346970517688,-111.52339576593836,8439.4,0,59.5,40.7,49.2,0.0,0.0,0.0
2026-09-30,Short Ribs,Summit Park,WG082,40.7348537895427,-111.62048055745409,7705.3,0,62.4,43.4,52.2,0.0,0.0,0.0
2026-09-30,Short Stack,Summit Park,WG082,40.73936874753804,-111.6200542747078,7652.8,0,62.4,43.4,52.2,0.0,0.0,0.0
2026-09-30,Silver Creek Trail,Round Valley,WG074,40.728195917662575,-111.48449884114967,6494.3,0,69.5,45.6,55.7,0.0,0.0,0.0
2026-09-30,Silver Gate,Round Valley,WG073,40.72728013881357,-111.46748664430804,6513.4,0,69.7,44.5,55.1,0.0,0.0,0.0
2026-09-30,Silver Queen,Park City / PCMR,WG037,40.63391819864852,-111.51755091640152,8558.9,0,58.3,39.5,48.0,0.0,0.0,0.0
2026-09-30,Silver Spur,Park City / PCMR,WG049,40.65266965116334,-111.5117818738982,6980.8,0,67.3,46.7,55.3,0.0,0.0,0.0
2026-09-30,Skid Row,Park City / PCMR,WG044,40.66845831872771,-111.47381352761975,6920.8,0,68.1,43.7,54.4,0.0,0.0,0.0
2026-09-30,Skyridge Peak Trail / Milky Way,Jordanelle,WG043,40.65984634182248,-111.4368345884266,7139.2,0,67.6,42.7,53.5,0.0,0.0,0.0
2026-09-30,Sloppy Joe,Round Valley,WG067,40.71599935057343,-111.49742827056478,6658.4,0,68.7,43.9,54.7,0.0,0.0,0.0
2026-09-30,Snake Pit Trail,Park City / PCMR,WG010,40.58750533085767,-111.57189033610032,9625.4,0,52.6,36.5,43.8,0.0,0.0,0.0
2026-09-30,Snowtop,Deer Valley,WG028,40.64752229561398,-111.4705824068134,7443.3,0,65.2,45.7,54.0,0.0,0.0,0.0
2026-09-30,Solamere,Deer Valley,WG045,40.65168830951934,-111.47267426337083,7304.0,0,66.3,45.7,54.3,0.0,0.0,0.0
2026-09-30,Solamere Connector,Deer Valley,WG045,40.651338463153365,-111.4797751905619,7331.1,0,66.3,45.7,54.3,0.0,0.0,0.0
2026-09-30,Somewhere Elks,Round Valley,WG055,40.68702802029736,-111.47813858810876,6977.4,0,68.3,43.3,54.1,0.0,0.0,0.0
2026-09-30,South Canyon,Round Valley,WG055,40.697084178294816,-111.45372200426904,6732.0,0,68.3,43.3,54.1,0.0,0.0,0.0
2026-09-30,South Sweeney,Park City / PCMR,WG031,40.64194117786604,-111.49870009761844,7400.1,0,64.8,45.4,53.6,0.0,0.0,0.0
2026-09-30,Spare Change,Summit Park,WG080,40.74164553017363,-111.60031464541484,6827.9,0,65.8,45.1,55.0,0.0,0.0,0.0
2026-09-30,Sparky's Return,Clark Ranch,WG044,40.6617858998794,-111.45698342605078,6783.6,0,68.1,43.7,54.4,0.0,0.0,0.0
2026-09-30,Speedbag,Deer Valley,WG011,40.624406811076895,-111.50919273225593,7987.6,0,61.0,42.2,50.7,0.0,0.0,0.0
2026-09-30,Spin Cycle Trail,Deer Valley,WG028,40.63411801502942,-111.46082430079326,7178.8,0,65.2,45.7,54.0,0.0,0.0,0.0
2026-09-30,Spiro Trail,Park City / PCMR,WG035,40.64755384631944,-111.52407012433112,7617.4,0,64.0,44.2,52.9,0.0,0.0,0.0
2026-09-30,St. Regis Trail,Deer Valley,WG028,40.639112933407205,-111.47591481144916,7383.3,0,65.2,45.7,54.0,0.0,0.0,0.0
2026-09-30,Stealth Connector / Pheasant Way,Jeremy Ranch / Glenwild,WG076,40.73167942348123,-111.54708752211994,6361.5,0,69.2,46.7,56.5,0.0,0.0,0.0
2026-09-30,Stealth Trail,Jeremy Ranch / Glenwild,WG077,40.73631275924013,-111.5447596003018,6560.0,0,68.5,46.0,55.8,0.0,0.0,0.0
2026-09-30,Steps,Park City / PCMR,WG037,40.63116043759045,-111.5173271228493,8520.8,0,58.3,39.5,48.0,0.0,0.0,0.0
2026-09-30,Stiff Upper Lip,Park City / PCMR,WG017,40.61611691879028,-111.52987009616064,9025.4,1,54.4,36.8,45.0,0.0,0.0,0.0
2026-09-30,Sunny Slopes Trail,Round Valley,WG057,40.68377753714063,-111.48540217687854,6826.8,0,67.7,44.2,54.6,0.0,0.0,0.0
2026-09-30,Sunset,Deer Valley,WG013,40.61222429898699,-111.48546906629171,8777.5,0,57.5,39.1,47.2,0.0,0.0,0.0
2026-09-30,Super G,Deer Valley,WG013,40.6078734147108,-111.486644562986,8939.8,0,57.5,39.1,47.2,0.0,0.0,0.0
2026-09-30,Sven,Jordanelle,WG040,40.66216079919324,-111.41880056586604,6299.4,0,72.0,45.9,57.1,0.0,0.0,0.0
2026-09-30,Sweeney Switchbacks,Park City / PCMR,WG031,40.64428684826398,-111.50263935593632,7442.9,0,64.8,45.4,53.6,0.0,0.0,0.0
2026-09-30,Sweeneys,Park City / PCMR,WG032,40.6416793962084,-111.50380066992643,7712.4,0,63.5,44.0,52.3,0.0,0.0,0.0
2026-09-30,T&G,Deer Valley,WG016,40.611941402305575,-111.51506977898008,8673.3,0,57.4,39.0,47.1,0.0,0.0,0.0
2026-09-30,T&G 2,Deer Valley,WG016,40.62089143656375,-111.51568549288604,8599.5,0,57.4,39.0,47.1,0.0,0.0,0.0
2026-09-30,TDS Ontario Bypass,Deer Valley,WG032,40.62591563844938,-111.49801252893096,7889.0,0,63.5,44.0,52.3,0.0,0.0,0.0
2026-09-30,TSP Skils Area,Round Valley,WG067,40.70929244417837,-111.50545423904256,6671.9,0,68.7,43.9,54.7,0.0,0.0,0.0
2026-09-30,Tall Oaks Circle,Pinebrook,WG078,40.73938310561022,-111.57541687830556,6961.5,0,67.1,43.8,54.6,0.0,0.0,0.0
2026-09-30,Tall T Trail,Deer Valley,WG007,40.59029104976929,-111.52734087474852,9033.3,0,56.6,38.2,46.3,0.0,0.0,0.0
2026-09-30,Tar Pits Jump Line,Round Valley,WG067,40.70948336187246,-111.50501444482678,6663.3,0,68.7,43.9,54.7,0.0,0.0,0.0
2026-09-30,Team Big Bear,Deer Valley,WG013,40.61639926546102,-111.50010669410356,8610.0,0,57.5,39.1,47.2,0.0,0.0,0.0
2026-09-30,Team Cutthroat Downhill,Jeremy Ranch / Glenwild,WG077,40.74619331694971,-111.55242052130288,6618.0,0,68.5,46.0,55.8,0.0,0.0,0.0
2026-09-30,Thaynes Canyon,Park City / PCMR,WG037,40.62644528922062,-111.539067377105,8520.6,0,58.3,39.5,48.0,0.0,0.0,0.0
2026-09-30,The Avenues,Summit Park,WG090,40.75998198374273,-111.6028265058925,7081.5,0,64.3,43.6,53.5,0.0,0.0,0.0
2026-09-30,The Graduate,Jeremy Ranch / Glenwild,WG085,40.7534431855279,-111.56237742796368,6343.1,0,68.7,45.4,56.2,0.0,0.0,0.0
2026-09-30,The Great Gazoo,Round Valley,WG067,40.70997890100696,-111.50140660314835,6662.9,0,68.7,43.9,54.7,0.0,0.0,0.0
2026-09-30,The Lookout,Deer Valley,WG032,40.62921554675458,-111.4942829189022,7693.2,0,63.5,44.0,52.3,0.0,0.0,0.0
2026-09-30,The Sheep Trail,Summit Park,WG094,40.75746633469589,-111.667341513995,6217.2,0,68.1,50.2,58.5,0.0,0.0,0.0
2026-09-30,The Up Trail,Summit Park,WG078,40.74822119025095,-111.58934600493023,6821.1,0,67.1,43.8,54.6,0.0,0.0,0.0
2026-09-30,The Upper Avenues,Summit Park,WG090,40.75942210135698,-111.60997791538348,7425.0,0,64.3,43.6,53.5,0.0,0.0,0.0
2026-09-30,Thieves Forest,Deer Valley,WG013,40.61553068086176,-111.48245627012813,8597.7,0,57.5,39.1,47.2,0.0,0.0,0.0
2026-09-30,Thieves Forrest,Deer Valley,WG014,40.611364491739,-111.4804590615015,9072.7,0,56.5,38.2,46.2,0.0,0.0,0.0
2026-09-30,Three Candles,Park City / PCMR,WG037,40.62931137475258,-111.52248914366156,8843.3,0,58.3,39.5,48.0,0.0,0.0,0.0
2026-09-30,Tidal Wave,Deer Valley,WG013,40.610548014761406,-111.48897388892838,8737.9,0,57.5,39.1,47.2,0.0,0.0,0.0
2026-09-30,Tideline,Jordanelle,WG025,40.64171272429878,-111.40053564270964,6530.0,0,71.1,45.0,56.3,0.0,0.0,0.0
2026-09-30,Tim Man,Round Valley,WG067,40.70348842863846,-111.50080894755244,6766.9,0,68.7,43.9,54.7,0.0,0.0,0.0
2026-09-30,Tommys Two Step,Park City / PCMR,WG036,40.629024211109055,-111.51829238121942,8474.2,0,59.5,40.7,49.2,0.0,0.0,0.0
2026-09-30,Tour De Homes,Deer Valley,WG032,40.63205110837411,-111.48826887414292,7813.1,0,63.5,44.0,52.3,0.0,0.0,0.0
2026-09-30,Tour De Suds (Upper),Deer Valley,WG013,40.614682713092186,-111.50609195133156,8563.5,0,57.5,39.1,47.2,0.0,0.0,0.0
2026-09-30,Town,Park City / PCMR,WG030,40.64755940729975,-111.49861999854691,6988.0,0,67.3,46.7,55.3,0.0,0.0,0.0
2026-09-30,Trailside,Round Valley,WG066,40.71864159830864,-111.50336949570412,6480.1,0,69.3,44.4,55.3,0.0,0.0,0.0
2026-09-30,Trailside Connector,Round Valley,WG067,40.71611276967259,-111.5017965665912,6504.2,0,68.7,43.9,54.7,0.0,0.0,0.0
2026-09-30,Trailside Loop,Round Valley,WG067,40.71199117049012,-111.50483999800892,6609.7,0,68.7,43.9,54.7,0.0,0.0,0.0
2026-09-30,Trappers Gate,Deer Valley,WG031,40.63197509989361,-111.497026036245,7462.8,0,64.8,45.4,53.6,0.0,0.0,0.0
2026-09-30,Trestle,Park City / PCMR,WG033,40.63650074050743,-111.50791633233914,8071.5,0,60.3,41.4,49.9,0.0,0.0,0.0
2026-09-30,Tricky Pickle Trail,Deer Valley,WG004,40.59197973531048,-111.49789592532872,8532.5,0,57.8,39.4,47.5,0.0,0.0,0.0
2026-09-30,Truckhole,Round Valley,WG067,40.704351116822174,-111.50022157042804,6773.9,0,68.7,43.9,54.7,0.0,0.0,0.0
2026-09-30,Trump,Deer Valley,WG013,40.60903529522874,-111.4964159868453,8771.6,0,57.5,39.1,47.2,0.0,0.0,0.0
2026-09-30,Tsunami,Deer Valley,WG013,40.61166268615432,-111.48706860055302,8747.8,0,57.5,39.1,47.2,0.0,0.0,0.0
2026-09-30,Tug of War Trail,Deer Valley,WG013,40.60218815889535,-111.4963014769127,8962.3,0,57.5,39.1,47.2,0.0,0.0,0.0
2026-09-30,Tweety Bird Trail,Jordanelle,WG001,40.59084253440856,-111.40816741687898,6568.1,0,70.3,43.8,55.1,0.0,0.0,0.0
2026-09-30,Twist & Shout,Deer Valley,WG012,40.61590669002216,-111.48826576454944,8415.6,0,61.0,41.6,50.0,0.0,0.0,0.0
2026-09-30,Twist and Shout,Deer Valley,WG013,40.61146669404505,-111.486662413967,8799.9,0,57.5,39.1,47.2,0.0,0.0,0.0
2026-09-30,Undertow Trail,Deer Valley,WG029,40.63057046785135,-111.47858549886824,7937.9,0,63.8,44.4,52.7,0.0,0.0,0.0
2026-09-30,Unga Bunga Skills and Pump Tradk,Round Valley,WG067,40.71158064400824,-111.50217787755837,6590.1,0,68.7,43.9,54.7,0.0,0.0,0.0
2026-09-30,Up Track,Round Valley,WG067,40.71007968280768,-111.50314659118624,6643.1,0,68.7,43.9,54.7,0.0,0.0,0.0
2026-09-30,Upper Devo Trail,Deer Valley,WG033,40.62826200901757,-111.4850494481263,8097.8,0,60.3,41.4,49.9,0.0,0.0,0.0
2026-09-30,Upper Loose,Park City / PCMR,WG032,40.64060205866311,-111.5081407284332,7678.0,0,63.5,44.0,52.3,0.0,0.0,0.0
2026-09-30,Upper Loose Moose,Park City / PCMR,WG032,40.64060459750891,-111.5062344507794,7788.9,0,63.5,44.0,52.3,0.0,0.0,0.0
2026-09-30,Upper Sparky Trail,Clark Ranch,WG044,40.6599723509711,-111.45534390616216,6878.4,0,68.1,43.7,54.4,0.0,0.0,0.0
2026-09-30,Village Pipeline Connector,Deer Valley,WG028,40.6391093200599,-111.472490526811,7336.8,0,65.2,45.7,54.0,0.0,0.0,0.0
2026-09-30,Village Trail,Deer Valley,WG028,40.64077448423082,-111.47113665558776,7315.2,0,65.2,45.7,54.0,0.0,0.0,0.0
2026-09-30,Village Trail / Pipeline,Deer Valley,WG028,40.64110752434245,-111.46934147070748,7182.6,0,65.2,45.7,54.0,0.0,0.0,0.0
2026-09-30,WOW (Wasatch Over Wasatch) Trail,Deer Valley,WG003,40.585198990338895,-111.50729227137398,8248.2,0,61.0,42.3,50.5,0.0,0.0,0.0
2026-09-30,Wada Way,Jordanelle,WG040,40.65139897157171,-111.41292348157292,6267.2,0,72.0,45.9,57.1,0.0,0.0,0.0
2026-09-30,Wasatch,Round Valley,WG074,40.742724215036304,-111.49568804225927,6475.9,0,69.5,45.6,55.7,0.0,0.0,0.0
2026-09-30,Wasatch Crest Connect,Park City / PCMR,WG020,40.616974136223725,-111.55736099806312,9245.9,1,54.2,36.5,44.7,0.0,0.0,0.0
2026-09-30,Wasatch Wiggle Trail,Park City / PCMR,WG010,40.58570056880523,-111.57390345809982,9702.8,0,52.6,36.5,43.8,0.0,0.0,0.0
2026-09-30,We'll Go From There,Jordanelle,WG027,40.633559740125165,-111.4528915193202,6692.5,0,68.9,45.9,56.1,0.0,0.0,0.0
2026-09-30,Winchester Trail,Jeremy Ranch / Glenwild,WG069,40.71094932830698,-111.54449441430567,6453.0,0,69.6,45.8,56.6,0.0,0.0,0.0
2026-09-30,Woodside Gulch,Deer Valley,WG032,40.63428272582461,-111.50200856347875,7635.5,0,63.5,44.0,52.3,0.0,0.0,0.0
2026-09-30,Wowza Downhill Trail,Deer Valley,WG006,40.58677474689952,-111.51626735679228,8564.8,0,58.2,39.8,47.9,0.0,0.0,0.0
2026-09-30,Wowza Trail,Deer Valley,WG006,40.58754867198866,-111.51557993987645,8552.8,0,58.2,39.8,47.9,0.0,0.0,0.0
2026-09-30,Yabba Dabba Doo,Round Valley,WG067,40.71031601545331,-111.5039304608668,6636.2,0,68.7,43.9,54.7,0.0,0.0,0.0
2026-09-30,Yeti's,Pinebrook,WG072,40.70910944007779,-111.57083697014414,7539.3,0,62.3,43.4,52.2,0.0,0.0,0.0
2026-09-30,You Get It,Jordanelle,WG027,40.63417280890808,-111.45447628262694,6774.5,0,68.9,45.9,56.1,0.0,0.0,0.0
2026-10-01,24-7,Jeremy Ranch / Glenwild,WG086,40.7580938928905,-111.55747502780672,6689.5,0,70.3,42.1,55.8,0.0,0.0,0.0
2026-10-01,4:20,Deer Valley,WG032,40.63850725810498,-111.5016215026881,7810.7,0,66.1,45.3,54.5,0.0,0.0,0.0
2026-10-01,9K Trail,Park City / PCMR,WG017,40.61454424262402,-111.5340694590712,9222.8,0,58.4,39.7,47.9,0.0,0.0,0.0
2026-10-01,A Toll New World,Summit Park,WG078,40.74525880222984,-111.59660432287036,6843.1,0,69.1,44.5,56.3,0.0,0.0,0.0
2026-10-01,Abilene Way,Jeremy Ranch / Glenwild,WG068,40.705162592888,-111.52848253655898,6454.0,0,71.7,40.1,55.9,0.0,0.0,0.0
2026-10-01,Agitator Trail,Deer Valley,WG028,40.62594479567907,-111.46053082324435,7171.6,0,67.8,47.0,56.3,0.0,0.0,0.0
2026-10-01,Alexander Creek Trail,Summit Park,WG093,40.75856130522611,-111.67962308025976,5873.5,0,72.8,52.2,61.5,0.0,0.0,0.0
2026-10-01,Alta-Brighton Trail,Park City / PCMR,WG009,40.59874189108338,-111.5904390735144,9081.0,0,59.2,39.6,48.2,0.0,0.0,0.0
2026-10-01,Ambush,Jeremy Ranch / Glenwild,WG063,40.694225906082366,-111.58181443950004,7757.7,0,66.0,47.4,55.1,0.0,0.0,0.0
2026-10-01,Amenti,Round Valley,WG067,40.71749758221375,-111.50096260266577,6526.6,0,70.8,40.6,54.9,0.0,0.0,0.0
2026-10-01,An Unexpected Journey Trail,Jordanelle,WG001,40.584095263003086,-111.41492155800285,6731.9,0,70.1,44.2,56.6,0.0,0.0,0.0
2026-10-01,Ancient Forest Loop,Round Valley,WG074,40.7314260153664,-111.49224006112888,6485.8,0,71.2,42.3,55.8,0.0,0.0,0.0
2026-10-01,Ant Farm,Jeremy Ranch / Glenwild,WG077,40.74632495230274,-111.55092174051572,6629.0,0,70.5,42.2,56.0,0.0,0.0,0.0
2026-10-01,Apex,Park City / PCMR,WG038,40.62520958876211,-111.53395003281469,9146.4,0,58.7,40.0,48.2,0.0,0.0,0.0
2026-10-01,April Mountain Trail,Deer Valley,WG047,40.650711302598815,-111.4870593388075,7472.0,0,68.8,44.1,55.4,0.0,0.0,0.0
2026-10-01,Armstrong,Park City / PCMR,WG051,40.65248508262897,-111.52994268919429,7566.3,0,67.3,46.1,55.3,0.0,0.0,0.0
2026-10-01,Ashley Avenue,Round Valley,WG057,40.68155854272997,-111.50389122653404,6794.6,0,70.1,42.2,55.2,0.0,0.0,0.0
2026-10-01,Aspen Slalom,Deer Valley,WG013,40.61311265842392,-111.48457791355952,8816.9,0,60.4,41.5,50.2,0.0,0.0,0.0
2026-10-01,BLT,Jeremy Ranch / Glenwild,WG070,40.71492142685356,-111.56084442077211,6927.9,0,70.0,41.8,55.5,0.0,0.0,0.0
2026-10-01,BYOB,Pinebrook,WG070,40.718283985000745,-111.55661288864135,6639.8,0,70.0,41.8,55.5,0.0,0.0,0.0
2026-10-01,Backslide,Round Valley,WG057,40.686236769495366,-111.49111386346571,6972.4,0,70.1,42.2,55.2,0.0,0.0,0.0
2026-10-01,Bad Apple,Jeremy Ranch / Glenwild,WG076,40.74937514368386,-111.56017979748744,6367.9,0,71.2,43.0,56.7,0.0,0.0,0.0
2026-10-01,Bamm Bamm,Round Valley,WG067,40.71001316656963,-111.50256230173504,6667.3,0,70.8,40.6,54.9,0.0,0.0,0.0
2026-10-01,Barrel Roll,Round Valley,WG058,40.69153134198254,-111.48458530535574,7017.0,0,69.5,41.6,54.6,0.0,0.0,0.0
2026-10-01,Beep Beep Trail,Jordanelle,WG001,40.59039066618902,-111.4033797731244,6670.3,0,70.1,44.2,56.6,0.0,0.0,0.0
2026-10-01,Big Dipper,Jordanelle,WG042,40.66018548005414,-111.43175307695702,6961.2,0,70.2,44.5,56.3,0.0,0.0,0.0
2026-10-01,Big Easy,Round Valley,WG057,40.696128326880846,-111.48285293654745,6776.5,0,70.1,42.2,55.2,0.0,0.0,0.0
2026-10-01,Black Forest,Deer Valley,WG016,40.61940428916709,-111.52036519166067,8929.3,0,60.3,41.4,50.1,0.0,0.0,0.0
2026-10-01,Blackhawk Trail,Jeremy Ranch / Glenwild,WG075,40.73111252615939,-111.53542276920604,6536.5,0,70.4,42.2,55.9,0.0,0.0,0.0
2026-10-01,Blazing Saddle,Park City / PCMR,WG020,40.61652898868821,-111.55635878361066,9384.9,0,58.1,39.4,47.6,0.0,0.0,0.0
2026-10-01,Bonanza Flat Overlook,Deer Valley,WG017,40.60116766018752,-111.5344182482656,9112.3,0,58.4,39.7,47.9,0.0,0.0,0.0
2026-10-01,Bonanza Loop Trail,Deer Valley,WG016,40.60282163896819,-111.52815381158308,8908.5,0,60.3,41.4,50.1,0.0,0.0,0.0
2026-10-01,Bonanza Trail,Deer Valley,WG046,40.661614248984336,-111.49584605339936,6814.3,0,69.9,45.1,56.5,0.0,0.0,0.0
2026-10-01,Boot Hill,Park City / PCMR,WG046,40.66311538182378,-111.50841776480048,6853.1,0,69.9,45.1,56.5,0.0,0.0,0.0
2026-10-01,Boot Hill Connect,Park City / PCMR,WG046,40.66384832032967,-111.50809692977944,6921.4,0,69.9,45.1,56.5,0.0,0.0,0.0
2026-10-01,Boulder,Deer Valley,WG013,40.61539223980999,-111.50399769475118,8635.0,0,60.4,41.5,50.2,0.0,0.0,0.0
2026-10-01,Boulder / Trump,Deer Valley,WG013,40.610998229404565,-111.50208555144307,8996.4,0,60.4,41.5,50.2,0.0,0.0,0.0
2026-10-01,Bourbon Street,Round Valley,WG067,40.70798253656,-111.48164466049944,6673.3,0,70.8,40.6,54.9,0.0,0.0,0.0
2026-10-01,Bow Hunter,Deer Valley,WG014,40.60108596513679,-111.48484426536052,9020.3,0,59.5,40.6,49.3,0.0,0.0,0.0
2026-10-01,Bow Hunter Extension,Deer Valley,WG005,40.59796119210968,-111.4848069886625,9014.7,0,59.6,40.7,49.4,0.0,0.0,0.0
2026-10-01,Brighton Lakes Trail,Park City / PCMR,WG009,40.59287052758444,-111.58751257009568,9276.0,0,59.2,39.6,48.2,0.0,0.0,0.0
2026-10-01,Bronto Jam,Round Valley,WG067,40.71004954775594,-111.501977414722,6672.8,0,70.8,40.6,54.9,0.0,0.0,0.0
2026-10-01,CMG,Park City / PCMR,WG035,40.645848884326966,-111.51679268892973,7606.5,0,66.9,45.7,54.9,0.0,0.0,0.0
2026-10-01,Cammy's,Round Valley,WG057,40.69072662264133,-111.49673800313964,6953.5,0,70.1,42.2,55.2,0.0,0.0,0.0
2026-10-01,Canyons Downhill,Pinebrook,WG061,40.68430916809496,-111.56849091879047,7666.2,0,66.3,47.7,55.5,0.0,0.0,0.0
2026-10-01,Catherine's Pass Trail,Park City / PCMR,WG010,40.585096359880005,-111.59078643106362,9753.9,0,57.3,37.7,46.3,0.0,0.0,0.0
2026-10-01,Claim Jumper,Park City / PCMR,WG036,40.63958065995946,-111.52518162563226,8147.6,0,62.9,44.1,52.2,0.0,0.0,0.0
2026-10-01,Clayton Peak Trail,Park City / PCMR,WG010,40.58693552999217,-111.57085635011327,9813.5,0,57.3,37.7,46.3,0.0,0.0,0.0
2026-10-01,Cobblestone Loop,Jeremy Ranch / Glenwild,WG084,40.75845647840704,-111.52582619388934,6805.4,0,68.7,47.3,57.1,0.0,0.0,0.0
2026-10-01,Cobblestone Trail,Jeremy Ranch / Glenwild,WG084,40.75512641497514,-111.52744418745776,6723.8,0,68.7,47.3,57.1,0.0,0.0,0.0
2026-10-01,Colin's Trail,Jeremy Ranch / Glenwild,WG060,40.69629937433107,-111.55671582168428,7029.9,0,68.3,46.5,56.6,0.0,0.0,0.0
2026-10-01,Colony Mid Mountain Connector,Park City / PCMR,WG052,40.65011049975458,-111.53932673410868,8429.2,0,62.2,44.2,52.0,0.0,0.0,0.0
2026-10-01,Comstock Mine Trail,Park City / PCMR,WG019,40.62270505527668,-111.54357954562096,8723.6,0,60.2,41.5,49.7,0.0,0.0,0.0
2026-10-01,Constellation Trail,Jordanelle,WG026,40.6428753631073,-111.43505033038012,6261.6,0,73.3,45.1,58.3,0.0,0.0,0.0
2026-10-01,Corvair,Deer Valley,WG016,40.61099169805087,-111.51230389508405,8648.6,0,60.3,41.4,50.1,0.0,0.0,0.0
2026-10-01,Corvair (Upper),Deer Valley,WG016,40.60840912265719,-111.51090449857222,8883.3,0,60.3,41.4,50.1,0.0,0.0,0.0
2026-10-01,Corvair Connector,Deer Valley,WG016,40.61070239150149,-111.5115633319795,8812.1,0,60.3,41.4,50.1,0.0,0.0,0.0
2026-10-01,Cousin Eddy Trail,Clark Ranch,WG044,40.66170094764518,-111.45386933866466,6817.2,0,70.2,41.9,55.4,0.0,0.0,0.0
2026-10-01,Coyote Loop Trail,Jordanelle,WG001,40.58676467246392,-111.40272629625528,6895.7,0,70.1,44.2,56.6,0.0,0.0,0.0
2026-10-01,Crazy Eights,Jeremy Ranch / Glenwild,WG077,40.74908550583131,-111.55291850861556,6580.7,0,70.5,42.2,56.0,0.0,0.0,0.0
2026-10-01,Crescent Ridge,Park City / PCMR,WG036,40.64328062856461,-111.5205999025961,8289.2,0,62.9,44.1,52.2,0.0,0.0,0.0
2026-10-01,Cutter Lane,Jeremy Ranch / Glenwild,WG068,40.7083260127391,-111.53140227257067,6437.7,0,71.7,40.1,55.9,0.0,0.0,0.0
2026-10-01,Cyn City,Park City / PCMR,WG016,40.62106458390316,-111.52108056020784,8700.1,0,60.3,41.4,50.1,0.0,0.0,0.0
2026-10-01,Daily Overlook,Deer Valley,WG031,40.631723443280656,-111.4987920660294,7430.4,0,67.4,46.6,55.9,0.0,0.0,0.0
2026-10-01,Daly Avenue,Deer Valley,WG031,40.63079192228995,-111.49966938212476,7430.3,0,67.4,46.6,55.9,0.0,0.0,0.0
2026-10-01,Daly Bypass,Deer Valley,WG031,40.63469577874592,-111.4972952534869,7351.3,0,67.4,46.6,55.9,0.0,0.0,0.0
2026-10-01,Daly Canyon,Deer Valley,WG011,40.620194319264456,-111.50922727258838,7986.4,0,64.4,45.6,53.7,0.0,0.0,0.0
2026-10-01,Daly Grind,Deer Valley,WG011,40.62436395642222,-111.5065519695764,7745.3,0,64.4,45.6,53.7,0.0,0.0,0.0
2026-10-01,Dawns Trail,Park City / PCMR,WG051,40.65039115727101,-111.52578815180028,7505.7,0,67.3,46.1,55.3,0.0,0.0,0.0
2026-10-01,Dead Reckoning,Summit Park,WG078,40.74804102527887,-111.5901705440554,6808.0,0,69.1,44.5,56.3,0.0,0.0,0.0
2026-10-01,Dead Tree,Park City / PCMR,WG021,40.611358588022426,-111.54588982448988,9653.6,0,56.1,38.4,46.1,0.0,0.0,0.0
2026-10-01,Deep Park Circle,Jordanelle,WG026,40.626894083286025,-111.43587347972714,6383.2,0,73.3,45.1,58.3,0.0,0.0,0.0
2026-10-01,Deer Camp,Deer Valley,WG013,40.60519585339864,-111.4911066437841,8920.6,0,60.4,41.5,50.2,0.0,0.0,0.0
2026-10-01,Deer Crest,Deer Valley,WG029,40.63553157935396,-111.47424740401932,7612.2,0,66.4,45.7,54.9,0.0,0.0,0.0
2026-10-01,Devo,Deer Valley,WG032,40.6296740826892,-111.48374523511592,7963.4,0,66.1,45.3,54.5,0.0,0.0,0.0
2026-10-01,Discovery,Summit Park,WG078,40.74903521550762,-111.59463162387972,6614.4,0,69.1,44.5,56.3,0.0,0.0,0.0
2026-10-01,Downward Dog,Round Valley,WG057,40.68865758594976,-111.48489883261024,6958.5,0,70.1,42.2,55.2,0.0,0.0,0.0
2026-10-01,Dropout,Jeremy Ranch / Glenwild,WG077,40.74673233142679,-111.55449028155309,6576.0,0,70.5,42.2,56.0,0.0,0.0,0.0
2026-10-01,Dubois,Jeremy Ranch / Glenwild,WG059,40.698630398586985,-111.55581872982933,6878.9,0,70.6,39.0,54.8,0.0,0.0,0.0
2026-10-01,Eagle Cove,Round Valley,WG057,40.68665016051084,-111.49786169389527,6799.6,0,70.1,42.2,55.2,0.0,0.0,0.0
2026-10-01,Eagle Trail,Park City / PCMR,WG051,40.65138382915936,-111.51929067308184,7664.9,0,67.3,46.1,55.3,0.0,0.0,0.0
2026-10-01,Eagle Way,Park City / PCMR,WG048,40.65295946154777,-111.48775315119684,7538.9,0,66.9,46.1,55.4,0.0,0.0,0.0
2026-10-01,East Fallen Pines Lane,Park City / PCMR,WG022,40.61551642366452,-111.57912837068116,8712.4,0,60.2,41.5,49.8,0.0,0.0,0.0
2026-10-01,Easy Rider,Park City / PCMR,WG009,40.59580193116481,-111.57632308440664,9141.3,0,59.2,39.6,48.2,0.0,0.0,0.0
2026-10-01,Ecker Hill Trail,Pinebrook,WG076,40.740364526144575,-111.5667817840803,6401.3,0,71.2,43.0,56.7,0.0,0.0,0.0
2026-10-01,Empire Alternate,Deer Valley,WG032,40.62635819528807,-111.50016350153602,7943.1,0,66.1,45.3,54.5,0.0,0.0,0.0
2026-10-01,Empire Link,Deer Valley,WG012,40.62422557470265,-111.50748256286928,8022.2,0,63.2,44.8,52.8,0.0,0.0,0.0
2026-10-01,Empire Lodge,Deer Valley,WG015,40.61442062316093,-111.51298418240138,8439.2,0,63.0,44.2,52.3,0.0,0.0,0.0
2026-10-01,Empire Pass Connector,Deer Valley,WG016,40.60627316294136,-111.51481095351645,8948.4,0,60.3,41.4,50.1,0.0,0.0,0.0
2026-10-01,Equestrian,Round Valley,WG067,40.70215181343843,-111.50219785223597,6719.1,0,70.8,40.6,54.9,0.0,0.0,0.0
2026-10-01,Euston,Round Valley,WG047,40.65772556817424,-111.48315877249176,7062.9,0,68.8,44.1,55.4,0.0,0.0,0.0
2026-10-01,Evil Empire,Park City / PCMR,WG016,40.61923823662483,-111.52513988679308,8746.8,0,60.3,41.4,50.1,0.0,0.0,0.0
2026-10-01,Fairway Hills Trail,Round Valley,WG055,40.67853348641883,-111.47699791832557,6747.4,0,70.3,41.8,55.1,0.0,0.0,0.0
2026-10-01,Family Truckster Trail,Clark Ranch,WG044,40.66038172048119,-111.452885753204,6847.4,0,70.2,41.9,55.4,0.0,0.0,0.0
2026-10-01,Fast Pitch Trail,Round Valley,WG055,40.6798165110769,-111.47671870073196,6759.1,0,70.3,41.8,55.1,0.0,0.0,0.0
2026-10-01,Fat Lip,Park City / PCMR,WG016,40.62192963761681,-111.5279713594279,8931.1,0,60.3,41.4,50.1,0.0,0.0,0.0
2026-10-01,Field Stone,Round Valley,WG067,40.71706243943152,-111.49059329339536,6526.3,0,70.8,40.6,54.9,0.0,0.0,0.0
2026-10-01,Fink Again,Jeremy Ranch / Glenwild,WG086,40.75125285000831,-111.55541181172696,6586.2,0,70.3,42.1,55.8,0.0,0.0,0.0
2026-10-01,Finns,Deer Valley,WG028,40.640763495812735,-111.47689190658058,7214.2,0,67.8,47.0,56.3,0.0,0.0,0.0
2026-10-01,Fireswamp,Deer Valley,WG013,40.61340925382439,-111.48239833860336,8873.0,0,60.4,41.5,50.2,0.0,0.0,0.0
2026-10-01,First Time,Park City / PCMR,WG050,40.65050878239233,-111.51048291433958,7041.1,0,69.3,44.5,55.9,0.0,0.0,0.0
2026-10-01,First Time Return,Park City / PCMR,WG050,40.65021414919943,-111.51090683334832,7073.8,0,69.3,44.5,55.9,0.0,0.0,0.0
2026-10-01,Flagstaff Loop,Deer Valley,WG013,40.60758047007656,-111.496735533601,8898.0,0,60.4,41.5,50.2,0.0,0.0,0.0
2026-10-01,Flat Cable,Park City / PCMR,WG032,40.644102718034645,-111.505628746172,7565.4,0,66.1,45.3,54.5,0.0,0.0,0.0
2026-10-01,Flat Iron,Park City / PCMR,WG036,40.62696082564811,-111.51719430456902,8393.5,0,62.9,44.1,52.2,0.0,0.0,0.0
2026-10-01,Flying Dog,Jeremy Ranch / Glenwild,WG087,40.77237660098178,-111.54161762597796,7321.2,0,66.7,46.2,55.2,0.0,0.0,0.0
2026-10-01,Forest Glen Trail,Park City / PCMR,WG022,40.61089948644494,-111.5784844905115,8765.8,0,60.2,41.5,49.8,0.0,0.0,0.0
2026-10-01,Fox Tail Trail,Round Valley,WG045,40.66564803508002,-111.47503092801368,7133.0,0,68.6,43.8,55.2,0.0,0.0,0.0
2026-10-01,Freemason,Park City / PCMR,WG046,40.65768683021079,-111.49819012622744,6949.6,0,69.9,45.1,56.5,0.0,0.0,0.0
2026-10-01,Full Steam Billy,Park City / PCMR,WG031,40.64842922650065,-111.4945100220623,7246.4,0,67.4,46.6,55.9,0.0,0.0,0.0
2026-10-01,Gambel Oak Cut,Round Valley,WG045,40.65967079074984,-111.47871602858976,7240.9,0,68.6,43.8,55.2,0.0,0.0,0.0
2026-10-01,Gambel Oak North,Park City / PCMR,WG047,40.65915752473873,-111.48180315635692,7112.6,0,68.8,44.1,55.4,0.0,0.0,0.0
2026-10-01,Gambel Oak Trail,Park City / PCMR,WG031,40.64847351910524,-111.48419757905585,7408.0,0,67.4,46.6,55.9,0.0,0.0,0.0
2026-10-01,Gap Bypass Trail,Deer Valley,WG028,40.64123747413292,-111.47577580871994,7306.6,0,67.8,47.0,56.3,0.0,0.0,0.0
2026-10-01,Gap Loop,Deer Valley,WG028,40.6409109833561,-111.47399614902376,7445.8,0,67.8,47.0,56.3,0.0,0.0,0.0
2026-10-01,Glenwild Loop,Jeremy Ranch / Glenwild,WG075,40.73989427988239,-111.52813430357229,6701.6,0,70.4,42.2,55.9,0.0,0.0,0.0
2026-10-01,Glenwild Loop / Wasatch,Jeremy Ranch / Glenwild,WG074,40.74589846722535,-111.509614206256,6451.3,0,71.2,42.3,55.8,0.0,0.0,0.0
2026-10-01,Gold Finger,Park City / PCMR,WG053,40.65997467243904,-111.55431689925648,8081.9,0,63.0,45.0,52.8,0.0,0.0,0.0
2026-10-01,Golden Needle,Park City / PCMR,WG008,40.59452078975266,-111.56725110409884,9811.4,0,56.0,38.4,46.1,0.0,0.0,0.0
2026-10-01,Gorgoza Park,Pinebrook,WG089,40.75144469967726,-111.581432624726,6619.5,0,69.4,44.8,56.7,0.0,0.0,0.0
2026-10-01,Gotcha Cuttoff,Park City / PCMR,WG035,40.64587964864319,-111.5166123821088,7673.2,0,66.9,45.7,54.9,0.0,0.0,0.0
2026-10-01,Grave Digger,Deer Valley,WG032,40.62962271716946,-111.50201210924322,7682.6,0,66.1,45.3,54.5,0.0,0.0,0.0
2026-10-01,Great Western Trail,Wasatch Crest / Millcreek,WG092,40.77286580912175,-111.6406537725031,7571.3,0,66.1,40.4,53.7,0.0,0.0,0.0
2026-10-01,Great Western Trail / Great Western Trail bypass,Wasatch Crest / Millcreek,WG091,40.7535574542296,-111.6313027356856,7111.8,0,67.4,44.6,56.1,0.0,0.0,0.0
2026-10-01,H.A.M.,Park City / PCMR,WG035,40.64547382276132,-111.53139851516626,7780.5,0,66.9,45.7,54.9,0.0,0.0,0.0
2026-10-01,Hang Time South,Park City / PCMR,WG046,40.65853660632904,-111.49606808644194,6970.8,0,69.9,45.1,56.5,0.0,0.0,0.0
2026-10-01,Happy Gilmor,Round Valley,WG067,40.70712360033319,-111.5014684546231,6569.0,0,70.8,40.6,54.9,0.0,0.0,0.0
2026-10-01,Happy Trailside,Round Valley,WG067,40.708413441306845,-111.50471867526606,6595.6,0,70.8,40.6,54.9,0.0,0.0,0.0
2026-10-01,Hat Trick Trail,Round Valley,WG055,40.678830976721535,-111.47596646172724,6757.0,0,70.3,41.8,55.1,0.0,0.0,0.0
2026-10-01,Heard It Both Ways Trail,Deer Valley,WG004,40.593082879194085,-111.49125770411068,8855.0,0,60.8,41.9,50.5,0.0,0.0,0.0
2026-10-01,Hidden Cove,Summit Park,WG089,40.756655895607175,-111.597334386164,6686.2,0,69.4,44.8,56.7,0.0,0.0,0.0
2026-10-01,High Meadows Connector,Pinebrook,WG076,40.74134938710701,-111.56847869190176,6429.9,0,71.2,43.0,56.7,0.0,0.0,0.0
2026-10-01,High Side,Round Valley,WG055,40.69388247977245,-111.4770589235944,6909.3,0,70.3,41.8,55.1,0.0,0.0,0.0
2026-10-01,Holly's,Pinebrook,WG063,40.68604417524608,-111.57782170773478,7824.2,0,66.0,47.4,55.1,0.0,0.0,0.0
2026-10-01,Holy Roller,Deer Valley,WG013,40.6113609111251,-111.48708066137604,8716.2,0,60.4,41.5,50.2,0.0,0.0,0.0
2026-10-01,Humdinger,Deer Valley,WG029,40.626356336628135,-111.46720603877804,7537.3,0,66.4,45.7,54.9,0.0,0.0,0.0
2026-10-01,Insurgent,Jeremy Ranch / Glenwild,WG063,40.68610182305705,-111.58195303109213,7873.2,0,66.0,47.4,55.1,0.0,0.0,0.0
2026-10-01,Io Trail (Middle),Deer Valley,WG017,40.61025792344493,-111.52770861008732,9342.5,0,58.4,39.7,47.9,0.0,0.0,0.0
2026-10-01,Iron Bill,Jeremy Ranch / Glenwild,WG071,40.70817834974828,-111.55726593666238,7034.2,0,67.8,46.0,56.1,0.0,0.0,0.0
2026-10-01,Iron Man,Park City / PCMR,WG053,40.6585520468376,-111.5452566956134,8305.8,0,63.0,45.0,52.8,0.0,0.0,0.0
2026-10-01,Iron Mountain Trail,Park City / PCMR,WG054,40.65649532455427,-111.54475504732362,8753.8,0,61.0,43.0,50.8,0.0,0.0,0.0
2026-10-01,Izzy's Inferno (Dog Pound),Deer Valley,WG012,40.619811878384205,-111.48856422719636,8193.5,0,63.2,44.8,52.8,0.0,0.0,0.0
2026-10-01,Jailbreak,Jeremy Ranch / Glenwild,WG085,40.75712939272894,-111.56214780445411,6277.4,0,70.7,46.1,57.9,0.0,0.0,0.0
2026-10-01,Jeep Hill (Safety Coridoor),Deer Valley,WG013,40.60451306969404,-111.50923514571896,8820.6,0,60.4,41.5,50.2,0.0,0.0,0.0
2026-10-01,Jenni's Trail,Park City / PCMR,WG034,40.64869166733497,-111.51220769740809,7207.7,0,68.2,47.0,56.2,0.0,0.0,0.0
2026-10-01,Jenni's Trail upper,Park City / PCMR,WG035,40.63937813819639,-111.5112423147728,7789.7,0,66.9,45.7,54.9,0.0,0.0,0.0
2026-10-01,Johns '99,Park City / PCMR,WG033,40.62911828578874,-111.50998374795329,8128.2,0,63.7,44.9,53.0,0.0,0.0,0.0
2026-10-01,Johns 99,Deer Valley,WG015,40.62450457371346,-111.51231498110546,8231.6,0,63.0,44.2,52.3,0.0,0.0,0.0
2026-10-01,Johns Trail,Park City / PCMR,WG033,40.63760825426597,-111.50539626371148,8041.4,0,63.7,44.9,53.0,0.0,0.0,0.0
2026-10-01,Jordanelle (West Bank) Trail,Jordanelle,WG026,40.63639192686843,-111.4311179892118,6210.9,0,73.3,45.1,58.3,0.0,0.0,0.0
2026-10-01,Jordanelle Perimeter Trail,Jordanelle,WG024,40.633349610731685,-111.4121970547725,6216.7,0,73.5,45.3,58.5,0.0,0.0,0.0
2026-10-01,Jupiter Peak,Park City / PCMR,WG021,40.610319419324455,-111.54904593331813,9871.3,0,56.1,38.4,46.1,0.0,0.0,0.0
2026-10-01,Jupiter Ridge,Park City / PCMR,WG018,40.61268065771163,-111.53867835914352,9869.4,0,56.2,38.6,46.3,0.0,0.0,0.0
2026-10-01,Kaboom Trail / Call Sign Casa Trail,Jordanelle,WG027,40.62794719612903,-111.45468580169128,6888.6,0,71.1,43.8,56.8,0.0,0.0,0.0
2026-10-01,Kari's,Round Valley,WG055,40.69160040530727,-111.47515847036864,6850.2,0,70.3,41.8,55.1,0.0,0.0,0.0
2026-10-01,Keetley,Jordanelle,WG024,40.6438983646529,-111.4097274639112,6255.4,0,73.5,45.3,58.5,0.0,0.0,0.0
2026-10-01,Keystone Trail,Park City / PCMR,WG037,40.62506440637064,-111.53055382777043,8890.7,0,61.8,43.0,51.1,0.0,0.0,0.0
2026-10-01,La Dee Duh,Round Valley,WG057,40.69261799590889,-111.5001632592338,6864.5,0,70.1,42.2,55.2,0.0,0.0,0.0
2026-10-01,Lavina,Deer Valley,WG006,40.58376333945228,-111.52567195673171,8621.7,0,61.2,42.3,50.9,0.0,0.0,0.0
2026-10-01,Legacy Loop,Jeremy Ranch / Glenwild,WG071,40.705995804360256,-111.55961886682412,7342.6,0,67.8,46.0,56.1,0.0,0.0,0.0
2026-10-01,Legacy Ridge,Jeremy Ranch / Glenwild,WG071,40.70648419743829,-111.5603960205038,7414.3,0,67.8,46.0,56.1,0.0,0.0,0.0
2026-10-01,Legacy. Loop,Jeremy Ranch / Glenwild,WG071,40.70737188748682,-111.5599210439625,7363.1,0,67.8,46.0,56.1,0.0,0.0,0.0
2026-10-01,Link,Deer Valley,WG015,40.624117394272574,-111.51614328186776,8385.3,0,63.0,44.2,52.3,0.0,0.0,0.0
2026-10-01,Little Chief,Deer Valley,WG015,40.61872839208637,-111.51243052868438,8322.6,0,63.0,44.2,52.3,0.0,0.0,0.0
2026-10-01,Little Engine Trail,Summit Park,WG089,40.756690732809,-111.59562244098744,6709.3,0,69.4,44.8,56.7,0.0,0.0,0.0
2026-10-01,Little Stick,Deer Valley,WG028,40.63409637421967,-111.478301770839,7464.6,0,67.8,47.0,56.3,0.0,0.0,0.0
2026-10-01,Longview,Jordanelle,WG040,40.65785550770212,-111.4151527495857,6299.6,0,73.3,45.1,58.3,0.0,0.0,0.0
2026-10-01,Looney Tunes Trail,Jordanelle,WG002,40.58370423178651,-111.40605522395904,7149.3,0,68.5,42.5,54.9,0.0,0.0,0.0
2026-10-01,Loose Moose,Park City / PCMR,WG031,40.64358346695202,-111.50940341630726,7446.3,0,67.4,46.6,55.9,0.0,0.0,0.0
2026-10-01,Lost Prospector,Park City / PCMR,WG047,40.659849225736586,-111.4888557229514,7044.5,0,68.8,44.1,55.4,0.0,0.0,0.0
2026-10-01,Lower Devo Trail,Deer Valley,WG032,40.63290230557317,-111.48205615844142,7656.5,0,66.1,45.3,54.5,0.0,0.0,0.0
2026-10-01,Lower Masonic,Park City / PCMR,WG047,40.65358630670372,-111.49972319928794,7113.0,0,68.8,44.1,55.4,0.0,0.0,0.0
2026-10-01,Lower Sparky Trail,Clark Ranch,WG044,40.66761130235187,-111.4559551589961,6689.8,0,70.2,41.9,55.4,0.0,0.0,0.0
2026-10-01,Lower Village,Deer Valley,WG028,40.64043848354113,-111.46360640728942,7008.1,0,67.8,47.0,56.3,0.0,0.0,0.0
2026-10-01,Lynx #2,Round Valley,WG044,40.66734087696376,-111.46694625830712,6898.8,0,70.2,41.9,55.4,0.0,0.0,0.0
2026-10-01,Masonic,Park City / PCMR,WG047,40.65628760128763,-111.48965728213436,7283.0,0,68.8,44.1,55.4,0.0,0.0,0.0
2026-10-01,Matt's Flat,Round Valley,WG057,40.68924275786925,-111.49221205396208,6921.6,0,70.1,42.2,55.2,0.0,0.0,0.0
2026-10-01,McConkeys,Park City / PCMR,WG016,40.617956923480186,-111.52625119796232,8958.8,0,60.3,41.4,50.1,0.0,0.0,0.0
2026-10-01,McConkeys / Io Trail (Middle),Park City / PCMR,WG018,40.61168680632571,-111.53326494678502,9588.6,0,56.2,38.6,46.3,0.0,0.0,0.0
2026-10-01,McHenry Avenue,Deer Valley,WG031,40.640126864152855,-111.49219625319049,7274.9,0,67.4,46.6,55.9,0.0,0.0,0.0
2026-10-01,Mid-Mountain Connect,Park City / PCMR,WG036,40.63223012461414,-111.51309555497544,8201.7,0,62.9,44.1,52.2,0.0,0.0,0.0
2026-10-01,Mid-Mountain Trail,Park City / PCMR,WG036,40.64534582424172,-111.53118141177607,8168.3,0,62.9,44.1,52.2,0.0,0.0,0.0
2026-10-01,Milky Way,Jordanelle,WG042,40.65767372971338,-111.43373089841624,6795.1,0,70.2,44.5,56.3,0.0,0.0,0.0
2026-10-01,Milky Way / Two Rocks,Jordanelle,WG042,40.66056479638159,-111.42608338059031,6558.6,0,70.2,44.5,56.3,0.0,0.0,0.0
2026-10-01,Miner's Mile,Park City / PCMR,WG036,40.62728968091632,-111.51804021102016,8457.0,0,62.9,44.1,52.2,0.0,0.0,0.0
2026-10-01,Miss Billy's,Jeremy Ranch / Glenwild,WG059,40.69127466685039,-111.54016400735836,6614.6,0,70.6,39.0,54.8,0.0,0.0,0.0
2026-10-01,Mojave,Park City / PCMR,WG037,40.634971780917176,-111.5211432294971,8540.4,0,61.8,43.0,51.1,0.0,0.0,0.0
2026-10-01,Moose Hollow,Summit Park,WG088,40.76397899834495,-111.58866445905328,6467.6,0,70.2,45.5,57.4,0.0,0.0,0.0
2026-10-01,Moose Poop,Deer Valley,WG032,40.633538239133244,-111.50120248027572,7607.1,0,66.1,45.3,54.5,0.0,0.0,0.0
2026-10-01,Moose Puddle,Pinebrook,WG071,40.70548588260783,-111.56718578772085,7487.6,0,67.8,46.0,56.1,0.0,0.0,0.0
2026-10-01,Moose Tracks Trail,Park City / PCMR,WG009,40.59516414126596,-111.57427709390586,9258.1,0,59.2,39.6,48.2,0.0,0.0,0.0
2026-10-01,Moosebones,Deer Valley,WG013,40.61167254823319,-111.50326786094648,8857.2,0,60.4,41.5,50.2,0.0,0.0,0.0
2026-10-01,Moosehouse,Park City / PCMR,WG032,40.63204398195126,-111.5038481086022,7902.6,0,66.1,45.3,54.5,0.0,0.0,0.0
2026-10-01,Mother Urban,Deer Valley,WG032,40.63167066031289,-111.5034058570439,7904.1,0,66.1,45.3,54.5,0.0,0.0,0.0
2026-10-01,Mountain Ranch,Jeremy Ranch / Glenwild,WG066,40.719482563829935,-111.5082007499112,6453.3,0,71.4,41.2,55.5,0.0,0.0,0.0
2026-10-01,Mountain Ranch Estates,Round Valley,WG067,40.7173985998433,-111.50812726137713,6520.0,0,70.8,40.6,54.9,0.0,0.0,0.0
2026-10-01,Mountain Willow,Round Valley,WG067,40.71402930681007,-111.48565937361776,6571.7,0,70.8,40.6,54.9,0.0,0.0,0.0
2026-10-01,Mr Muchrocks,Round Valley,WG067,40.70904482572548,-111.50323360919846,6653.2,0,70.8,40.6,54.9,0.0,0.0,0.0
2026-10-01,NCS,Deer Valley,WG032,40.62911396321707,-111.4803727621932,7992.5,0,66.1,45.3,54.5,0.0,0.0,0.0
2026-10-01,Nick NAC,Round Valley,WG057,40.69210865876878,-111.490120990647,6959.3,0,70.1,42.2,55.2,0.0,0.0,0.0
2026-10-01,No Worries,Summit Park,WG081,40.73716048778493,-111.60234213265907,7289.1,0,67.1,48.6,56.4,0.0,0.0,0.0
2026-10-01,North 400 West,Jeremy Ranch / Glenwild,WG068,40.70279368500318,-111.51897621463831,6441.4,0,71.7,40.1,55.9,0.0,0.0,0.0
2026-10-01,North Ross Creek Trail,Jordanelle,WG041,40.66585897507511,-111.42082357173696,6405.0,0,72.9,44.7,57.9,0.0,0.0,0.0
2026-10-01,Nowhere Elks,Round Valley,WG058,40.69018989582584,-111.48311322310164,7036.6,0,69.5,41.6,54.6,0.0,0.0,0.0
2026-10-01,OMG,Deer Valley,WG032,40.631226274970665,-111.4973428195913,7571.3,0,66.1,45.3,54.5,0.0,0.0,0.0
2026-10-01,OMH,Pinebrook,WG070,40.71997692753587,-111.55773747935044,6677.5,0,70.0,41.8,55.5,0.0,0.0,0.0
2026-10-01,Oh Deer Flow,Jordanelle,WG041,40.66237367218405,-111.42118550237925,6403.1,0,72.9,44.7,57.9,0.0,0.0,0.0
2026-10-01,Old Homeward Bound,Deer Valley,WG012,40.61357496233911,-111.48964629692756,8441.1,0,63.2,44.8,52.8,0.0,0.0,0.0
2026-10-01,Old Skool,Deer Valley,WG032,40.631898683587,-111.48423208918877,7827.2,0,66.1,45.3,54.5,0.0,0.0,0.0
2026-10-01,Old Stage Crest Connect,Park City / PCMR,WG023,40.61247305094488,-111.5715274805363,9057.3,0,59.0,40.3,48.5,0.0,0.0,0.0
2026-10-01,Olympic,Pinebrook,WG064,40.69996684096533,-111.57868853500152,8004.0,0,62.5,46.3,53.2,0.0,0.0,0.0
2026-10-01,Ontario Canyon,Deer Valley,WG013,40.61130277448227,-111.48755898005427,8755.1,0,60.4,41.5,50.2,0.0,0.0,0.0
2026-10-01,Ontario Ridge,Deer Valley,WG032,40.62821582013441,-111.49780973717266,7815.3,0,66.1,45.3,54.5,0.0,0.0,0.0
2026-10-01,Ore Cart,Deer Valley,WG015,40.621755910380834,-111.51139929264724,8146.4,0,63.0,44.2,52.3,0.0,0.0,0.0
2026-10-01,Outlook,Deer Valley,WG029,40.63657831428653,-111.4685462481628,7646.2,0,66.4,45.7,54.9,0.0,0.0,0.0
2026-10-01,Pale Green Dot,Summit Park,WG078,40.74689592786439,-111.59182437672968,6802.1,0,69.1,44.5,56.3,0.0,0.0,0.0
2026-10-01,Parley's Lane,Summit Park,WG089,40.75375624958085,-111.59849347383722,6719.0,0,69.4,44.8,56.7,0.0,0.0,0.0
2026-10-01,Payday,Park City / PCMR,WG035,40.64053545819342,-111.51124538504462,7598.1,0,66.9,45.7,54.9,0.0,0.0,0.0
2026-10-01,Payroll,Deer Valley,WG013,40.61095393430099,-111.5094443089702,8630.4,0,60.4,41.5,50.2,0.0,0.0,0.0
2026-10-01,Pedalers Inn,Deer Valley,WG012,40.61923438649311,-111.4865707901735,8286.8,0,63.2,44.8,52.8,0.0,0.0,0.0
2026-10-01,Perrier Pass,Park City / PCMR,WG017,40.61814002894983,-111.53826776190397,9445.9,0,58.4,39.7,47.9,0.0,0.0,0.0
2026-10-01,Pinebrook Point,Pinebrook,WG089,40.75079411917499,-111.57994193527573,6623.3,0,69.4,44.8,56.7,0.0,0.0,0.0
2026-10-01,Pinebrook Pointe South,Pinebrook,WG078,40.74959135152933,-111.5795998040212,6632.5,0,69.1,44.5,56.3,0.0,0.0,0.0
2026-10-01,Pinebrook Southeast Perimeter / Hunter's Trail of the Mid Mountain,Pinebrook,WG072,40.71419878562093,-111.5896757552273,7875.5,0,65.6,47.1,54.9,0.0,0.0,0.0
2026-10-01,Pinebrook Southeast Perimeter / Pinebrook SE Perimeter,Pinebrook,WG079,40.72863077219642,-111.58102679054537,7392.0,0,67.5,45.8,55.9,0.0,0.0,0.0
2026-10-01,Pinebrook Southeast Perimeter Trail,Pinebrook,WG078,40.73058687532795,-111.57244227312069,6947.5,0,69.1,44.5,56.3,0.0,0.0,0.0
2026-10-01,Pinecone Ridge,Park City / PCMR,WG039,40.63337906740186,-111.54644099265712,9084.9,0,58.9,40.2,48.4,0.0,0.0,0.0
2026-10-01,Pioneer Ridge,Park City / PCMR,WG018,40.61649374604546,-111.53892521633333,9598.5,0,56.2,38.6,46.3,0.0,0.0,0.0
2026-10-01,Pipeline,Deer Valley,WG028,40.63885618836171,-111.46966538134832,7356.9,0,67.8,47.0,56.3,0.0,0.0,0.0
2026-10-01,Pointy Rocks,Deer Valley,WG031,40.63679995846106,-111.48172224533342,7428.0,0,67.4,46.6,55.9,0.0,0.0,0.0
2026-10-01,PorcUclimb,Round Valley,WG058,40.69402326414524,-111.48517031749344,7064.7,0,69.5,41.6,54.6,0.0,0.0,0.0
2026-10-01,Powerline,Pinebrook,WG078,40.74237998272819,-111.5716363238219,6548.4,0,69.1,44.5,56.3,0.0,0.0,0.0
2026-10-01,Powerline Connector,Pinebrook,WG078,40.74298978990414,-111.5728828415412,6585.6,0,69.1,44.5,56.3,0.0,0.0,0.0
2026-10-01,Powerline Trail,Park City / PCMR,WG036,40.63015217582808,-111.53743024085954,8362.6,0,62.9,44.1,52.2,0.0,0.0,0.0
2026-10-01,Practice Loops,Round Valley,WG055,40.68336469607561,-111.47532267974417,6752.0,0,70.3,41.8,55.1,0.0,0.0,0.0
2026-10-01,Preserve Connector,Jeremy Ranch / Glenwild,WG087,40.76330147562161,-111.54585203221042,7230.0,0,66.7,46.2,55.2,0.0,0.0,0.0
2026-10-01,Princess Di's,Clark Ranch,WG083,40.751465442037045,-111.43628535405452,6858.8,0,69.6,43.9,55.6,0.0,0.0,0.0
2026-10-01,Prospect,Deer Valley,WG031,40.63405408516434,-111.49547333835608,7482.8,0,67.4,46.6,55.9,0.0,0.0,0.0
2026-10-01,Pulp Friction,Round Valley,WG057,40.69884233324062,-111.50344523686547,6681.3,0,70.1,42.2,55.2,0.0,0.0,0.0
2026-10-01,Putty Tat Trail,Jordanelle,WG001,40.59267845848291,-111.40267007297948,6514.0,0,70.1,44.2,56.6,0.0,0.0,0.0
2026-10-01,Quinn's Connect,Round Valley,WG055,40.68185946906874,-111.4726829059293,6720.8,0,70.3,41.8,55.1,0.0,0.0,0.0
2026-10-01,RTS,Jeremy Ranch / Glenwild,WG070,40.71664642216084,-111.55523569599896,6598.1,0,70.0,41.8,55.5,0.0,0.0,0.0
2026-10-01,RTS / BLT,Jeremy Ranch / Glenwild,WG070,40.71544842193981,-111.5580228733734,6768.3,0,70.0,41.8,55.5,0.0,0.0,0.0
2026-10-01,Rademan Ridge,Round Valley,WG057,40.69522706920315,-111.49835765815162,6895.6,0,70.1,42.2,55.2,0.0,0.0,0.0
2026-10-01,Ramble On,Round Valley,WG067,40.70159467934347,-111.48028465593316,6781.5,0,70.8,40.6,54.9,0.0,0.0,0.0
2026-10-01,Rambler,Round Valley,WG057,40.69772226627651,-111.49065578495473,6809.2,0,70.1,42.2,55.2,0.0,0.0,0.0
2026-10-01,Rambler DT,Round Valley,WG056,40.699080350519786,-111.50674680507665,6485.7,0,71.3,41.1,55.5,0.0,0.0,0.0
2026-10-01,Red Bull,Park City / PCMR,WG035,40.63958635838598,-111.51326842477698,7769.0,0,66.9,45.7,54.9,0.0,0.0,0.0
2026-10-01,Regulator Trail,Deer Valley,WG033,40.62910164594688,-111.48142418804063,8033.8,0,63.7,44.9,53.0,0.0,0.0,0.0
2026-10-01,Richochet,Park City / PCMR,WG062,40.68638148266805,-111.57139393545772,7468.3,0,67.1,48.4,56.2,0.0,0.0,0.0
2026-10-01,Rinse Cycle Trail,Deer Valley,WG028,40.62990230274806,-111.45944053119273,7191.1,0,67.8,47.0,56.3,0.0,0.0,0.0
2026-10-01,Ripple Trail,Deer Valley,WG029,40.63554405253732,-111.47490110184252,7588.0,0,66.4,45.7,54.9,0.0,0.0,0.0
2026-10-01,Riverview West Trail,Jordanelle,WG001,40.58565113588149,-111.41386481977428,6730.6,0,70.1,44.2,56.6,0.0,0.0,0.0
2026-10-01,Road to WOS,Summit Park,WG082,40.73344363030311,-111.61407104321202,7712.2,0,65.6,47.2,55.0,0.0,0.0,0.0
2026-10-01,Rob's Trail,Pinebrook,WG063,40.69704664952428,-111.5702364046946,7584.0,0,66.0,47.4,55.1,0.0,0.0,0.0
2026-10-01,RocMon,Round Valley,WG055,40.68788668982749,-111.4548390225179,6677.5,0,70.3,41.8,55.1,0.0,0.0,0.0
2026-10-01,Rock Chuck Trail,Park City / PCMR,WG008,40.58874474594925,-111.56839301918852,9680.6,0,56.0,38.4,46.1,0.0,0.0,0.0
2026-10-01,Rogue Rider Trail,Park City / PCMR,WG020,40.60699361060532,-111.56187339427328,9423.9,0,58.1,39.4,47.6,0.0,0.0,0.0
2026-10-01,Rosebud,Park City / PCMR,WG036,40.63966083548988,-111.52257618003053,8390.4,0,62.9,44.1,52.2,0.0,0.0,0.0
2026-10-01,Rosebud's Heaven,Park City / PCMR,WG060,40.69195554103422,-111.5659528759652,7326.9,0,68.3,46.5,56.6,0.0,0.0,0.0
2026-10-01,Rossi Hill Trail,Deer Valley,WG031,40.63808222920599,-111.4919292526201,7341.8,0,67.4,46.6,55.9,0.0,0.0,0.0
2026-10-01,Round Valley Connect,Round Valley,WG067,40.70875221615484,-111.50427592382064,6606.7,0,70.8,40.6,54.9,0.0,0.0,0.0
2026-10-01,Round Valley Connector,Round Valley,WG067,40.709506874143365,-111.48774034228174,6611.3,0,70.8,40.6,54.9,0.0,0.0,0.0
2026-10-01,Round Valley Express,Round Valley,WG057,40.69308554123404,-111.4897696424948,6812.1,0,70.1,42.2,55.2,0.0,0.0,0.0
2026-10-01,Rusty Shovel,Round Valley,WG057,40.69776625143012,-111.4804885556652,6868.8,0,70.1,42.2,55.2,0.0,0.0,0.0
2026-10-01,Rusty Spur,Round Valley,WG065,40.70159189598121,-111.4765958017646,6731.2,0,70.5,41.6,55.0,0.0,0.0,0.0
2026-10-01,SOS,Park City / PCMR,WG046,40.666448184385416,-111.48116864087982,6803.8,0,69.9,45.1,56.5,0.0,0.0,0.0
2026-10-01,SQ Connector Trail,Round Valley,WG055,40.68949659271035,-111.47067515084642,6728.8,0,70.3,41.8,55.1,0.0,0.0,0.0
2026-10-01,Sam's Trail,Deer Valley,WG012,40.61912724197413,-111.50964994268364,8145.3,0,63.2,44.8,52.8,0.0,0.0,0.0
2026-10-01,Saved By The Bell,Round Valley,WG067,40.71689792497153,-111.49958806368429,6568.5,0,70.8,40.6,54.9,0.0,0.0,0.0
2026-10-01,Scott's Bypass,Park City / PCMR,WG021,40.612047856355446,-111.55918064050742,9658.7,0,56.1,38.4,46.1,0.0,0.0,0.0
2026-10-01,Secret of My Success Trail,Deer Valley,WG033,40.62597453280468,-111.48566192002252,8293.6,0,63.7,44.9,53.0,0.0,0.0,0.0
2026-10-01,Seldom Seen,Park City / PCMR,WG034,40.64892938917546,-111.51571616491609,7435.6,0,68.2,47.0,56.2,0.0,0.0,0.0
2026-10-01,Seventy 101,Round Valley,WG057,40.68968411592925,-111.49103639156762,6974.3,0,70.1,42.2,55.2,0.0,0.0,0.0
2026-10-01,Shadow Lake,Park City / PCMR,WG020,40.61596037279941,-111.55009628848111,9179.4,0,58.1,39.4,47.6,0.0,0.0,0.0
2026-10-01,Shenanigans,Deer Valley,WG012,40.62034189886961,-111.49849814997506,8237.7,0,63.2,44.8,52.8,0.0,0.0,0.0
2026-10-01,Short Cut,Jeremy Ranch / Glenwild,WG064,40.68025862222409,-111.57883598783349,8081.5,0,62.5,46.3,53.2,0.0,0.0,0.0
2026-10-01,Short Fuse,Park City / PCMR,WG036,40.6346970517688,-111.52339576593836,8439.4,0,62.9,44.1,52.2,0.0,0.0,0.0
2026-10-01,Short Ribs,Summit Park,WG082,40.7348537895427,-111.62048055745409,7705.3,0,65.6,47.2,55.0,0.0,0.0,0.0
2026-10-01,Short Stack,Summit Park,WG082,40.73936874753804,-111.6200542747078,7652.8,0,65.6,47.2,55.0,0.0,0.0,0.0
2026-10-01,Silver Creek Trail,Round Valley,WG074,40.728195917662575,-111.48449884114967,6494.3,0,71.2,42.3,55.8,0.0,0.0,0.0
2026-10-01,Silver Gate,Round Valley,WG073,40.72728013881357,-111.46748664430804,6513.4,0,71.3,42.4,55.8,0.0,0.0,0.0
2026-10-01,Silver Queen,Park City / PCMR,WG037,40.63391819864852,-111.51755091640152,8558.9,0,61.8,43.0,51.1,0.0,0.0,0.0
2026-10-01,Silver Spur,Park City / PCMR,WG049,40.65266965116334,-111.5117818738982,6980.8,0,69.6,44.8,56.2,0.0,0.0,0.0
2026-10-01,Skid Row,Park City / PCMR,WG044,40.66845831872771,-111.47381352761975,6920.8,0,70.2,41.9,55.4,0.0,0.0,0.0
2026-10-01,Skyridge Peak Trail / Milky Way,Jordanelle,WG043,40.65984634182248,-111.4368345884266,7139.2,0,68.9,43.2,55.0,0.0,0.0,0.0
2026-10-01,Sloppy Joe,Round Valley,WG067,40.71599935057343,-111.49742827056478,6658.4,0,70.8,40.6,54.9,0.0,0.0,0.0
2026-10-01,Snake Pit Trail,Park City / PCMR,WG010,40.58750533085767,-111.57189033610032,9625.4,0,57.3,37.7,46.3,0.0,0.0,0.0
2026-10-01,Snowtop,Deer Valley,WG028,40.64752229561398,-111.4705824068134,7443.3,0,67.8,47.0,56.3,0.0,0.0,0.0
2026-10-01,Solamere,Deer Valley,WG045,40.65168830951934,-111.47267426337083,7304.0,0,68.6,43.8,55.2,0.0,0.0,0.0
2026-10-01,Solamere Connector,Deer Valley,WG045,40.651338463153365,-111.4797751905619,7331.1,0,68.6,43.8,55.2,0.0,0.0,0.0
2026-10-01,Somewhere Elks,Round Valley,WG055,40.68702802029736,-111.47813858810876,6977.4,0,70.3,41.8,55.1,0.0,0.0,0.0
2026-10-01,South Canyon,Round Valley,WG055,40.697084178294816,-111.45372200426904,6732.0,0,70.3,41.8,55.1,0.0,0.0,0.0
2026-10-01,South Sweeney,Park City / PCMR,WG031,40.64194117786604,-111.49870009761844,7400.1,0,67.4,46.6,55.9,0.0,0.0,0.0
2026-10-01,Spare Change,Summit Park,WG080,40.74164553017363,-111.60031464541484,6827.9,0,68.4,45.6,57.1,0.0,0.0,0.0
2026-10-01,Sparky's Return,Clark Ranch,WG044,40.6617858998794,-111.45698342605078,6783.6,0,70.2,41.9,55.4,0.0,0.0,0.0
2026-10-01,Speedbag,Deer Valley,WG011,40.624406811076895,-111.50919273225593,7987.6,0,64.4,45.6,53.7,0.0,0.0,0.0
2026-10-01,Spin Cycle Trail,Deer Valley,WG028,40.63411801502942,-111.46082430079326,7178.8,0,67.8,47.0,56.3,0.0,0.0,0.0
2026-10-01,Spiro Trail,Park City / PCMR,WG035,40.64755384631944,-111.52407012433112,7617.4,0,66.9,45.7,54.9,0.0,0.0,0.0
2026-10-01,St. Regis Trail,Deer Valley,WG028,40.639112933407205,-111.47591481144916,7383.3,0,67.8,47.0,56.3,0.0,0.0,0.0
2026-10-01,Stealth Connector / Pheasant Way,Jeremy Ranch / Glenwild,WG076,40.73167942348123,-111.54708752211994,6361.5,0,71.2,43.0,56.7,0.0,0.0,0.0
2026-10-01,Stealth Trail,Jeremy Ranch / Glenwild,WG077,40.73631275924013,-111.5447596003018,6560.0,0,70.5,42.2,56.0,0.0,0.0,0.0
2026-10-01,Steps,Park City / PCMR,WG037,40.63116043759045,-111.5173271228493,8520.8,0,61.8,43.0,51.1,0.0,0.0,0.0
2026-10-01,Stiff Upper Lip,Park City / PCMR,WG017,40.61611691879028,-111.52987009616064,9025.4,0,58.4,39.7,47.9,0.0,0.0,0.0
2026-10-01,Sunny Slopes Trail,Round Valley,WG057,40.68377753714063,-111.48540217687854,6826.8,0,70.1,42.2,55.2,0.0,0.0,0.0
2026-10-01,Sunset,Deer Valley,WG013,40.61222429898699,-111.48546906629171,8777.5,0,60.4,41.5,50.2,0.0,0.0,0.0
2026-10-01,Super G,Deer Valley,WG013,40.6078734147108,-111.486644562986,8939.8,0,60.4,41.5,50.2,0.0,0.0,0.0
2026-10-01,Sven,Jordanelle,WG040,40.66216079919324,-111.41880056586604,6299.4,0,73.3,45.1,58.3,0.0,0.0,0.0
2026-10-01,Sweeney Switchbacks,Park City / PCMR,WG031,40.64428684826398,-111.50263935593632,7442.9,0,67.4,46.6,55.9,0.0,0.0,0.0
2026-10-01,Sweeneys,Park City / PCMR,WG032,40.6416793962084,-111.50380066992643,7712.4,0,66.1,45.3,54.5,0.0,0.0,0.0
2026-10-01,T&G,Deer Valley,WG016,40.611941402305575,-111.51506977898008,8673.3,0,60.3,41.4,50.1,0.0,0.0,0.0
2026-10-01,T&G 2,Deer Valley,WG016,40.62089143656375,-111.51568549288604,8599.5,0,60.3,41.4,50.1,0.0,0.0,0.0
2026-10-01,TDS Ontario Bypass,Deer Valley,WG032,40.62591563844938,-111.49801252893096,7889.0,0,66.1,45.3,54.5,0.0,0.0,0.0
2026-10-01,TSP Skils Area,Round Valley,WG067,40.70929244417837,-111.50545423904256,6671.9,0,70.8,40.6,54.9,0.0,0.0,0.0
2026-10-01,Tall Oaks Circle,Pinebrook,WG078,40.73938310561022,-111.57541687830556,6961.5,0,69.1,44.5,56.3,0.0,0.0,0.0
2026-10-01,Tall T Trail,Deer Valley,WG007,40.59029104976929,-111.52734087474852,9033.3,0,59.6,40.7,49.3,0.0,0.0,0.0
2026-10-01,Tar Pits Jump Line,Round Valley,WG067,40.70948336187246,-111.50501444482678,6663.3,0,70.8,40.6,54.9,0.0,0.0,0.0
2026-10-01,Team Big Bear,Deer Valley,WG013,40.61639926546102,-111.50010669410356,8610.0,0,60.4,41.5,50.2,0.0,0.0,0.0
2026-10-01,Team Cutthroat Downhill,Jeremy Ranch / Glenwild,WG077,40.74619331694971,-111.55242052130288,6618.0,0,70.5,42.2,56.0,0.0,0.0,0.0
2026-10-01,Thaynes Canyon,Park City / PCMR,WG037,40.62644528922062,-111.539067377105,8520.6,0,61.8,43.0,51.1,0.0,0.0,0.0
2026-10-01,The Avenues,Summit Park,WG090,40.75998198374273,-111.6028265058925,7081.5,0,66.9,44.1,55.6,0.0,0.0,0.0
2026-10-01,The Graduate,Jeremy Ranch / Glenwild,WG085,40.7534431855279,-111.56237742796368,6343.1,0,70.7,46.1,57.9,0.0,0.0,0.0
2026-10-01,The Great Gazoo,Round Valley,WG067,40.70997890100696,-111.50140660314835,6662.9,0,70.8,40.6,54.9,0.0,0.0,0.0
2026-10-01,The Lookout,Deer Valley,WG032,40.62921554675458,-111.4942829189022,7693.2,0,66.1,45.3,54.5,0.0,0.0,0.0
2026-10-01,The Sheep Trail,Summit Park,WG094,40.75746633469589,-111.667341513995,6217.2,0,71.5,51.0,60.2,0.0,0.0,0.0
2026-10-01,The Up Trail,Summit Park,WG078,40.74822119025095,-111.58934600493023,6821.1,0,69.1,44.5,56.3,0.0,0.0,0.0
2026-10-01,The Upper Avenues,Summit Park,WG090,40.75942210135698,-111.60997791538348,7425.0,0,66.9,44.1,55.6,0.0,0.0,0.0
2026-10-01,Thieves Forest,Deer Valley,WG013,40.61553068086176,-111.48245627012813,8597.7,0,60.4,41.5,50.2,0.0,0.0,0.0
2026-10-01,Thieves Forrest,Deer Valley,WG014,40.611364491739,-111.4804590615015,9072.7,0,59.5,40.6,49.3,0.0,0.0,0.0
2026-10-01,Three Candles,Park City / PCMR,WG037,40.62931137475258,-111.52248914366156,8843.3,0,61.8,43.0,51.1,0.0,0.0,0.0
2026-10-01,Tidal Wave,Deer Valley,WG013,40.610548014761406,-111.48897388892838,8737.9,0,60.4,41.5,50.2,0.0,0.0,0.0
2026-10-01,Tideline,Jordanelle,WG025,40.64171272429878,-111.40053564270964,6530.0,0,72.4,44.3,57.4,0.0,0.0,0.0
2026-10-01,Tim Man,Round Valley,WG067,40.70348842863846,-111.50080894755244,6766.9,0,70.8,40.6,54.9,0.0,0.0,0.0
2026-10-01,Tommys Two Step,Park City / PCMR,WG036,40.629024211109055,-111.51829238121942,8474.2,0,62.9,44.1,52.2,0.0,0.0,0.0
2026-10-01,Tour De Homes,Deer Valley,WG032,40.63205110837411,-111.48826887414292,7813.1,0,66.1,45.3,54.5,0.0,0.0,0.0
2026-10-01,Tour De Suds (Upper),Deer Valley,WG013,40.614682713092186,-111.50609195133156,8563.5,0,60.4,41.5,50.2,0.0,0.0,0.0
2026-10-01,Town,Park City / PCMR,WG030,40.64755940729975,-111.49861999854691,6988.0,0,69.5,44.8,56.1,0.0,0.0,0.0
2026-10-01,Trailside,Round Valley,WG066,40.71864159830864,-111.50336949570412,6480.1,0,71.4,41.2,55.5,0.0,0.0,0.0
2026-10-01,Trailside Connector,Round Valley,WG067,40.71611276967259,-111.5017965665912,6504.2,0,70.8,40.6,54.9,0.0,0.0,0.0
2026-10-01,Trailside Loop,Round Valley,WG067,40.71199117049012,-111.50483999800892,6609.7,0,70.8,40.6,54.9,0.0,0.0,0.0
2026-10-01,Trappers Gate,Deer Valley,WG031,40.63197509989361,-111.497026036245,7462.8,0,67.4,46.6,55.9,0.0,0.0,0.0
2026-10-01,Trestle,Park City / PCMR,WG033,40.63650074050743,-111.50791633233914,8071.5,0,63.7,44.9,53.0,0.0,0.0,0.0
2026-10-01,Tricky Pickle Trail,Deer Valley,WG004,40.59197973531048,-111.49789592532872,8532.5,0,60.8,41.9,50.5,0.0,0.0,0.0
2026-10-01,Truckhole,Round Valley,WG067,40.704351116822174,-111.50022157042804,6773.9,0,70.8,40.6,54.9,0.0,0.0,0.0
2026-10-01,Trump,Deer Valley,WG013,40.60903529522874,-111.4964159868453,8771.6,0,60.4,41.5,50.2,0.0,0.0,0.0
2026-10-01,Tsunami,Deer Valley,WG013,40.61166268615432,-111.48706860055302,8747.8,0,60.4,41.5,50.2,0.0,0.0,0.0
2026-10-01,Tug of War Trail,Deer Valley,WG013,40.60218815889535,-111.4963014769127,8962.3,0,60.4,41.5,50.2,0.0,0.0,0.0
2026-10-01,Tweety Bird Trail,Jordanelle,WG001,40.59084253440856,-111.40816741687898,6568.1,0,70.1,44.2,56.6,0.0,0.0,0.0
2026-10-01,Twist & Shout,Deer Valley,WG012,40.61590669002216,-111.48826576454944,8415.6,0,63.2,44.8,52.8,0.0,0.0,0.0
2026-10-01,Twist and Shout,Deer Valley,WG013,40.61146669404505,-111.486662413967,8799.9,0,60.4,41.5,50.2,0.0,0.0,0.0
2026-10-01,Undertow Trail,Deer Valley,WG029,40.63057046785135,-111.47858549886824,7937.9,0,66.4,45.7,54.9,0.0,0.0,0.0
2026-10-01,Unga Bunga Skills and Pump Tradk,Round Valley,WG067,40.71158064400824,-111.50217787755837,6590.1,0,70.8,40.6,54.9,0.0,0.0,0.0
2026-10-01,Up Track,Round Valley,WG067,40.71007968280768,-111.50314659118624,6643.1,0,70.8,40.6,54.9,0.0,0.0,0.0
2026-10-01,Upper Devo Trail,Deer Valley,WG033,40.62826200901757,-111.4850494481263,8097.8,0,63.7,44.9,53.0,0.0,0.0,0.0
2026-10-01,Upper Loose,Park City / PCMR,WG032,40.64060205866311,-111.5081407284332,7678.0,0,66.1,45.3,54.5,0.0,0.0,0.0
2026-10-01,Upper Loose Moose,Park City / PCMR,WG032,40.64060459750891,-111.5062344507794,7788.9,0,66.1,45.3,54.5,0.0,0.0,0.0
2026-10-01,Upper Sparky Trail,Clark Ranch,WG044,40.6599723509711,-111.45534390616216,6878.4,0,70.2,41.9,55.4,0.0,0.0,0.0
2026-10-01,Village Pipeline Connector,Deer Valley,WG028,40.6391093200599,-111.472490526811,7336.8,0,67.8,47.0,56.3,0.0,0.0,0.0
2026-10-01,Village Trail,Deer Valley,WG028,40.64077448423082,-111.47113665558776,7315.2,0,67.8,47.0,56.3,0.0,0.0,0.0
2026-10-01,Village Trail / Pipeline,Deer Valley,WG028,40.64110752434245,-111.46934147070748,7182.6,0,67.8,47.0,56.3,0.0,0.0,0.0
2026-10-01,WOW (Wasatch Over Wasatch) Trail,Deer Valley,WG003,40.585198990338895,-111.50729227137398,8248.2,0,62.6,44.5,52.4,0.0,0.0,0.0
2026-10-01,Wada Way,Jordanelle,WG040,40.65139897157171,-111.41292348157292,6267.2,0,73.3,45.1,58.3,0.0,0.0,0.0
2026-10-01,Wasatch,Round Valley,WG074,40.742724215036304,-111.49568804225927,6475.9,0,71.2,42.3,55.8,0.0,0.0,0.0
2026-10-01,Wasatch Crest Connect,Park City / PCMR,WG020,40.616974136223725,-111.55736099806312,9245.9,0,58.1,39.4,47.6,0.0,0.0,0.0
2026-10-01,Wasatch Wiggle Trail,Park City / PCMR,WG010,40.58570056880523,-111.57390345809982,9702.8,0,57.3,37.7,46.3,0.0,0.0,0.0
2026-10-01,We'll Go From There,Jordanelle,WG027,40.633559740125165,-111.4528915193202,6692.5,0,71.1,43.8,56.8,0.0,0.0,0.0
2026-10-01,Winchester Trail,Jeremy Ranch / Glenwild,WG069,40.71094932830698,-111.54449441430567,6453.0,0,71.7,40.1,55.8,0.0,0.0,0.0
2026-10-01,Woodside Gulch,Deer Valley,WG032,40.63428272582461,-111.50200856347875,7635.5,0,66.1,45.3,54.5,0.0,0.0,0.0
2026-10-01,Wowza Downhill Trail,Deer Valley,WG006,40.58677474689952,-111.51626735679228,8564.8,0,61.2,42.3,50.9,0.0,0.0,0.0
2026-10-01,Wowza Trail,Deer Valley,WG006,40.58754867198866,-111.51557993987645,8552.8,0,61.2,42.3,50.9,0.0,0.0,0.0
2026-10-01,Yabba Dabba Doo,Round Valley,WG067,40.71031601545331,-111.5039304608668,6636.2,0,70.8,40.6,54.9,0.0,0.0,0.0
2026-10-01,Yeti's,Pinebrook,WG072,40.70910944007779,-111.57083697014414,7539.3,0,65.6,47.1,54.9,0.0,0.0,0.0
2026-10-01,You Get It,Jordanelle,WG027,40.63417280890808,-111.45447628262694,6774.5,0,71.1,43.8,56.8,0.0,0.0,0.0
2026-10-02,24-7,Jeremy Ranch / Glenwild,WG086,40.7580938928905,-111.55747502780672,6689.5,2,75.4,43.7,58.2,0.0,0.0,0.0
2026-10-02,4:20,Deer Valley,WG032,40.63850725810498,-111.5016215026881,7810.7,1,71.4,49.8,59.2,0.0,0.0,0.0
2026-10-02,9K Trail,Park City / PCMR,WG017,40.61454424262402,-111.5340694590712,9222.8,3,62.9,45.4,52.7,0.0,0.0,0.0
2026-10-02,A Toll New World,Summit Park,WG078,40.74525880222984,-111.59660432287036,6843.1,3,74.2,44.3,58.8,0.0,0.0,0.0
2026-10-02,Abilene Way,Jeremy Ranch / Glenwild,WG068,40.705162592888,-111.52848253655898,6454.0,2,76.9,39.8,57.1,0.0,0.0,0.0
2026-10-02,Agitator Trail,Deer Valley,WG028,40.62594479567907,-111.46053082324435,7171.6,1,73.1,51.5,60.9,0.0,0.0,0.0
2026-10-02,Alexander Creek Trail,Summit Park,WG093,40.75856130522611,-111.67962308025976,5873.5,3,77.8,53.3,65.0,0.0,0.0,0.0
2026-10-02,Alta-Brighton Trail,Park City / PCMR,WG009,40.59874189108338,-111.5904390735144,9081.0,3,62.9,45.1,52.5,0.0,0.0,0.0
2026-10-02,Ambush,Jeremy Ranch / Glenwild,WG063,40.694225906082366,-111.58181443950004,7757.7,3,70.4,49.2,58.6,0.0,0.0,0.0
2026-10-02,Amenti,Round Valley,WG067,40.71749758221375,-111.50096260266577,6526.6,1,75.9,40.1,56.8,0.0,0.0,0.0
2026-10-02,An Unexpected Journey Trail,Jordanelle,WG001,40.584095263003086,-111.41492155800285,6731.9,1,75.5,49.1,60.8,0.0,0.0,0.0
2026-10-02,Ancient Forest Loop,Round Valley,WG074,40.7314260153664,-111.49224006112888,6485.8,2,75.8,45.1,58.7,0.0,0.0,0.0
2026-10-02,Ant Farm,Jeremy Ranch / Glenwild,WG077,40.74632495230274,-111.55092174051572,6629.0,2,75.5,43.9,58.3,0.0,0.0,0.0
2026-10-02,Apex,Park City / PCMR,WG038,40.62520958876211,-111.53395003281469,9146.4,3,63.2,45.7,53.0,0.0,0.0,0.0
2026-10-02,April Mountain Trail,Deer Valley,WG047,40.650711302598815,-111.4870593388075,7472.0,2,73.8,46.2,58.7,0.0,0.0,0.0
2026-10-02,Armstrong,Park City / PCMR,WG051,40.65248508262897,-111.52994268919429,7566.3,3,71.5,50.1,59.1,0.0,0.0,0.0
2026-10-02,Ashley Avenue,Round Valley,WG057,40.68155854272997,-111.50389122653404,6794.6,2,75.4,43.7,57.7,0.0,0.0,0.0
2026-10-02,Aspen Slalom,Deer Valley,WG013,40.61311265842392,-111.48457791355952,8816.9,3,65.5,46.1,53.7,0.0,0.0,0.0
2026-10-02,BLT,Jeremy Ranch / Glenwild,WG070,40.71492142685356,-111.56084442077211,6927.9,2,75.1,43.4,57.9,0.0,0.0,0.0
2026-10-02,BYOB,Pinebrook,WG070,40.718283985000745,-111.55661288864135,6639.8,2,75.1,43.4,57.9,0.0,0.0,0.0
2026-10-02,Backslide,Round Valley,WG057,40.686236769495366,-111.49111386346571,6972.4,2,75.4,43.7,57.7,0.0,0.0,0.0
2026-10-02,Bad Apple,Jeremy Ranch / Glenwild,WG076,40.74937514368386,-111.56017979748744,6367.9,2,76.3,44.6,59.1,0.0,0.0,0.0
2026-10-02,Bamm Bamm,Round Valley,WG067,40.71001316656963,-111.50256230173504,6667.3,1,75.9,40.1,56.8,0.0,0.0,0.0
2026-10-02,Barrel Roll,Round Valley,WG058,40.69153134198254,-111.48458530535574,7017.0,2,74.8,43.1,57.1,0.0,0.0,0.0
2026-10-02,Beep Beep Trail,Jordanelle,WG001,40.59039066618902,-111.4033797731244,6670.3,1,75.5,49.1,60.8,0.0,0.0,0.0
2026-10-02,Big Dipper,Jordanelle,WG042,40.66018548005414,-111.43175307695702,6961.2,2,75.7,47.9,59.8,0.0,0.0,0.0
2026-10-02,Big Easy,Round Valley,WG057,40.696128326880846,-111.48285293654745,6776.5,2,75.4,43.7,57.7,0.0,0.0,0.0
2026-10-02,Black Forest,Deer Valley,WG016,40.61940428916709,-111.52036519166067,8929.3,3,65.4,46.0,53.6,0.0,0.0,0.0
2026-10-02,Blackhawk Trail,Jeremy Ranch / Glenwild,WG075,40.73111252615939,-111.53542276920604,6536.5,2,75.5,43.8,58.3,0.0,0.0,0.0
2026-10-02,Blazing Saddle,Park City / PCMR,WG020,40.61652898868821,-111.55635878361066,9384.9,3,62.6,45.1,52.4,0.0,0.0,0.0
2026-10-02,Bonanza Flat Overlook,Deer Valley,WG017,40.60116766018752,-111.5344182482656,9112.3,3,62.9,45.4,52.7,0.0,0.0,0.0
2026-10-02,Bonanza Loop Trail,Deer Valley,WG016,40.60282163896819,-111.52815381158308,8908.5,3,65.4,46.0,53.6,0.0,0.0,0.0
2026-10-02,Bonanza Trail,Deer Valley,WG046,40.661614248984336,-111.49584605339936,6814.3,2,74.8,47.2,59.8,0.0,0.0,0.0
2026-10-02,Boot Hill,Park City / PCMR,WG046,40.66311538182378,-111.50841776480048,6853.1,2,74.8,47.2,59.8,0.0,0.0,0.0
2026-10-02,Boot Hill Connect,Park City / PCMR,WG046,40.66384832032967,-111.50809692977944,6921.4,2,74.8,47.2,59.8,0.0,0.0,0.0
2026-10-02,Boulder,Deer Valley,WG013,40.61539223980999,-111.50399769475118,8635.0,3,65.5,46.1,53.7,0.0,0.0,0.0
2026-10-02,Boulder / Trump,Deer Valley,WG013,40.610998229404565,-111.50208555144307,8996.4,3,65.5,46.1,53.7,0.0,0.0,0.0
2026-10-02,Bourbon Street,Round Valley,WG067,40.70798253656,-111.48164466049944,6673.3,1,75.9,40.1,56.8,0.0,0.0,0.0
2026-10-02,Bow Hunter,Deer Valley,WG014,40.60108596513679,-111.48484426536052,9020.3,3,64.5,45.2,52.8,0.0,0.0,0.0
2026-10-02,Bow Hunter Extension,Deer Valley,WG005,40.59796119210968,-111.4848069886625,9014.7,3,64.7,45.3,52.9,0.0,0.0,0.0
2026-10-02,Brighton Lakes Trail,Park City / PCMR,WG009,40.59287052758444,-111.58751257009568,9276.0,3,62.9,45.1,52.5,0.0,0.0,0.0
2026-10-02,Bronto Jam,Round Valley,WG067,40.71004954775594,-111.501977414722,6672.8,1,75.9,40.1,56.8,0.0,0.0,0.0
2026-10-02,CMG,Park City / PCMR,WG035,40.645848884326966,-111.51679268892973,7606.5,3,71.1,49.7,58.7,0.0,0.0,0.0
2026-10-02,Cammy's,Round Valley,WG057,40.69072662264133,-111.49673800313964,6953.5,2,75.4,43.7,57.7,0.0,0.0,0.0
2026-10-02,Canyons Downhill,Pinebrook,WG061,40.68430916809496,-111.56849091879047,7666.2,3,70.8,49.5,58.9,0.0,0.0,0.0
2026-10-02,Catherine's Pass Trail,Park City / PCMR,WG010,40.585096359880005,-111.59078643106362,9753.9,3,61.0,43.2,50.6,0.0,0.0,0.0
2026-10-02,Claim Jumper,Park City / PCMR,WG036,40.63958065995946,-111.52518162563226,8147.6,3,67.8,50.1,57.1,0.0,0.0,0.0
2026-10-02,Clayton Peak Trail,Park City / PCMR,WG010,40.58693552999217,-111.57085635011327,9813.5,3,61.0,43.2,50.6,0.0,0.0,0.0
2026-10-02,Cobblestone Loop,Jeremy Ranch / Glenwild,WG084,40.75845647840704,-111.52582619388934,6805.4,2,73.4,50.2,60.3,0.0,0.0,0.0
2026-10-02,Cobblestone Trail,Jeremy Ranch / Glenwild,WG084,40.75512641497514,-111.52744418745776,6723.8,2,73.4,50.2,60.3,0.0,0.0,0.0
2026-10-02,Colin's Trail,Jeremy Ranch / Glenwild,WG060,40.69629937433107,-111.55671582168428,7029.9,3,73.5,47.7,59.3,0.0,0.0,0.0
2026-10-02,Colony Mid Mountain Connector,Park City / PCMR,WG052,40.65011049975458,-111.53932673410868,8429.2,3,66.3,47.6,56.4,0.0,0.0,0.0
2026-10-02,Comstock Mine Trail,Park City / PCMR,WG019,40.62270505527668,-111.54357954562096,8723.6,3,64.7,47.2,54.5,0.0,0.0,0.0
2026-10-02,Constellation Trail,Jordanelle,WG026,40.6428753631073,-111.43505033038012,6261.6,3,77.8,48.9,61.6,0.0,0.0,0.0
2026-10-02,Corvair,Deer Valley,WG016,40.61099169805087,-111.51230389508405,8648.6,3,65.4,46.0,53.6,0.0,0.0,0.0
2026-10-02,Corvair (Upper),Deer Valley,WG016,40.60840912265719,-111.51090449857222,8883.3,3,65.4,46.0,53.6,0.0,0.0,0.0
2026-10-02,Corvair Connector,Deer Valley,WG016,40.61070239150149,-111.5115633319795,8812.1,3,65.4,46.0,53.6,0.0,0.0,0.0
2026-10-02,Cousin Eddy Trail,Clark Ranch,WG044,40.66170094764518,-111.45386933866466,6817.2,1,75.4,44.7,58.5,0.0,0.0,0.0
2026-10-02,Coyote Loop Trail,Jordanelle,WG001,40.58676467246392,-111.40272629625528,6895.7,1,75.5,49.1,60.8,0.0,0.0,0.0
2026-10-02,Crazy Eights,Jeremy Ranch / Glenwild,WG077,40.74908550583131,-111.55291850861556,6580.7,2,75.5,43.9,58.3,0.0,0.0,0.0
2026-10-02,Crescent Ridge,Park City / PCMR,WG036,40.64328062856461,-111.5205999025961,8289.2,3,67.8,50.1,57.1,0.0,0.0,0.0
2026-10-02,Cutter Lane,Jeremy Ranch / Glenwild,WG068,40.7083260127391,-111.53140227257067,6437.7,2,76.9,39.8,57.1,0.0,0.0,0.0
2026-10-02,Cyn City,Park City / PCMR,WG016,40.62106458390316,-111.52108056020784,8700.1,3,65.4,46.0,53.6,0.0,0.0,0.0
2026-10-02,Daily Overlook,Deer Valley,WG031,40.631723443280656,-111.4987920660294,7430.4,1,72.7,51.1,60.5,0.0,0.0,0.0
2026-10-02,Daly Avenue,Deer Valley,WG031,40.63079192228995,-111.49966938212476,7430.3,1,72.7,51.1,60.5,0.0,0.0,0.0
2026-10-02,Daly Bypass,Deer Valley,WG031,40.63469577874592,-111.4972952534869,7351.3,1,72.7,51.1,60.5,0.0,0.0,0.0
2026-10-02,Daly Canyon,Deer Valley,WG011,40.620194319264456,-111.50922727258838,7986.4,3,69.4,51.6,58.6,0.0,0.0,0.0
2026-10-02,Daly Grind,Deer Valley,WG011,40.62436395642222,-111.5065519695764,7745.3,3,69.4,51.6,58.6,0.0,0.0,0.0
2026-10-02,Dawns Trail,Park City / PCMR,WG051,40.65039115727101,-111.52578815180028,7505.7,3,71.5,50.1,59.1,0.0,0.0,0.0
2026-10-02,Dead Reckoning,Summit Park,WG078,40.74804102527887,-111.5901705440554,6808.0,3,74.2,44.3,58.8,0.0,0.0,0.0
2026-10-02,Dead Tree,Park City / PCMR,WG021,40.611358588022426,-111.54588982448988,9653.6,3,60.4,43.5,50.3,0.0,0.0,0.0
2026-10-02,Deep Park Circle,Jordanelle,WG026,40.626894083286025,-111.43587347972714,6383.2,3,77.8,48.9,61.6,0.0,0.0,0.0
2026-10-02,Deer Camp,Deer Valley,WG013,40.60519585339864,-111.4911066437841,8920.6,3,65.5,46.1,53.7,0.0,0.0,0.0
2026-10-02,Deer Crest,Deer Valley,WG029,40.63553157935396,-111.47424740401932,7612.2,1,71.8,50.2,59.6,0.0,0.0,0.0
2026-10-02,Devo,Deer Valley,WG032,40.6296740826892,-111.48374523511592,7963.4,1,71.4,49.8,59.2,0.0,0.0,0.0
2026-10-02,Discovery,Summit Park,WG078,40.74903521550762,-111.59463162387972,6614.4,3,74.2,44.3,58.8,0.0,0.0,0.0
2026-10-02,Downward Dog,Round Valley,WG057,40.68865758594976,-111.48489883261024,6958.5,2,75.4,43.7,57.7,0.0,0.0,0.0
2026-10-02,Dropout,Jeremy Ranch / Glenwild,WG077,40.74673233142679,-111.55449028155309,6576.0,2,75.5,43.9,58.3,0.0,0.0,0.0
2026-10-02,Dubois,Jeremy Ranch / Glenwild,WG059,40.698630398586985,-111.55581872982933,6878.9,2,75.8,38.8,56.0,0.0,0.0,0.0
2026-10-02,Eagle Cove,Round Valley,WG057,40.68665016051084,-111.49786169389527,6799.6,2,75.4,43.7,57.7,0.0,0.0,0.0
2026-10-02,Eagle Trail,Park City / PCMR,WG051,40.65138382915936,-111.51929067308184,7664.9,3,71.5,50.1,59.1,0.0,0.0,0.0
2026-10-02,Eagle Way,Park City / PCMR,WG048,40.65295946154777,-111.48775315119684,7538.9,1,72.2,50.6,60.0,0.0,0.0,0.0
2026-10-02,East Fallen Pines Lane,Park City / PCMR,WG022,40.61551642366452,-111.57912837068116,8712.4,3,65.1,44.6,53.4,0.0,0.0,0.0
2026-10-02,Easy Rider,Park City / PCMR,WG009,40.59580193116481,-111.57632308440664,9141.3,3,62.9,45.1,52.5,0.0,0.0,0.0
2026-10-02,Ecker Hill Trail,Pinebrook,WG076,40.740364526144575,-111.5667817840803,6401.3,2,76.3,44.6,59.1,0.0,0.0,0.0
2026-10-02,Empire Alternate,Deer Valley,WG032,40.62635819528807,-111.50016350153602,7943.1,1,71.4,49.8,59.2,0.0,0.0,0.0
2026-10-02,Empire Link,Deer Valley,WG012,40.62422557470265,-111.50748256286928,8022.2,1,68.2,45.9,56.3,0.0,0.0,0.0
2026-10-02,Empire Lodge,Deer Valley,WG015,40.61442062316093,-111.51298418240138,8439.2,3,67.9,50.2,57.2,0.0,0.0,0.0
2026-10-02,Empire Pass Connector,Deer Valley,WG016,40.60627316294136,-111.51481095351645,8948.4,3,65.4,46.0,53.6,0.0,0.0,0.0
2026-10-02,Equestrian,Round Valley,WG067,40.70215181343843,-111.50219785223597,6719.1,1,75.9,40.1,56.8,0.0,0.0,0.0
2026-10-02,Euston,Round Valley,WG047,40.65772556817424,-111.48315877249176,7062.9,2,73.8,46.2,58.7,0.0,0.0,0.0
2026-10-02,Evil Empire,Park City / PCMR,WG016,40.61923823662483,-111.52513988679308,8746.8,3,65.4,46.0,53.6,0.0,0.0,0.0
2026-10-02,Fairway Hills Trail,Round Valley,WG055,40.67853348641883,-111.47699791832557,6747.4,1,75.4,42.6,58.1,0.0,0.0,0.0
2026-10-02,Family Truckster Trail,Clark Ranch,WG044,40.66038172048119,-111.452885753204,6847.4,1,75.4,44.7,58.5,0.0,0.0,0.0
2026-10-02,Fast Pitch Trail,Round Valley,WG055,40.6798165110769,-111.47671870073196,6759.1,1,75.4,42.6,58.1,0.0,0.0,0.0
2026-10-02,Fat Lip,Park City / PCMR,WG016,40.62192963761681,-111.5279713594279,8931.1,3,65.4,46.0,53.6,0.0,0.0,0.0
2026-10-02,Field Stone,Round Valley,WG067,40.71706243943152,-111.49059329339536,6526.3,1,75.9,40.1,56.8,0.0,0.0,0.0
2026-10-02,Fink Again,Jeremy Ranch / Glenwild,WG086,40.75125285000831,-111.55541181172696,6586.2,2,75.4,43.7,58.2,0.0,0.0,0.0
2026-10-02,Finns,Deer Valley,WG028,40.640763495812735,-111.47689190658058,7214.2,1,73.1,51.5,60.9,0.0,0.0,0.0
2026-10-02,Fireswamp,Deer Valley,WG013,40.61340925382439,-111.48239833860336,8873.0,3,65.5,46.1,53.7,0.0,0.0,0.0
2026-10-02,First Time,Park City / PCMR,WG050,40.65050878239233,-111.51048291433958,7041.1,2,74.2,46.6,59.2,0.0,0.0,0.0
2026-10-02,First Time Return,Park City / PCMR,WG050,40.65021414919943,-111.51090683334832,7073.8,2,74.2,46.6,59.2,0.0,0.0,0.0
2026-10-02,Flagstaff Loop,Deer Valley,WG013,40.60758047007656,-111.496735533601,8898.0,3,65.5,46.1,53.7,0.0,0.0,0.0
2026-10-02,Flat Cable,Park City / PCMR,WG032,40.644102718034645,-111.505628746172,7565.4,1,71.4,49.8,59.2,0.0,0.0,0.0
2026-10-02,Flat Iron,Park City / PCMR,WG036,40.62696082564811,-111.51719430456902,8393.5,3,67.8,50.1,57.1,0.0,0.0,0.0
2026-10-02,Flying Dog,Jeremy Ranch / Glenwild,WG087,40.77237660098178,-111.54161762597796,7321.2,2,71.4,48.7,58.7,0.0,0.0,0.0
2026-10-02,Forest Glen Trail,Park City / PCMR,WG022,40.61089948644494,-111.5784844905115,8765.8,3,65.1,44.6,53.4,0.0,0.0,0.0
2026-10-02,Fox Tail Trail,Round Valley,WG045,40.66564803508002,-111.47503092801368,7133.0,2,73.5,45.9,58.5,0.0,0.0,0.0
2026-10-02,Freemason,Park City / PCMR,WG046,40.65768683021079,-111.49819012622744,6949.6,2,74.8,47.2,59.8,0.0,0.0,0.0
2026-10-02,Full Steam Billy,Park City / PCMR,WG031,40.64842922650065,-111.4945100220623,7246.4,1,72.7,51.1,60.5,0.0,0.0,0.0
2026-10-02,Gambel Oak Cut,Round Valley,WG045,40.65967079074984,-111.47871602858976,7240.9,2,73.5,45.9,58.5,0.0,0.0,0.0
2026-10-02,Gambel Oak North,Park City / PCMR,WG047,40.65915752473873,-111.48180315635692,7112.6,2,73.8,46.2,58.7,0.0,0.0,0.0
2026-10-02,Gambel Oak Trail,Park City / PCMR,WG031,40.64847351910524,-111.48419757905585,7408.0,1,72.7,51.1,60.5,0.0,0.0,0.0
2026-10-02,Gap Bypass Trail,Deer Valley,WG028,40.64123747413292,-111.47577580871994,7306.6,1,73.1,51.5,60.9,0.0,0.0,0.0
2026-10-02,Gap Loop,Deer Valley,WG028,40.6409109833561,-111.47399614902376,7445.8,1,73.1,51.5,60.9,0.0,0.0,0.0
2026-10-02,Glenwild Loop,Jeremy Ranch / Glenwild,WG075,40.73989427988239,-111.52813430357229,6701.6,2,75.5,43.8,58.3,0.0,0.0,0.0
2026-10-02,Glenwild Loop / Wasatch,Jeremy Ranch / Glenwild,WG074,40.74589846722535,-111.509614206256,6451.3,2,75.8,45.1,58.7,0.0,0.0,0.0
2026-10-02,Gold Finger,Park City / PCMR,WG053,40.65997467243904,-111.55431689925648,8081.9,3,67.1,48.4,57.3,0.0,0.0,0.0
2026-10-02,Golden Needle,Park City / PCMR,WG008,40.59452078975266,-111.56725110409884,9811.4,3,60.3,43.4,50.2,0.0,0.0,0.0
2026-10-02,Gorgoza Park,Pinebrook,WG089,40.75144469967726,-111.581432624726,6619.5,3,74.5,44.6,59.1,0.0,0.0,0.0
2026-10-02,Gotcha Cuttoff,Park City / PCMR,WG035,40.64587964864319,-111.5166123821088,7673.2,3,71.1,49.7,58.7,0.0,0.0,0.0
2026-10-02,Grave Digger,Deer Valley,WG032,40.62962271716946,-111.50201210924322,7682.6,1,71.4,49.8,59.2,0.0,0.0,0.0
2026-10-02,Great Western Trail,Wasatch Crest / Millcreek,WG092,40.77286580912175,-111.6406537725031,7571.3,3,70.9,41.6,55.9,0.0,0.0,0.0
2026-10-02,Great Western Trail / Great Western Trail bypass,Wasatch Crest / Millcreek,WG091,40.7535574542296,-111.6313027356856,7111.8,3,72.8,47.2,59.1,0.0,0.0,0.0
2026-10-02,H.A.M.,Park City / PCMR,WG035,40.64547382276132,-111.53139851516626,7780.5,3,71.1,49.7,58.7,0.0,0.0,0.0
2026-10-02,Hang Time South,Park City / PCMR,WG046,40.65853660632904,-111.49606808644194,6970.8,2,74.8,47.2,59.8,0.0,0.0,0.0
2026-10-02,Happy Gilmor,Round Valley,WG067,40.70712360033319,-111.5014684546231,6569.0,1,75.9,40.1,56.8,0.0,0.0,0.0
2026-10-02,Happy Trailside,Round Valley,WG067,40.708413441306845,-111.50471867526606,6595.6,1,75.9,40.1,56.8,0.0,0.0,0.0
2026-10-02,Hat Trick Trail,Round Valley,WG055,40.678830976721535,-111.47596646172724,6757.0,1,75.4,42.6,58.1,0.0,0.0,0.0
2026-10-02,Heard It Both Ways Trail,Deer Valley,WG004,40.593082879194085,-111.49125770411068,8855.0,3,65.8,46.5,54.1,0.0,0.0,0.0
2026-10-02,Hidden Cove,Summit Park,WG089,40.756655895607175,-111.597334386164,6686.2,3,74.5,44.6,59.1,0.0,0.0,0.0
2026-10-02,High Meadows Connector,Pinebrook,WG076,40.74134938710701,-111.56847869190176,6429.9,2,76.3,44.6,59.1,0.0,0.0,0.0
2026-10-02,High Side,Round Valley,WG055,40.69388247977245,-111.4770589235944,6909.3,1,75.4,42.6,58.1,0.0,0.0,0.0
2026-10-02,Holly's,Pinebrook,WG063,40.68604417524608,-111.57782170773478,7824.2,3,70.4,49.2,58.6,0.0,0.0,0.0
2026-10-02,Holy Roller,Deer Valley,WG013,40.6113609111251,-111.48708066137604,8716.2,3,65.5,46.1,53.7,0.0,0.0,0.0
2026-10-02,Humdinger,Deer Valley,WG029,40.626356336628135,-111.46720603877804,7537.3,1,71.8,50.2,59.6,0.0,0.0,0.0
2026-10-02,Insurgent,Jeremy Ranch / Glenwild,WG063,40.68610182305705,-111.58195303109213,7873.2,3,70.4,49.2,58.6,0.0,0.0,0.0
2026-10-02,Io Trail (Middle),Deer Valley,WG017,40.61025792344493,-111.52770861008732,9342.5,3,62.9,45.4,52.7,0.0,0.0,0.0
2026-10-02,Iron Bill,Jeremy Ranch / Glenwild,WG071,40.70817834974828,-111.55726593666238,7034.2,3,73.0,47.2,58.8,0.0,0.0,0.0
2026-10-02,Iron Man,Park City / PCMR,WG053,40.6585520468376,-111.5452566956134,8305.8,3,67.1,48.4,57.3,0.0,0.0,0.0
2026-10-02,Iron Mountain Trail,Park City / PCMR,WG054,40.65649532455427,-111.54475504732362,8753.8,3,65.1,46.4,55.3,0.0,0.0,0.0
2026-10-02,Izzy's Inferno (Dog Pound),Deer Valley,WG012,40.619811878384205,-111.48856422719636,8193.5,1,68.2,45.9,56.3,0.0,0.0,0.0
2026-10-02,Jailbreak,Jeremy Ranch / Glenwild,WG085,40.75712939272894,-111.56214780445411,6277.4,3,75.8,45.9,60.4,0.0,0.0,0.0
2026-10-02,Jeep Hill (Safety Coridoor),Deer Valley,WG013,40.60451306969404,-111.50923514571896,8820.6,3,65.5,46.1,53.7,0.0,0.0,0.0
2026-10-02,Jenni's Trail,Park City / PCMR,WG034,40.64869166733497,-111.51220769740809,7207.7,3,72.4,51.1,60.0,0.0,0.0,0.0
2026-10-02,Jenni's Trail upper,Park City / PCMR,WG035,40.63937813819639,-111.5112423147728,7789.7,3,71.1,49.7,58.7,0.0,0.0,0.0
2026-10-02,Johns '99,Park City / PCMR,WG033,40.62911828578874,-111.50998374795329,8128.2,3,68.6,50.9,57.9,0.0,0.0,0.0
2026-10-02,Johns 99,Deer Valley,WG015,40.62450457371346,-111.51231498110546,8231.6,3,67.9,50.2,57.2,0.0,0.0,0.0
2026-10-02,Johns Trail,Park City / PCMR,WG033,40.63760825426597,-111.50539626371148,8041.4,3,68.6,50.9,57.9,0.0,0.0,0.0
2026-10-02,Jordanelle (West Bank) Trail,Jordanelle,WG026,40.63639192686843,-111.4311179892118,6210.9,3,77.8,48.9,61.6,0.0,0.0,0.0
2026-10-02,Jordanelle Perimeter Trail,Jordanelle,WG024,40.633349610731685,-111.4121970547725,6216.7,3,78.0,49.1,61.8,0.0,0.0,0.0
2026-10-02,Jupiter Peak,Park City / PCMR,WG021,40.610319419324455,-111.54904593331813,9871.3,3,60.4,43.5,50.3,0.0,0.0,0.0
2026-10-02,Jupiter Ridge,Park City / PCMR,WG018,40.61268065771163,-111.53867835914352,9869.4,3,60.5,43.6,50.5,0.0,0.0,0.0
2026-10-02,Kaboom Trail / Call Sign Casa Trail,Jordanelle,WG027,40.62794719612903,-111.45468580169128,6888.6,2,76.0,46.6,59.9,0.0,0.0,0.0
2026-10-02,Kari's,Round Valley,WG055,40.69160040530727,-111.47515847036864,6850.2,1,75.4,42.6,58.1,0.0,0.0,0.0
2026-10-02,Keetley,Jordanelle,WG024,40.6438983646529,-111.4097274639112,6255.4,3,78.0,49.1,61.8,0.0,0.0,0.0
2026-10-02,Keystone Trail,Park City / PCMR,WG037,40.62506440637064,-111.53055382777043,8890.7,3,66.7,49.0,56.0,0.0,0.0,0.0
2026-10-02,La Dee Duh,Round Valley,WG057,40.69261799590889,-111.5001632592338,6864.5,2,75.4,43.7,57.7,0.0,0.0,0.0
2026-10-02,Lavina,Deer Valley,WG006,40.58376333945228,-111.52567195673171,8621.7,3,66.2,46.9,54.5,0.0,0.0,0.0
2026-10-02,Legacy Loop,Jeremy Ranch / Glenwild,WG071,40.705995804360256,-111.55961886682412,7342.6,3,73.0,47.2,58.8,0.0,0.0,0.0
2026-10-02,Legacy Ridge,Jeremy Ranch / Glenwild,WG071,40.70648419743829,-111.5603960205038,7414.3,3,73.0,47.2,58.8,0.0,0.0,0.0
2026-10-02,Legacy. Loop,Jeremy Ranch / Glenwild,WG071,40.70737188748682,-111.5599210439625,7363.1,3,73.0,47.2,58.8,0.0,0.0,0.0
2026-10-02,Link,Deer Valley,WG015,40.624117394272574,-111.51614328186776,8385.3,3,67.9,50.2,57.2,0.0,0.0,0.0
2026-10-02,Little Chief,Deer Valley,WG015,40.61872839208637,-111.51243052868438,8322.6,3,67.9,50.2,57.2,0.0,0.0,0.0
2026-10-02,Little Engine Trail,Summit Park,WG089,40.756690732809,-111.59562244098744,6709.3,3,74.5,44.6,59.1,0.0,0.0,0.0
2026-10-02,Little Stick,Deer Valley,WG028,40.63409637421967,-111.478301770839,7464.6,1,73.1,51.5,60.9,0.0,0.0,0.0
2026-10-02,Longview,Jordanelle,WG040,40.65785550770212,-111.4151527495857,6299.6,3,77.8,48.9,61.6,0.0,0.0,0.0
2026-10-02,Looney Tunes Trail,Jordanelle,WG002,40.58370423178651,-111.40605522395904,7149.3,1,73.9,47.4,59.2,0.0,0.0,0.0
2026-10-02,Loose Moose,Park City / PCMR,WG031,40.64358346695202,-111.50940341630726,7446.3,1,72.7,51.1,60.5,0.0,0.0,0.0
2026-10-02,Lost Prospector,Park City / PCMR,WG047,40.659849225736586,-111.4888557229514,7044.5,2,73.8,46.2,58.7,0.0,0.0,0.0
2026-10-02,Lower Devo Trail,Deer Valley,WG032,40.63290230557317,-111.48205615844142,7656.5,1,71.4,49.8,59.2,0.0,0.0,0.0
2026-10-02,Lower Masonic,Park City / PCMR,WG047,40.65358630670372,-111.49972319928794,7113.0,2,73.8,46.2,58.7,0.0,0.0,0.0
2026-10-02,Lower Sparky Trail,Clark Ranch,WG044,40.66761130235187,-111.4559551589961,6689.8,1,75.4,44.7,58.5,0.0,0.0,0.0
2026-10-02,Lower Village,Deer Valley,WG028,40.64043848354113,-111.46360640728942,7008.1,1,73.1,51.5,60.9,0.0,0.0,0.0
2026-10-02,Lynx #2,Round Valley,WG044,40.66734087696376,-111.46694625830712,6898.8,1,75.4,44.7,58.5,0.0,0.0,0.0
2026-10-02,Masonic,Park City / PCMR,WG047,40.65628760128763,-111.48965728213436,7283.0,2,73.8,46.2,58.7,0.0,0.0,0.0
2026-10-02,Matt's Flat,Round Valley,WG057,40.68924275786925,-111.49221205396208,6921.6,2,75.4,43.7,57.7,0.0,0.0,0.0
2026-10-02,McConkeys,Park City / PCMR,WG016,40.617956923480186,-111.52625119796232,8958.8,3,65.4,46.0,53.6,0.0,0.0,0.0
2026-10-02,McConkeys / Io Trail (Middle),Park City / PCMR,WG018,40.61168680632571,-111.53326494678502,9588.6,3,60.5,43.6,50.5,0.0,0.0,0.0
2026-10-02,McHenry Avenue,Deer Valley,WG031,40.640126864152855,-111.49219625319049,7274.9,1,72.7,51.1,60.5,0.0,0.0,0.0
2026-10-02,Mid-Mountain Connect,Park City / PCMR,WG036,40.63223012461414,-111.51309555497544,8201.7,3,67.8,50.1,57.1,0.0,0.0,0.0
2026-10-02,Mid-Mountain Trail,Park City / PCMR,WG036,40.64534582424172,-111.53118141177607,8168.3,3,67.8,50.1,57.1,0.0,0.0,0.0
2026-10-02,Milky Way,Jordanelle,WG042,40.65767372971338,-111.43373089841624,6795.1,2,75.7,47.9,59.8,0.0,0.0,0.0
2026-10-02,Milky Way / Two Rocks,Jordanelle,WG042,40.66056479638159,-111.42608338059031,6558.6,2,75.7,47.9,59.8,0.0,0.0,0.0
2026-10-02,Miner's Mile,Park City / PCMR,WG036,40.62728968091632,-111.51804021102016,8457.0,3,67.8,50.1,57.1,0.0,0.0,0.0
2026-10-02,Miss Billy's,Jeremy Ranch / Glenwild,WG059,40.69127466685039,-111.54016400735836,6614.6,2,75.8,38.8,56.0,0.0,0.0,0.0
2026-10-02,Mojave,Park City / PCMR,WG037,40.634971780917176,-111.5211432294971,8540.4,3,66.7,49.0,56.0,0.0,0.0,0.0
2026-10-02,Moose Hollow,Summit Park,WG088,40.76397899834495,-111.58866445905328,6467.6,3,75.2,45.3,59.8,0.0,0.0,0.0
2026-10-02,Moose Poop,Deer Valley,WG032,40.633538239133244,-111.50120248027572,7607.1,1,71.4,49.8,59.2,0.0,0.0,0.0
2026-10-02,Moose Puddle,Pinebrook,WG071,40.70548588260783,-111.56718578772085,7487.6,3,73.0,47.2,58.8,0.0,0.0,0.0
2026-10-02,Moose Tracks Trail,Park City / PCMR,WG009,40.59516414126596,-111.57427709390586,9258.1,3,62.9,45.1,52.5,0.0,0.0,0.0
2026-10-02,Moosebones,Deer Valley,WG013,40.61167254823319,-111.50326786094648,8857.2,3,65.5,46.1,53.7,0.0,0.0,0.0
2026-10-02,Moosehouse,Park City / PCMR,WG032,40.63204398195126,-111.5038481086022,7902.6,1,71.4,49.8,59.2,0.0,0.0,0.0
2026-10-02,Mother Urban,Deer Valley,WG032,40.63167066031289,-111.5034058570439,7904.1,1,71.4,49.8,59.2,0.0,0.0,0.0
2026-10-02,Mountain Ranch,Jeremy Ranch / Glenwild,WG066,40.719482563829935,-111.5082007499112,6453.3,1,76.5,40.7,57.4,0.0,0.0,0.0
2026-10-02,Mountain Ranch Estates,Round Valley,WG067,40.7173985998433,-111.50812726137713,6520.0,1,75.9,40.1,56.8,0.0,0.0,0.0
2026-10-02,Mountain Willow,Round Valley,WG067,40.71402930681007,-111.48565937361776,6571.7,1,75.9,40.1,56.8,0.0,0.0,0.0
2026-10-02,Mr Muchrocks,Round Valley,WG067,40.70904482572548,-111.50323360919846,6653.2,1,75.9,40.1,56.8,0.0,0.0,0.0
2026-10-02,NCS,Deer Valley,WG032,40.62911396321707,-111.4803727621932,7992.5,1,71.4,49.8,59.2,0.0,0.0,0.0
2026-10-02,Nick NAC,Round Valley,WG057,40.69210865876878,-111.490120990647,6959.3,2,75.4,43.7,57.7,0.0,0.0,0.0
2026-10-02,No Worries,Summit Park,WG081,40.73716048778493,-111.60234213265907,7289.1,3,72.4,51.6,60.7,0.0,0.0,0.0
2026-10-02,North 400 West,Jeremy Ranch / Glenwild,WG068,40.70279368500318,-111.51897621463831,6441.4,2,76.9,39.8,57.1,0.0,0.0,0.0
2026-10-02,North Ross Creek Trail,Jordanelle,WG041,40.66585897507511,-111.42082357173696,6405.0,3,77.4,48.5,61.2,0.0,0.0,0.0
2026-10-02,Nowhere Elks,Round Valley,WG058,40.69018989582584,-111.48311322310164,7036.6,2,74.8,43.1,57.1,0.0,0.0,0.0
2026-10-02,OMG,Deer Valley,WG032,40.631226274970665,-111.4973428195913,7571.3,1,71.4,49.8,59.2,0.0,0.0,0.0
2026-10-02,OMH,Pinebrook,WG070,40.71997692753587,-111.55773747935044,6677.5,2,75.1,43.4,57.9,0.0,0.0,0.0
2026-10-02,Oh Deer Flow,Jordanelle,WG041,40.66237367218405,-111.42118550237925,6403.1,3,77.4,48.5,61.2,0.0,0.0,0.0
2026-10-02,Old Homeward Bound,Deer Valley,WG012,40.61357496233911,-111.48964629692756,8441.1,1,68.2,45.9,56.3,0.0,0.0,0.0
2026-10-02,Old Skool,Deer Valley,WG032,40.631898683587,-111.48423208918877,7827.2,1,71.4,49.8,59.2,0.0,0.0,0.0
2026-10-02,Old Stage Crest Connect,Park City / PCMR,WG023,40.61247305094488,-111.5715274805363,9057.3,3,63.5,46.0,53.3,0.0,0.0,0.0
2026-10-02,Olympic,Pinebrook,WG064,40.69996684096533,-111.57868853500152,8004.0,3,68.1,50.2,58.5,0.0,0.0,0.0
2026-10-02,Ontario Canyon,Deer Valley,WG013,40.61130277448227,-111.48755898005427,8755.1,3,65.5,46.1,53.7,0.0,0.0,0.0
2026-10-02,Ontario Ridge,Deer Valley,WG032,40.62821582013441,-111.49780973717266,7815.3,1,71.4,49.8,59.2,0.0,0.0,0.0
2026-10-02,Ore Cart,Deer Valley,WG015,40.621755910380834,-111.51139929264724,8146.4,3,67.9,50.2,57.2,0.0,0.0,0.0
2026-10-02,Outlook,Deer Valley,WG029,40.63657831428653,-111.4685462481628,7646.2,1,71.8,50.2,59.6,0.0,0.0,0.0
2026-10-02,Pale Green Dot,Summit Park,WG078,40.74689592786439,-111.59182437672968,6802.1,3,74.2,44.3,58.8,0.0,0.0,0.0
2026-10-02,Parley's Lane,Summit Park,WG089,40.75375624958085,-111.59849347383722,6719.0,3,74.5,44.6,59.1,0.0,0.0,0.0
2026-10-02,Payday,Park City / PCMR,WG035,40.64053545819342,-111.51124538504462,7598.1,3,71.1,49.7,58.7,0.0,0.0,0.0
2026-10-02,Payroll,Deer Valley,WG013,40.61095393430099,-111.5094443089702,8630.4,3,65.5,46.1,53.7,0.0,0.0,0.0
2026-10-02,Pedalers Inn,Deer Valley,WG012,40.61923438649311,-111.4865707901735,8286.8,1,68.2,45.9,56.3,0.0,0.0,0.0
2026-10-02,Perrier Pass,Park City / PCMR,WG017,40.61814002894983,-111.53826776190397,9445.9,3,62.9,45.4,52.7,0.0,0.0,0.0
2026-10-02,Pinebrook Point,Pinebrook,WG089,40.75079411917499,-111.57994193527573,6623.3,3,74.5,44.6,59.1,0.0,0.0,0.0
2026-10-02,Pinebrook Pointe South,Pinebrook,WG078,40.74959135152933,-111.5795998040212,6632.5,3,74.2,44.3,58.8,0.0,0.0,0.0
2026-10-02,Pinebrook Southeast Perimeter / Hunter's Trail of the Mid Mountain,Pinebrook,WG072,40.71419878562093,-111.5896757552273,7875.5,3,70.9,50.1,59.3,0.0,0.0,0.0
2026-10-02,Pinebrook Southeast Perimeter / Pinebrook SE Perimeter,Pinebrook,WG079,40.72863077219642,-111.58102679054537,7392.0,3,72.8,46.9,58.5,0.0,0.0,0.0
2026-10-02,Pinebrook Southeast Perimeter Trail,Pinebrook,WG078,40.73058687532795,-111.57244227312069,6947.5,3,74.2,44.3,58.8,0.0,0.0,0.0
2026-10-02,Pinecone Ridge,Park City / PCMR,WG039,40.63337906740186,-111.54644099265712,9084.9,3,63.4,45.9,53.2,0.0,0.0,0.0
2026-10-02,Pioneer Ridge,Park City / PCMR,WG018,40.61649374604546,-111.53892521633333,9598.5,3,60.5,43.6,50.5,0.0,0.0,0.0
2026-10-02,Pipeline,Deer Valley,WG028,40.63885618836171,-111.46966538134832,7356.9,1,73.1,51.5,60.9,0.0,0.0,0.0
2026-10-02,Pointy Rocks,Deer Valley,WG031,40.63679995846106,-111.48172224533342,7428.0,1,72.7,51.1,60.5,0.0,0.0,0.0
2026-10-02,PorcUclimb,Round Valley,WG058,40.69402326414524,-111.48517031749344,7064.7,2,74.8,43.1,57.1,0.0,0.0,0.0
2026-10-02,Powerline,Pinebrook,WG078,40.74237998272819,-111.5716363238219,6548.4,3,74.2,44.3,58.8,0.0,0.0,0.0
2026-10-02,Powerline Connector,Pinebrook,WG078,40.74298978990414,-111.5728828415412,6585.6,3,74.2,44.3,58.8,0.0,0.0,0.0
2026-10-02,Powerline Trail,Park City / PCMR,WG036,40.63015217582808,-111.53743024085954,8362.6,3,67.8,50.1,57.1,0.0,0.0,0.0
2026-10-02,Practice Loops,Round Valley,WG055,40.68336469607561,-111.47532267974417,6752.0,1,75.4,42.6,58.1,0.0,0.0,0.0
2026-10-02,Preserve Connector,Jeremy Ranch / Glenwild,WG087,40.76330147562161,-111.54585203221042,7230.0,2,71.4,48.7,58.7,0.0,0.0,0.0
2026-10-02,Princess Di's,Clark Ranch,WG083,40.751465442037045,-111.43628535405452,6858.8,2,74.6,46.7,58.8,0.0,0.0,0.0
2026-10-02,Prospect,Deer Valley,WG031,40.63405408516434,-111.49547333835608,7482.8,1,72.7,51.1,60.5,0.0,0.0,0.0
2026-10-02,Pulp Friction,Round Valley,WG057,40.69884233324062,-111.50344523686547,6681.3,2,75.4,43.7,57.7,0.0,0.0,0.0
2026-10-02,Putty Tat Trail,Jordanelle,WG001,40.59267845848291,-111.40267007297948,6514.0,1,75.5,49.1,60.8,0.0,0.0,0.0
2026-10-02,Quinn's Connect,Round Valley,WG055,40.68185946906874,-111.4726829059293,6720.8,1,75.4,42.6,58.1,0.0,0.0,0.0
2026-10-02,RTS,Jeremy Ranch / Glenwild,WG070,40.71664642216084,-111.55523569599896,6598.1,2,75.1,43.4,57.9,0.0,0.0,0.0
2026-10-02,RTS / BLT,Jeremy Ranch / Glenwild,WG070,40.71544842193981,-111.5580228733734,6768.3,2,75.1,43.4,57.9,0.0,0.0,0.0
2026-10-02,Rademan Ridge,Round Valley,WG057,40.69522706920315,-111.49835765815162,6895.6,2,75.4,43.7,57.7,0.0,0.0,0.0
2026-10-02,Ramble On,Round Valley,WG067,40.70159467934347,-111.48028465593316,6781.5,1,75.9,40.1,56.8,0.0,0.0,0.0
2026-10-02,Rambler,Round Valley,WG057,40.69772226627651,-111.49065578495473,6809.2,2,75.4,43.7,57.7,0.0,0.0,0.0
2026-10-02,Rambler DT,Round Valley,WG056,40.699080350519786,-111.50674680507665,6485.7,1,76.4,40.6,57.4,0.0,0.0,0.0
2026-10-02,Red Bull,Park City / PCMR,WG035,40.63958635838598,-111.51326842477698,7769.0,3,71.1,49.7,58.7,0.0,0.0,0.0
2026-10-02,Regulator Trail,Deer Valley,WG033,40.62910164594688,-111.48142418804063,8033.8,3,68.6,50.9,57.9,0.0,0.0,0.0
2026-10-02,Richochet,Park City / PCMR,WG062,40.68638148266805,-111.57139393545772,7468.3,3,71.5,50.2,59.7,0.0,0.0,0.0
2026-10-02,Rinse Cycle Trail,Deer Valley,WG028,40.62990230274806,-111.45944053119273,7191.1,1,73.1,51.5,60.9,0.0,0.0,0.0
2026-10-02,Ripple Trail,Deer Valley,WG029,40.63554405253732,-111.47490110184252,7588.0,1,71.8,50.2,59.6,0.0,0.0,0.0
2026-10-02,Riverview West Trail,Jordanelle,WG001,40.58565113588149,-111.41386481977428,6730.6,1,75.5,49.1,60.8,0.0,0.0,0.0
2026-10-02,Road to WOS,Summit Park,WG082,40.73344363030311,-111.61407104321202,7712.2,3,71.0,50.2,59.3,0.0,0.0,0.0
2026-10-02,Rob's Trail,Pinebrook,WG063,40.69704664952428,-111.5702364046946,7584.0,3,70.4,49.2,58.6,0.0,0.0,0.0
2026-10-02,RocMon,Round Valley,WG055,40.68788668982749,-111.4548390225179,6677.5,1,75.4,42.6,58.1,0.0,0.0,0.0
2026-10-02,Rock Chuck Trail,Park City / PCMR,WG008,40.58874474594925,-111.56839301918852,9680.6,3,60.3,43.4,50.2,0.0,0.0,0.0
2026-10-02,Rogue Rider Trail,Park City / PCMR,WG020,40.60699361060532,-111.56187339427328,9423.9,3,62.6,45.1,52.4,0.0,0.0,0.0
2026-10-02,Rosebud,Park City / PCMR,WG036,40.63966083548988,-111.52257618003053,8390.4,3,67.8,50.1,57.1,0.0,0.0,0.0
2026-10-02,Rosebud's Heaven,Park City / PCMR,WG060,40.69195554103422,-111.5659528759652,7326.9,3,73.5,47.7,59.3,0.0,0.0,0.0
2026-10-02,Rossi Hill Trail,Deer Valley,WG031,40.63808222920599,-111.4919292526201,7341.8,1,72.7,51.1,60.5,0.0,0.0,0.0
2026-10-02,Round Valley Connect,Round Valley,WG067,40.70875221615484,-111.50427592382064,6606.7,1,75.9,40.1,56.8,0.0,0.0,0.0
2026-10-02,Round Valley Connector,Round Valley,WG067,40.709506874143365,-111.48774034228174,6611.3,1,75.9,40.1,56.8,0.0,0.0,0.0
2026-10-02,Round Valley Express,Round Valley,WG057,40.69308554123404,-111.4897696424948,6812.1,2,75.4,43.7,57.7,0.0,0.0,0.0
2026-10-02,Rusty Shovel,Round Valley,WG057,40.69776625143012,-111.4804885556652,6868.8,2,75.4,43.7,57.7,0.0,0.0,0.0
2026-10-02,Rusty Spur,Round Valley,WG065,40.70159189598121,-111.4765958017646,6731.2,1,75.7,41.1,57.6,0.0,0.0,0.0
2026-10-02,SOS,Park City / PCMR,WG046,40.666448184385416,-111.48116864087982,6803.8,2,74.8,47.2,59.8,0.0,0.0,0.0
2026-10-02,SQ Connector Trail,Round Valley,WG055,40.68949659271035,-111.47067515084642,6728.8,1,75.4,42.6,58.1,0.0,0.0,0.0
2026-10-02,Sam's Trail,Deer Valley,WG012,40.61912724197413,-111.50964994268364,8145.3,1,68.2,45.9,56.3,0.0,0.0,0.0
2026-10-02,Saved By The Bell,Round Valley,WG067,40.71689792497153,-111.49958806368429,6568.5,1,75.9,40.1,56.8,0.0,0.0,0.0
2026-10-02,Scott's Bypass,Park City / PCMR,WG021,40.612047856355446,-111.55918064050742,9658.7,3,60.4,43.5,50.3,0.0,0.0,0.0
2026-10-02,Secret of My Success Trail,Deer Valley,WG033,40.62597453280468,-111.48566192002252,8293.6,3,68.6,50.9,57.9,0.0,0.0,0.0
2026-10-02,Seldom Seen,Park City / PCMR,WG034,40.64892938917546,-111.51571616491609,7435.6,3,72.4,51.1,60.0,0.0,0.0,0.0
2026-10-02,Seventy 101,Round Valley,WG057,40.68968411592925,-111.49103639156762,6974.3,2,75.4,43.7,57.7,0.0,0.0,0.0
2026-10-02,Shadow Lake,Park City / PCMR,WG020,40.61596037279941,-111.55009628848111,9179.4,3,62.6,45.1,52.4,0.0,0.0,0.0
2026-10-02,Shenanigans,Deer Valley,WG012,40.62034189886961,-111.49849814997506,8237.7,1,68.2,45.9,56.3,0.0,0.0,0.0
2026-10-02,Short Cut,Jeremy Ranch / Glenwild,WG064,40.68025862222409,-111.57883598783349,8081.5,3,68.1,50.2,58.5,0.0,0.0,0.0
2026-10-02,Short Fuse,Park City / PCMR,WG036,40.6346970517688,-111.52339576593836,8439.4,3,67.8,50.1,57.1,0.0,0.0,0.0
2026-10-02,Short Ribs,Summit Park,WG082,40.7348537895427,-111.62048055745409,7705.3,3,71.0,50.2,59.3,0.0,0.0,0.0
2026-10-02,Short Stack,Summit Park,WG082,40.73936874753804,-111.6200542747078,7652.8,3,71.0,50.2,59.3,0.0,0.0,0.0
2026-10-02,Silver Creek Trail,Round Valley,WG074,40.728195917662575,-111.48449884114967,6494.3,2,75.8,45.1,58.7,0.0,0.0,0.0
2026-10-02,Silver Gate,Round Valley,WG073,40.72728013881357,-111.46748664430804,6513.4,1,76.5,41.8,58.4,0.0,0.0,0.0
2026-10-02,Silver Queen,Park City / PCMR,WG037,40.63391819864852,-111.51755091640152,8558.9,3,66.7,49.0,56.0,0.0,0.0,0.0
2026-10-02,Silver Spur,Park City / PCMR,WG049,40.65266965116334,-111.5117818738982,6980.8,2,74.5,46.9,59.4,0.0,0.0,0.0
2026-10-02,Skid Row,Park City / PCMR,WG044,40.66845831872771,-111.47381352761975,6920.8,1,75.4,44.7,58.5,0.0,0.0,0.0
2026-10-02,Skyridge Peak Trail / Milky Way,Jordanelle,WG043,40.65984634182248,-111.4368345884266,7139.2,2,74.4,46.6,58.5,0.0,0.0,0.0
2026-10-02,Sloppy Joe,Round Valley,WG067,40.71599935057343,-111.49742827056478,6658.4,1,75.9,40.1,56.8,0.0,0.0,0.0
2026-10-02,Snake Pit Trail,Park City / PCMR,WG010,40.58750533085767,-111.57189033610032,9625.4,3,61.0,43.2,50.6,0.0,0.0,0.0
2026-10-02,Snowtop,Deer Valley,WG028,40.64752229561398,-111.4705824068134,7443.3,1,73.1,51.5,60.9,0.0,0.0,0.0
2026-10-02,Solamere,Deer Valley,WG045,40.65168830951934,-111.47267426337083,7304.0,2,73.5,45.9,58.5,0.0,0.0,0.0
2026-10-02,Solamere Connector,Deer Valley,WG045,40.651338463153365,-111.4797751905619,7331.1,2,73.5,45.9,58.5,0.0,0.0,0.0
2026-10-02,Somewhere Elks,Round Valley,WG055,40.68702802029736,-111.47813858810876,6977.4,1,75.4,42.6,58.1,0.0,0.0,0.0
2026-10-02,South Canyon,Round Valley,WG055,40.697084178294816,-111.45372200426904,6732.0,1,75.4,42.6,58.1,0.0,0.0,0.0
2026-10-02,South Sweeney,Park City / PCMR,WG031,40.64194117786604,-111.49870009761844,7400.1,1,72.7,51.1,60.5,0.0,0.0,0.0
2026-10-02,Spare Change,Summit Park,WG080,40.74164553017363,-111.60031464541484,6827.9,3,73.8,48.2,60.1,0.0,0.0,0.0
2026-10-02,Sparky's Return,Clark Ranch,WG044,40.6617858998794,-111.45698342605078,6783.6,1,75.4,44.7,58.5,0.0,0.0,0.0
2026-10-02,Speedbag,Deer Valley,WG011,40.624406811076895,-111.50919273225593,7987.6,3,69.4,51.6,58.6,0.0,0.0,0.0
2026-10-02,Spin Cycle Trail,Deer Valley,WG028,40.63411801502942,-111.46082430079326,7178.8,1,73.1,51.5,60.9,0.0,0.0,0.0
2026-10-02,Spiro Trail,Park City / PCMR,WG035,40.64755384631944,-111.52407012433112,7617.4,3,71.1,49.7,58.7,0.0,0.0,0.0
2026-10-02,St. Regis Trail,Deer Valley,WG028,40.639112933407205,-111.47591481144916,7383.3,1,73.1,51.5,60.9,0.0,0.0,0.0
2026-10-02,Stealth Connector / Pheasant Way,Jeremy Ranch / Glenwild,WG076,40.73167942348123,-111.54708752211994,6361.5,2,76.3,44.6,59.1,0.0,0.0,0.0
2026-10-02,Stealth Trail,Jeremy Ranch / Glenwild,WG077,40.73631275924013,-111.5447596003018,6560.0,2,75.5,43.9,58.3,0.0,0.0,0.0
2026-10-02,Steps,Park City / PCMR,WG037,40.63116043759045,-111.5173271228493,8520.8,3,66.7,49.0,56.0,0.0,0.0,0.0
2026-10-02,Stiff Upper Lip,Park City / PCMR,WG017,40.61611691879028,-111.52987009616064,9025.4,3,62.9,45.4,52.7,0.0,0.0,0.0
2026-10-02,Sunny Slopes Trail,Round Valley,WG057,40.68377753714063,-111.48540217687854,6826.8,2,75.4,43.7,57.7,0.0,0.0,0.0
2026-10-02,Sunset,Deer Valley,WG013,40.61222429898699,-111.48546906629171,8777.5,3,65.5,46.1,53.7,0.0,0.0,0.0
2026-10-02,Super G,Deer Valley,WG013,40.6078734147108,-111.486644562986,8939.8,3,65.5,46.1,53.7,0.0,0.0,0.0
2026-10-02,Sven,Jordanelle,WG040,40.66216079919324,-111.41880056586604,6299.4,3,77.8,48.9,61.6,0.0,0.0,0.0
2026-10-02,Sweeney Switchbacks,Park City / PCMR,WG031,40.64428684826398,-111.50263935593632,7442.9,1,72.7,51.1,60.5,0.0,0.0,0.0
2026-10-02,Sweeneys,Park City / PCMR,WG032,40.6416793962084,-111.50380066992643,7712.4,1,71.4,49.8,59.2,0.0,0.0,0.0
2026-10-02,T&G,Deer Valley,WG016,40.611941402305575,-111.51506977898008,8673.3,3,65.4,46.0,53.6,0.0,0.0,0.0
2026-10-02,T&G 2,Deer Valley,WG016,40.62089143656375,-111.51568549288604,8599.5,3,65.4,46.0,53.6,0.0,0.0,0.0
2026-10-02,TDS Ontario Bypass,Deer Valley,WG032,40.62591563844938,-111.49801252893096,7889.0,1,71.4,49.8,59.2,0.0,0.0,0.0
2026-10-02,TSP Skils Area,Round Valley,WG067,40.70929244417837,-111.50545423904256,6671.9,1,75.9,40.1,56.8,0.0,0.0,0.0
2026-10-02,Tall Oaks Circle,Pinebrook,WG078,40.73938310561022,-111.57541687830556,6961.5,3,74.2,44.3,58.8,0.0,0.0,0.0
2026-10-02,Tall T Trail,Deer Valley,WG007,40.59029104976929,-111.52734087474852,9033.3,3,64.6,45.2,52.8,0.0,0.0,0.0
2026-10-02,Tar Pits Jump Line,Round Valley,WG067,40.70948336187246,-111.50501444482678,6663.3,1,75.9,40.1,56.8,0.0,0.0,0.0
2026-10-02,Team Big Bear,Deer Valley,WG013,40.61639926546102,-111.50010669410356,8610.0,3,65.5,46.1,53.7,0.0,0.0,0.0
2026-10-02,Team Cutthroat Downhill,Jeremy Ranch / Glenwild,WG077,40.74619331694971,-111.55242052130288,6618.0,2,75.5,43.9,58.3,0.0,0.0,0.0
2026-10-02,Thaynes Canyon,Park City / PCMR,WG037,40.62644528922062,-111.539067377105,8520.6,3,66.7,49.0,56.0,0.0,0.0,0.0
2026-10-02,The Avenues,Summit Park,WG090,40.75998198374273,-111.6028265058925,7081.5,3,72.3,46.7,58.6,0.0,0.0,0.0
2026-10-02,The Graduate,Jeremy Ranch / Glenwild,WG085,40.7534431855279,-111.56237742796368,6343.1,3,75.8,45.9,60.4,0.0,0.0,0.0
2026-10-02,The Great Gazoo,Round Valley,WG067,40.70997890100696,-111.50140660314835,6662.9,1,75.9,40.1,56.8,0.0,0.0,0.0
2026-10-02,The Lookout,Deer Valley,WG032,40.62921554675458,-111.4942829189022,7693.2,1,71.4,49.8,59.2,0.0,0.0,0.0
2026-10-02,The Sheep Trail,Summit Park,WG094,40.75746633469589,-111.667341513995,6217.2,3,76.6,52.1,63.8,0.0,0.0,0.0
2026-10-02,The Up Trail,Summit Park,WG078,40.74822119025095,-111.58934600493023,6821.1,3,74.2,44.3,58.8,0.0,0.0,0.0
2026-10-02,The Upper Avenues,Summit Park,WG090,40.75942210135698,-111.60997791538348,7425.0,3,72.3,46.7,58.6,0.0,0.0,0.0
2026-10-02,Thieves Forest,Deer Valley,WG013,40.61553068086176,-111.48245627012813,8597.7,3,65.5,46.1,53.7,0.0,0.0,0.0
2026-10-02,Thieves Forrest,Deer Valley,WG014,40.611364491739,-111.4804590615015,9072.7,3,64.5,45.2,52.8,0.0,0.0,0.0
2026-10-02,Three Candles,Park City / PCMR,WG037,40.62931137475258,-111.52248914366156,8843.3,3,66.7,49.0,56.0,0.0,0.0,0.0
2026-10-02,Tidal Wave,Deer Valley,WG013,40.610548014761406,-111.48897388892838,8737.9,3,65.5,46.1,53.7,0.0,0.0,0.0
2026-10-02,Tideline,Jordanelle,WG025,40.64171272429878,-111.40053564270964,6530.0,3,76.9,48.1,60.7,0.0,0.0,0.0
2026-10-02,Tim Man,Round Valley,WG067,40.70348842863846,-111.50080894755244,6766.9,1,75.9,40.1,56.8,0.0,0.0,0.0
2026-10-02,Tommys Two Step,Park City / PCMR,WG036,40.629024211109055,-111.51829238121942,8474.2,3,67.8,50.1,57.1,0.0,0.0,0.0
2026-10-02,Tour De Homes,Deer Valley,WG032,40.63205110837411,-111.48826887414292,7813.1,1,71.4,49.8,59.2,0.0,0.0,0.0
2026-10-02,Tour De Suds (Upper),Deer Valley,WG013,40.614682713092186,-111.50609195133156,8563.5,3,65.5,46.1,53.7,0.0,0.0,0.0
2026-10-02,Town,Park City / PCMR,WG030,40.64755940729975,-111.49861999854691,6988.0,2,74.5,46.8,59.4,0.0,0.0,0.0
2026-10-02,Trailside,Round Valley,WG066,40.71864159830864,-111.50336949570412,6480.1,1,76.5,40.7,57.4,0.0,0.0,0.0
2026-10-02,Trailside Connector,Round Valley,WG067,40.71611276967259,-111.5017965665912,6504.2,1,75.9,40.1,56.8,0.0,0.0,0.0
2026-10-02,Trailside Loop,Round Valley,WG067,40.71199117049012,-111.50483999800892,6609.7,1,75.9,40.1,56.8,0.0,0.0,0.0
2026-10-02,Trappers Gate,Deer Valley,WG031,40.63197509989361,-111.497026036245,7462.8,1,72.7,51.1,60.5,0.0,0.0,0.0
2026-10-02,Trestle,Park City / PCMR,WG033,40.63650074050743,-111.50791633233914,8071.5,3,68.6,50.9,57.9,0.0,0.0,0.0
2026-10-02,Tricky Pickle Trail,Deer Valley,WG004,40.59197973531048,-111.49789592532872,8532.5,3,65.8,46.5,54.1,0.0,0.0,0.0
2026-10-02,Truckhole,Round Valley,WG067,40.704351116822174,-111.50022157042804,6773.9,1,75.9,40.1,56.8,0.0,0.0,0.0
2026-10-02,Trump,Deer Valley,WG013,40.60903529522874,-111.4964159868453,8771.6,3,65.5,46.1,53.7,0.0,0.0,0.0
2026-10-02,Tsunami,Deer Valley,WG013,40.61166268615432,-111.48706860055302,8747.8,3,65.5,46.1,53.7,0.0,0.0,0.0
2026-10-02,Tug of War Trail,Deer Valley,WG013,40.60218815889535,-111.4963014769127,8962.3,3,65.5,46.1,53.7,0.0,0.0,0.0
2026-10-02,Tweety Bird Trail,Jordanelle,WG001,40.59084253440856,-111.40816741687898,6568.1,1,75.5,49.1,60.8,0.0,0.0,0.0
2026-10-02,Twist & Shout,Deer Valley,WG012,40.61590669002216,-111.48826576454944,8415.6,1,68.2,45.9,56.3,0.0,0.0,0.0
2026-10-02,Twist and Shout,Deer Valley,WG013,40.61146669404505,-111.486662413967,8799.9,3,65.5,46.1,53.7,0.0,0.0,0.0
2026-10-02,Undertow Trail,Deer Valley,WG029,40.63057046785135,-111.47858549886824,7937.9,1,71.8,50.2,59.6,0.0,0.0,0.0
2026-10-02,Unga Bunga Skills and Pump Tradk,Round Valley,WG067,40.71158064400824,-111.50217787755837,6590.1,1,75.9,40.1,56.8,0.0,0.0,0.0
2026-10-02,Up Track,Round Valley,WG067,40.71007968280768,-111.50314659118624,6643.1,1,75.9,40.1,56.8,0.0,0.0,0.0
2026-10-02,Upper Devo Trail,Deer Valley,WG033,40.62826200901757,-111.4850494481263,8097.8,3,68.6,50.9,57.9,0.0,0.0,0.0
2026-10-02,Upper Loose,Park City / PCMR,WG032,40.64060205866311,-111.5081407284332,7678.0,1,71.4,49.8,59.2,0.0,0.0,0.0
2026-10-02,Upper Loose Moose,Park City / PCMR,WG032,40.64060459750891,-111.5062344507794,7788.9,1,71.4,49.8,59.2,0.0,0.0,0.0
2026-10-02,Upper Sparky Trail,Clark Ranch,WG044,40.6599723509711,-111.45534390616216,6878.4,1,75.4,44.7,58.5,0.0,0.0,0.0
2026-10-02,Village Pipeline Connector,Deer Valley,WG028,40.6391093200599,-111.472490526811,7336.8,1,73.1,51.5,60.9,0.0,0.0,0.0
2026-10-02,Village Trail,Deer Valley,WG028,40.64077448423082,-111.47113665558776,7315.2,1,73.1,51.5,60.9,0.0,0.0,0.0
2026-10-02,Village Trail / Pipeline,Deer Valley,WG028,40.64110752434245,-111.46934147070748,7182.6,1,73.1,51.5,60.9,0.0,0.0,0.0
2026-10-02,WOW (Wasatch Over Wasatch) Trail,Deer Valley,WG003,40.585198990338895,-111.50729227137398,8248.2,1,68.3,46.6,55.3,0.0,0.0,0.0
2026-10-02,Wada Way,Jordanelle,WG040,40.65139897157171,-111.41292348157292,6267.2,3,77.8,48.9,61.6,0.0,0.0,0.0
2026-10-02,Wasatch,Round Valley,WG074,40.742724215036304,-111.49568804225927,6475.9,2,75.8,45.1,58.7,0.0,0.0,0.0
2026-10-02,Wasatch Crest Connect,Park City / PCMR,WG020,40.616974136223725,-111.55736099806312,9245.9,3,62.6,45.1,52.4,0.0,0.0,0.0
2026-10-02,Wasatch Wiggle Trail,Park City / PCMR,WG010,40.58570056880523,-111.57390345809982,9702.8,3,61.0,43.2,50.6,0.0,0.0,0.0
2026-10-02,We'll Go From There,Jordanelle,WG027,40.633559740125165,-111.4528915193202,6692.5,2,76.0,46.6,59.9,0.0,0.0,0.0
2026-10-02,Winchester Trail,Jeremy Ranch / Glenwild,WG069,40.71094932830698,-111.54449441430567,6453.0,2,76.9,39.8,57.1,0.0,0.0,0.0
2026-10-02,Woodside Gulch,Deer Valley,WG032,40.63428272582461,-111.50200856347875,7635.5,1,71.4,49.8,59.2,0.0,0.0,0.0
2026-10-02,Wowza Downhill Trail,Deer Valley,WG006,40.58677474689952,-111.51626735679228,8564.8,3,66.2,46.9,54.5,0.0,0.0,0.0
2026-10-02,Wowza Trail,Deer Valley,WG006,40.58754867198866,-111.51557993987645,8552.8,3,66.2,46.9,54.5,0.0,0.0,0.0
2026-10-02,Yabba Dabba Doo,Round Valley,WG067,40.71031601545331,-111.5039304608668,6636.2,1,75.9,40.1,56.8,0.0,0.0,0.0
2026-10-02,Yeti's,Pinebrook,WG072,40.70910944007779,-111.57083697014414,7539.3,3,70.9,50.1,59.3,0.0,0.0,0.0
2026-10-02,You Get It,Jordanelle,WG027,40.63417280890808,-111.45447628262694,6774.5,2,76.0,46.6,59.9,0.0,0.0,0.0
2026-10-03,24-7,Jeremy Ranch / Glenwild,WG086,40.7580938928905,-111.55747502780672,6689.5,3,76.7,44.5,60.3,0.0,0.0,0.0
2026-10-03,4:20,Deer Valley,WG032,40.63850725810498,-111.5016215026881,7810.7,3,72.0,52.4,61.0,0.0,0.0,0.0
2026-10-03,9K Trail,Park City / PCMR,WG017,40.61454424262402,-111.5340694590712,9222.8,3,64.3,48.0,55.0,0.0,0.0,0.0
2026-10-03,A Toll New World,Summit Park,WG078,40.74525880222984,-111.59660432287036,6843.1,3,75.9,50.2,61.6,0.0,0.0,0.0
2026-10-03,Abilene Way,Jeremy Ranch / Glenwild,WG068,40.705162592888,-111.52848253655898,6454.0,3,78.4,45.1,59.6,0.0,0.0,0.0
2026-10-03,Agitator Trail,Deer Valley,WG028,40.62594479567907,-111.46053082324435,7171.6,3,73.7,54.1,62.7,0.0,0.0,0.0
2026-10-03,Alexander Creek Trail,Summit Park,WG093,40.75856130522611,-111.67962308025976,5873.5,3,78.9,58.1,68.0,0.0,0.0,0.0
2026-10-03,Alta-Brighton Trail,Park City / PCMR,WG009,40.59874189108338,-111.5904390735144,9081.0,3,64.4,48.0,55.2,0.0,0.0,0.0
2026-10-03,Ambush,Jeremy Ranch / Glenwild,WG063,40.694225906082366,-111.58181443950004,7757.7,3,72.3,52.8,61.4,0.0,0.0,0.0
2026-10-03,Amenti,Round Valley,WG067,40.71749758221375,-111.50096260266577,6526.6,3,77.3,45.7,59.6,0.0,0.0,0.0
2026-10-03,An Unexpected Journey Trail,Jordanelle,WG001,40.584095263003086,-111.41492155800285,6731.9,1,76.6,52.0,63.3,0.0,0.0,0.0
2026-10-03,Ancient Forest Loop,Round Valley,WG074,40.7314260153664,-111.49224006112888,6485.8,3,77.6,45.5,61.0,0.0,0.0,0.0
2026-10-03,Ant Farm,Jeremy Ranch / Glenwild,WG077,40.74632495230274,-111.55092174051572,6629.0,3,76.9,44.7,60.4,0.0,0.0,0.0
2026-10-03,Apex,Park City / PCMR,WG038,40.62520958876211,-111.53395003281469,9146.4,3,64.6,48.3,55.3,0.0,0.0,0.0
2026-10-03,April Mountain Trail,Deer Valley,WG047,40.650711302598815,-111.4870593388075,7472.0,3,75.1,50.7,60.8,0.0,0.0,0.0
2026-10-03,Armstrong,Park City / PCMR,WG051,40.65248508262897,-111.52994268919429,7566.3,3,73.1,53.1,61.8,0.0,0.0,0.0
2026-10-03,Ashley Avenue,Round Valley,WG057,40.68155854272997,-111.50389122653404,6794.6,3,76.4,49.7,60.5,0.0,0.0,0.0
2026-10-03,Aspen Slalom,Deer Valley,WG013,40.61311265842392,-111.48457791355952,8816.9,3,66.3,50.5,57.1,0.0,0.0,0.0
2026-10-03,BLT,Jeremy Ranch / Glenwild,WG070,40.71492142685356,-111.56084442077211,6927.9,3,76.4,44.2,60.0,0.0,0.0,0.0
2026-10-03,BYOB,Pinebrook,WG070,40.718283985000745,-111.55661288864135,6639.8,3,76.4,44.2,60.0,0.0,0.0,0.0
2026-10-03,Backslide,Round Valley,WG057,40.686236769495366,-111.49111386346571,6972.4,3,76.4,49.7,60.5,0.0,0.0,0.0
2026-10-03,Bad Apple,Jeremy Ranch / Glenwild,WG076,40.74937514368386,-111.56017979748744,6367.9,3,77.6,45.4,61.2,0.0,0.0,0.0
2026-10-03,Bamm Bamm,Round Valley,WG067,40.71001316656963,-111.50256230173504,6667.3,3,77.3,45.7,59.6,0.0,0.0,0.0
2026-10-03,Barrel Roll,Round Valley,WG058,40.69153134198254,-111.48458530535574,7017.0,3,75.8,49.1,59.9,0.0,0.0,0.0
2026-10-03,Beep Beep Trail,Jordanelle,WG001,40.59039066618902,-111.4033797731244,6670.3,1,76.6,52.0,63.3,0.0,0.0,0.0
2026-10-03,Big Dipper,Jordanelle,WG042,40.66018548005414,-111.43175307695702,6961.2,2,76.6,53.3,62.5,0.0,0.0,0.0
2026-10-03,Big Easy,Round Valley,WG057,40.696128326880846,-111.48285293654745,6776.5,3,76.4,49.7,60.5,0.0,0.0,0.0
2026-10-03,Black Forest,Deer Valley,WG016,40.61940428916709,-111.52036519166067,8929.3,3,66.2,50.4,57.0,0.0,0.0,0.0
2026-10-03,Blackhawk Trail,Jeremy Ranch / Glenwild,WG075,40.73111252615939,-111.53542276920604,6536.5,3,76.8,44.6,60.4,0.0,0.0,0.0
2026-10-03,Blazing Saddle,Park City / PCMR,WG020,40.61652898868821,-111.55635878361066,9384.9,3,64.0,47.7,54.8,0.0,0.0,0.0
2026-10-03,Bonanza Flat Overlook,Deer Valley,WG017,40.60116766018752,-111.5344182482656,9112.3,3,64.3,48.0,55.0,0.0,0.0,0.0
2026-10-03,Bonanza Loop Trail,Deer Valley,WG016,40.60282163896819,-111.52815381158308,8908.5,3,66.2,50.4,57.0,0.0,0.0,0.0
2026-10-03,Bonanza Trail,Deer Valley,WG046,40.661614248984336,-111.49584605339936,6814.3,3,76.2,51.8,61.9,0.0,0.0,0.0
2026-10-03,Boot Hill,Park City / PCMR,WG046,40.66311538182378,-111.50841776480048,6853.1,3,76.2,51.8,61.9,0.0,0.0,0.0
2026-10-03,Boot Hill Connect,Park City / PCMR,WG046,40.66384832032967,-111.50809692977944,6921.4,3,76.2,51.8,61.9,0.0,0.0,0.0
2026-10-03,Boulder,Deer Valley,WG013,40.61539223980999,-111.50399769475118,8635.0,3,66.3,50.5,57.1,0.0,0.0,0.0
2026-10-03,Boulder / Trump,Deer Valley,WG013,40.610998229404565,-111.50208555144307,8996.4,3,66.3,50.5,57.1,0.0,0.0,0.0
2026-10-03,Bourbon Street,Round Valley,WG067,40.70798253656,-111.48164466049944,6673.3,3,77.3,45.7,59.6,0.0,0.0,0.0
2026-10-03,Bow Hunter,Deer Valley,WG014,40.60108596513679,-111.48484426536052,9020.3,3,65.4,49.6,56.1,0.0,0.0,0.0
2026-10-03,Bow Hunter Extension,Deer Valley,WG005,40.59796119210968,-111.4848069886625,9014.7,3,65.5,49.7,56.3,0.0,0.0,0.0
2026-10-03,Brighton Lakes Trail,Park City / PCMR,WG009,40.59287052758444,-111.58751257009568,9276.0,3,64.4,48.0,55.2,0.0,0.0,0.0
2026-10-03,Bronto Jam,Round Valley,WG067,40.71004954775594,-111.501977414722,6672.8,3,77.3,45.7,59.6,0.0,0.0,0.0
2026-10-03,CMG,Park City / PCMR,WG035,40.645848884326966,-111.51679268892973,7606.5,3,72.7,52.7,61.4,0.0,0.0,0.0
2026-10-03,Cammy's,Round Valley,WG057,40.69072662264133,-111.49673800313964,6953.5,3,76.4,49.7,60.5,0.0,0.0,0.0
2026-10-03,Canyons Downhill,Pinebrook,WG061,40.68430916809496,-111.56849091879047,7666.2,3,72.6,53.1,61.8,0.0,0.0,0.0
2026-10-03,Catherine's Pass Trail,Park City / PCMR,WG010,40.585096359880005,-111.59078643106362,9753.9,3,62.5,46.1,53.3,0.0,0.0,0.0
2026-10-03,Claim Jumper,Park City / PCMR,WG036,40.63958065995946,-111.52518162563226,8147.6,3,68.7,53.4,59.6,0.0,0.0,0.0
2026-10-03,Clayton Peak Trail,Park City / PCMR,WG010,40.58693552999217,-111.57085635011327,9813.5,3,62.5,46.1,53.3,0.0,0.0,0.0
2026-10-03,Cobblestone Loop,Jeremy Ranch / Glenwild,WG084,40.75845647840704,-111.52582619388934,6805.4,3,75.6,52.8,63.0,0.0,0.0,0.0
2026-10-03,Cobblestone Trail,Jeremy Ranch / Glenwild,WG084,40.75512641497514,-111.52744418745776,6723.8,3,75.6,52.8,63.0,0.0,0.0,0.0
2026-10-03,Colin's Trail,Jeremy Ranch / Glenwild,WG060,40.69629937433107,-111.55671582168428,7029.9,3,75.0,52.0,62.0,0.0,0.0,0.0
2026-10-03,Colony Mid Mountain Connector,Park City / PCMR,WG052,40.65011049975458,-111.53932673410868,8429.2,3,68.0,50.9,59.0,0.0,0.0,0.0
2026-10-03,Comstock Mine Trail,Park City / PCMR,WG019,40.62270505527668,-111.54357954562096,8723.6,3,66.1,49.8,56.8,0.0,0.0,0.0
2026-10-03,Constellation Trail,Jordanelle,WG026,40.6428753631073,-111.43505033038012,6261.6,2,79.0,54.9,64.5,0.0,0.0,0.0
2026-10-03,Corvair,Deer Valley,WG016,40.61099169805087,-111.51230389508405,8648.6,3,66.2,50.4,57.0,0.0,0.0,0.0
2026-10-03,Corvair (Upper),Deer Valley,WG016,40.60840912265719,-111.51090449857222,8883.3,3,66.2,50.4,57.0,0.0,0.0,0.0
2026-10-03,Corvair Connector,Deer Valley,WG016,40.61070239150149,-111.5115633319795,8812.1,3,66.2,50.4,57.0,0.0,0.0,0.0
2026-10-03,Cousin Eddy Trail,Clark Ranch,WG044,40.66170094764518,-111.45386933866466,6817.2,2,76.5,50.7,60.9,0.0,0.0,0.0
2026-10-03,Coyote Loop Trail,Jordanelle,WG001,40.58676467246392,-111.40272629625528,6895.7,1,76.6,52.0,63.3,0.0,0.0,0.0
2026-10-03,Crazy Eights,Jeremy Ranch / Glenwild,WG077,40.74908550583131,-111.55291850861556,6580.7,3,76.9,44.7,60.4,0.0,0.0,0.0
2026-10-03,Crescent Ridge,Park City / PCMR,WG036,40.64328062856461,-111.5205999025961,8289.2,3,68.7,53.4,59.6,0.0,0.0,0.0
2026-10-03,Cutter Lane,Jeremy Ranch / Glenwild,WG068,40.7083260127391,-111.53140227257067,6437.7,3,78.4,45.1,59.6,0.0,0.0,0.0
2026-10-03,Cyn City,Park City / PCMR,WG016,40.62106458390316,-111.52108056020784,8700.1,3,66.2,50.4,57.0,0.0,0.0,0.0
2026-10-03,Daily Overlook,Deer Valley,WG031,40.631723443280656,-111.4987920660294,7430.4,3,73.3,53.7,62.3,0.0,0.0,0.0
2026-10-03,Daly Avenue,Deer Valley,WG031,40.63079192228995,-111.49966938212476,7430.3,3,73.3,53.7,62.3,0.0,0.0,0.0
2026-10-03,Daly Bypass,Deer Valley,WG031,40.63469577874592,-111.4972952534869,7351.3,3,73.3,53.7,62.3,0.0,0.0,0.0
2026-10-03,Daly Canyon,Deer Valley,WG011,40.620194319264456,-111.50922727258838,7986.4,3,70.3,55.0,61.1,0.0,0.0,0.0
2026-10-03,Daly Grind,Deer Valley,WG011,40.62436395642222,-111.5065519695764,7745.3,3,70.3,55.0,61.1,0.0,0.0,0.0
2026-10-03,Dawns Trail,Park City / PCMR,WG051,40.65039115727101,-111.52578815180028,7505.7,3,73.1,53.1,61.8,0.0,0.0,0.0
2026-10-03,Dead Reckoning,Summit Park,WG078,40.74804102527887,-111.5901705440554,6808.0,3,75.9,50.2,61.6,0.0,0.0,0.0
2026-10-03,Dead Tree,Park City / PCMR,WG021,40.611358588022426,-111.54588982448988,9653.6,3,61.2,46.5,52.8,0.0,0.0,0.0
2026-10-03,Deep Park Circle,Jordanelle,WG026,40.626894083286025,-111.43587347972714,6383.2,2,79.0,54.9,64.5,0.0,0.0,0.0
2026-10-03,Deer Camp,Deer Valley,WG013,40.60519585339864,-111.4911066437841,8920.6,3,66.3,50.5,57.1,0.0,0.0,0.0
2026-10-03,Deer Crest,Deer Valley,WG029,40.63553157935396,-111.47424740401932,7612.2,3,72.4,52.8,61.4,0.0,0.0,0.0
2026-10-03,Devo,Deer Valley,WG032,40.6296740826892,-111.48374523511592,7963.4,3,72.0,52.4,61.0,0.0,0.0,0.0
2026-10-03,Discovery,Summit Park,WG078,40.74903521550762,-111.59463162387972,6614.4,3,75.9,50.2,61.6,0.0,0.0,0.0
2026-10-03,Downward Dog,Round Valley,WG057,40.68865758594976,-111.48489883261024,6958.5,3,76.4,49.7,60.5,0.0,0.0,0.0
2026-10-03,Dropout,Jeremy Ranch / Glenwild,WG077,40.74673233142679,-111.55449028155309,6576.0,3,76.9,44.7,60.4,0.0,0.0,0.0
2026-10-03,Dubois,Jeremy Ranch / Glenwild,WG059,40.698630398586985,-111.55581872982933,6878.9,3,77.3,44.0,58.6,0.0,0.0,0.0
2026-10-03,Eagle Cove,Round Valley,WG057,40.68665016051084,-111.49786169389527,6799.6,3,76.4,49.7,60.5,0.0,0.0,0.0
2026-10-03,Eagle Trail,Park City / PCMR,WG051,40.65138382915936,-111.51929067308184,7664.9,3,73.1,53.1,61.8,0.0,0.0,0.0
2026-10-03,Eagle Way,Park City / PCMR,WG048,40.65295946154777,-111.48775315119684,7538.9,3,72.8,53.2,61.8,0.0,0.0,0.0
2026-10-03,East Fallen Pines Lane,Park City / PCMR,WG022,40.61551642366452,-111.57912837068116,8712.4,3,66.7,48.4,56.3,0.0,0.0,0.0
2026-10-03,Easy Rider,Park City / PCMR,WG009,40.59580193116481,-111.57632308440664,9141.3,3,64.4,48.0,55.2,0.0,0.0,0.0
2026-10-03,Ecker Hill Trail,Pinebrook,WG076,40.740364526144575,-111.5667817840803,6401.3,3,77.6,45.4,61.2,0.0,0.0,0.0
2026-10-03,Empire Alternate,Deer Valley,WG032,40.62635819528807,-111.50016350153602,7943.1,3,72.0,52.4,61.0,0.0,0.0,0.0
2026-10-03,Empire Link,Deer Valley,WG012,40.62422557470265,-111.50748256286928,8022.2,3,69.0,53.1,59.4,0.0,0.0,0.0
2026-10-03,Empire Lodge,Deer Valley,WG015,40.61442062316093,-111.51298418240138,8439.2,3,68.8,53.5,59.7,0.0,0.0,0.0
2026-10-03,Empire Pass Connector,Deer Valley,WG016,40.60627316294136,-111.51481095351645,8948.4,3,66.2,50.4,57.0,0.0,0.0,0.0
2026-10-03,Equestrian,Round Valley,WG067,40.70215181343843,-111.50219785223597,6719.1,3,77.3,45.7,59.6,0.0,0.0,0.0
2026-10-03,Euston,Round Valley,WG047,40.65772556817424,-111.48315877249176,7062.9,3,75.1,50.7,60.8,0.0,0.0,0.0
2026-10-03,Evil Empire,Park City / PCMR,WG016,40.61923823662483,-111.52513988679308,8746.8,3,66.2,50.4,57.0,0.0,0.0,0.0
2026-10-03,Fairway Hills Trail,Round Valley,WG055,40.67853348641883,-111.47699791832557,6747.4,3,76.9,50.0,60.9,0.0,0.0,0.0
2026-10-03,Family Truckster Trail,Clark Ranch,WG044,40.66038172048119,-111.452885753204,6847.4,2,76.5,50.7,60.9,0.0,0.0,0.0
2026-10-03,Fast Pitch Trail,Round Valley,WG055,40.6798165110769,-111.47671870073196,6759.1,3,76.9,50.0,60.9,0.0,0.0,0.0
2026-10-03,Fat Lip,Park City / PCMR,WG016,40.62192963761681,-111.5279713594279,8931.1,3,66.2,50.4,57.0,0.0,0.0,0.0
2026-10-03,Field Stone,Round Valley,WG067,40.71706243943152,-111.49059329339536,6526.3,3,77.3,45.7,59.6,0.0,0.0,0.0
2026-10-03,Fink Again,Jeremy Ranch / Glenwild,WG086,40.75125285000831,-111.55541181172696,6586.2,3,76.7,44.5,60.3,0.0,0.0,0.0
2026-10-03,Finns,Deer Valley,WG028,40.640763495812735,-111.47689190658058,7214.2,3,73.7,54.1,62.7,0.0,0.0,0.0
2026-10-03,Fireswamp,Deer Valley,WG013,40.61340925382439,-111.48239833860336,8873.0,3,66.3,50.5,57.1,0.0,0.0,0.0
2026-10-03,First Time,Park City / PCMR,WG050,40.65050878239233,-111.51048291433958,7041.1,3,75.6,51.2,61.3,0.0,0.0,0.0
2026-10-03,First Time Return,Park City / PCMR,WG050,40.65021414919943,-111.51090683334832,7073.8,3,75.6,51.2,61.3,0.0,0.0,0.0
2026-10-03,Flagstaff Loop,Deer Valley,WG013,40.60758047007656,-111.496735533601,8898.0,3,66.3,50.5,57.1,0.0,0.0,0.0
2026-10-03,Flat Cable,Park City / PCMR,WG032,40.644102718034645,-111.505628746172,7565.4,3,72.0,52.4,61.0,0.0,0.0,0.0
2026-10-03,Flat Iron,Park City / PCMR,WG036,40.62696082564811,-111.51719430456902,8393.5,3,68.7,53.4,59.6,0.0,0.0,0.0
2026-10-03,Flying Dog,Jeremy Ranch / Glenwild,WG087,40.77237660098178,-111.54161762597796,7321.2,3,73.4,53.1,61.5,0.0,0.0,0.0
2026-10-03,Forest Glen Trail,Park City / PCMR,WG022,40.61089948644494,-111.5784844905115,8765.8,3,66.7,48.4,56.3,0.0,0.0,0.0
2026-10-03,Fox Tail Trail,Round Valley,WG045,40.66564803508002,-111.47503092801368,7133.0,3,74.9,50.5,60.6,0.0,0.0,0.0
2026-10-03,Freemason,Park City / PCMR,WG046,40.65768683021079,-111.49819012622744,6949.6,3,76.2,51.8,61.9,0.0,0.0,0.0
2026-10-03,Full Steam Billy,Park City / PCMR,WG031,40.64842922650065,-111.4945100220623,7246.4,3,73.3,53.7,62.3,0.0,0.0,0.0
2026-10-03,Gambel Oak Cut,Round Valley,WG045,40.65967079074984,-111.47871602858976,7240.9,3,74.9,50.5,60.6,0.0,0.0,0.0
2026-10-03,Gambel Oak North,Park City / PCMR,WG047,40.65915752473873,-111.48180315635692,7112.6,3,75.1,50.7,60.8,0.0,0.0,0.0
2026-10-03,Gambel Oak Trail,Park City / PCMR,WG031,40.64847351910524,-111.48419757905585,7408.0,3,73.3,53.7,62.3,0.0,0.0,0.0
2026-10-03,Gap Bypass Trail,Deer Valley,WG028,40.64123747413292,-111.47577580871994,7306.6,3,73.7,54.1,62.7,0.0,0.0,0.0
2026-10-03,Gap Loop,Deer Valley,WG028,40.6409109833561,-111.47399614902376,7445.8,3,73.7,54.1,62.7,0.0,0.0,0.0
2026-10-03,Glenwild Loop,Jeremy Ranch / Glenwild,WG075,40.73989427988239,-111.52813430357229,6701.6,3,76.8,44.6,60.4,0.0,0.0,0.0
2026-10-03,Glenwild Loop / Wasatch,Jeremy Ranch / Glenwild,WG074,40.74589846722535,-111.509614206256,6451.3,3,77.6,45.5,61.0,0.0,0.0,0.0
2026-10-03,Gold Finger,Park City / PCMR,WG053,40.65997467243904,-111.55431689925648,8081.9,3,68.8,51.7,59.8,0.0,0.0,0.0
2026-10-03,Golden Needle,Park City / PCMR,WG008,40.59452078975266,-111.56725110409884,9811.4,3,61.1,46.5,52.7,0.0,0.0,0.0
2026-10-03,Gorgoza Park,Pinebrook,WG089,40.75144469967726,-111.581432624726,6619.5,3,76.2,50.5,61.9,0.0,0.0,0.0
2026-10-03,Gotcha Cuttoff,Park City / PCMR,WG035,40.64587964864319,-111.5166123821088,7673.2,3,72.7,52.7,61.4,0.0,0.0,0.0
2026-10-03,Grave Digger,Deer Valley,WG032,40.62962271716946,-111.50201210924322,7682.6,3,72.0,52.4,61.0,0.0,0.0,0.0
2026-10-03,Great Western Trail,Wasatch Crest / Millcreek,WG092,40.77286580912175,-111.6406537725031,7571.3,3,72.8,46.9,58.6,0.0,0.0,0.0
2026-10-03,Great Western Trail / Great Western Trail bypass,Wasatch Crest / Millcreek,WG091,40.7535574542296,-111.6313027356856,7111.8,3,74.1,51.5,61.6,0.0,0.0,0.0
2026-10-03,H.A.M.,Park City / PCMR,WG035,40.64547382276132,-111.53139851516626,7780.5,3,72.7,52.7,61.4,0.0,0.0,0.0
2026-10-03,Hang Time South,Park City / PCMR,WG046,40.65853660632904,-111.49606808644194,6970.8,3,76.2,51.8,61.9,0.0,0.0,0.0
2026-10-03,Happy Gilmor,Round Valley,WG067,40.70712360033319,-111.5014684546231,6569.0,3,77.3,45.7,59.6,0.0,0.0,0.0
2026-10-03,Happy Trailside,Round Valley,WG067,40.708413441306845,-111.50471867526606,6595.6,3,77.3,45.7,59.6,0.0,0.0,0.0
2026-10-03,Hat Trick Trail,Round Valley,WG055,40.678830976721535,-111.47596646172724,6757.0,3,76.9,50.0,60.9,0.0,0.0,0.0
2026-10-03,Heard It Both Ways Trail,Deer Valley,WG004,40.593082879194085,-111.49125770411068,8855.0,3,66.6,50.9,57.4,0.0,0.0,0.0
2026-10-03,Hidden Cove,Summit Park,WG089,40.756655895607175,-111.597334386164,6686.2,3,76.2,50.5,61.9,0.0,0.0,0.0
2026-10-03,High Meadows Connector,Pinebrook,WG076,40.74134938710701,-111.56847869190176,6429.9,3,77.6,45.4,61.2,0.0,0.0,0.0
2026-10-03,High Side,Round Valley,WG055,40.69388247977245,-111.4770589235944,6909.3,3,76.9,50.0,60.9,0.0,0.0,0.0
2026-10-03,Holly's,Pinebrook,WG063,40.68604417524608,-111.57782170773478,7824.2,3,72.3,52.8,61.4,0.0,0.0,0.0
2026-10-03,Holy Roller,Deer Valley,WG013,40.6113609111251,-111.48708066137604,8716.2,3,66.3,50.5,57.1,0.0,0.0,0.0
2026-10-03,Humdinger,Deer Valley,WG029,40.626356336628135,-111.46720603877804,7537.3,3,72.4,52.8,61.4,0.0,0.0,0.0
2026-10-03,Insurgent,Jeremy Ranch / Glenwild,WG063,40.68610182305705,-111.58195303109213,7873.2,3,72.3,52.8,61.4,0.0,0.0,0.0
2026-10-03,Io Trail (Middle),Deer Valley,WG017,40.61025792344493,-111.52770861008732,9342.5,3,64.3,48.0,55.0,0.0,0.0,0.0
2026-10-03,Iron Bill,Jeremy Ranch / Glenwild,WG071,40.70817834974828,-111.55726593666238,7034.2,3,74.4,51.5,61.5,0.0,0.0,0.0
2026-10-03,Iron Man,Park City / PCMR,WG053,40.6585520468376,-111.5452566956134,8305.8,3,68.8,51.7,59.8,0.0,0.0,0.0
2026-10-03,Iron Mountain Trail,Park City / PCMR,WG054,40.65649532455427,-111.54475504732362,8753.8,3,66.9,49.8,57.8,0.0,0.0,0.0
2026-10-03,Izzy's Inferno (Dog Pound),Deer Valley,WG012,40.619811878384205,-111.48856422719636,8193.5,3,69.0,53.1,59.4,0.0,0.0,0.0
2026-10-03,Jailbreak,Jeremy Ranch / Glenwild,WG085,40.75712939272894,-111.56214780445411,6277.4,3,77.5,51.7,63.2,0.0,0.0,0.0
2026-10-03,Jeep Hill (Safety Coridoor),Deer Valley,WG013,40.60451306969404,-111.50923514571896,8820.6,3,66.3,50.5,57.1,0.0,0.0,0.0
2026-10-03,Jenni's Trail,Park City / PCMR,WG034,40.64869166733497,-111.51220769740809,7207.7,3,74.0,54.0,62.7,0.0,0.0,0.0
2026-10-03,Jenni's Trail upper,Park City / PCMR,WG035,40.63937813819639,-111.5112423147728,7789.7,3,72.7,52.7,61.4,0.0,0.0,0.0
2026-10-03,Johns '99,Park City / PCMR,WG033,40.62911828578874,-111.50998374795329,8128.2,3,69.5,54.2,60.4,0.0,0.0,0.0
2026-10-03,Johns 99,Deer Valley,WG015,40.62450457371346,-111.51231498110546,8231.6,3,68.8,53.5,59.7,0.0,0.0,0.0
2026-10-03,Johns Trail,Park City / PCMR,WG033,40.63760825426597,-111.50539626371148,8041.4,3,69.5,54.2,60.4,0.0,0.0,0.0
2026-10-03,Jordanelle (West Bank) Trail,Jordanelle,WG026,40.63639192686843,-111.4311179892118,6210.9,2,79.0,54.9,64.5,0.0,0.0,0.0
2026-10-03,Jordanelle Perimeter Trail,Jordanelle,WG024,40.633349610731685,-111.4121970547725,6216.7,2,79.2,55.0,64.6,0.0,0.0,0.0
2026-10-03,Jupiter Peak,Park City / PCMR,WG021,40.610319419324455,-111.54904593331813,9871.3,3,61.2,46.5,52.8,0.0,0.0,0.0
2026-10-03,Jupiter Ridge,Park City / PCMR,WG018,40.61268065771163,-111.53867835914352,9869.4,3,61.4,46.7,52.9,0.0,0.0,0.0
2026-10-03,Kaboom Trail / Call Sign Casa Trail,Jordanelle,WG027,40.62794719612903,-111.45468580169128,6888.6,2,76.7,50.6,61.7,0.0,0.0,0.0
2026-10-03,Kari's,Round Valley,WG055,40.69160040530727,-111.47515847036864,6850.2,3,76.9,50.0,60.9,0.0,0.0,0.0
2026-10-03,Keetley,Jordanelle,WG024,40.6438983646529,-111.4097274639112,6255.4,2,79.2,55.0,64.6,0.0,0.0,0.0
2026-10-03,Keystone Trail,Park City / PCMR,WG037,40.62506440637064,-111.53055382777043,8890.7,3,67.6,52.3,58.5,0.0,0.0,0.0
2026-10-03,La Dee Duh,Round Valley,WG057,40.69261799590889,-111.5001632592338,6864.5,3,76.4,49.7,60.5,0.0,0.0,0.0
2026-10-03,Lavina,Deer Valley,WG006,40.58376333945228,-111.52567195673171,8621.7,3,67.0,51.3,57.8,0.0,0.0,0.0
2026-10-03,Legacy Loop,Jeremy Ranch / Glenwild,WG071,40.705995804360256,-111.55961886682412,7342.6,3,74.4,51.5,61.5,0.0,0.0,0.0
2026-10-03,Legacy Ridge,Jeremy Ranch / Glenwild,WG071,40.70648419743829,-111.5603960205038,7414.3,3,74.4,51.5,61.5,0.0,0.0,0.0
2026-10-03,Legacy. Loop,Jeremy Ranch / Glenwild,WG071,40.70737188748682,-111.5599210439625,7363.1,3,74.4,51.5,61.5,0.0,0.0,0.0
2026-10-03,Link,Deer Valley,WG015,40.624117394272574,-111.51614328186776,8385.3,3,68.8,53.5,59.7,0.0,0.0,0.0
2026-10-03,Little Chief,Deer Valley,WG015,40.61872839208637,-111.51243052868438,8322.6,3,68.8,53.5,59.7,0.0,0.0,0.0
2026-10-03,Little Engine Trail,Summit Park,WG089,40.756690732809,-111.59562244098744,6709.3,3,76.2,50.5,61.9,0.0,0.0,0.0
2026-10-03,Little Stick,Deer Valley,WG028,40.63409637421967,-111.478301770839,7464.6,3,73.7,54.1,62.7,0.0,0.0,0.0
2026-10-03,Longview,Jordanelle,WG040,40.65785550770212,-111.4151527495857,6299.6,2,79.0,54.9,64.4,0.0,0.0,0.0
2026-10-03,Looney Tunes Trail,Jordanelle,WG002,40.58370423178651,-111.40605522395904,7149.3,1,74.9,50.4,61.7,0.0,0.0,0.0
2026-10-03,Loose Moose,Park City / PCMR,WG031,40.64358346695202,-111.50940341630726,7446.3,3,73.3,53.7,62.3,0.0,0.0,0.0
2026-10-03,Lost Prospector,Park City / PCMR,WG047,40.659849225736586,-111.4888557229514,7044.5,3,75.1,50.7,60.8,0.0,0.0,0.0
2026-10-03,Lower Devo Trail,Deer Valley,WG032,40.63290230557317,-111.48205615844142,7656.5,3,72.0,52.4,61.0,0.0,0.0,0.0
2026-10-03,Lower Masonic,Park City / PCMR,WG047,40.65358630670372,-111.49972319928794,7113.0,3,75.1,50.7,60.8,0.0,0.0,0.0
2026-10-03,Lower Sparky Trail,Clark Ranch,WG044,40.66761130235187,-111.4559551589961,6689.8,2,76.5,50.7,60.9,0.0,0.0,0.0
2026-10-03,Lower Village,Deer Valley,WG028,40.64043848354113,-111.46360640728942,7008.1,3,73.7,54.1,62.7,0.0,0.0,0.0
2026-10-03,Lynx #2,Round Valley,WG044,40.66734087696376,-111.46694625830712,6898.8,2,76.5,50.7,60.9,0.0,0.0,0.0
2026-10-03,Masonic,Park City / PCMR,WG047,40.65628760128763,-111.48965728213436,7283.0,3,75.1,50.7,60.8,0.0,0.0,0.0
2026-10-03,Matt's Flat,Round Valley,WG057,40.68924275786925,-111.49221205396208,6921.6,3,76.4,49.7,60.5,0.0,0.0,0.0
2026-10-03,McConkeys,Park City / PCMR,WG016,40.617956923480186,-111.52625119796232,8958.8,3,66.2,50.4,57.0,0.0,0.0,0.0
2026-10-03,McConkeys / Io Trail (Middle),Park City / PCMR,WG018,40.61168680632571,-111.53326494678502,9588.6,3,61.4,46.7,52.9,0.0,0.0,0.0
2026-10-03,McHenry Avenue,Deer Valley,WG031,40.640126864152855,-111.49219625319049,7274.9,3,73.3,53.7,62.3,0.0,0.0,0.0
2026-10-03,Mid-Mountain Connect,Park City / PCMR,WG036,40.63223012461414,-111.51309555497544,8201.7,3,68.7,53.4,59.6,0.0,0.0,0.0
2026-10-03,Mid-Mountain Trail,Park City / PCMR,WG036,40.64534582424172,-111.53118141177607,8168.3,3,68.7,53.4,59.6,0.0,0.0,0.0
2026-10-03,Milky Way,Jordanelle,WG042,40.65767372971338,-111.43373089841624,6795.1,2,76.6,53.3,62.5,0.0,0.0,0.0
2026-10-03,Milky Way / Two Rocks,Jordanelle,WG042,40.66056479638159,-111.42608338059031,6558.6,2,76.6,53.3,62.5,0.0,0.0,0.0
2026-10-03,Miner's Mile,Park City / PCMR,WG036,40.62728968091632,-111.51804021102016,8457.0,3,68.7,53.4,59.6,0.0,0.0,0.0
2026-10-03,Miss Billy's,Jeremy Ranch / Glenwild,WG059,40.69127466685039,-111.54016400735836,6614.6,3,77.3,44.0,58.6,0.0,0.0,0.0
2026-10-03,Mojave,Park City / PCMR,WG037,40.634971780917176,-111.5211432294971,8540.4,3,67.6,52.3,58.5,0.0,0.0,0.0
2026-10-03,Moose Hollow,Summit Park,WG088,40.76397899834495,-111.58866445905328,6467.6,3,76.9,51.2,62.6,0.0,0.0,0.0
2026-10-03,Moose Poop,Deer Valley,WG032,40.633538239133244,-111.50120248027572,7607.1,3,72.0,52.4,61.0,0.0,0.0,0.0
2026-10-03,Moose Puddle,Pinebrook,WG071,40.70548588260783,-111.56718578772085,7487.6,3,74.4,51.5,61.5,0.0,0.0,0.0
2026-10-03,Moose Tracks Trail,Park City / PCMR,WG009,40.59516414126596,-111.57427709390586,9258.1,3,64.4,48.0,55.2,0.0,0.0,0.0
2026-10-03,Moosebones,Deer Valley,WG013,40.61167254823319,-111.50326786094648,8857.2,3,66.3,50.5,57.1,0.0,0.0,0.0
2026-10-03,Moosehouse,Park City / PCMR,WG032,40.63204398195126,-111.5038481086022,7902.6,3,72.0,52.4,61.0,0.0,0.0,0.0
2026-10-03,Mother Urban,Deer Valley,WG032,40.63167066031289,-111.5034058570439,7904.1,3,72.0,52.4,61.0,0.0,0.0,0.0
2026-10-03,Mountain Ranch,Jeremy Ranch / Glenwild,WG066,40.719482563829935,-111.5082007499112,6453.3,3,77.9,46.2,60.2,0.0,0.0,0.0
2026-10-03,Mountain Ranch Estates,Round Valley,WG067,40.7173985998433,-111.50812726137713,6520.0,3,77.3,45.7,59.6,0.0,0.0,0.0
2026-10-03,Mountain Willow,Round Valley,WG067,40.71402930681007,-111.48565937361776,6571.7,3,77.3,45.7,59.6,0.0,0.0,0.0
2026-10-03,Mr Muchrocks,Round Valley,WG067,40.70904482572548,-111.50323360919846,6653.2,3,77.3,45.7,59.6,0.0,0.0,0.0
2026-10-03,NCS,Deer Valley,WG032,40.62911396321707,-111.4803727621932,7992.5,3,72.0,52.4,61.0,0.0,0.0,0.0
2026-10-03,Nick NAC,Round Valley,WG057,40.69210865876878,-111.490120990647,6959.3,3,76.4,49.7,60.5,0.0,0.0,0.0
2026-10-03,No Worries,Summit Park,WG081,40.73716048778493,-111.60234213265907,7289.1,3,73.9,56.5,63.3,0.0,0.0,0.0
2026-10-03,North 400 West,Jeremy Ranch / Glenwild,WG068,40.70279368500318,-111.51897621463831,6441.4,3,78.4,45.1,59.6,0.0,0.0,0.0
2026-10-03,North Ross Creek Trail,Jordanelle,WG041,40.66585897507511,-111.42082357173696,6405.0,2,78.6,54.4,64.0,0.0,0.0,0.0
2026-10-03,Nowhere Elks,Round Valley,WG058,40.69018989582584,-111.48311322310164,7036.6,3,75.8,49.1,59.9,0.0,0.0,0.0
2026-10-03,OMG,Deer Valley,WG032,40.631226274970665,-111.4973428195913,7571.3,3,72.0,52.4,61.0,0.0,0.0,0.0
2026-10-03,OMH,Pinebrook,WG070,40.71997692753587,-111.55773747935044,6677.5,3,76.4,44.2,60.0,0.0,0.0,0.0
2026-10-03,Oh Deer Flow,Jordanelle,WG041,40.66237367218405,-111.42118550237925,6403.1,2,78.6,54.4,64.0,0.0,0.0,0.0
2026-10-03,Old Homeward Bound,Deer Valley,WG012,40.61357496233911,-111.48964629692756,8441.1,3,69.0,53.1,59.4,0.0,0.0,0.0
2026-10-03,Old Skool,Deer Valley,WG032,40.631898683587,-111.48423208918877,7827.2,3,72.0,52.4,61.0,0.0,0.0,0.0
2026-10-03,Old Stage Crest Connect,Park City / PCMR,WG023,40.61247305094488,-111.5715274805363,9057.3,3,64.9,48.6,55.7,0.0,0.0,0.0
2026-10-03,Olympic,Pinebrook,WG064,40.69996684096533,-111.57868853500152,8004.0,3,69.6,53.3,60.9,0.0,0.0,0.0
2026-10-03,Ontario Canyon,Deer Valley,WG013,40.61130277448227,-111.48755898005427,8755.1,3,66.3,50.5,57.1,0.0,0.0,0.0
2026-10-03,Ontario Ridge,Deer Valley,WG032,40.62821582013441,-111.49780973717266,7815.3,3,72.0,52.4,61.0,0.0,0.0,0.0
2026-10-03,Ore Cart,Deer Valley,WG015,40.621755910380834,-111.51139929264724,8146.4,3,68.8,53.5,59.7,0.0,0.0,0.0
2026-10-03,Outlook,Deer Valley,WG029,40.63657831428653,-111.4685462481628,7646.2,3,72.4,52.8,61.4,0.0,0.0,0.0
2026-10-03,Pale Green Dot,Summit Park,WG078,40.74689592786439,-111.59182437672968,6802.1,3,75.9,50.2,61.6,0.0,0.0,0.0
2026-10-03,Parley's Lane,Summit Park,WG089,40.75375624958085,-111.59849347383722,6719.0,3,76.2,50.5,61.9,0.0,0.0,0.0
2026-10-03,Payday,Park City / PCMR,WG035,40.64053545819342,-111.51124538504462,7598.1,3,72.7,52.7,61.4,0.0,0.0,0.0
2026-10-03,Payroll,Deer Valley,WG013,40.61095393430099,-111.5094443089702,8630.4,3,66.3,50.5,57.1,0.0,0.0,0.0
2026-10-03,Pedalers Inn,Deer Valley,WG012,40.61923438649311,-111.4865707901735,8286.8,3,69.0,53.1,59.4,0.0,0.0,0.0
2026-10-03,Perrier Pass,Park City / PCMR,WG017,40.61814002894983,-111.53826776190397,9445.9,3,64.3,48.0,55.0,0.0,0.0,0.0
2026-10-03,Pinebrook Point,Pinebrook,WG089,40.75079411917499,-111.57994193527573,6623.3,3,76.2,50.5,61.9,0.0,0.0,0.0
2026-10-03,Pinebrook Pointe South,Pinebrook,WG078,40.74959135152933,-111.5795998040212,6632.5,3,75.9,50.2,61.6,0.0,0.0,0.0
2026-10-03,Pinebrook Southeast Perimeter / Hunter's Trail of the Mid Mountain,Pinebrook,WG072,40.71419878562093,-111.5896757552273,7875.5,3,72.4,55.0,61.8,0.0,0.0,0.0
2026-10-03,Pinebrook Southeast Perimeter / Pinebrook SE Perimeter,Pinebrook,WG079,40.72863077219642,-111.58102679054537,7392.0,3,74.2,51.2,61.2,0.0,0.0,0.0
2026-10-03,Pinebrook Southeast Perimeter Trail,Pinebrook,WG078,40.73058687532795,-111.57244227312069,6947.5,3,75.9,50.2,61.6,0.0,0.0,0.0
2026-10-03,Pinecone Ridge,Park City / PCMR,WG039,40.63337906740186,-111.54644099265712,9084.9,3,64.8,48.5,55.6,0.0,0.0,0.0
2026-10-03,Pioneer Ridge,Park City / PCMR,WG018,40.61649374604546,-111.53892521633333,9598.5,3,61.4,46.7,52.9,0.0,0.0,0.0
2026-10-03,Pipeline,Deer Valley,WG028,40.63885618836171,-111.46966538134832,7356.9,3,73.7,54.1,62.7,0.0,0.0,0.0
2026-10-03,Pointy Rocks,Deer Valley,WG031,40.63679995846106,-111.48172224533342,7428.0,3,73.3,53.7,62.3,0.0,0.0,0.0
2026-10-03,PorcUclimb,Round Valley,WG058,40.69402326414524,-111.48517031749344,7064.7,3,75.8,49.1,59.9,0.0,0.0,0.0
2026-10-03,Powerline,Pinebrook,WG078,40.74237998272819,-111.5716363238219,6548.4,3,75.9,50.2,61.6,0.0,0.0,0.0
2026-10-03,Powerline Connector,Pinebrook,WG078,40.74298978990414,-111.5728828415412,6585.6,3,75.9,50.2,61.6,0.0,0.0,0.0
2026-10-03,Powerline Trail,Park City / PCMR,WG036,40.63015217582808,-111.53743024085954,8362.6,3,68.7,53.4,59.6,0.0,0.0,0.0
2026-10-03,Practice Loops,Round Valley,WG055,40.68336469607561,-111.47532267974417,6752.0,3,76.9,50.0,60.9,0.0,0.0,0.0
2026-10-03,Preserve Connector,Jeremy Ranch / Glenwild,WG087,40.76330147562161,-111.54585203221042,7230.0,3,73.4,53.1,61.5,0.0,0.0,0.0
2026-10-03,Princess Di's,Clark Ranch,WG083,40.751465442037045,-111.43628535405452,6858.8,3,76.2,50.5,61.5,0.0,0.0,0.0
2026-10-03,Prospect,Deer Valley,WG031,40.63405408516434,-111.49547333835608,7482.8,3,73.3,53.7,62.3,0.0,0.0,0.0
2026-10-03,Pulp Friction,Round Valley,WG057,40.69884233324062,-111.50344523686547,6681.3,3,76.4,49.7,60.5,0.0,0.0,0.0
2026-10-03,Putty Tat Trail,Jordanelle,WG001,40.59267845848291,-111.40267007297948,6514.0,1,76.6,52.0,63.3,0.0,0.0,0.0
2026-10-03,Quinn's Connect,Round Valley,WG055,40.68185946906874,-111.4726829059293,6720.8,3,76.9,50.0,60.9,0.0,0.0,0.0
2026-10-03,RTS,Jeremy Ranch / Glenwild,WG070,40.71664642216084,-111.55523569599896,6598.1,3,76.4,44.2,60.0,0.0,0.0,0.0
2026-10-03,RTS / BLT,Jeremy Ranch / Glenwild,WG070,40.71544842193981,-111.5580228733734,6768.3,3,76.4,44.2,60.0,0.0,0.0,0.0
2026-10-03,Rademan Ridge,Round Valley,WG057,40.69522706920315,-111.49835765815162,6895.6,3,76.4,49.7,60.5,0.0,0.0,0.0
2026-10-03,Ramble On,Round Valley,WG067,40.70159467934347,-111.48028465593316,6781.5,3,77.3,45.7,59.6,0.0,0.0,0.0
2026-10-03,Rambler,Round Valley,WG057,40.69772226627651,-111.49065578495473,6809.2,3,76.4,49.7,60.5,0.0,0.0,0.0
2026-10-03,Rambler DT,Round Valley,WG056,40.699080350519786,-111.50674680507665,6485.7,3,77.9,46.2,60.2,0.0,0.0,0.0
2026-10-03,Red Bull,Park City / PCMR,WG035,40.63958635838598,-111.51326842477698,7769.0,3,72.7,52.7,61.4,0.0,0.0,0.0
2026-10-03,Regulator Trail,Deer Valley,WG033,40.62910164594688,-111.48142418804063,8033.8,3,69.5,54.2,60.4,0.0,0.0,0.0
2026-10-03,Richochet,Park City / PCMR,WG062,40.68638148266805,-111.57139393545772,7468.3,3,73.4,53.8,62.5,0.0,0.0,0.0
2026-10-03,Rinse Cycle Trail,Deer Valley,WG028,40.62990230274806,-111.45944053119273,7191.1,3,73.7,54.1,62.7,0.0,0.0,0.0
2026-10-03,Ripple Trail,Deer Valley,WG029,40.63554405253732,-111.47490110184252,7588.0,3,72.4,52.8,61.4,0.0,0.0,0.0
2026-10-03,Riverview West Trail,Jordanelle,WG001,40.58565113588149,-111.41386481977428,6730.6,1,76.6,52.0,63.3,0.0,0.0,0.0
2026-10-03,Road to WOS,Summit Park,WG082,40.73344363030311,-111.61407104321202,7712.2,3,72.5,55.0,61.9,0.0,0.0,0.0
2026-10-03,Rob's Trail,Pinebrook,WG063,40.69704664952428,-111.5702364046946,7584.0,3,72.3,52.8,61.4,0.0,0.0,0.0
2026-10-03,RocMon,Round Valley,WG055,40.68788668982749,-111.4548390225179,6677.5,3,76.9,50.0,60.9,0.0,0.0,0.0
2026-10-03,Rock Chuck Trail,Park City / PCMR,WG008,40.58874474594925,-111.56839301918852,9680.6,3,61.1,46.5,52.7,0.0,0.0,0.0
2026-10-03,Rogue Rider Trail,Park City / PCMR,WG020,40.60699361060532,-111.56187339427328,9423.9,3,64.0,47.7,54.8,0.0,0.0,0.0
2026-10-03,Rosebud,Park City / PCMR,WG036,40.63966083548988,-111.52257618003053,8390.4,3,68.7,53.4,59.6,0.0,0.0,0.0
2026-10-03,Rosebud's Heaven,Park City / PCMR,WG060,40.69195554103422,-111.5659528759652,7326.9,3,75.0,52.0,62.0,0.0,0.0,0.0
2026-10-03,Rossi Hill Trail,Deer Valley,WG031,40.63808222920599,-111.4919292526201,7341.8,3,73.3,53.7,62.3,0.0,0.0,0.0
2026-10-03,Round Valley Connect,Round Valley,WG067,40.70875221615484,-111.50427592382064,6606.7,3,77.3,45.7,59.6,0.0,0.0,0.0
2026-10-03,Round Valley Connector,Round Valley,WG067,40.709506874143365,-111.48774034228174,6611.3,3,77.3,45.7,59.6,0.0,0.0,0.0
2026-10-03,Round Valley Express,Round Valley,WG057,40.69308554123404,-111.4897696424948,6812.1,3,76.4,49.7,60.5,0.0,0.0,0.0
2026-10-03,Rusty Shovel,Round Valley,WG057,40.69776625143012,-111.4804885556652,6868.8,3,76.4,49.7,60.5,0.0,0.0,0.0
2026-10-03,Rusty Spur,Round Valley,WG065,40.70159189598121,-111.4765958017646,6731.2,3,77.1,48.3,60.3,0.0,0.0,0.0
2026-10-03,SOS,Park City / PCMR,WG046,40.666448184385416,-111.48116864087982,6803.8,3,76.2,51.8,61.9,0.0,0.0,0.0
2026-10-03,SQ Connector Trail,Round Valley,WG055,40.68949659271035,-111.47067515084642,6728.8,3,76.9,50.0,60.9,0.0,0.0,0.0
2026-10-03,Sam's Trail,Deer Valley,WG012,40.61912724197413,-111.50964994268364,8145.3,3,69.0,53.1,59.4,0.0,0.0,0.0
2026-10-03,Saved By The Bell,Round Valley,WG067,40.71689792497153,-111.49958806368429,6568.5,3,77.3,45.7,59.6,0.0,0.0,0.0
2026-10-03,Scott's Bypass,Park City / PCMR,WG021,40.612047856355446,-111.55918064050742,9658.7,3,61.2,46.5,52.8,0.0,0.0,0.0
2026-10-03,Secret of My Success Trail,Deer Valley,WG033,40.62597453280468,-111.48566192002252,8293.6,3,69.5,54.2,60.4,0.0,0.0,0.0
2026-10-03,Seldom Seen,Park City / PCMR,WG034,40.64892938917546,-111.51571616491609,7435.6,3,74.0,54.0,62.7,0.0,0.0,0.0
2026-10-03,Seventy 101,Round Valley,WG057,40.68968411592925,-111.49103639156762,6974.3,3,76.4,49.7,60.5,0.0,0.0,0.0
2026-10-03,Shadow Lake,Park City / PCMR,WG020,40.61596037279941,-111.55009628848111,9179.4,3,64.0,47.7,54.8,0.0,0.0,0.0
2026-10-03,Shenanigans,Deer Valley,WG012,40.62034189886961,-111.49849814997506,8237.7,3,69.0,53.1,59.4,0.0,0.0,0.0
2026-10-03,Short Cut,Jeremy Ranch / Glenwild,WG064,40.68025862222409,-111.57883598783349,8081.5,3,69.6,53.3,60.9,0.0,0.0,0.0
2026-10-03,Short Fuse,Park City / PCMR,WG036,40.6346970517688,-111.52339576593836,8439.4,3,68.7,53.4,59.6,0.0,0.0,0.0
2026-10-03,Short Ribs,Summit Park,WG082,40.7348537895427,-111.62048055745409,7705.3,3,72.5,55.0,61.9,0.0,0.0,0.0
2026-10-03,Short Stack,Summit Park,WG082,40.73936874753804,-111.6200542747078,7652.8,3,72.5,55.0,61.9,0.0,0.0,0.0
2026-10-03,Silver Creek Trail,Round Valley,WG074,40.728195917662575,-111.48449884114967,6494.3,3,77.6,45.5,61.0,0.0,0.0,0.0
2026-10-03,Silver Gate,Round Valley,WG073,40.72728013881357,-111.46748664430804,6513.4,3,77.8,49.0,61.1,0.0,0.0,0.0
2026-10-03,Silver Queen,Park City / PCMR,WG037,40.63391819864852,-111.51755091640152,8558.9,3,67.6,52.3,58.5,0.0,0.0,0.0
2026-10-03,Silver Spur,Park City / PCMR,WG049,40.65266965116334,-111.5117818738982,6980.8,3,75.9,51.5,61.5,0.0,0.0,0.0
2026-10-03,Skid Row,Park City / PCMR,WG044,40.66845831872771,-111.47381352761975,6920.8,2,76.5,50.7,60.9,0.0,0.0,0.0
2026-10-03,Skyridge Peak Trail / Milky Way,Jordanelle,WG043,40.65984634182248,-111.4368345884266,7139.2,2,75.3,52.0,61.2,0.0,0.0,0.0
2026-10-03,Sloppy Joe,Round Valley,WG067,40.71599935057343,-111.49742827056478,6658.4,3,77.3,45.7,59.6,0.0,0.0,0.0
2026-10-03,Snake Pit Trail,Park City / PCMR,WG010,40.58750533085767,-111.57189033610032,9625.4,3,62.5,46.1,53.3,0.0,0.0,0.0
2026-10-03,Snowtop,Deer Valley,WG028,40.64752229561398,-111.4705824068134,7443.3,3,73.7,54.1,62.7,0.0,0.0,0.0
2026-10-03,Solamere,Deer Valley,WG045,40.65168830951934,-111.47267426337083,7304.0,3,74.9,50.5,60.6,0.0,0.0,0.0
2026-10-03,Solamere Connector,Deer Valley,WG045,40.651338463153365,-111.4797751905619,7331.1,3,74.9,50.5,60.6,0.0,0.0,0.0
2026-10-03,Somewhere Elks,Round Valley,WG055,40.68702802029736,-111.47813858810876,6977.4,3,76.9,50.0,60.9,0.0,0.0,0.0
2026-10-03,South Canyon,Round Valley,WG055,40.697084178294816,-111.45372200426904,6732.0,3,76.9,50.0,60.9,0.0,0.0,0.0
2026-10-03,South Sweeney,Park City / PCMR,WG031,40.64194117786604,-111.49870009761844,7400.1,3,73.3,53.7,62.3,0.0,0.0,0.0
2026-10-03,Spare Change,Summit Park,WG080,40.74164553017363,-111.60031464541484,6827.9,3,75.1,52.5,62.6,0.0,0.0,0.0
2026-10-03,Sparky's Return,Clark Ranch,WG044,40.6617858998794,-111.45698342605078,6783.6,2,76.5,50.7,60.9,0.0,0.0,0.0
2026-10-03,Speedbag,Deer Valley,WG011,40.624406811076895,-111.50919273225593,7987.6,3,70.3,55.0,61.1,0.0,0.0,0.0
2026-10-03,Spin Cycle Trail,Deer Valley,WG028,40.63411801502942,-111.46082430079326,7178.8,3,73.7,54.1,62.7,0.0,0.0,0.0
2026-10-03,Spiro Trail,Park City / PCMR,WG035,40.64755384631944,-111.52407012433112,7617.4,3,72.7,52.7,61.4,0.0,0.0,0.0
2026-10-03,St. Regis Trail,Deer Valley,WG028,40.639112933407205,-111.47591481144916,7383.3,3,73.7,54.1,62.7,0.0,0.0,0.0
2026-10-03,Stealth Connector / Pheasant Way,Jeremy Ranch / Glenwild,WG076,40.73167942348123,-111.54708752211994,6361.5,3,77.6,45.4,61.2,0.0,0.0,0.0
2026-10-03,Stealth Trail,Jeremy Ranch / Glenwild,WG077,40.73631275924013,-111.5447596003018,6560.0,3,76.9,44.7,60.4,0.0,0.0,0.0
2026-10-03,Steps,Park City / PCMR,WG037,40.63116043759045,-111.5173271228493,8520.8,3,67.6,52.3,58.5,0.0,0.0,0.0
2026-10-03,Stiff Upper Lip,Park City / PCMR,WG017,40.61611691879028,-111.52987009616064,9025.4,3,64.3,48.0,55.0,0.0,0.0,0.0
2026-10-03,Sunny Slopes Trail,Round Valley,WG057,40.68377753714063,-111.48540217687854,6826.8,3,76.4,49.7,60.5,0.0,0.0,0.0
2026-10-03,Sunset,Deer Valley,WG013,40.61222429898699,-111.48546906629171,8777.5,3,66.3,50.5,57.1,0.0,0.0,0.0
2026-10-03,Super G,Deer Valley,WG013,40.6078734147108,-111.486644562986,8939.8,3,66.3,50.5,57.1,0.0,0.0,0.0
2026-10-03,Sven,Jordanelle,WG040,40.66216079919324,-111.41880056586604,6299.4,2,79.0,54.9,64.4,0.0,0.0,0.0
2026-10-03,Sweeney Switchbacks,Park City / PCMR,WG031,40.64428684826398,-111.50263935593632,7442.9,3,73.3,53.7,62.3,0.0,0.0,0.0
2026-10-03,Sweeneys,Park City / PCMR,WG032,40.6416793962084,-111.50380066992643,7712.4,3,72.0,52.4,61.0,0.0,0.0,0.0
2026-10-03,T&G,Deer Valley,WG016,40.611941402305575,-111.51506977898008,8673.3,3,66.2,50.4,57.0,0.0,0.0,0.0
2026-10-03,T&G 2,Deer Valley,WG016,40.62089143656375,-111.51568549288604,8599.5,3,66.2,50.4,57.0,0.0,0.0,0.0
2026-10-03,TDS Ontario Bypass,Deer Valley,WG032,40.62591563844938,-111.49801252893096,7889.0,3,72.0,52.4,61.0,0.0,0.0,0.0
2026-10-03,TSP Skils Area,Round Valley,WG067,40.70929244417837,-111.50545423904256,6671.9,3,77.3,45.7,59.6,0.0,0.0,0.0
2026-10-03,Tall Oaks Circle,Pinebrook,WG078,40.73938310561022,-111.57541687830556,6961.5,3,75.9,50.2,61.6,0.0,0.0,0.0
2026-10-03,Tall T Trail,Deer Valley,WG007,40.59029104976929,-111.52734087474852,9033.3,3,65.4,49.7,56.2,0.0,0.0,0.0
2026-10-03,Tar Pits Jump Line,Round Valley,WG067,40.70948336187246,-111.50501444482678,6663.3,3,77.3,45.7,59.6,0.0,0.0,0.0
2026-10-03,Team Big Bear,Deer Valley,WG013,40.61639926546102,-111.50010669410356,8610.0,3,66.3,50.5,57.1,0.0,0.0,0.0
2026-10-03,Team Cutthroat Downhill,Jeremy Ranch / Glenwild,WG077,40.74619331694971,-111.55242052130288,6618.0,3,76.9,44.7,60.4,0.0,0.0,0.0
2026-10-03,Thaynes Canyon,Park City / PCMR,WG037,40.62644528922062,-111.539067377105,8520.6,3,67.6,52.3,58.5,0.0,0.0,0.0
2026-10-03,The Avenues,Summit Park,WG090,40.75998198374273,-111.6028265058925,7081.5,3,73.6,51.0,61.1,0.0,0.0,0.0
2026-10-03,The Graduate,Jeremy Ranch / Glenwild,WG085,40.7534431855279,-111.56237742796368,6343.1,3,77.5,51.7,63.2,0.0,0.0,0.0
2026-10-03,The Great Gazoo,Round Valley,WG067,40.70997890100696,-111.50140660314835,6662.9,3,77.3,45.7,59.6,0.0,0.0,0.0
2026-10-03,The Lookout,Deer Valley,WG032,40.62921554675458,-111.4942829189022,7693.2,3,72.0,52.4,61.0,0.0,0.0,0.0
2026-10-03,The Sheep Trail,Summit Park,WG094,40.75746633469589,-111.667341513995,6217.2,3,77.7,56.9,66.8,0.0,0.0,0.0
2026-10-03,The Up Trail,Summit Park,WG078,40.74822119025095,-111.58934600493023,6821.1,3,75.9,50.2,61.6,0.0,0.0,0.0
2026-10-03,The Upper Avenues,Summit Park,WG090,40.75942210135698,-111.60997791538348,7425.0,3,73.6,51.0,61.1,0.0,0.0,0.0
2026-10-03,Thieves Forest,Deer Valley,WG013,40.61553068086176,-111.48245627012813,8597.7,3,66.3,50.5,57.1,0.0,0.0,0.0
2026-10-03,Thieves Forrest,Deer Valley,WG014,40.611364491739,-111.4804590615015,9072.7,3,65.4,49.6,56.1,0.0,0.0,0.0
2026-10-03,Three Candles,Park City / PCMR,WG037,40.62931137475258,-111.52248914366156,8843.3,3,67.6,52.3,58.5,0.0,0.0,0.0
2026-10-03,Tidal Wave,Deer Valley,WG013,40.610548014761406,-111.48897388892838,8737.9,3,66.3,50.5,57.1,0.0,0.0,0.0
2026-10-03,Tideline,Jordanelle,WG025,40.64171272429878,-111.40053564270964,6530.0,2,78.1,54.0,63.6,0.0,0.0,0.0
2026-10-03,Tim Man,Round Valley,WG067,40.70348842863846,-111.50080894755244,6766.9,3,77.3,45.7,59.6,0.0,0.0,0.0
2026-10-03,Tommys Two Step,Park City / PCMR,WG036,40.629024211109055,-111.51829238121942,8474.2,3,68.7,53.4,59.6,0.0,0.0,0.0
2026-10-03,Tour De Homes,Deer Valley,WG032,40.63205110837411,-111.48826887414292,7813.1,3,72.0,52.4,61.0,0.0,0.0,0.0
2026-10-03,Tour De Suds (Upper),Deer Valley,WG013,40.614682713092186,-111.50609195133156,8563.5,3,66.3,50.5,57.1,0.0,0.0,0.0
2026-10-03,Town,Park City / PCMR,WG030,40.64755940729975,-111.49861999854691,6988.0,3,75.8,51.4,61.5,0.0,0.0,0.0
2026-10-03,Trailside,Round Valley,WG066,40.71864159830864,-111.50336949570412,6480.1,3,77.9,46.2,60.2,0.0,0.0,0.0
2026-10-03,Trailside Connector,Round Valley,WG067,40.71611276967259,-111.5017965665912,6504.2,3,77.3,45.7,59.6,0.0,0.0,0.0
2026-10-03,Trailside Loop,Round Valley,WG067,40.71199117049012,-111.50483999800892,6609.7,3,77.3,45.7,59.6,0.0,0.0,0.0
2026-10-03,Trappers Gate,Deer Valley,WG031,40.63197509989361,-111.497026036245,7462.8,3,73.3,53.7,62.3,0.0,0.0,0.0
2026-10-03,Trestle,Park City / PCMR,WG033,40.63650074050743,-111.50791633233914,8071.5,3,69.5,54.2,60.4,0.0,0.0,0.0
2026-10-03,Tricky Pickle Trail,Deer Valley,WG004,40.59197973531048,-111.49789592532872,8532.5,3,66.6,50.9,57.4,0.0,0.0,0.0
2026-10-03,Truckhole,Round Valley,WG067,40.704351116822174,-111.50022157042804,6773.9,3,77.3,45.7,59.6,0.0,0.0,0.0
2026-10-03,Trump,Deer Valley,WG013,40.60903529522874,-111.4964159868453,8771.6,3,66.3,50.5,57.1,0.0,0.0,0.0
2026-10-03,Tsunami,Deer Valley,WG013,40.61166268615432,-111.48706860055302,8747.8,3,66.3,50.5,57.1,0.0,0.0,0.0
2026-10-03,Tug of War Trail,Deer Valley,WG013,40.60218815889535,-111.4963014769127,8962.3,3,66.3,50.5,57.1,0.0,0.0,0.0
2026-10-03,Tweety Bird Trail,Jordanelle,WG001,40.59084253440856,-111.40816741687898,6568.1,1,76.6,52.0,63.3,0.0,0.0,0.0
2026-10-03,Twist & Shout,Deer Valley,WG012,40.61590669002216,-111.48826576454944,8415.6,3,69.0,53.1,59.4,0.0,0.0,0.0
2026-10-03,Twist and Shout,Deer Valley,WG013,40.61146669404505,-111.486662413967,8799.9,3,66.3,50.5,57.1,0.0,0.0,0.0
2026-10-03,Undertow Trail,Deer Valley,WG029,40.63057046785135,-111.47858549886824,7937.9,3,72.4,52.8,61.4,0.0,0.0,0.0
2026-10-03,Unga Bunga Skills and Pump Tradk,Round Valley,WG067,40.71158064400824,-111.50217787755837,6590.1,3,77.3,45.7,59.6,0.0,0.0,0.0
2026-10-03,Up Track,Round Valley,WG067,40.71007968280768,-111.50314659118624,6643.1,3,77.3,45.7,59.6,0.0,0.0,0.0
2026-10-03,Upper Devo Trail,Deer Valley,WG033,40.62826200901757,-111.4850494481263,8097.8,3,69.5,54.2,60.4,0.0,0.0,0.0
2026-10-03,Upper Loose,Park City / PCMR,WG032,40.64060205866311,-111.5081407284332,7678.0,3,72.0,52.4,61.0,0.0,0.0,0.0
2026-10-03,Upper Loose Moose,Park City / PCMR,WG032,40.64060459750891,-111.5062344507794,7788.9,3,72.0,52.4,61.0,0.0,0.0,0.0
2026-10-03,Upper Sparky Trail,Clark Ranch,WG044,40.6599723509711,-111.45534390616216,6878.4,2,76.5,50.7,60.9,0.0,0.0,0.0
2026-10-03,Village Pipeline Connector,Deer Valley,WG028,40.6391093200599,-111.472490526811,7336.8,3,73.7,54.1,62.7,0.0,0.0,0.0
2026-10-03,Village Trail,Deer Valley,WG028,40.64077448423082,-111.47113665558776,7315.2,3,73.7,54.1,62.7,0.0,0.0,0.0
2026-10-03,Village Trail / Pipeline,Deer Valley,WG028,40.64110752434245,-111.46934147070748,7182.6,3,73.7,54.1,62.7,0.0,0.0,0.0
2026-10-03,WOW (Wasatch Over Wasatch) Trail,Deer Valley,WG003,40.585198990338895,-111.50729227137398,8248.2,3,68.4,51.3,58.5,0.0,0.0,0.0
2026-10-03,Wada Way,Jordanelle,WG040,40.65139897157171,-111.41292348157292,6267.2,2,79.0,54.9,64.4,0.0,0.0,0.0
2026-10-03,Wasatch,Round Valley,WG074,40.742724215036304,-111.49568804225927,6475.9,3,77.6,45.5,61.0,0.0,0.0,0.0
2026-10-03,Wasatch Crest Connect,Park City / PCMR,WG020,40.616974136223725,-111.55736099806312,9245.9,3,64.0,47.7,54.8,0.0,0.0,0.0
2026-10-03,Wasatch Wiggle Trail,Park City / PCMR,WG010,40.58570056880523,-111.57390345809982,9702.8,3,62.5,46.1,53.3,0.0,0.0,0.0
2026-10-03,We'll Go From There,Jordanelle,WG027,40.633559740125165,-111.4528915193202,6692.5,2,76.7,50.6,61.7,0.0,0.0,0.0
2026-10-03,Winchester Trail,Jeremy Ranch / Glenwild,WG069,40.71094932830698,-111.54449441430567,6453.0,3,78.3,45.0,59.6,0.0,0.0,0.0
2026-10-03,Woodside Gulch,Deer Valley,WG032,40.63428272582461,-111.50200856347875,7635.5,3,72.0,52.4,61.0,0.0,0.0,0.0
2026-10-03,Wowza Downhill Trail,Deer Valley,WG006,40.58677474689952,-111.51626735679228,8564.8,3,67.0,51.3,57.8,0.0,0.0,0.0
2026-10-03,Wowza Trail,Deer Valley,WG006,40.58754867198866,-111.51557993987645,8552.8,3,67.0,51.3,57.8,0.0,0.0,0.0
2026-10-03,Yabba Dabba Doo,Round Valley,WG067,40.71031601545331,-111.5039304608668,6636.2,3,77.3,45.7,59.6,0.0,0.0,0.0
2026-10-03,Yeti's,Pinebrook,WG072,40.70910944007779,-111.57083697014414,7539.3,3,72.4,55.0,61.8,0.0,0.0,0.0
2026-10-03,You Get It,Jordanelle,WG027,40.63417280890808,-111.45447628262694,6774.5,2,76.7,50.6,61.7,0.0,0.0,0.0
2026-10-04,24-7,Jeremy Ranch / Glenwild,WG086,40.7580938928905,-111.55747502780672,6689.5,0,78.0,49.4,62.3,0.0,0.0,0.0
2026-10-04,4:20,Deer Valley,WG032,40.63850725810498,-111.5016215026881,7810.7,0,73.8,53.1,62.4,0.0,0.0,0.0
2026-10-04,9K Trail,Park City / PCMR,WG017,40.61454424262402,-111.5340694590712,9222.8,0,65.7,48.3,56.0,0.0,0.0,0.0
2026-10-04,A Toll New World,Summit Park,WG078,40.74525880222984,-111.59660432287036,6843.1,0,76.8,47.7,61.9,0.0,0.0,0.0
2026-10-04,Abilene Way,Jeremy Ranch / Glenwild,WG068,40.705162592888,-111.52848253655898,6454.0,0,79.4,43.2,60.6,0.0,0.0,0.0
2026-10-04,Agitator Trail,Deer Valley,WG028,40.62594479567907,-111.46053082324435,7171.6,0,75.5,54.8,64.2,0.0,0.0,0.0
2026-10-04,Alexander Creek Trail,Summit Park,WG093,40.75856130522611,-111.67962308025976,5873.5,0,80.7,58.7,68.8,0.0,0.0,0.0
2026-10-04,Alta-Brighton Trail,Park City / PCMR,WG009,40.59874189108338,-111.5904390735144,9081.0,0,65.3,50.2,56.0,0.0,0.0,0.0
2026-10-04,Ambush,Jeremy Ranch / Glenwild,WG063,40.694225906082366,-111.58181443950004,7757.7,0,73.3,55.6,62.8,0.0,0.0,0.0
2026-10-04,Amenti,Round Valley,WG067,40.71749758221375,-111.50096260266577,6526.6,0,78.3,43.4,60.1,0.0,0.0,0.0
2026-10-04,An Unexpected Journey Trail,Jordanelle,WG001,40.584095263003086,-111.41492155800285,6731.9,0,78.1,49.2,63.6,0.0,0.0,0.0
2026-10-04,Ancient Forest Loop,Round Valley,WG074,40.7314260153664,-111.49224006112888,6485.8,0,78.6,50.5,63.0,0.0,0.0,0.0
2026-10-04,Ant Farm,Jeremy Ranch / Glenwild,WG077,40.74632495230274,-111.55092174051572,6629.0,0,78.2,49.5,62.5,0.0,0.0,0.0
2026-10-04,Apex,Park City / PCMR,WG038,40.62520958876211,-111.53395003281469,9146.4,0,66.0,48.6,56.3,0.0,0.0,0.0
2026-10-04,April Mountain Trail,Deer Valley,WG047,40.650711302598815,-111.4870593388075,7472.0,0,76.4,50.6,62.2,0.0,0.0,0.0
2026-10-04,Armstrong,Park City / PCMR,WG051,40.65248508262897,-111.52994268919429,7566.3,0,74.2,55.4,63.0,0.0,0.0,0.0
2026-10-04,Ashley Avenue,Round Valley,WG057,40.68155854272997,-111.50389122653404,6794.6,0,77.9,43.1,60.2,0.0,0.0,0.0
2026-10-04,Aspen Slalom,Deer Valley,WG013,40.61311265842392,-111.48457791355952,8816.9,0,67.9,49.6,56.9,0.0,0.0,0.0
2026-10-04,BLT,Jeremy Ranch / Glenwild,WG070,40.71492142685356,-111.56084442077211,6927.9,0,77.7,49.1,62.0,0.0,0.0,0.0
2026-10-04,BYOB,Pinebrook,WG070,40.718283985000745,-111.55661288864135,6639.8,0,77.7,49.1,62.0,0.0,0.0,0.0
2026-10-04,Backslide,Round Valley,WG057,40.686236769495366,-111.49111386346571,6972.4,0,77.9,43.1,60.2,0.0,0.0,0.0
2026-10-04,Bad Apple,Jeremy Ranch / Glenwild,WG076,40.74937514368386,-111.56017979748744,6367.9,0,78.9,50.3,63.2,0.0,0.0,0.0
2026-10-04,Bamm Bamm,Round Valley,WG067,40.71001316656963,-111.50256230173504,6667.3,0,78.3,43.4,60.1,0.0,0.0,0.0
2026-10-04,Barrel Roll,Round Valley,WG058,40.69153134198254,-111.48458530535574,7017.0,0,77.3,42.5,59.6,0.0,0.0,0.0
2026-10-04,Beep Beep Trail,Jordanelle,WG001,40.59039066618902,-111.4033797731244,6670.3,0,78.1,49.2,63.6,0.0,0.0,0.0
2026-10-04,Big Dipper,Jordanelle,WG042,40.66018548005414,-111.43175307695702,6961.2,0,78.2,48.8,63.1,0.0,0.0,0.0
2026-10-04,Big Easy,Round Valley,WG057,40.696128326880846,-111.48285293654745,6776.5,0,77.9,43.1,60.2,0.0,0.0,0.0
2026-10-04,Black Forest,Deer Valley,WG016,40.61940428916709,-111.52036519166067,8929.3,0,67.8,49.5,56.8,0.0,0.0,0.0
2026-10-04,Blackhawk Trail,Jeremy Ranch / Glenwild,WG075,40.73111252615939,-111.53542276920604,6536.5,0,78.1,49.4,62.4,0.0,0.0,0.0
2026-10-04,Blazing Saddle,Park City / PCMR,WG020,40.61652898868821,-111.55635878361066,9384.9,0,65.4,48.0,55.7,0.0,0.0,0.0
2026-10-04,Bonanza Flat Overlook,Deer Valley,WG017,40.60116766018752,-111.5344182482656,9112.3,0,65.7,48.3,56.0,0.0,0.0,0.0
2026-10-04,Bonanza Loop Trail,Deer Valley,WG016,40.60282163896819,-111.52815381158308,8908.5,0,67.8,49.5,56.8,0.0,0.0,0.0
2026-10-04,Bonanza Trail,Deer Valley,WG046,40.661614248984336,-111.49584605339936,6814.3,0,77.5,51.6,63.3,0.0,0.0,0.0
2026-10-04,Boot Hill,Park City / PCMR,WG046,40.66311538182378,-111.50841776480048,6853.1,0,77.5,51.6,63.3,0.0,0.0,0.0
2026-10-04,Boot Hill Connect,Park City / PCMR,WG046,40.66384832032967,-111.50809692977944,6921.4,0,77.5,51.6,63.3,0.0,0.0,0.0
2026-10-04,Boulder,Deer Valley,WG013,40.61539223980999,-111.50399769475118,8635.0,0,67.9,49.6,56.9,0.0,0.0,0.0
2026-10-04,Boulder / Trump,Deer Valley,WG013,40.610998229404565,-111.50208555144307,8996.4,0,67.9,49.6,56.9,0.0,0.0,0.0
2026-10-04,Bourbon Street,Round Valley,WG067,40.70798253656,-111.48164466049944,6673.3,0,78.3,43.4,60.1,0.0,0.0,0.0
2026-10-04,Bow Hunter,Deer Valley,WG014,40.60108596513679,-111.48484426536052,9020.3,0,67.0,48.6,56.0,0.0,0.0,0.0
2026-10-04,Bow Hunter Extension,Deer Valley,WG005,40.59796119210968,-111.4848069886625,9014.7,0,67.1,48.7,56.1,0.0,0.0,0.0
2026-10-04,Brighton Lakes Trail,Park City / PCMR,WG009,40.59287052758444,-111.58751257009568,9276.0,0,65.3,50.2,56.0,0.0,0.0,0.0
2026-10-04,Bronto Jam,Round Valley,WG067,40.71004954775594,-111.501977414722,6672.8,0,78.3,43.4,60.1,0.0,0.0,0.0
2026-10-04,CMG,Park City / PCMR,WG035,40.645848884326966,-111.51679268892973,7606.5,0,73.8,55.0,62.6,0.0,0.0,0.0
2026-10-04,Cammy's,Round Valley,WG057,40.69072662264133,-111.49673800313964,6953.5,0,77.9,43.1,60.2,0.0,0.0,0.0
2026-10-04,Canyons Downhill,Pinebrook,WG061,40.68430916809496,-111.56849091879047,7666.2,0,73.6,55.9,63.1,0.0,0.0,0.0
2026-10-04,Catherine's Pass Trail,Park City / PCMR,WG010,40.585096359880005,-111.59078643106362,9753.9,0,63.4,48.3,54.1,0.0,0.0,0.0
2026-10-04,Claim Jumper,Park City / PCMR,WG036,40.63958065995946,-111.52518162563226,8147.6,0,70.4,52.4,60.2,0.0,0.0,0.0
2026-10-04,Clayton Peak Trail,Park City / PCMR,WG010,40.58693552999217,-111.57085635011327,9813.5,0,63.4,48.3,54.1,0.0,0.0,0.0
2026-10-04,Cobblestone Loop,Jeremy Ranch / Glenwild,WG084,40.75845647840704,-111.52582619388934,6805.4,0,76.2,51.9,63.5,0.0,0.0,0.0
2026-10-04,Cobblestone Trail,Jeremy Ranch / Glenwild,WG084,40.75512641497514,-111.52744418745776,6723.8,0,76.2,51.9,63.5,0.0,0.0,0.0
2026-10-04,Colin's Trail,Jeremy Ranch / Glenwild,WG060,40.69629937433107,-111.55671582168428,7029.9,0,75.7,51.2,62.6,0.0,0.0,0.0
2026-10-04,Colony Mid Mountain Connector,Park City / PCMR,WG052,40.65011049975458,-111.53932673410868,8429.2,0,69.2,52.2,59.8,0.0,0.0,0.0
2026-10-04,Comstock Mine Trail,Park City / PCMR,WG019,40.62270505527668,-111.54357954562096,8723.6,0,67.5,50.1,57.8,0.0,0.0,0.0
2026-10-04,Constellation Trail,Jordanelle,WG026,40.6428753631073,-111.43505033038012,6261.6,0,80.7,50.2,65.0,0.0,0.0,0.0
2026-10-04,Corvair,Deer Valley,WG016,40.61099169805087,-111.51230389508405,8648.6,0,67.8,49.5,56.8,0.0,0.0,0.0
2026-10-04,Corvair (Upper),Deer Valley,WG016,40.60840912265719,-111.51090449857222,8883.3,0,67.8,49.5,56.8,0.0,0.0,0.0
2026-10-04,Corvair Connector,Deer Valley,WG016,40.61070239150149,-111.5115633319795,8812.1,0,67.8,49.5,56.8,0.0,0.0,0.0
2026-10-04,Cousin Eddy Trail,Clark Ranch,WG044,40.66170094764518,-111.45386933866466,6817.2,0,78.0,45.8,61.4,0.0,0.0,0.0
2026-10-04,Coyote Loop Trail,Jordanelle,WG001,40.58676467246392,-111.40272629625528,6895.7,0,78.1,49.2,63.6,0.0,0.0,0.0
2026-10-04,Crazy Eights,Jeremy Ranch / Glenwild,WG077,40.74908550583131,-111.55291850861556,6580.7,0,78.2,49.5,62.5,0.0,0.0,0.0
2026-10-04,Crescent Ridge,Park City / PCMR,WG036,40.64328062856461,-111.5205999025961,8289.2,0,70.4,52.4,60.2,0.0,0.0,0.0
2026-10-04,Cutter Lane,Jeremy Ranch / Glenwild,WG068,40.7083260127391,-111.53140227257067,6437.7,0,79.4,43.2,60.6,0.0,0.0,0.0
2026-10-04,Cyn City,Park City / PCMR,WG016,40.62106458390316,-111.52108056020784,8700.1,0,67.8,49.5,56.8,0.0,0.0,0.0
2026-10-04,Daily Overlook,Deer Valley,WG031,40.631723443280656,-111.4987920660294,7430.4,0,75.1,54.4,63.8,0.0,0.0,0.0
2026-10-04,Daly Avenue,Deer Valley,WG031,40.63079192228995,-111.49966938212476,7430.3,0,75.1,54.4,63.8,0.0,0.0,0.0
2026-10-04,Daly Bypass,Deer Valley,WG031,40.63469577874592,-111.4972952534869,7351.3,0,75.1,54.4,63.8,0.0,0.0,0.0
2026-10-04,Daly Canyon,Deer Valley,WG011,40.620194319264456,-111.50922727258838,7986.4,0,72.0,54.0,61.7,0.0,0.0,0.0
2026-10-04,Daly Grind,Deer Valley,WG011,40.62436395642222,-111.5065519695764,7745.3,0,72.0,54.0,61.7,0.0,0.0,0.0
2026-10-04,Dawns Trail,Park City / PCMR,WG051,40.65039115727101,-111.52578815180028,7505.7,0,74.2,55.4,63.0,0.0,0.0,0.0
2026-10-04,Dead Reckoning,Summit Park,WG078,40.74804102527887,-111.5901705440554,6808.0,0,76.8,47.7,61.9,0.0,0.0,0.0
2026-10-04,Dead Tree,Park City / PCMR,WG021,40.611358588022426,-111.54588982448988,9653.6,0,63.3,47.0,53.1,0.0,0.0,0.0
2026-10-04,Deep Park Circle,Jordanelle,WG026,40.626894083286025,-111.43587347972714,6383.2,0,80.7,50.2,65.0,0.0,0.0,0.0
2026-10-04,Deer Camp,Deer Valley,WG013,40.60519585339864,-111.4911066437841,8920.6,0,67.9,49.6,56.9,0.0,0.0,0.0
2026-10-04,Deer Crest,Deer Valley,WG029,40.63553157935396,-111.47424740401932,7612.2,0,74.2,53.5,62.8,0.0,0.0,0.0
2026-10-04,Devo,Deer Valley,WG032,40.6296740826892,-111.48374523511592,7963.4,0,73.8,53.1,62.4,0.0,0.0,0.0
2026-10-04,Discovery,Summit Park,WG078,40.74903521550762,-111.59463162387972,6614.4,0,76.8,47.7,61.9,0.0,0.0,0.0
2026-10-04,Downward Dog,Round Valley,WG057,40.68865758594976,-111.48489883261024,6958.5,0,77.9,43.1,60.2,0.0,0.0,0.0
2026-10-04,Dropout,Jeremy Ranch / Glenwild,WG077,40.74673233142679,-111.55449028155309,6576.0,0,78.2,49.5,62.5,0.0,0.0,0.0
2026-10-04,Dubois,Jeremy Ranch / Glenwild,WG059,40.698630398586985,-111.55581872982933,6878.9,0,78.4,42.1,59.5,0.0,0.0,0.0
2026-10-04,Eagle Cove,Round Valley,WG057,40.68665016051084,-111.49786169389527,6799.6,0,77.9,43.1,60.2,0.0,0.0,0.0
2026-10-04,Eagle Trail,Park City / PCMR,WG051,40.65138382915936,-111.51929067308184,7664.9,0,74.2,55.4,63.0,0.0,0.0,0.0
2026-10-04,Eagle Way,Park City / PCMR,WG048,40.65295946154777,-111.48775315119684,7538.9,0,74.6,53.9,63.3,0.0,0.0,0.0
2026-10-04,East Fallen Pines Lane,Park City / PCMR,WG022,40.61551642366452,-111.57912837068116,8712.4,0,67.7,48.2,56.7,0.0,0.0,0.0
2026-10-04,Easy Rider,Park City / PCMR,WG009,40.59580193116481,-111.57632308440664,9141.3,0,65.3,50.2,56.0,0.0,0.0,0.0
2026-10-04,Ecker Hill Trail,Pinebrook,WG076,40.740364526144575,-111.5667817840803,6401.3,0,78.9,50.3,63.2,0.0,0.0,0.0
2026-10-04,Empire Alternate,Deer Valley,WG032,40.62635819528807,-111.50016350153602,7943.1,0,73.8,53.1,62.4,0.0,0.0,0.0
2026-10-04,Empire Link,Deer Valley,WG012,40.62422557470265,-111.50748256286928,8022.2,0,70.9,52.0,60.3,0.0,0.0,0.0
2026-10-04,Empire Lodge,Deer Valley,WG015,40.61442062316093,-111.51298418240138,8439.2,0,70.5,52.5,60.3,0.0,0.0,0.0
2026-10-04,Empire Pass Connector,Deer Valley,WG016,40.60627316294136,-111.51481095351645,8948.4,0,67.8,49.5,56.8,0.0,0.0,0.0
2026-10-04,Equestrian,Round Valley,WG067,40.70215181343843,-111.50219785223597,6719.1,0,78.3,43.4,60.1,0.0,0.0,0.0
2026-10-04,Euston,Round Valley,WG047,40.65772556817424,-111.48315877249176,7062.9,0,76.4,50.6,62.2,0.0,0.0,0.0
2026-10-04,Evil Empire,Park City / PCMR,WG016,40.61923823662483,-111.52513988679308,8746.8,0,67.8,49.5,56.8,0.0,0.0,0.0
2026-10-04,Fairway Hills Trail,Round Valley,WG055,40.67853348641883,-111.47699791832557,6747.4,0,78.1,43.6,60.9,0.0,0.0,0.0
2026-10-04,Family Truckster Trail,Clark Ranch,WG044,40.66038172048119,-111.452885753204,6847.4,0,78.0,45.8,61.4,0.0,0.0,0.0
2026-10-04,Fast Pitch Trail,Round Valley,WG055,40.6798165110769,-111.47671870073196,6759.1,0,78.1,43.6,60.9,0.0,0.0,0.0
2026-10-04,Fat Lip,Park City / PCMR,WG016,40.62192963761681,-111.5279713594279,8931.1,0,67.8,49.5,56.8,0.0,0.0,0.0
2026-10-04,Field Stone,Round Valley,WG067,40.71706243943152,-111.49059329339536,6526.3,0,78.3,43.4,60.1,0.0,0.0,0.0
2026-10-04,Fink Again,Jeremy Ranch / Glenwild,WG086,40.75125285000831,-111.55541181172696,6586.2,0,78.0,49.4,62.3,0.0,0.0,0.0
2026-10-04,Finns,Deer Valley,WG028,40.640763495812735,-111.47689190658058,7214.2,0,75.5,54.8,64.2,0.0,0.0,0.0
2026-10-04,Fireswamp,Deer Valley,WG013,40.61340925382439,-111.48239833860336,8873.0,0,67.9,49.6,56.9,0.0,0.0,0.0
2026-10-04,First Time,Park City / PCMR,WG050,40.65050878239233,-111.51048291433958,7041.1,0,76.8,51.0,62.7,0.0,0.0,0.0
2026-10-04,First Time Return,Park City / PCMR,WG050,40.65021414919943,-111.51090683334832,7073.8,0,76.8,51.0,62.7,0.0,0.0,0.0
2026-10-04,Flagstaff Loop,Deer Valley,WG013,40.60758047007656,-111.496735533601,8898.0,0,67.9,49.6,56.9,0.0,0.0,0.0
2026-10-04,Flat Cable,Park City / PCMR,WG032,40.644102718034645,-111.505628746172,7565.4,0,73.8,53.1,62.4,0.0,0.0,0.0
2026-10-04,Flat Iron,Park City / PCMR,WG036,40.62696082564811,-111.51719430456902,8393.5,0,70.4,52.4,60.2,0.0,0.0,0.0
2026-10-04,Flying Dog,Jeremy Ranch / Glenwild,WG087,40.77237660098178,-111.54161762597796,7321.2,0,74.3,51.6,62.1,0.0,0.0,0.0
2026-10-04,Forest Glen Trail,Park City / PCMR,WG022,40.61089948644494,-111.5784844905115,8765.8,0,67.7,48.2,56.7,0.0,0.0,0.0
2026-10-04,Fox Tail Trail,Round Valley,WG045,40.66564803508002,-111.47503092801368,7133.0,0,76.1,50.3,62.0,0.0,0.0,0.0
2026-10-04,Freemason,Park City / PCMR,WG046,40.65768683021079,-111.49819012622744,6949.6,0,77.5,51.6,63.3,0.0,0.0,0.0
2026-10-04,Full Steam Billy,Park City / PCMR,WG031,40.64842922650065,-111.4945100220623,7246.4,0,75.1,54.4,63.8,0.0,0.0,0.0
2026-10-04,Gambel Oak Cut,Round Valley,WG045,40.65967079074984,-111.47871602858976,7240.9,0,76.1,50.3,62.0,0.0,0.0,0.0
2026-10-04,Gambel Oak North,Park City / PCMR,WG047,40.65915752473873,-111.48180315635692,7112.6,0,76.4,50.6,62.2,0.0,0.0,0.0
2026-10-04,Gambel Oak Trail,Park City / PCMR,WG031,40.64847351910524,-111.48419757905585,7408.0,0,75.1,54.4,63.8,0.0,0.0,0.0
2026-10-04,Gap Bypass Trail,Deer Valley,WG028,40.64123747413292,-111.47577580871994,7306.6,0,75.5,54.8,64.2,0.0,0.0,0.0
2026-10-04,Gap Loop,Deer Valley,WG028,40.6409109833561,-111.47399614902376,7445.8,0,75.5,54.8,64.2,0.0,0.0,0.0
2026-10-04,Glenwild Loop,Jeremy Ranch / Glenwild,WG075,40.73989427988239,-111.52813430357229,6701.6,0,78.1,49.4,62.4,0.0,0.0,0.0
2026-10-04,Glenwild Loop / Wasatch,Jeremy Ranch / Glenwild,WG074,40.74589846722535,-111.509614206256,6451.3,0,78.6,50.5,63.0,0.0,0.0,0.0
2026-10-04,Gold Finger,Park City / PCMR,WG053,40.65997467243904,-111.55431689925648,8081.9,0,70.0,53.0,60.7,0.0,0.0,0.0
2026-10-04,Golden Needle,Park City / PCMR,WG008,40.59452078975266,-111.56725110409884,9811.4,0,63.2,46.9,53.1,0.0,0.0,0.0
2026-10-04,Gorgoza Park,Pinebrook,WG089,40.75144469967726,-111.581432624726,6619.5,0,77.1,48.0,62.2,0.0,0.0,0.0
2026-10-04,Gotcha Cuttoff,Park City / PCMR,WG035,40.64587964864319,-111.5166123821088,7673.2,0,73.8,55.0,62.6,0.0,0.0,0.0
2026-10-04,Grave Digger,Deer Valley,WG032,40.62962271716946,-111.50201210924322,7682.6,0,73.8,53.1,62.4,0.0,0.0,0.0
2026-10-04,Great Western Trail,Wasatch Crest / Millcreek,WG092,40.77286580912175,-111.6406537725031,7571.3,0,73.5,44.9,58.7,0.0,0.0,0.0
2026-10-04,Great Western Trail / Great Western Trail bypass,Wasatch Crest / Millcreek,WG091,40.7535574542296,-111.6313027356856,7111.8,0,74.8,49.4,61.8,0.0,0.0,0.0
2026-10-04,H.A.M.,Park City / PCMR,WG035,40.64547382276132,-111.53139851516626,7780.5,0,73.8,55.0,62.6,0.0,0.0,0.0
2026-10-04,Hang Time South,Park City / PCMR,WG046,40.65853660632904,-111.49606808644194,6970.8,0,77.5,51.6,63.3,0.0,0.0,0.0
2026-10-04,Happy Gilmor,Round Valley,WG067,40.70712360033319,-111.5014684546231,6569.0,0,78.3,43.4,60.1,0.0,0.0,0.0
2026-10-04,Happy Trailside,Round Valley,WG067,40.708413441306845,-111.50471867526606,6595.6,0,78.3,43.4,60.1,0.0,0.0,0.0
2026-10-04,Hat Trick Trail,Round Valley,WG055,40.678830976721535,-111.47596646172724,6757.0,0,78.1,43.6,60.9,0.0,0.0,0.0
2026-10-04,Heard It Both Ways Trail,Deer Valley,WG004,40.593082879194085,-111.49125770411068,8855.0,0,68.2,49.9,57.3,0.0,0.0,0.0
2026-10-04,Hidden Cove,Summit Park,WG089,40.756655895607175,-111.597334386164,6686.2,0,77.1,48.0,62.2,0.0,0.0,0.0
2026-10-04,High Meadows Connector,Pinebrook,WG076,40.74134938710701,-111.56847869190176,6429.9,0,78.9,50.3,63.2,0.0,0.0,0.0
2026-10-04,High Side,Round Valley,WG055,40.69388247977245,-111.4770589235944,6909.3,0,78.1,43.6,60.9,0.0,0.0,0.0
2026-10-04,Holly's,Pinebrook,WG063,40.68604417524608,-111.57782170773478,7824.2,0,73.3,55.6,62.8,0.0,0.0,0.0
2026-10-04,Holy Roller,Deer Valley,WG013,40.6113609111251,-111.48708066137604,8716.2,0,67.9,49.6,56.9,0.0,0.0,0.0
2026-10-04,Humdinger,Deer Valley,WG029,40.626356336628135,-111.46720603877804,7537.3,0,74.2,53.5,62.8,0.0,0.0,0.0
2026-10-04,Insurgent,Jeremy Ranch / Glenwild,WG063,40.68610182305705,-111.58195303109213,7873.2,0,73.3,55.6,62.8,0.0,0.0,0.0
2026-10-04,Io Trail (Middle),Deer Valley,WG017,40.61025792344493,-111.52770861008732,9342.5,0,65.7,48.3,56.0,0.0,0.0,0.0
2026-10-04,Iron Bill,Jeremy Ranch / Glenwild,WG071,40.70817834974828,-111.55726593666238,7034.2,0,75.1,50.7,62.0,0.0,0.0,0.0
2026-10-04,Iron Man,Park City / PCMR,WG053,40.6585520468376,-111.5452566956134,8305.8,0,70.0,53.0,60.7,0.0,0.0,0.0
2026-10-04,Iron Mountain Trail,Park City / PCMR,WG054,40.65649532455427,-111.54475504732362,8753.8,0,68.0,51.0,58.7,0.0,0.0,0.0
2026-10-04,Izzy's Inferno (Dog Pound),Deer Valley,WG012,40.619811878384205,-111.48856422719636,8193.5,0,70.9,52.0,60.3,0.0,0.0,0.0
2026-10-04,Jailbreak,Jeremy Ranch / Glenwild,WG085,40.75712939272894,-111.56214780445411,6277.4,0,78.4,49.3,63.5,0.0,0.0,0.0
2026-10-04,Jeep Hill (Safety Coridoor),Deer Valley,WG013,40.60451306969404,-111.50923514571896,8820.6,0,67.9,49.6,56.9,0.0,0.0,0.0
2026-10-04,Jenni's Trail,Park City / PCMR,WG034,40.64869166733497,-111.51220769740809,7207.7,0,75.1,56.4,63.9,0.0,0.0,0.0
2026-10-04,Jenni's Trail upper,Park City / PCMR,WG035,40.63937813819639,-111.5112423147728,7789.7,0,73.8,55.0,62.6,0.0,0.0,0.0
2026-10-04,Johns '99,Park City / PCMR,WG033,40.62911828578874,-111.50998374795329,8128.2,0,71.2,53.2,61.0,0.0,0.0,0.0
2026-10-04,Johns 99,Deer Valley,WG015,40.62450457371346,-111.51231498110546,8231.6,0,70.5,52.5,60.3,0.0,0.0,0.0
2026-10-04,Johns Trail,Park City / PCMR,WG033,40.63760825426597,-111.50539626371148,8041.4,0,71.2,53.2,61.0,0.0,0.0,0.0
2026-10-04,Jordanelle (West Bank) Trail,Jordanelle,WG026,40.63639192686843,-111.4311179892118,6210.9,0,80.7,50.2,65.0,0.0,0.0,0.0
2026-10-04,Jordanelle Perimeter Trail,Jordanelle,WG024,40.633349610731685,-111.4121970547725,6216.7,0,80.9,50.4,65.2,0.0,0.0,0.0
2026-10-04,Jupiter Peak,Park City / PCMR,WG021,40.610319419324455,-111.54904593331813,9871.3,0,63.3,47.0,53.1,0.0,0.0,0.0
2026-10-04,Jupiter Ridge,Park City / PCMR,WG018,40.61268065771163,-111.53867835914352,9869.4,0,63.4,47.1,53.3,0.0,0.0,0.0
2026-10-04,Kaboom Trail / Call Sign Casa Trail,Jordanelle,WG027,40.62794719612903,-111.45468580169128,6888.6,0,78.3,49.9,62.7,0.0,0.0,0.0
2026-10-04,Kari's,Round Valley,WG055,40.69160040530727,-111.47515847036864,6850.2,0,78.1,43.6,60.9,0.0,0.0,0.0
2026-10-04,Keetley,Jordanelle,WG024,40.6438983646529,-111.4097274639112,6255.4,0,80.9,50.4,65.2,0.0,0.0,0.0
2026-10-04,Keystone Trail,Park City / PCMR,WG037,40.62506440637064,-111.53055382777043,8890.7,0,69.3,51.3,59.1,0.0,0.0,0.0
2026-10-04,La Dee Duh,Round Valley,WG057,40.69261799590889,-111.5001632592338,6864.5,0,77.9,43.1,60.2,0.0,0.0,0.0
2026-10-04,Lavina,Deer Valley,WG006,40.58376333945228,-111.52567195673171,8621.7,0,68.6,50.3,57.7,0.0,0.0,0.0
2026-10-04,Legacy Loop,Jeremy Ranch / Glenwild,WG071,40.705995804360256,-111.55961886682412,7342.6,0,75.1,50.7,62.0,0.0,0.0,0.0
2026-10-04,Legacy Ridge,Jeremy Ranch / Glenwild,WG071,40.70648419743829,-111.5603960205038,7414.3,0,75.1,50.7,62.0,0.0,0.0,0.0
2026-10-04,Legacy. Loop,Jeremy Ranch / Glenwild,WG071,40.70737188748682,-111.5599210439625,7363.1,0,75.1,50.7,62.0,0.0,0.0,0.0
2026-10-04,Link,Deer Valley,WG015,40.624117394272574,-111.51614328186776,8385.3,0,70.5,52.5,60.3,0.0,0.0,0.0
2026-10-04,Little Chief,Deer Valley,WG015,40.61872839208637,-111.51243052868438,8322.6,0,70.5,52.5,60.3,0.0,0.0,0.0
2026-10-04,Little Engine Trail,Summit Park,WG089,40.756690732809,-111.59562244098744,6709.3,0,77.1,48.0,62.2,0.0,0.0,0.0
2026-10-04,Little Stick,Deer Valley,WG028,40.63409637421967,-111.478301770839,7464.6,0,75.5,54.8,64.2,0.0,0.0,0.0
2026-10-04,Longview,Jordanelle,WG040,40.65785550770212,-111.4151527495857,6299.6,0,80.7,50.2,65.0,0.0,0.0,0.0
2026-10-04,Looney Tunes Trail,Jordanelle,WG002,40.58370423178651,-111.40605522395904,7149.3,0,76.5,47.5,62.0,0.0,0.0,0.0
2026-10-04,Loose Moose,Park City / PCMR,WG031,40.64358346695202,-111.50940341630726,7446.3,0,75.1,54.4,63.8,0.0,0.0,0.0
2026-10-04,Lost Prospector,Park City / PCMR,WG047,40.659849225736586,-111.4888557229514,7044.5,0,76.4,50.6,62.2,0.0,0.0,0.0
2026-10-04,Lower Devo Trail,Deer Valley,WG032,40.63290230557317,-111.48205615844142,7656.5,0,73.8,53.1,62.4,0.0,0.0,0.0
2026-10-04,Lower Masonic,Park City / PCMR,WG047,40.65358630670372,-111.49972319928794,7113.0,0,76.4,50.6,62.2,0.0,0.0,0.0
2026-10-04,Lower Sparky Trail,Clark Ranch,WG044,40.66761130235187,-111.4559551589961,6689.8,0,78.0,45.8,61.4,0.0,0.0,0.0
2026-10-04,Lower Village,Deer Valley,WG028,40.64043848354113,-111.46360640728942,7008.1,0,75.5,54.8,64.2,0.0,0.0,0.0
2026-10-04,Lynx #2,Round Valley,WG044,40.66734087696376,-111.46694625830712,6898.8,0,78.0,45.8,61.4,0.0,0.0,0.0
2026-10-04,Masonic,Park City / PCMR,WG047,40.65628760128763,-111.48965728213436,7283.0,0,76.4,50.6,62.2,0.0,0.0,0.0
2026-10-04,Matt's Flat,Round Valley,WG057,40.68924275786925,-111.49221205396208,6921.6,0,77.9,43.1,60.2,0.0,0.0,0.0
2026-10-04,McConkeys,Park City / PCMR,WG016,40.617956923480186,-111.52625119796232,8958.8,0,67.8,49.5,56.8,0.0,0.0,0.0
2026-10-04,McConkeys / Io Trail (Middle),Park City / PCMR,WG018,40.61168680632571,-111.53326494678502,9588.6,0,63.4,47.1,53.3,0.0,0.0,0.0
2026-10-04,McHenry Avenue,Deer Valley,WG031,40.640126864152855,-111.49219625319049,7274.9,0,75.1,54.4,63.8,0.0,0.0,0.0
2026-10-04,Mid-Mountain Connect,Park City / PCMR,WG036,40.63223012461414,-111.51309555497544,8201.7,0,70.4,52.4,60.2,0.0,0.0,0.0
2026-10-04,Mid-Mountain Trail,Park City / PCMR,WG036,40.64534582424172,-111.53118141177607,8168.3,0,70.4,52.4,60.2,0.0,0.0,0.0
2026-10-04,Milky Way,Jordanelle,WG042,40.65767372971338,-111.43373089841624,6795.1,0,78.2,48.8,63.1,0.0,0.0,0.0
2026-10-04,Milky Way / Two Rocks,Jordanelle,WG042,40.66056479638159,-111.42608338059031,6558.6,0,78.2,48.8,63.1,0.0,0.0,0.0
2026-10-04,Miner's Mile,Park City / PCMR,WG036,40.62728968091632,-111.51804021102016,8457.0,0,70.4,52.4,60.2,0.0,0.0,0.0
2026-10-04,Miss Billy's,Jeremy Ranch / Glenwild,WG059,40.69127466685039,-111.54016400735836,6614.6,0,78.4,42.1,59.5,0.0,0.0,0.0
2026-10-04,Mojave,Park City / PCMR,WG037,40.634971780917176,-111.5211432294971,8540.4,0,69.3,51.3,59.1,0.0,0.0,0.0
2026-10-04,Moose Hollow,Summit Park,WG088,40.76397899834495,-111.58866445905328,6467.6,0,77.8,48.8,63.0,0.0,0.0,0.0
2026-10-04,Moose Poop,Deer Valley,WG032,40.633538239133244,-111.50120248027572,7607.1,0,73.8,53.1,62.4,0.0,0.0,0.0
2026-10-04,Moose Puddle,Pinebrook,WG071,40.70548588260783,-111.56718578772085,7487.6,0,75.1,50.7,62.0,0.0,0.0,0.0
2026-10-04,Moose Tracks Trail,Park City / PCMR,WG009,40.59516414126596,-111.57427709390586,9258.1,0,65.3,50.2,56.0,0.0,0.0,0.0
2026-10-04,Moosebones,Deer Valley,WG013,40.61167254823319,-111.50326786094648,8857.2,0,67.9,49.6,56.9,0.0,0.0,0.0
2026-10-04,Moosehouse,Park City / PCMR,WG032,40.63204398195126,-111.5038481086022,7902.6,0,73.8,53.1,62.4,0.0,0.0,0.0
2026-10-04,Mother Urban,Deer Valley,WG032,40.63167066031289,-111.5034058570439,7904.1,0,73.8,53.1,62.4,0.0,0.0,0.0
2026-10-04,Mountain Ranch,Jeremy Ranch / Glenwild,WG066,40.719482563829935,-111.5082007499112,6453.3,0,78.9,44.0,60.7,0.0,0.0,0.0
2026-10-04,Mountain Ranch Estates,Round Valley,WG067,40.7173985998433,-111.50812726137713,6520.0,0,78.3,43.4,60.1,0.0,0.0,0.0
2026-10-04,Mountain Willow,Round Valley,WG067,40.71402930681007,-111.48565937361776,6571.7,0,78.3,43.4,60.1,0.0,0.0,0.0
2026-10-04,Mr Muchrocks,Round Valley,WG067,40.70904482572548,-111.50323360919846,6653.2,0,78.3,43.4,60.1,0.0,0.0,0.0
2026-10-04,NCS,Deer Valley,WG032,40.62911396321707,-111.4803727621932,7992.5,0,73.8,53.1,62.4,0.0,0.0,0.0
2026-10-04,Nick NAC,Round Valley,WG057,40.69210865876878,-111.490120990647,6959.3,0,77.9,43.1,60.2,0.0,0.0,0.0
2026-10-04,No Worries,Summit Park,WG081,40.73716048778493,-111.60234213265907,7289.1,0,74.1,56.1,63.7,0.0,0.0,0.0
2026-10-04,North 400 West,Jeremy Ranch / Glenwild,WG068,40.70279368500318,-111.51897621463831,6441.4,0,79.4,43.2,60.6,0.0,0.0,0.0
2026-10-04,North Ross Creek Trail,Jordanelle,WG041,40.66585897507511,-111.42082357173696,6405.0,0,80.3,49.8,64.6,0.0,0.0,0.0
2026-10-04,Nowhere Elks,Round Valley,WG058,40.69018989582584,-111.48311322310164,7036.6,0,77.3,42.5,59.6,0.0,0.0,0.0
2026-10-04,OMG,Deer Valley,WG032,40.631226274970665,-111.4973428195913,7571.3,0,73.8,53.1,62.4,0.0,0.0,0.0
2026-10-04,OMH,Pinebrook,WG070,40.71997692753587,-111.55773747935044,6677.5,0,77.7,49.1,62.0,0.0,0.0,0.0
2026-10-04,Oh Deer Flow,Jordanelle,WG041,40.66237367218405,-111.42118550237925,6403.1,0,80.3,49.8,64.6,0.0,0.0,0.0
2026-10-04,Old Homeward Bound,Deer Valley,WG012,40.61357496233911,-111.48964629692756,8441.1,0,70.9,52.0,60.3,0.0,0.0,0.0
2026-10-04,Old Skool,Deer Valley,WG032,40.631898683587,-111.48423208918877,7827.2,0,73.8,53.1,62.4,0.0,0.0,0.0
2026-10-04,Old Stage Crest Connect,Park City / PCMR,WG023,40.61247305094488,-111.5715274805363,9057.3,0,66.3,48.9,56.6,0.0,0.0,0.0
2026-10-04,Olympic,Pinebrook,WG064,40.69996684096533,-111.57868853500152,8004.0,0,70.4,53.7,61.4,0.0,0.0,0.0
2026-10-04,Ontario Canyon,Deer Valley,WG013,40.61130277448227,-111.48755898005427,8755.1,0,67.9,49.6,56.9,0.0,0.0,0.0
2026-10-04,Ontario Ridge,Deer Valley,WG032,40.62821582013441,-111.49780973717266,7815.3,0,73.8,53.1,62.4,0.0,0.0,0.0
2026-10-04,Ore Cart,Deer Valley,WG015,40.621755910380834,-111.51139929264724,8146.4,0,70.5,52.5,60.3,0.0,0.0,0.0
2026-10-04,Outlook,Deer Valley,WG029,40.63657831428653,-111.4685462481628,7646.2,0,74.2,53.5,62.8,0.0,0.0,0.0
2026-10-04,Pale Green Dot,Summit Park,WG078,40.74689592786439,-111.59182437672968,6802.1,0,76.8,47.7,61.9,0.0,0.0,0.0
2026-10-04,Parley's Lane,Summit Park,WG089,40.75375624958085,-111.59849347383722,6719.0,0,77.1,48.0,62.2,0.0,0.0,0.0
2026-10-04,Payday,Park City / PCMR,WG035,40.64053545819342,-111.51124538504462,7598.1,0,73.8,55.0,62.6,0.0,0.0,0.0
2026-10-04,Payroll,Deer Valley,WG013,40.61095393430099,-111.5094443089702,8630.4,0,67.9,49.6,56.9,0.0,0.0,0.0
2026-10-04,Pedalers Inn,Deer Valley,WG012,40.61923438649311,-111.4865707901735,8286.8,0,70.9,52.0,60.3,0.0,0.0,0.0
2026-10-04,Perrier Pass,Park City / PCMR,WG017,40.61814002894983,-111.53826776190397,9445.9,0,65.7,48.3,56.0,0.0,0.0,0.0
2026-10-04,Pinebrook Point,Pinebrook,WG089,40.75079411917499,-111.57994193527573,6623.3,0,77.1,48.0,62.2,0.0,0.0,0.0
2026-10-04,Pinebrook Pointe South,Pinebrook,WG078,40.74959135152933,-111.5795998040212,6632.5,0,76.8,47.7,61.9,0.0,0.0,0.0
2026-10-04,Pinebrook Southeast Perimeter / Hunter's Trail of the Mid Mountain,Pinebrook,WG072,40.71419878562093,-111.5896757552273,7875.5,0,72.6,54.6,62.2,0.0,0.0,0.0
2026-10-04,Pinebrook Southeast Perimeter / Pinebrook SE Perimeter,Pinebrook,WG079,40.72863077219642,-111.58102679054537,7392.0,0,74.9,50.4,61.8,0.0,0.0,0.0
2026-10-04,Pinebrook Southeast Perimeter Trail,Pinebrook,WG078,40.73058687532795,-111.57244227312069,6947.5,0,76.8,47.7,61.9,0.0,0.0,0.0
2026-10-04,Pinecone Ridge,Park City / PCMR,WG039,40.63337906740186,-111.54644099265712,9084.9,0,66.2,48.8,56.5,0.0,0.0,0.0
2026-10-04,Pioneer Ridge,Park City / PCMR,WG018,40.61649374604546,-111.53892521633333,9598.5,0,63.4,47.1,53.3,0.0,0.0,0.0
2026-10-04,Pipeline,Deer Valley,WG028,40.63885618836171,-111.46966538134832,7356.9,0,75.5,54.8,64.2,0.0,0.0,0.0
2026-10-04,Pointy Rocks,Deer Valley,WG031,40.63679995846106,-111.48172224533342,7428.0,0,75.1,54.4,63.8,0.0,0.0,0.0
2026-10-04,PorcUclimb,Round Valley,WG058,40.69402326414524,-111.48517031749344,7064.7,0,77.3,42.5,59.6,0.0,0.0,0.0
2026-10-04,Powerline,Pinebrook,WG078,40.74237998272819,-111.5716363238219,6548.4,0,76.8,47.7,61.9,0.0,0.0,0.0
2026-10-04,Powerline Connector,Pinebrook,WG078,40.74298978990414,-111.5728828415412,6585.6,0,76.8,47.7,61.9,0.0,0.0,0.0
2026-10-04,Powerline Trail,Park City / PCMR,WG036,40.63015217582808,-111.53743024085954,8362.6,0,70.4,52.4,60.2,0.0,0.0,0.0
2026-10-04,Practice Loops,Round Valley,WG055,40.68336469607561,-111.47532267974417,6752.0,0,78.1,43.6,60.9,0.0,0.0,0.0
2026-10-04,Preserve Connector,Jeremy Ranch / Glenwild,WG087,40.76330147562161,-111.54585203221042,7230.0,0,74.3,51.6,62.1,0.0,0.0,0.0
2026-10-04,Princess Di's,Clark Ranch,WG083,40.751465442037045,-111.43628535405452,6858.8,0,77.0,49.2,62.5,0.0,0.0,0.0
2026-10-04,Prospect,Deer Valley,WG031,40.63405408516434,-111.49547333835608,7482.8,0,75.1,54.4,63.8,0.0,0.0,0.0
2026-10-04,Pulp Friction,Round Valley,WG057,40.69884233324062,-111.50344523686547,6681.3,0,77.9,43.1,60.2,0.0,0.0,0.0
2026-10-04,Putty Tat Trail,Jordanelle,WG001,40.59267845848291,-111.40267007297948,6514.0,0,78.1,49.2,63.6,0.0,0.0,0.0
2026-10-04,Quinn's Connect,Round Valley,WG055,40.68185946906874,-111.4726829059293,6720.8,0,78.1,43.6,60.9,0.0,0.0,0.0
2026-10-04,RTS,Jeremy Ranch / Glenwild,WG070,40.71664642216084,-111.55523569599896,6598.1,0,77.7,49.1,62.0,0.0,0.0,0.0
2026-10-04,RTS / BLT,Jeremy Ranch / Glenwild,WG070,40.71544842193981,-111.5580228733734,6768.3,0,77.7,49.1,62.0,0.0,0.0,0.0
2026-10-04,Rademan Ridge,Round Valley,WG057,40.69522706920315,-111.49835765815162,6895.6,0,77.9,43.1,60.2,0.0,0.0,0.0
2026-10-04,Ramble On,Round Valley,WG067,40.70159467934347,-111.48028465593316,6781.5,0,78.3,43.4,60.1,0.0,0.0,0.0
2026-10-04,Rambler,Round Valley,WG057,40.69772226627651,-111.49065578495473,6809.2,0,77.9,43.1,60.2,0.0,0.0,0.0
2026-10-04,Rambler DT,Round Valley,WG056,40.699080350519786,-111.50674680507665,6485.7,0,78.8,43.9,60.6,0.0,0.0,0.0
2026-10-04,Red Bull,Park City / PCMR,WG035,40.63958635838598,-111.51326842477698,7769.0,0,73.8,55.0,62.6,0.0,0.0,0.0
2026-10-04,Regulator Trail,Deer Valley,WG033,40.62910164594688,-111.48142418804063,8033.8,0,71.2,53.2,61.0,0.0,0.0,0.0
2026-10-04,Richochet,Park City / PCMR,WG062,40.68638148266805,-111.57139393545772,7468.3,0,74.3,56.6,63.8,0.0,0.0,0.0
2026-10-04,Rinse Cycle Trail,Deer Valley,WG028,40.62990230274806,-111.45944053119273,7191.1,0,75.5,54.8,64.2,0.0,0.0,0.0
2026-10-04,Ripple Trail,Deer Valley,WG029,40.63554405253732,-111.47490110184252,7588.0,0,74.2,53.5,62.8,0.0,0.0,0.0
2026-10-04,Riverview West Trail,Jordanelle,WG001,40.58565113588149,-111.41386481977428,6730.6,0,78.1,49.2,63.6,0.0,0.0,0.0
2026-10-04,Road to WOS,Summit Park,WG082,40.73344363030311,-111.61407104321202,7712.2,0,72.7,54.7,62.3,0.0,0.0,0.0
2026-10-04,Rob's Trail,Pinebrook,WG063,40.69704664952428,-111.5702364046946,7584.0,0,73.3,55.6,62.8,0.0,0.0,0.0
2026-10-04,RocMon,Round Valley,WG055,40.68788668982749,-111.4548390225179,6677.5,0,78.1,43.6,60.9,0.0,0.0,0.0
2026-10-04,Rock Chuck Trail,Park City / PCMR,WG008,40.58874474594925,-111.56839301918852,9680.6,0,63.2,46.9,53.1,0.0,0.0,0.0
2026-10-04,Rogue Rider Trail,Park City / PCMR,WG020,40.60699361060532,-111.56187339427328,9423.9,0,65.4,48.0,55.7,0.0,0.0,0.0
2026-10-04,Rosebud,Park City / PCMR,WG036,40.63966083548988,-111.52257618003053,8390.4,0,70.4,52.4,60.2,0.0,0.0,0.0
2026-10-04,Rosebud's Heaven,Park City / PCMR,WG060,40.69195554103422,-111.5659528759652,7326.9,0,75.7,51.2,62.6,0.0,0.0,0.0
2026-10-04,Rossi Hill Trail,Deer Valley,WG031,40.63808222920599,-111.4919292526201,7341.8,0,75.1,54.4,63.8,0.0,0.0,0.0
2026-10-04,Round Valley Connect,Round Valley,WG067,40.70875221615484,-111.50427592382064,6606.7,0,78.3,43.4,60.1,0.0,0.0,0.0
2026-10-04,Round Valley Connector,Round Valley,WG067,40.709506874143365,-111.48774034228174,6611.3,0,78.3,43.4,60.1,0.0,0.0,0.0
2026-10-04,Round Valley Express,Round Valley,WG057,40.69308554123404,-111.4897696424948,6812.1,0,77.9,43.1,60.2,0.0,0.0,0.0
2026-10-04,Rusty Shovel,Round Valley,WG057,40.69776625143012,-111.4804885556652,6868.8,0,77.9,43.1,60.2,0.0,0.0,0.0
2026-10-04,Rusty Spur,Round Valley,WG065,40.70159189598121,-111.4765958017646,6731.2,0,78.0,44.6,60.9,0.0,0.0,0.0
2026-10-04,SOS,Park City / PCMR,WG046,40.666448184385416,-111.48116864087982,6803.8,0,77.5,51.6,63.3,0.0,0.0,0.0
2026-10-04,SQ Connector Trail,Round Valley,WG055,40.68949659271035,-111.47067515084642,6728.8,0,78.1,43.6,60.9,0.0,0.0,0.0
2026-10-04,Sam's Trail,Deer Valley,WG012,40.61912724197413,-111.50964994268364,8145.3,0,70.9,52.0,60.3,0.0,0.0,0.0
2026-10-04,Saved By The Bell,Round Valley,WG067,40.71689792497153,-111.49958806368429,6568.5,0,78.3,43.4,60.1,0.0,0.0,0.0
2026-10-04,Scott's Bypass,Park City / PCMR,WG021,40.612047856355446,-111.55918064050742,9658.7,0,63.3,47.0,53.1,0.0,0.0,0.0
2026-10-04,Secret of My Success Trail,Deer Valley,WG033,40.62597453280468,-111.48566192002252,8293.6,0,71.2,53.2,61.0,0.0,0.0,0.0
2026-10-04,Seldom Seen,Park City / PCMR,WG034,40.64892938917546,-111.51571616491609,7435.6,0,75.1,56.4,63.9,0.0,0.0,0.0
2026-10-04,Seventy 101,Round Valley,WG057,40.68968411592925,-111.49103639156762,6974.3,0,77.9,43.1,60.2,0.0,0.0,0.0
2026-10-04,Shadow Lake,Park City / PCMR,WG020,40.61596037279941,-111.55009628848111,9179.4,0,65.4,48.0,55.7,0.0,0.0,0.0
2026-10-04,Shenanigans,Deer Valley,WG012,40.62034189886961,-111.49849814997506,8237.7,0,70.9,52.0,60.3,0.0,0.0,0.0
2026-10-04,Short Cut,Jeremy Ranch / Glenwild,WG064,40.68025862222409,-111.57883598783349,8081.5,0,70.4,53.7,61.4,0.0,0.0,0.0
2026-10-04,Short Fuse,Park City / PCMR,WG036,40.6346970517688,-111.52339576593836,8439.4,0,70.4,52.4,60.2,0.0,0.0,0.0
2026-10-04,Short Ribs,Summit Park,WG082,40.7348537895427,-111.62048055745409,7705.3,0,72.7,54.7,62.3,0.0,0.0,0.0
2026-10-04,Short Stack,Summit Park,WG082,40.73936874753804,-111.6200542747078,7652.8,0,72.7,54.7,62.3,0.0,0.0,0.0
2026-10-04,Silver Creek Trail,Round Valley,WG074,40.728195917662575,-111.48449884114967,6494.3,0,78.6,50.5,63.0,0.0,0.0,0.0
2026-10-04,Silver Gate,Round Valley,WG073,40.72728013881357,-111.46748664430804,6513.4,0,78.7,45.3,61.6,0.0,0.0,0.0
2026-10-04,Silver Queen,Park City / PCMR,WG037,40.63391819864852,-111.51755091640152,8558.9,0,69.3,51.3,59.1,0.0,0.0,0.0
2026-10-04,Silver Spur,Park City / PCMR,WG049,40.65266965116334,-111.5117818738982,6980.8,0,77.1,51.3,62.9,0.0,0.0,0.0
2026-10-04,Skid Row,Park City / PCMR,WG044,40.66845831872771,-111.47381352761975,6920.8,0,78.0,45.8,61.4,0.0,0.0,0.0
2026-10-04,Skyridge Peak Trail / Milky Way,Jordanelle,WG043,40.65984634182248,-111.4368345884266,7139.2,0,76.9,47.5,61.8,0.0,0.0,0.0
2026-10-04,Sloppy Joe,Round Valley,WG067,40.71599935057343,-111.49742827056478,6658.4,0,78.3,43.4,60.1,0.0,0.0,0.0
2026-10-04,Snake Pit Trail,Park City / PCMR,WG010,40.58750533085767,-111.57189033610032,9625.4,0,63.4,48.3,54.1,0.0,0.0,0.0
2026-10-04,Snowtop,Deer Valley,WG028,40.64752229561398,-111.4705824068134,7443.3,0,75.5,54.8,64.2,0.0,0.0,0.0
2026-10-04,Solamere,Deer Valley,WG045,40.65168830951934,-111.47267426337083,7304.0,0,76.1,50.3,62.0,0.0,0.0,0.0
2026-10-04,Solamere Connector,Deer Valley,WG045,40.651338463153365,-111.4797751905619,7331.1,0,76.1,50.3,62.0,0.0,0.0,0.0
2026-10-04,Somewhere Elks,Round Valley,WG055,40.68702802029736,-111.47813858810876,6977.4,0,78.1,43.6,60.9,0.0,0.0,0.0
2026-10-04,South Canyon,Round Valley,WG055,40.697084178294816,-111.45372200426904,6732.0,0,78.1,43.6,60.9,0.0,0.0,0.0
2026-10-04,South Sweeney,Park City / PCMR,WG031,40.64194117786604,-111.49870009761844,7400.1,0,75.1,54.4,63.8,0.0,0.0,0.0
2026-10-04,Spare Change,Summit Park,WG080,40.74164553017363,-111.60031464541484,6827.9,0,75.8,50.4,62.9,0.0,0.0,0.0
2026-10-04,Sparky's Return,Clark Ranch,WG044,40.6617858998794,-111.45698342605078,6783.6,0,78.0,45.8,61.4,0.0,0.0,0.0
2026-10-04,Speedbag,Deer Valley,WG011,40.624406811076895,-111.50919273225593,7987.6,0,72.0,54.0,61.7,0.0,0.0,0.0
2026-10-04,Spin Cycle Trail,Deer Valley,WG028,40.63411801502942,-111.46082430079326,7178.8,0,75.5,54.8,64.2,0.0,0.0,0.0
2026-10-04,Spiro Trail,Park City / PCMR,WG035,40.64755384631944,-111.52407012433112,7617.4,0,73.8,55.0,62.6,0.0,0.0,0.0
2026-10-04,St. Regis Trail,Deer Valley,WG028,40.639112933407205,-111.47591481144916,7383.3,0,75.5,54.8,64.2,0.0,0.0,0.0
2026-10-04,Stealth Connector / Pheasant Way,Jeremy Ranch / Glenwild,WG076,40.73167942348123,-111.54708752211994,6361.5,0,78.9,50.3,63.2,0.0,0.0,0.0
2026-10-04,Stealth Trail,Jeremy Ranch / Glenwild,WG077,40.73631275924013,-111.5447596003018,6560.0,0,78.2,49.5,62.5,0.0,0.0,0.0
2026-10-04,Steps,Park City / PCMR,WG037,40.63116043759045,-111.5173271228493,8520.8,0,69.3,51.3,59.1,0.0,0.0,0.0
2026-10-04,Stiff Upper Lip,Park City / PCMR,WG017,40.61611691879028,-111.52987009616064,9025.4,0,65.7,48.3,56.0,0.0,0.0,0.0
2026-10-04,Sunny Slopes Trail,Round Valley,WG057,40.68377753714063,-111.48540217687854,6826.8,0,77.9,43.1,60.2,0.0,0.0,0.0
2026-10-04,Sunset,Deer Valley,WG013,40.61222429898699,-111.48546906629171,8777.5,0,67.9,49.6,56.9,0.0,0.0,0.0
2026-10-04,Super G,Deer Valley,WG013,40.6078734147108,-111.486644562986,8939.8,0,67.9,49.6,56.9,0.0,0.0,0.0
2026-10-04,Sven,Jordanelle,WG040,40.66216079919324,-111.41880056586604,6299.4,0,80.7,50.2,65.0,0.0,0.0,0.0
2026-10-04,Sweeney Switchbacks,Park City / PCMR,WG031,40.64428684826398,-111.50263935593632,7442.9,0,75.1,54.4,63.8,0.0,0.0,0.0
2026-10-04,Sweeneys,Park City / PCMR,WG032,40.6416793962084,-111.50380066992643,7712.4,0,73.8,53.1,62.4,0.0,0.0,0.0
2026-10-04,T&G,Deer Valley,WG016,40.611941402305575,-111.51506977898008,8673.3,0,67.8,49.5,56.8,0.0,0.0,0.0
2026-10-04,T&G 2,Deer Valley,WG016,40.62089143656375,-111.51568549288604,8599.5,0,67.8,49.5,56.8,0.0,0.0,0.0
2026-10-04,TDS Ontario Bypass,Deer Valley,WG032,40.62591563844938,-111.49801252893096,7889.0,0,73.8,53.1,62.4,0.0,0.0,0.0
2026-10-04,TSP Skils Area,Round Valley,WG067,40.70929244417837,-111.50545423904256,6671.9,0,78.3,43.4,60.1,0.0,0.0,0.0
2026-10-04,Tall Oaks Circle,Pinebrook,WG078,40.73938310561022,-111.57541687830556,6961.5,0,76.8,47.7,61.9,0.0,0.0,0.0
2026-10-04,Tall T Trail,Deer Valley,WG007,40.59029104976929,-111.52734087474852,9033.3,0,67.0,48.7,56.0,0.0,0.0,0.0
2026-10-04,Tar Pits Jump Line,Round Valley,WG067,40.70948336187246,-111.50501444482678,6663.3,0,78.3,43.4,60.1,0.0,0.0,0.0
2026-10-04,Team Big Bear,Deer Valley,WG013,40.61639926546102,-111.50010669410356,8610.0,0,67.9,49.6,56.9,0.0,0.0,0.0
2026-10-04,Team Cutthroat Downhill,Jeremy Ranch / Glenwild,WG077,40.74619331694971,-111.55242052130288,6618.0,0,78.2,49.5,62.5,0.0,0.0,0.0
2026-10-04,Thaynes Canyon,Park City / PCMR,WG037,40.62644528922062,-111.539067377105,8520.6,0,69.3,51.3,59.1,0.0,0.0,0.0
2026-10-04,The Avenues,Summit Park,WG090,40.75998198374273,-111.6028265058925,7081.5,0,74.3,48.9,61.3,0.0,0.0,0.0
2026-10-04,The Graduate,Jeremy Ranch / Glenwild,WG085,40.7534431855279,-111.56237742796368,6343.1,0,78.4,49.3,63.5,0.0,0.0,0.0
2026-10-04,The Great Gazoo,Round Valley,WG067,40.70997890100696,-111.50140660314835,6662.9,0,78.3,43.4,60.1,0.0,0.0,0.0
2026-10-04,The Lookout,Deer Valley,WG032,40.62921554675458,-111.4942829189022,7693.2,0,73.8,53.1,62.4,0.0,0.0,0.0
2026-10-04,The Sheep Trail,Summit Park,WG094,40.75746633469589,-111.667341513995,6217.2,0,79.5,57.5,67.6,0.0,0.0,0.0
2026-10-04,The Up Trail,Summit Park,WG078,40.74822119025095,-111.58934600493023,6821.1,0,76.8,47.7,61.9,0.0,0.0,0.0
2026-10-04,The Upper Avenues,Summit Park,WG090,40.75942210135698,-111.60997791538348,7425.0,0,74.3,48.9,61.3,0.0,0.0,0.0
2026-10-04,Thieves Forest,Deer Valley,WG013,40.61553068086176,-111.48245627012813,8597.7,0,67.9,49.6,56.9,0.0,0.0,0.0
2026-10-04,Thieves Forrest,Deer Valley,WG014,40.611364491739,-111.4804590615015,9072.7,0,67.0,48.6,56.0,0.0,0.0,0.0
2026-10-04,Three Candles,Park City / PCMR,WG037,40.62931137475258,-111.52248914366156,8843.3,0,69.3,51.3,59.1,0.0,0.0,0.0
2026-10-04,Tidal Wave,Deer Valley,WG013,40.610548014761406,-111.48897388892838,8737.9,0,67.9,49.6,56.9,0.0,0.0,0.0
2026-10-04,Tideline,Jordanelle,WG025,40.64171272429878,-111.40053564270964,6530.0,0,79.8,49.3,64.1,0.0,0.0,0.0
2026-10-04,Tim Man,Round Valley,WG067,40.70348842863846,-111.50080894755244,6766.9,0,78.3,43.4,60.1,0.0,0.0,0.0
2026-10-04,Tommys Two Step,Park City / PCMR,WG036,40.629024211109055,-111.51829238121942,8474.2,0,70.4,52.4,60.2,0.0,0.0,0.0
2026-10-04,Tour De Homes,Deer Valley,WG032,40.63205110837411,-111.48826887414292,7813.1,0,73.8,53.1,62.4,0.0,0.0,0.0
2026-10-04,Tour De Suds (Upper),Deer Valley,WG013,40.614682713092186,-111.50609195133156,8563.5,0,67.9,49.6,56.9,0.0,0.0,0.0
2026-10-04,Town,Park City / PCMR,WG030,40.64755940729975,-111.49861999854691,6988.0,0,77.1,51.3,62.9,0.0,0.0,0.0
2026-10-04,Trailside,Round Valley,WG066,40.71864159830864,-111.50336949570412,6480.1,0,78.9,44.0,60.7,0.0,0.0,0.0
2026-10-04,Trailside Connector,Round Valley,WG067,40.71611276967259,-111.5017965665912,6504.2,0,78.3,43.4,60.1,0.0,0.0,0.0
2026-10-04,Trailside Loop,Round Valley,WG067,40.71199117049012,-111.50483999800892,6609.7,0,78.3,43.4,60.1,0.0,0.0,0.0
2026-10-04,Trappers Gate,Deer Valley,WG031,40.63197509989361,-111.497026036245,7462.8,0,75.1,54.4,63.8,0.0,0.0,0.0
2026-10-04,Trestle,Park City / PCMR,WG033,40.63650074050743,-111.50791633233914,8071.5,0,71.2,53.2,61.0,0.0,0.0,0.0
2026-10-04,Tricky Pickle Trail,Deer Valley,WG004,40.59197973531048,-111.49789592532872,8532.5,0,68.2,49.9,57.3,0.0,0.0,0.0
2026-10-04,Truckhole,Round Valley,WG067,40.704351116822174,-111.50022157042804,6773.9,0,78.3,43.4,60.1,0.0,0.0,0.0
2026-10-04,Trump,Deer Valley,WG013,40.60903529522874,-111.4964159868453,8771.6,0,67.9,49.6,56.9,0.0,0.0,0.0
2026-10-04,Tsunami,Deer Valley,WG013,40.61166268615432,-111.48706860055302,8747.8,0,67.9,49.6,56.9,0.0,0.0,0.0
2026-10-04,Tug of War Trail,Deer Valley,WG013,40.60218815889535,-111.4963014769127,8962.3,0,67.9,49.6,56.9,0.0,0.0,0.0
2026-10-04,Tweety Bird Trail,Jordanelle,WG001,40.59084253440856,-111.40816741687898,6568.1,0,78.1,49.2,63.6,0.0,0.0,0.0
2026-10-04,Twist & Shout,Deer Valley,WG012,40.61590669002216,-111.48826576454944,8415.6,0,70.9,52.0,60.3,0.0,0.0,0.0
2026-10-04,Twist and Shout,Deer Valley,WG013,40.61146669404505,-111.486662413967,8799.9,0,67.9,49.6,56.9,0.0,0.0,0.0
2026-10-04,Undertow Trail,Deer Valley,WG029,40.63057046785135,-111.47858549886824,7937.9,0,74.2,53.5,62.8,0.0,0.0,0.0
2026-10-04,Unga Bunga Skills and Pump Tradk,Round Valley,WG067,40.71158064400824,-111.50217787755837,6590.1,0,78.3,43.4,60.1,0.0,0.0,0.0
2026-10-04,Up Track,Round Valley,WG067,40.71007968280768,-111.50314659118624,6643.1,0,78.3,43.4,60.1,0.0,0.0,0.0
2026-10-04,Upper Devo Trail,Deer Valley,WG033,40.62826200901757,-111.4850494481263,8097.8,0,71.2,53.2,61.0,0.0,0.0,0.0
2026-10-04,Upper Loose,Park City / PCMR,WG032,40.64060205866311,-111.5081407284332,7678.0,0,73.8,53.1,62.4,0.0,0.0,0.0
2026-10-04,Upper Loose Moose,Park City / PCMR,WG032,40.64060459750891,-111.5062344507794,7788.9,0,73.8,53.1,62.4,0.0,0.0,0.0
2026-10-04,Upper Sparky Trail,Clark Ranch,WG044,40.6599723509711,-111.45534390616216,6878.4,0,78.0,45.8,61.4,0.0,0.0,0.0
2026-10-04,Village Pipeline Connector,Deer Valley,WG028,40.6391093200599,-111.472490526811,7336.8,0,75.5,54.8,64.2,0.0,0.0,0.0
2026-10-04,Village Trail,Deer Valley,WG028,40.64077448423082,-111.47113665558776,7315.2,0,75.5,54.8,64.2,0.0,0.0,0.0
2026-10-04,Village Trail / Pipeline,Deer Valley,WG028,40.64110752434245,-111.46934147070748,7182.6,0,75.5,54.8,64.2,0.0,0.0,0.0
2026-10-04,WOW (Wasatch Over Wasatch) Trail,Deer Valley,WG003,40.585198990338895,-111.50729227137398,8248.2,0,71.1,50.9,59.4,0.0,0.0,0.0
2026-10-04,Wada Way,Jordanelle,WG040,40.65139897157171,-111.41292348157292,6267.2,0,80.7,50.2,65.0,0.0,0.0,0.0
2026-10-04,Wasatch,Round Valley,WG074,40.742724215036304,-111.49568804225927,6475.9,0,78.6,50.5,63.0,0.0,0.0,0.0
2026-10-04,Wasatch Crest Connect,Park City / PCMR,WG020,40.616974136223725,-111.55736099806312,9245.9,0,65.4,48.0,55.7,0.0,0.0,0.0
2026-10-04,Wasatch Wiggle Trail,Park City / PCMR,WG010,40.58570056880523,-111.57390345809982,9702.8,0,63.4,48.3,54.1,0.0,0.0,0.0
2026-10-04,We'll Go From There,Jordanelle,WG027,40.633559740125165,-111.4528915193202,6692.5,0,78.3,49.9,62.7,0.0,0.0,0.0
2026-10-04,Winchester Trail,Jeremy Ranch / Glenwild,WG069,40.71094932830698,-111.54449441430567,6453.0,0,79.4,43.1,60.6,0.0,0.0,0.0
2026-10-04,Woodside Gulch,Deer Valley,WG032,40.63428272582461,-111.50200856347875,7635.5,0,73.8,53.1,62.4,0.0,0.0,0.0
2026-10-04,Wowza Downhill Trail,Deer Valley,WG006,40.58677474689952,-111.51626735679228,8564.8,0,68.6,50.3,57.7,0.0,0.0,0.0
2026-10-04,Wowza Trail,Deer Valley,WG006,40.58754867198866,-111.51557993987645,8552.8,0,68.6,50.3,57.7,0.0,0.0,0.0
2026-10-04,Yabba Dabba Doo,Round Valley,WG067,40.71031601545331,-111.5039304608668,6636.2,0,78.3,43.4,60.1,0.0,0.0,0.0
2026-10-04,Yeti's,Pinebrook,WG072,40.70910944007779,-111.57083697014414,7539.3,0,72.6,54.6,62.2,0.0,0.0,0.0
2026-10-04,You Get It,Jordanelle,WG027,40.63417280890808,-111.45447628262694,6774.5,0,78.3,49.9,62.7,0.0,0.0,0.0
2026-10-05,24-7,Jeremy Ranch / Glenwild,WG086,40.7580938928905,-111.55747502780672,6689.5,3,77.8,51.2,63.9,0.0,0.0,0.0
2026-10-05,4:20,Deer Valley,WG032,40.63850725810498,-111.5016215026881,7810.7,3,73.4,57.2,63.6,0.0,0.0,0.0
2026-10-05,9K Trail,Park City / PCMR,WG017,40.61454424262402,-111.5340694590712,9222.8,3,64.6,50.8,56.4,0.0,0.0,0.0
2026-10-05,A Toll New World,Summit Park,WG078,40.74525880222984,-111.59660432287036,6843.1,3,76.6,54.7,64.7,0.0,0.0,0.0
2026-10-05,Abilene Way,Jeremy Ranch / Glenwild,WG068,40.705162592888,-111.52848253655898,6454.0,3,78.9,49.6,63.6,0.0,0.0,0.0
2026-10-05,Agitator Trail,Deer Valley,WG028,40.62594479567907,-111.46053082324435,7171.6,3,75.2,58.9,65.4,0.0,0.0,0.0
2026-10-05,Alexander Creek Trail,Summit Park,WG093,40.75856130522611,-111.67962308025976,5873.5,3,80.7,63.4,70.8,0.0,0.0,0.0
2026-10-05,Alta-Brighton Trail,Park City / PCMR,WG009,40.59874189108338,-111.5904390735144,9081.0,3,64.5,50.2,56.2,0.0,0.0,0.0
2026-10-05,Ambush,Jeremy Ranch / Glenwild,WG063,40.694225906082366,-111.58181443950004,7757.7,3,72.8,58.4,64.1,0.0,0.0,0.0
2026-10-05,Amenti,Round Valley,WG067,40.71749758221375,-111.50096260266577,6526.6,3,78.1,51.2,63.4,0.0,0.0,0.0
2026-10-05,An Unexpected Journey Trail,Jordanelle,WG001,40.584095263003086,-111.41492155800285,6731.9,3,78.3,58.0,66.2,0.0,0.0,0.0
2026-10-05,Ancient Forest Loop,Round Valley,WG074,40.7314260153664,-111.49224006112888,6485.8,3,78.5,52.4,64.4,0.0,0.0,0.0
2026-10-05,Ant Farm,Jeremy Ranch / Glenwild,WG077,40.74632495230274,-111.55092174051572,6629.0,3,78.0,51.3,64.0,0.0,0.0,0.0
2026-10-05,Apex,Park City / PCMR,WG038,40.62520958876211,-111.53395003281469,9146.4,3,64.9,51.1,56.7,0.0,0.0,0.0
2026-10-05,April Mountain Trail,Deer Valley,WG047,40.650711302598815,-111.4870593388075,7472.0,3,76.0,55.9,64.6,0.0,0.0,0.0
2026-10-05,Armstrong,Park City / PCMR,WG051,40.65248508262897,-111.52994268919429,7566.3,3,74.1,58.3,64.5,0.0,0.0,0.0
2026-10-05,Ashley Avenue,Round Valley,WG057,40.68155854272997,-111.50389122653404,6794.6,3,77.3,54.6,64.5,0.0,0.0,0.0
2026-10-05,Aspen Slalom,Deer Valley,WG013,40.61311265842392,-111.48457791355952,8816.9,3,67.3,53.1,58.7,0.0,0.0,0.0
2026-10-05,BLT,Jeremy Ranch / Glenwild,WG070,40.71492142685356,-111.56084442077211,6927.9,3,77.5,50.9,63.6,0.0,0.0,0.0
2026-10-05,BYOB,Pinebrook,WG070,40.718283985000745,-111.55661288864135,6639.8,3,77.5,50.9,63.6,0.0,0.0,0.0
2026-10-05,Backslide,Round Valley,WG057,40.686236769495366,-111.49111386346571,6972.4,3,77.3,54.6,64.5,0.0,0.0,0.0
2026-10-05,Bad Apple,Jeremy Ranch / Glenwild,WG076,40.74937514368386,-111.56017979748744,6367.9,3,78.7,52.1,64.8,0.0,0.0,0.0
2026-10-05,Bamm Bamm,Round Valley,WG067,40.71001316656963,-111.50256230173504,6667.3,3,78.1,51.2,63.4,0.0,0.0,0.0
2026-10-05,Barrel Roll,Round Valley,WG058,40.69153134198254,-111.48458530535574,7017.0,3,76.7,54.0,63.9,0.0,0.0,0.0
2026-10-05,Beep Beep Trail,Jordanelle,WG001,40.59039066618902,-111.4033797731244,6670.3,3,78.3,58.0,66.2,0.0,0.0,0.0
2026-10-05,Big Dipper,Jordanelle,WG042,40.66018548005414,-111.43175307695702,6961.2,3,77.8,57.6,66.0,0.0,0.0,0.0
2026-10-05,Big Easy,Round Valley,WG057,40.696128326880846,-111.48285293654745,6776.5,3,77.3,54.6,64.5,0.0,0.0,0.0
2026-10-05,Black Forest,Deer Valley,WG016,40.61940428916709,-111.52036519166067,8929.3,3,67.2,53.0,58.6,0.0,0.0,0.0
2026-10-05,Blackhawk Trail,Jeremy Ranch / Glenwild,WG075,40.73111252615939,-111.53542276920604,6536.5,3,77.9,51.2,63.9,0.0,0.0,0.0
2026-10-05,Blazing Saddle,Park City / PCMR,WG020,40.61652898868821,-111.55635878361066,9384.9,3,64.3,50.5,56.2,0.0,0.0,0.0
2026-10-05,Bonanza Flat Overlook,Deer Valley,WG017,40.60116766018752,-111.5344182482656,9112.3,3,64.6,50.8,56.4,0.0,0.0,0.0
2026-10-05,Bonanza Loop Trail,Deer Valley,WG016,40.60282163896819,-111.52815381158308,8908.5,3,67.2,53.0,58.6,0.0,0.0,0.0
2026-10-05,Bonanza Trail,Deer Valley,WG046,40.661614248984336,-111.49584605339936,6814.3,3,77.1,56.9,65.7,0.0,0.0,0.0
2026-10-05,Boot Hill,Park City / PCMR,WG046,40.66311538182378,-111.50841776480048,6853.1,3,77.1,56.9,65.7,0.0,0.0,0.0
2026-10-05,Boot Hill Connect,Park City / PCMR,WG046,40.66384832032967,-111.50809692977944,6921.4,3,77.1,56.9,65.7,0.0,0.0,0.0
2026-10-05,Boulder,Deer Valley,WG013,40.61539223980999,-111.50399769475118,8635.0,3,67.3,53.1,58.7,0.0,0.0,0.0
2026-10-05,Boulder / Trump,Deer Valley,WG013,40.610998229404565,-111.50208555144307,8996.4,3,67.3,53.1,58.7,0.0,0.0,0.0
2026-10-05,Bourbon Street,Round Valley,WG067,40.70798253656,-111.48164466049944,6673.3,3,78.1,51.2,63.4,0.0,0.0,0.0
2026-10-05,Bow Hunter,Deer Valley,WG014,40.60108596513679,-111.48484426536052,9020.3,3,66.3,52.1,57.8,0.0,0.0,0.0
2026-10-05,Bow Hunter Extension,Deer Valley,WG005,40.59796119210968,-111.4848069886625,9014.7,3,66.5,52.2,57.9,0.0,0.0,0.0
2026-10-05,Brighton Lakes Trail,Park City / PCMR,WG009,40.59287052758444,-111.58751257009568,9276.0,3,64.5,50.2,56.2,0.0,0.0,0.0
2026-10-05,Bronto Jam,Round Valley,WG067,40.71004954775594,-111.501977414722,6672.8,3,78.1,51.2,63.4,0.0,0.0,0.0
2026-10-05,CMG,Park City / PCMR,WG035,40.645848884326966,-111.51679268892973,7606.5,3,73.7,57.9,64.1,0.0,0.0,0.0
2026-10-05,Cammy's,Round Valley,WG057,40.69072662264133,-111.49673800313964,6953.5,3,77.3,54.6,64.5,0.0,0.0,0.0
2026-10-05,Canyons Downhill,Pinebrook,WG061,40.68430916809496,-111.56849091879047,7666.2,3,73.1,58.7,64.4,0.0,0.0,0.0
2026-10-05,Catherine's Pass Trail,Park City / PCMR,WG010,40.585096359880005,-111.59078643106362,9753.9,3,62.6,48.3,54.3,0.0,0.0,0.0
2026-10-05,Claim Jumper,Park City / PCMR,WG036,40.63958065995946,-111.52518162563226,8147.6,3,69.8,56.2,61.2,0.0,0.0,0.0
2026-10-05,Clayton Peak Trail,Park City / PCMR,WG010,40.58693552999217,-111.57085635011327,9813.5,3,62.6,48.3,54.3,0.0,0.0,0.0
2026-10-05,Cobblestone Loop,Jeremy Ranch / Glenwild,WG084,40.75845647840704,-111.52582619388934,6805.4,3,76.3,57.9,66.1,0.0,0.0,0.0
2026-10-05,Cobblestone Trail,Jeremy Ranch / Glenwild,WG084,40.75512641497514,-111.52744418745776,6723.8,3,76.3,57.9,66.1,0.0,0.0,0.0
2026-10-05,Colin's Trail,Jeremy Ranch / Glenwild,WG060,40.69629937433107,-111.55671582168428,7029.9,3,75.1,57.9,65.2,0.0,0.0,0.0
2026-10-05,Colony Mid Mountain Connector,Park City / PCMR,WG052,40.65011049975458,-111.53932673410868,8429.2,3,69.0,54.5,60.4,0.0,0.0,0.0
2026-10-05,Comstock Mine Trail,Park City / PCMR,WG019,40.62270505527668,-111.54357954562096,8723.6,3,66.4,52.6,58.3,0.0,0.0,0.0
2026-10-05,Constellation Trail,Jordanelle,WG026,40.6428753631073,-111.43505033038012,6261.6,3,80.8,59.5,68.0,0.0,0.0,0.0
2026-10-05,Corvair,Deer Valley,WG016,40.61099169805087,-111.51230389508405,8648.6,3,67.2,53.0,58.6,0.0,0.0,0.0
2026-10-05,Corvair (Upper),Deer Valley,WG016,40.60840912265719,-111.51090449857222,8883.3,3,67.2,53.0,58.6,0.0,0.0,0.0
2026-10-05,Corvair Connector,Deer Valley,WG016,40.61070239150149,-111.5115633319795,8812.1,3,67.2,53.0,58.6,0.0,0.0,0.0
2026-10-05,Cousin Eddy Trail,Clark Ranch,WG044,40.66170094764518,-111.45386933866466,6817.2,3,77.7,55.1,64.7,0.0,0.0,0.0
2026-10-05,Coyote Loop Trail,Jordanelle,WG001,40.58676467246392,-111.40272629625528,6895.7,3,78.3,58.0,66.2,0.0,0.0,0.0
2026-10-05,Crazy Eights,Jeremy Ranch / Glenwild,WG077,40.74908550583131,-111.55291850861556,6580.7,3,78.0,51.3,64.0,0.0,0.0,0.0
2026-10-05,Crescent Ridge,Park City / PCMR,WG036,40.64328062856461,-111.5205999025961,8289.2,3,69.8,56.2,61.2,0.0,0.0,0.0
2026-10-05,Cutter Lane,Jeremy Ranch / Glenwild,WG068,40.7083260127391,-111.53140227257067,6437.7,3,78.9,49.6,63.6,0.0,0.0,0.0
2026-10-05,Cyn City,Park City / PCMR,WG016,40.62106458390316,-111.52108056020784,8700.1,3,67.2,53.0,58.6,0.0,0.0,0.0
2026-10-05,Daily Overlook,Deer Valley,WG031,40.631723443280656,-111.4987920660294,7430.4,3,74.8,58.5,65.0,0.0,0.0,0.0
2026-10-05,Daly Avenue,Deer Valley,WG031,40.63079192228995,-111.49966938212476,7430.3,3,74.8,58.5,65.0,0.0,0.0,0.0
2026-10-05,Daly Bypass,Deer Valley,WG031,40.63469577874592,-111.4972952534869,7351.3,3,74.8,58.5,65.0,0.0,0.0,0.0
2026-10-05,Daly Canyon,Deer Valley,WG011,40.620194319264456,-111.50922727258838,7986.4,3,71.3,57.7,62.7,0.0,0.0,0.0
2026-10-05,Daly Grind,Deer Valley,WG011,40.62436395642222,-111.5065519695764,7745.3,3,71.3,57.7,62.7,0.0,0.0,0.0
2026-10-05,Dawns Trail,Park City / PCMR,WG051,40.65039115727101,-111.52578815180028,7505.7,3,74.1,58.3,64.5,0.0,0.0,0.0
2026-10-05,Dead Reckoning,Summit Park,WG078,40.74804102527887,-111.5901705440554,6808.0,3,76.6,54.7,64.7,0.0,0.0,0.0
2026-10-05,Dead Tree,Park City / PCMR,WG021,40.611358588022426,-111.54588982448988,9653.6,3,62.5,48.4,54.0,0.0,0.0,0.0
2026-10-05,Deep Park Circle,Jordanelle,WG026,40.626894083286025,-111.43587347972714,6383.2,3,80.8,59.5,68.0,0.0,0.0,0.0
2026-10-05,Deer Camp,Deer Valley,WG013,40.60519585339864,-111.4911066437841,8920.6,3,67.3,53.1,58.7,0.0,0.0,0.0
2026-10-05,Deer Crest,Deer Valley,WG029,40.63553157935396,-111.47424740401932,7612.2,3,73.8,57.5,64.0,0.0,0.0,0.0
2026-10-05,Devo,Deer Valley,WG032,40.6296740826892,-111.48374523511592,7963.4,3,73.4,57.2,63.6,0.0,0.0,0.0
2026-10-05,Discovery,Summit Park,WG078,40.74903521550762,-111.59463162387972,6614.4,3,76.6,54.7,64.7,0.0,0.0,0.0
2026-10-05,Downward Dog,Round Valley,WG057,40.68865758594976,-111.48489883261024,6958.5,3,77.3,54.6,64.5,0.0,0.0,0.0
2026-10-05,Dropout,Jeremy Ranch / Glenwild,WG077,40.74673233142679,-111.55449028155309,6576.0,3,78.0,51.3,64.0,0.0,0.0,0.0
2026-10-05,Dubois,Jeremy Ranch / Glenwild,WG059,40.698630398586985,-111.55581872982933,6878.9,3,77.8,48.6,62.6,0.0,0.0,0.0
2026-10-05,Eagle Cove,Round Valley,WG057,40.68665016051084,-111.49786169389527,6799.6,3,77.3,54.6,64.5,0.0,0.0,0.0
2026-10-05,Eagle Trail,Park City / PCMR,WG051,40.65138382915936,-111.51929067308184,7664.9,3,74.1,58.3,64.5,0.0,0.0,0.0
2026-10-05,Eagle Way,Park City / PCMR,WG048,40.65295946154777,-111.48775315119684,7538.9,3,74.3,58.0,64.5,0.0,0.0,0.0
2026-10-05,East Fallen Pines Lane,Park City / PCMR,WG022,40.61551642366452,-111.57912837068116,8712.4,3,66.8,50.8,57.5,0.0,0.0,0.0
2026-10-05,Easy Rider,Park City / PCMR,WG009,40.59580193116481,-111.57632308440664,9141.3,3,64.5,50.2,56.2,0.0,0.0,0.0
2026-10-05,Ecker Hill Trail,Pinebrook,WG076,40.740364526144575,-111.5667817840803,6401.3,3,78.7,52.1,64.8,0.0,0.0,0.0
2026-10-05,Empire Alternate,Deer Valley,WG032,40.62635819528807,-111.50016350153602,7943.1,3,73.4,57.2,63.6,0.0,0.0,0.0
2026-10-05,Empire Link,Deer Valley,WG012,40.62422557470265,-111.50748256286928,8022.2,3,70.2,56.3,61.6,0.0,0.0,0.0
2026-10-05,Empire Lodge,Deer Valley,WG015,40.61442062316093,-111.51298418240138,8439.2,3,69.9,56.3,61.3,0.0,0.0,0.0
2026-10-05,Empire Pass Connector,Deer Valley,WG016,40.60627316294136,-111.51481095351645,8948.4,3,67.2,53.0,58.6,0.0,0.0,0.0
2026-10-05,Equestrian,Round Valley,WG067,40.70215181343843,-111.50219785223597,6719.1,3,78.1,51.2,63.4,0.0,0.0,0.0
2026-10-05,Euston,Round Valley,WG047,40.65772556817424,-111.48315877249176,7062.9,3,76.0,55.9,64.6,0.0,0.0,0.0
2026-10-05,Evil Empire,Park City / PCMR,WG016,40.61923823662483,-111.52513988679308,8746.8,3,67.2,53.0,58.6,0.0,0.0,0.0
2026-10-05,Fairway Hills Trail,Round Valley,WG055,40.67853348641883,-111.47699791832557,6747.4,3,77.8,54.1,64.4,0.0,0.0,0.0
2026-10-05,Family Truckster Trail,Clark Ranch,WG044,40.66038172048119,-111.452885753204,6847.4,3,77.7,55.1,64.7,0.0,0.0,0.0
2026-10-05,Fast Pitch Trail,Round Valley,WG055,40.6798165110769,-111.47671870073196,6759.1,3,77.8,54.1,64.4,0.0,0.0,0.0
2026-10-05,Fat Lip,Park City / PCMR,WG016,40.62192963761681,-111.5279713594279,8931.1,3,67.2,53.0,58.6,0.0,0.0,0.0
2026-10-05,Field Stone,Round Valley,WG067,40.71706243943152,-111.49059329339536,6526.3,3,78.1,51.2,63.4,0.0,0.0,0.0
2026-10-05,Fink Again,Jeremy Ranch / Glenwild,WG086,40.75125285000831,-111.55541181172696,6586.2,3,77.8,51.2,63.9,0.0,0.0,0.0
2026-10-05,Finns,Deer Valley,WG028,40.640763495812735,-111.47689190658058,7214.2,3,75.2,58.9,65.4,0.0,0.0,0.0
2026-10-05,Fireswamp,Deer Valley,WG013,40.61340925382439,-111.48239833860336,8873.0,3,67.3,53.1,58.7,0.0,0.0,0.0
2026-10-05,First Time,Park City / PCMR,WG050,40.65050878239233,-111.51048291433958,7041.1,3,76.5,56.3,65.1,0.0,0.0,0.0
2026-10-05,First Time Return,Park City / PCMR,WG050,40.65021414919943,-111.51090683334832,7073.8,3,76.5,56.3,65.1,0.0,0.0,0.0
2026-10-05,Flagstaff Loop,Deer Valley,WG013,40.60758047007656,-111.496735533601,8898.0,3,67.3,53.1,58.7,0.0,0.0,0.0
2026-10-05,Flat Cable,Park City / PCMR,WG032,40.644102718034645,-111.505628746172,7565.4,3,73.4,57.2,63.6,0.0,0.0,0.0
2026-10-05,Flat Iron,Park City / PCMR,WG036,40.62696082564811,-111.51719430456902,8393.5,3,69.8,56.2,61.2,0.0,0.0,0.0
2026-10-05,Flying Dog,Jeremy Ranch / Glenwild,WG087,40.77237660098178,-111.54161762597796,7321.2,3,74.2,57.7,64.6,0.0,0.0,0.0
2026-10-05,Forest Glen Trail,Park City / PCMR,WG022,40.61089948644494,-111.5784844905115,8765.8,3,66.8,50.8,57.5,0.0,0.0,0.0
2026-10-05,Fox Tail Trail,Round Valley,WG045,40.66564803508002,-111.47503092801368,7133.0,3,75.8,55.6,64.4,0.0,0.0,0.0
2026-10-05,Freemason,Park City / PCMR,WG046,40.65768683021079,-111.49819012622744,6949.6,3,77.1,56.9,65.7,0.0,0.0,0.0
2026-10-05,Full Steam Billy,Park City / PCMR,WG031,40.64842922650065,-111.4945100220623,7246.4,3,74.8,58.5,65.0,0.0,0.0,0.0
2026-10-05,Gambel Oak Cut,Round Valley,WG045,40.65967079074984,-111.47871602858976,7240.9,3,75.8,55.6,64.4,0.0,0.0,0.0
2026-10-05,Gambel Oak North,Park City / PCMR,WG047,40.65915752473873,-111.48180315635692,7112.6,3,76.0,55.9,64.6,0.0,0.0,0.0
2026-10-05,Gambel Oak Trail,Park City / PCMR,WG031,40.64847351910524,-111.48419757905585,7408.0,3,74.8,58.5,65.0,0.0,0.0,0.0
2026-10-05,Gap Bypass Trail,Deer Valley,WG028,40.64123747413292,-111.47577580871994,7306.6,3,75.2,58.9,65.4,0.0,0.0,0.0
2026-10-05,Gap Loop,Deer Valley,WG028,40.6409109833561,-111.47399614902376,7445.8,3,75.2,58.9,65.4,0.0,0.0,0.0
2026-10-05,Glenwild Loop,Jeremy Ranch / Glenwild,WG075,40.73989427988239,-111.52813430357229,6701.6,3,77.9,51.2,63.9,0.0,0.0,0.0
2026-10-05,Glenwild Loop / Wasatch,Jeremy Ranch / Glenwild,WG074,40.74589846722535,-111.509614206256,6451.3,3,78.5,52.4,64.4,0.0,0.0,0.0
2026-10-05,Gold Finger,Park City / PCMR,WG053,40.65997467243904,-111.55431689925648,8081.9,3,69.8,55.3,61.3,0.0,0.0,0.0
2026-10-05,Golden Needle,Park City / PCMR,WG008,40.59452078975266,-111.56725110409884,9811.4,3,62.4,48.4,53.9,0.0,0.0,0.0
2026-10-05,Gorgoza Park,Pinebrook,WG089,40.75144469967726,-111.581432624726,6619.5,3,76.9,55.0,65.0,0.0,0.0,0.0
2026-10-05,Gotcha Cuttoff,Park City / PCMR,WG035,40.64587964864319,-111.5166123821088,7673.2,3,73.7,57.9,64.1,0.0,0.0,0.0
2026-10-05,Grave Digger,Deer Valley,WG032,40.62962271716946,-111.50201210924322,7682.6,3,73.4,57.2,63.6,0.0,0.0,0.0
2026-10-05,Great Western Trail,Wasatch Crest / Millcreek,WG092,40.77286580912175,-111.6406537725031,7571.3,3,73.7,52.1,61.7,0.0,0.0,0.0
2026-10-05,Great Western Trail / Great Western Trail bypass,Wasatch Crest / Millcreek,WG091,40.7535574542296,-111.6313027356856,7111.8,3,74.8,56.6,64.5,0.0,0.0,0.0
2026-10-05,H.A.M.,Park City / PCMR,WG035,40.64547382276132,-111.53139851516626,7780.5,3,73.7,57.9,64.1,0.0,0.0,0.0
2026-10-05,Hang Time South,Park City / PCMR,WG046,40.65853660632904,-111.49606808644194,6970.8,3,77.1,56.9,65.7,0.0,0.0,0.0
2026-10-05,Happy Gilmor,Round Valley,WG067,40.70712360033319,-111.5014684546231,6569.0,3,78.1,51.2,63.4,0.0,0.0,0.0
2026-10-05,Happy Trailside,Round Valley,WG067,40.708413441306845,-111.50471867526606,6595.6,3,78.1,51.2,63.4,0.0,0.0,0.0
2026-10-05,Hat Trick Trail,Round Valley,WG055,40.678830976721535,-111.47596646172724,6757.0,3,77.8,54.1,64.4,0.0,0.0,0.0
2026-10-05,Heard It Both Ways Trail,Deer Valley,WG004,40.593082879194085,-111.49125770411068,8855.0,3,67.6,53.4,59.0,0.0,0.0,0.0
2026-10-05,Hidden Cove,Summit Park,WG089,40.756655895607175,-111.597334386164,6686.2,3,76.9,55.0,65.0,0.0,0.0,0.0
2026-10-05,High Meadows Connector,Pinebrook,WG076,40.74134938710701,-111.56847869190176,6429.9,3,78.7,52.1,64.8,0.0,0.0,0.0
2026-10-05,High Side,Round Valley,WG055,40.69388247977245,-111.4770589235944,6909.3,3,77.8,54.1,64.4,0.0,0.0,0.0
2026-10-05,Holly's,Pinebrook,WG063,40.68604417524608,-111.57782170773478,7824.2,3,72.8,58.4,64.1,0.0,0.0,0.0
2026-10-05,Holy Roller,Deer Valley,WG013,40.6113609111251,-111.48708066137604,8716.2,3,67.3,53.1,58.7,0.0,0.0,0.0
2026-10-05,Humdinger,Deer Valley,WG029,40.626356336628135,-111.46720603877804,7537.3,3,73.8,57.5,64.0,0.0,0.0,0.0
2026-10-05,Insurgent,Jeremy Ranch / Glenwild,WG063,40.68610182305705,-111.58195303109213,7873.2,3,72.8,58.4,64.1,0.0,0.0,0.0
2026-10-05,Io Trail (Middle),Deer Valley,WG017,40.61025792344493,-111.52770861008732,9342.5,3,64.6,50.8,56.4,0.0,0.0,0.0
2026-10-05,Iron Bill,Jeremy Ranch / Glenwild,WG071,40.70817834974828,-111.55726593666238,7034.2,3,74.6,57.3,64.7,0.0,0.0,0.0
2026-10-05,Iron Man,Park City / PCMR,WG053,40.6585520468376,-111.5452566956134,8305.8,3,69.8,55.3,61.3,0.0,0.0,0.0
2026-10-05,Iron Mountain Trail,Park City / PCMR,WG054,40.65649532455427,-111.54475504732362,8753.8,3,67.8,53.4,59.3,0.0,0.0,0.0
2026-10-05,Izzy's Inferno (Dog Pound),Deer Valley,WG012,40.619811878384205,-111.48856422719636,8193.5,3,70.2,56.3,61.6,0.0,0.0,0.0
2026-10-05,Jailbreak,Jeremy Ranch / Glenwild,WG085,40.75712939272894,-111.56214780445411,6277.4,3,78.2,56.2,66.3,0.0,0.0,0.0
2026-10-05,Jeep Hill (Safety Coridoor),Deer Valley,WG013,40.60451306969404,-111.50923514571896,8820.6,3,67.3,53.1,58.7,0.0,0.0,0.0
2026-10-05,Jenni's Trail,Park City / PCMR,WG034,40.64869166733497,-111.51220769740809,7207.7,3,75.0,59.2,65.4,0.0,0.0,0.0
2026-10-05,Jenni's Trail upper,Park City / PCMR,WG035,40.63937813819639,-111.5112423147728,7789.7,3,73.7,57.9,64.1,0.0,0.0,0.0
2026-10-05,Johns '99,Park City / PCMR,WG033,40.62911828578874,-111.50998374795329,8128.2,3,70.6,57.0,62.0,0.0,0.0,0.0
2026-10-05,Johns 99,Deer Valley,WG015,40.62450457371346,-111.51231498110546,8231.6,3,69.9,56.3,61.3,0.0,0.0,0.0
2026-10-05,Johns Trail,Park City / PCMR,WG033,40.63760825426597,-111.50539626371148,8041.4,3,70.6,57.0,62.0,0.0,0.0,0.0
2026-10-05,Jordanelle (West Bank) Trail,Jordanelle,WG026,40.63639192686843,-111.4311179892118,6210.9,3,80.8,59.5,68.0,0.0,0.0,0.0
2026-10-05,Jordanelle Perimeter Trail,Jordanelle,WG024,40.633349610731685,-111.4121970547725,6216.7,3,81.0,59.6,68.2,0.0,0.0,0.0
2026-10-05,Jupiter Peak,Park City / PCMR,WG021,40.610319419324455,-111.54904593331813,9871.3,3,62.5,48.4,54.0,0.0,0.0,0.0
2026-10-05,Jupiter Ridge,Park City / PCMR,WG018,40.61268065771163,-111.53867835914352,9869.4,3,62.6,48.6,54.1,0.0,0.0,0.0
2026-10-05,Kaboom Trail / Call Sign Casa Trail,Jordanelle,WG027,40.62794719612903,-111.45468580169128,6888.6,3,78.5,56.1,65.5,0.0,0.0,0.0
2026-10-05,Kari's,Round Valley,WG055,40.69160040530727,-111.47515847036864,6850.2,3,77.8,54.1,64.4,0.0,0.0,0.0
2026-10-05,Keetley,Jordanelle,WG024,40.6438983646529,-111.4097274639112,6255.4,3,81.0,59.6,68.2,0.0,0.0,0.0
2026-10-05,Keystone Trail,Park City / PCMR,WG037,40.62506440637064,-111.53055382777043,8890.7,3,68.7,55.1,60.1,0.0,0.0,0.0
2026-10-05,La Dee Duh,Round Valley,WG057,40.69261799590889,-111.5001632592338,6864.5,3,77.3,54.6,64.5,0.0,0.0,0.0
2026-10-05,Lavina,Deer Valley,WG006,40.58376333945228,-111.52567195673171,8621.7,3,68.0,53.8,59.4,0.0,0.0,0.0
2026-10-05,Legacy Loop,Jeremy Ranch / Glenwild,WG071,40.705995804360256,-111.55961886682412,7342.6,3,74.6,57.3,64.7,0.0,0.0,0.0
2026-10-05,Legacy Ridge,Jeremy Ranch / Glenwild,WG071,40.70648419743829,-111.5603960205038,7414.3,3,74.6,57.3,64.7,0.0,0.0,0.0
2026-10-05,Legacy. Loop,Jeremy Ranch / Glenwild,WG071,40.70737188748682,-111.5599210439625,7363.1,3,74.6,57.3,64.7,0.0,0.0,0.0
2026-10-05,Link,Deer Valley,WG015,40.624117394272574,-111.51614328186776,8385.3,3,69.9,56.3,61.3,0.0,0.0,0.0
2026-10-05,Little Chief,Deer Valley,WG015,40.61872839208637,-111.51243052868438,8322.6,3,69.9,56.3,61.3,0.0,0.0,0.0
2026-10-05,Little Engine Trail,Summit Park,WG089,40.756690732809,-111.59562244098744,6709.3,3,76.9,55.0,65.0,0.0,0.0,0.0
2026-10-05,Little Stick,Deer Valley,WG028,40.63409637421967,-111.478301770839,7464.6,3,75.2,58.9,65.4,0.0,0.0,0.0
2026-10-05,Longview,Jordanelle,WG040,40.65785550770212,-111.4151527495857,6299.6,3,80.8,59.4,68.0,0.0,0.0,0.0
2026-10-05,Looney Tunes Trail,Jordanelle,WG002,40.58370423178651,-111.40605522395904,7149.3,3,76.7,56.3,64.5,0.0,0.0,0.0
2026-10-05,Loose Moose,Park City / PCMR,WG031,40.64358346695202,-111.50940341630726,7446.3,3,74.8,58.5,65.0,0.0,0.0,0.0
2026-10-05,Lost Prospector,Park City / PCMR,WG047,40.659849225736586,-111.4888557229514,7044.5,3,76.0,55.9,64.6,0.0,0.0,0.0
2026-10-05,Lower Devo Trail,Deer Valley,WG032,40.63290230557317,-111.48205615844142,7656.5,3,73.4,57.2,63.6,0.0,0.0,0.0
2026-10-05,Lower Masonic,Park City / PCMR,WG047,40.65358630670372,-111.49972319928794,7113.0,3,76.0,55.9,64.6,0.0,0.0,0.0
2026-10-05,Lower Sparky Trail,Clark Ranch,WG044,40.66761130235187,-111.4559551589961,6689.8,3,77.7,55.1,64.7,0.0,0.0,0.0
2026-10-05,Lower Village,Deer Valley,WG028,40.64043848354113,-111.46360640728942,7008.1,3,75.2,58.9,65.4,0.0,0.0,0.0
2026-10-05,Lynx #2,Round Valley,WG044,40.66734087696376,-111.46694625830712,6898.8,3,77.7,55.1,64.7,0.0,0.0,0.0
2026-10-05,Masonic,Park City / PCMR,WG047,40.65628760128763,-111.48965728213436,7283.0,3,76.0,55.9,64.6,0.0,0.0,0.0
2026-10-05,Matt's Flat,Round Valley,WG057,40.68924275786925,-111.49221205396208,6921.6,3,77.3,54.6,64.5,0.0,0.0,0.0
2026-10-05,McConkeys,Park City / PCMR,WG016,40.617956923480186,-111.52625119796232,8958.8,3,67.2,53.0,58.6,0.0,0.0,0.0
2026-10-05,McConkeys / Io Trail (Middle),Park City / PCMR,WG018,40.61168680632571,-111.53326494678502,9588.6,3,62.6,48.6,54.1,0.0,0.0,0.0
2026-10-05,McHenry Avenue,Deer Valley,WG031,40.640126864152855,-111.49219625319049,7274.9,3,74.8,58.5,65.0,0.0,0.0,0.0
2026-10-05,Mid-Mountain Connect,Park City / PCMR,WG036,40.63223012461414,-111.51309555497544,8201.7,3,69.8,56.2,61.2,0.0,0.0,0.0
2026-10-05,Mid-Mountain Trail,Park City / PCMR,WG036,40.64534582424172,-111.53118141177607,8168.3,3,69.8,56.2,61.2,0.0,0.0,0.0
2026-10-05,Milky Way,Jordanelle,WG042,40.65767372971338,-111.43373089841624,6795.1,3,77.8,57.6,66.0,0.0,0.0,0.0
2026-10-05,Milky Way / Two Rocks,Jordanelle,WG042,40.66056479638159,-111.42608338059031,6558.6,3,77.8,57.6,66.0,0.0,0.0,0.0
2026-10-05,Miner's Mile,Park City / PCMR,WG036,40.62728968091632,-111.51804021102016,8457.0,3,69.8,56.2,61.2,0.0,0.0,0.0
2026-10-05,Miss Billy's,Jeremy Ranch / Glenwild,WG059,40.69127466685039,-111.54016400735836,6614.6,3,77.8,48.6,62.6,0.0,0.0,0.0
2026-10-05,Mojave,Park City / PCMR,WG037,40.634971780917176,-111.5211432294971,8540.4,3,68.7,55.1,60.1,0.0,0.0,0.0
2026-10-05,Moose Hollow,Summit Park,WG088,40.76397899834495,-111.58866445905328,6467.6,3,77.6,55.7,65.7,0.0,0.0,0.0
2026-10-05,Moose Poop,Deer Valley,WG032,40.633538239133244,-111.50120248027572,7607.1,3,73.4,57.2,63.6,0.0,0.0,0.0
2026-10-05,Moose Puddle,Pinebrook,WG071,40.70548588260783,-111.56718578772085,7487.6,3,74.6,57.3,64.7,0.0,0.0,0.0
2026-10-05,Moose Tracks Trail,Park City / PCMR,WG009,40.59516414126596,-111.57427709390586,9258.1,3,64.5,50.2,56.2,0.0,0.0,0.0
2026-10-05,Moosebones,Deer Valley,WG013,40.61167254823319,-111.50326786094648,8857.2,3,67.3,53.1,58.7,0.0,0.0,0.0
2026-10-05,Moosehouse,Park City / PCMR,WG032,40.63204398195126,-111.5038481086022,7902.6,3,73.4,57.2,63.6,0.0,0.0,0.0
2026-10-05,Mother Urban,Deer Valley,WG032,40.63167066031289,-111.5034058570439,7904.1,3,73.4,57.2,63.6,0.0,0.0,0.0
2026-10-05,Mountain Ranch,Jeremy Ranch / Glenwild,WG066,40.719482563829935,-111.5082007499112,6453.3,3,78.7,51.8,64.0,0.0,0.0,0.0
2026-10-05,Mountain Ranch Estates,Round Valley,WG067,40.7173985998433,-111.50812726137713,6520.0,3,78.1,51.2,63.4,0.0,0.0,0.0
2026-10-05,Mountain Willow,Round Valley,WG067,40.71402930681007,-111.48565937361776,6571.7,3,78.1,51.2,63.4,0.0,0.0,0.0
2026-10-05,Mr Muchrocks,Round Valley,WG067,40.70904482572548,-111.50323360919846,6653.2,3,78.1,51.2,63.4,0.0,0.0,0.0
2026-10-05,NCS,Deer Valley,WG032,40.62911396321707,-111.4803727621932,7992.5,3,73.4,57.2,63.6,0.0,0.0,0.0
2026-10-05,Nick NAC,Round Valley,WG057,40.69210865876878,-111.490120990647,6959.3,3,77.3,54.6,64.5,0.0,0.0,0.0
2026-10-05,No Worries,Summit Park,WG081,40.73716048778493,-111.60234213265907,7289.1,3,73.9,58.6,65.1,0.0,0.0,0.0
2026-10-05,North 400 West,Jeremy Ranch / Glenwild,WG068,40.70279368500318,-111.51897621463831,6441.4,3,78.9,49.6,63.6,0.0,0.0,0.0
2026-10-05,North Ross Creek Trail,Jordanelle,WG041,40.66585897507511,-111.42082357173696,6405.0,3,80.4,59.0,67.6,0.0,0.0,0.0
2026-10-05,Nowhere Elks,Round Valley,WG058,40.69018989582584,-111.48311322310164,7036.6,3,76.7,54.0,63.9,0.0,0.0,0.0
2026-10-05,OMG,Deer Valley,WG032,40.631226274970665,-111.4973428195913,7571.3,3,73.4,57.2,63.6,0.0,0.0,0.0
2026-10-05,OMH,Pinebrook,WG070,40.71997692753587,-111.55773747935044,6677.5,3,77.5,50.9,63.6,0.0,0.0,0.0
2026-10-05,Oh Deer Flow,Jordanelle,WG041,40.66237367218405,-111.42118550237925,6403.1,3,80.4,59.0,67.6,0.0,0.0,0.0
2026-10-05,Old Homeward Bound,Deer Valley,WG012,40.61357496233911,-111.48964629692756,8441.1,3,70.2,56.3,61.6,0.0,0.0,0.0
2026-10-05,Old Skool,Deer Valley,WG032,40.631898683587,-111.48423208918877,7827.2,3,73.4,57.2,63.6,0.0,0.0,0.0
2026-10-05,Old Stage Crest Connect,Park City / PCMR,WG023,40.61247305094488,-111.5715274805363,9057.3,3,65.2,51.4,57.1,0.0,0.0,0.0
2026-10-05,Olympic,Pinebrook,WG064,40.69996684096533,-111.57868853500152,8004.0,3,69.9,56.6,62.3,0.0,0.0,0.0
2026-10-05,Ontario Canyon,Deer Valley,WG013,40.61130277448227,-111.48755898005427,8755.1,3,67.3,53.1,58.7,0.0,0.0,0.0
2026-10-05,Ontario Ridge,Deer Valley,WG032,40.62821582013441,-111.49780973717266,7815.3,3,73.4,57.2,63.6,0.0,0.0,0.0
2026-10-05,Ore Cart,Deer Valley,WG015,40.621755910380834,-111.51139929264724,8146.4,3,69.9,56.3,61.3,0.0,0.0,0.0
2026-10-05,Outlook,Deer Valley,WG029,40.63657831428653,-111.4685462481628,7646.2,3,73.8,57.5,64.0,0.0,0.0,0.0
2026-10-05,Pale Green Dot,Summit Park,WG078,40.74689592786439,-111.59182437672968,6802.1,3,76.6,54.7,64.7,0.0,0.0,0.0
2026-10-05,Parley's Lane,Summit Park,WG089,40.75375624958085,-111.59849347383722,6719.0,3,76.9,55.0,65.0,0.0,0.0,0.0
2026-10-05,Payday,Park City / PCMR,WG035,40.64053545819342,-111.51124538504462,7598.1,3,73.7,57.9,64.1,0.0,0.0,0.0
2026-10-05,Payroll,Deer Valley,WG013,40.61095393430099,-111.5094443089702,8630.4,3,67.3,53.1,58.7,0.0,0.0,0.0
2026-10-05,Pedalers Inn,Deer Valley,WG012,40.61923438649311,-111.4865707901735,8286.8,3,70.2,56.3,61.6,0.0,0.0,0.0
2026-10-05,Perrier Pass,Park City / PCMR,WG017,40.61814002894983,-111.53826776190397,9445.9,3,64.6,50.8,56.4,0.0,0.0,0.0
2026-10-05,Pinebrook Point,Pinebrook,WG089,40.75079411917499,-111.57994193527573,6623.3,3,76.9,55.0,65.0,0.0,0.0,0.0
2026-10-05,Pinebrook Pointe South,Pinebrook,WG078,40.74959135152933,-111.5795998040212,6632.5,3,76.6,54.7,64.7,0.0,0.0,0.0
2026-10-05,Pinebrook Southeast Perimeter / Hunter's Trail of the Mid Mountain,Pinebrook,WG072,40.71419878562093,-111.5896757552273,7875.5,3,72.4,57.1,63.6,0.0,0.0,0.0
2026-10-05,Pinebrook Southeast Perimeter / Pinebrook SE Perimeter,Pinebrook,WG079,40.72863077219642,-111.58102679054537,7392.0,3,74.4,57.1,64.5,0.0,0.0,0.0
2026-10-05,Pinebrook Southeast Perimeter Trail,Pinebrook,WG078,40.73058687532795,-111.57244227312069,6947.5,3,76.6,54.7,64.7,0.0,0.0,0.0
2026-10-05,Pinecone Ridge,Park City / PCMR,WG039,40.63337906740186,-111.54644099265712,9084.9,3,65.1,51.3,57.0,0.0,0.0,0.0
2026-10-05,Pioneer Ridge,Park City / PCMR,WG018,40.61649374604546,-111.53892521633333,9598.5,3,62.6,48.6,54.1,0.0,0.0,0.0
2026-10-05,Pipeline,Deer Valley,WG028,40.63885618836171,-111.46966538134832,7356.9,3,75.2,58.9,65.4,0.0,0.0,0.0
2026-10-05,Pointy Rocks,Deer Valley,WG031,40.63679995846106,-111.48172224533342,7428.0,3,74.8,58.5,65.0,0.0,0.0,0.0
2026-10-05,PorcUclimb,Round Valley,WG058,40.69402326414524,-111.48517031749344,7064.7,3,76.7,54.0,63.9,0.0,0.0,0.0
2026-10-05,Powerline,Pinebrook,WG078,40.74237998272819,-111.5716363238219,6548.4,3,76.6,54.7,64.7,0.0,0.0,0.0
2026-10-05,Powerline Connector,Pinebrook,WG078,40.74298978990414,-111.5728828415412,6585.6,3,76.6,54.7,64.7,0.0,0.0,0.0
2026-10-05,Powerline Trail,Park City / PCMR,WG036,40.63015217582808,-111.53743024085954,8362.6,3,69.8,56.2,61.2,0.0,0.0,0.0
2026-10-05,Practice Loops,Round Valley,WG055,40.68336469607561,-111.47532267974417,6752.0,3,77.8,54.1,64.4,0.0,0.0,0.0
2026-10-05,Preserve Connector,Jeremy Ranch / Glenwild,WG087,40.76330147562161,-111.54585203221042,7230.0,3,74.2,57.7,64.6,0.0,0.0,0.0
2026-10-05,Princess Di's,Clark Ranch,WG083,40.751465442037045,-111.43628535405452,6858.8,3,76.9,55.5,64.8,0.0,0.0,0.0
2026-10-05,Prospect,Deer Valley,WG031,40.63405408516434,-111.49547333835608,7482.8,3,74.8,58.5,65.0,0.0,0.0,0.0
2026-10-05,Pulp Friction,Round Valley,WG057,40.69884233324062,-111.50344523686547,6681.3,3,77.3,54.6,64.5,0.0,0.0,0.0
2026-10-05,Putty Tat Trail,Jordanelle,WG001,40.59267845848291,-111.40267007297948,6514.0,3,78.3,58.0,66.2,0.0,0.0,0.0
2026-10-05,Quinn's Connect,Round Valley,WG055,40.68185946906874,-111.4726829059293,6720.8,3,77.8,54.1,64.4,0.0,0.0,0.0
2026-10-05,RTS,Jeremy Ranch / Glenwild,WG070,40.71664642216084,-111.55523569599896,6598.1,3,77.5,50.9,63.6,0.0,0.0,0.0
2026-10-05,RTS / BLT,Jeremy Ranch / Glenwild,WG070,40.71544842193981,-111.5580228733734,6768.3,3,77.5,50.9,63.6,0.0,0.0,0.0
2026-10-05,Rademan Ridge,Round Valley,WG057,40.69522706920315,-111.49835765815162,6895.6,3,77.3,54.6,64.5,0.0,0.0,0.0
2026-10-05,Ramble On,Round Valley,WG067,40.70159467934347,-111.48028465593316,6781.5,3,78.1,51.2,63.4,0.0,0.0,0.0
2026-10-05,Rambler,Round Valley,WG057,40.69772226627651,-111.49065578495473,6809.2,3,77.3,54.6,64.5,0.0,0.0,0.0
2026-10-05,Rambler DT,Round Valley,WG056,40.699080350519786,-111.50674680507665,6485.7,3,78.7,51.8,64.0,0.0,0.0,0.0
2026-10-05,Red Bull,Park City / PCMR,WG035,40.63958635838598,-111.51326842477698,7769.0,3,73.7,57.9,64.1,0.0,0.0,0.0
2026-10-05,Regulator Trail,Deer Valley,WG033,40.62910164594688,-111.48142418804063,8033.8,3,70.6,57.0,62.0,0.0,0.0,0.0
2026-10-05,Richochet,Park City / PCMR,WG062,40.68638148266805,-111.57139393545772,7468.3,3,73.8,59.4,65.1,0.0,0.0,0.0
2026-10-05,Rinse Cycle Trail,Deer Valley,WG028,40.62990230274806,-111.45944053119273,7191.1,3,75.2,58.9,65.4,0.0,0.0,0.0
2026-10-05,Ripple Trail,Deer Valley,WG029,40.63554405253732,-111.47490110184252,7588.0,3,73.8,57.5,64.0,0.0,0.0,0.0
2026-10-05,Riverview West Trail,Jordanelle,WG001,40.58565113588149,-111.41386481977428,6730.6,3,78.3,58.0,66.2,0.0,0.0,0.0
2026-10-05,Road to WOS,Summit Park,WG082,40.73344363030311,-111.61407104321202,7712.2,3,72.5,57.2,63.7,0.0,0.0,0.0
2026-10-05,Rob's Trail,Pinebrook,WG063,40.69704664952428,-111.5702364046946,7584.0,3,72.8,58.4,64.1,0.0,0.0,0.0
2026-10-05,RocMon,Round Valley,WG055,40.68788668982749,-111.4548390225179,6677.5,3,77.8,54.1,64.4,0.0,0.0,0.0
2026-10-05,Rock Chuck Trail,Park City / PCMR,WG008,40.58874474594925,-111.56839301918852,9680.6,3,62.4,48.4,53.9,0.0,0.0,0.0
2026-10-05,Rogue Rider Trail,Park City / PCMR,WG020,40.60699361060532,-111.56187339427328,9423.9,3,64.3,50.5,56.2,0.0,0.0,0.0
2026-10-05,Rosebud,Park City / PCMR,WG036,40.63966083548988,-111.52257618003053,8390.4,3,69.8,56.2,61.2,0.0,0.0,0.0
2026-10-05,Rosebud's Heaven,Park City / PCMR,WG060,40.69195554103422,-111.5659528759652,7326.9,3,75.1,57.9,65.2,0.0,0.0,0.0
2026-10-05,Rossi Hill Trail,Deer Valley,WG031,40.63808222920599,-111.4919292526201,7341.8,3,74.8,58.5,65.0,0.0,0.0,0.0
2026-10-05,Round Valley Connect,Round Valley,WG067,40.70875221615484,-111.50427592382064,6606.7,3,78.1,51.2,63.4,0.0,0.0,0.0
2026-10-05,Round Valley Connector,Round Valley,WG067,40.709506874143365,-111.48774034228174,6611.3,3,78.1,51.2,63.4,0.0,0.0,0.0
2026-10-05,Round Valley Express,Round Valley,WG057,40.69308554123404,-111.4897696424948,6812.1,3,77.3,54.6,64.5,0.0,0.0,0.0
2026-10-05,Rusty Shovel,Round Valley,WG057,40.69776625143012,-111.4804885556652,6868.8,3,77.3,54.6,64.5,0.0,0.0,0.0
2026-10-05,Rusty Spur,Round Valley,WG065,40.70159189598121,-111.4765958017646,6731.2,3,77.7,53.5,63.9,0.0,0.0,0.0
2026-10-05,SOS,Park City / PCMR,WG046,40.666448184385416,-111.48116864087982,6803.8,3,77.1,56.9,65.7,0.0,0.0,0.0
2026-10-05,SQ Connector Trail,Round Valley,WG055,40.68949659271035,-111.47067515084642,6728.8,3,77.8,54.1,64.4,0.0,0.0,0.0
2026-10-05,Sam's Trail,Deer Valley,WG012,40.61912724197413,-111.50964994268364,8145.3,3,70.2,56.3,61.6,0.0,0.0,0.0
2026-10-05,Saved By The Bell,Round Valley,WG067,40.71689792497153,-111.49958806368429,6568.5,3,78.1,51.2,63.4,0.0,0.0,0.0
2026-10-05,Scott's Bypass,Park City / PCMR,WG021,40.612047856355446,-111.55918064050742,9658.7,3,62.5,48.4,54.0,0.0,0.0,0.0
2026-10-05,Secret of My Success Trail,Deer Valley,WG033,40.62597453280468,-111.48566192002252,8293.6,3,70.6,57.0,62.0,0.0,0.0,0.0
2026-10-05,Seldom Seen,Park City / PCMR,WG034,40.64892938917546,-111.51571616491609,7435.6,3,75.0,59.2,65.4,0.0,0.0,0.0
2026-10-05,Seventy 101,Round Valley,WG057,40.68968411592925,-111.49103639156762,6974.3,3,77.3,54.6,64.5,0.0,0.0,0.0
2026-10-05,Shadow Lake,Park City / PCMR,WG020,40.61596037279941,-111.55009628848111,9179.4,3,64.3,50.5,56.2,0.0,0.0,0.0
2026-10-05,Shenanigans,Deer Valley,WG012,40.62034189886961,-111.49849814997506,8237.7,3,70.2,56.3,61.6,0.0,0.0,0.0
2026-10-05,Short Cut,Jeremy Ranch / Glenwild,WG064,40.68025862222409,-111.57883598783349,8081.5,3,69.9,56.6,62.3,0.0,0.0,0.0
2026-10-05,Short Fuse,Park City / PCMR,WG036,40.6346970517688,-111.52339576593836,8439.4,3,69.8,56.2,61.2,0.0,0.0,0.0
2026-10-05,Short Ribs,Summit Park,WG082,40.7348537895427,-111.62048055745409,7705.3,3,72.5,57.2,63.7,0.0,0.0,0.0
2026-10-05,Short Stack,Summit Park,WG082,40.73936874753804,-111.6200542747078,7652.8,3,72.5,57.2,63.7,0.0,0.0,0.0
2026-10-05,Silver Creek Trail,Round Valley,WG074,40.728195917662575,-111.48449884114967,6494.3,3,78.5,52.4,64.4,0.0,0.0,0.0
2026-10-05,Silver Gate,Round Valley,WG073,40.72728013881357,-111.46748664430804,6513.4,3,78.5,54.3,64.7,0.0,0.0,0.0
2026-10-05,Silver Queen,Park City / PCMR,WG037,40.63391819864852,-111.51755091640152,8558.9,3,68.7,55.1,60.1,0.0,0.0,0.0
2026-10-05,Silver Spur,Park City / PCMR,WG049,40.65266965116334,-111.5117818738982,6980.8,3,76.8,56.6,65.4,0.0,0.0,0.0
2026-10-05,Skid Row,Park City / PCMR,WG044,40.66845831872771,-111.47381352761975,6920.8,3,77.7,55.1,64.7,0.0,0.0,0.0
2026-10-05,Skyridge Peak Trail / Milky Way,Jordanelle,WG043,40.65984634182248,-111.4368345884266,7139.2,3,76.5,56.3,64.7,0.0,0.0,0.0
2026-10-05,Sloppy Joe,Round Valley,WG067,40.71599935057343,-111.49742827056478,6658.4,3,78.1,51.2,63.4,0.0,0.0,0.0
2026-10-05,Snake Pit Trail,Park City / PCMR,WG010,40.58750533085767,-111.57189033610032,9625.4,3,62.6,48.3,54.3,0.0,0.0,0.0
2026-10-05,Snowtop,Deer Valley,WG028,40.64752229561398,-111.4705824068134,7443.3,3,75.2,58.9,65.4,0.0,0.0,0.0
2026-10-05,Solamere,Deer Valley,WG045,40.65168830951934,-111.47267426337083,7304.0,3,75.8,55.6,64.4,0.0,0.0,0.0
2026-10-05,Solamere Connector,Deer Valley,WG045,40.651338463153365,-111.4797751905619,7331.1,3,75.8,55.6,64.4,0.0,0.0,0.0
2026-10-05,Somewhere Elks,Round Valley,WG055,40.68702802029736,-111.47813858810876,6977.4,3,77.8,54.1,64.4,0.0,0.0,0.0
2026-10-05,South Canyon,Round Valley,WG055,40.697084178294816,-111.45372200426904,6732.0,3,77.8,54.1,64.4,0.0,0.0,0.0
2026-10-05,South Sweeney,Park City / PCMR,WG031,40.64194117786604,-111.49870009761844,7400.1,3,74.8,58.5,65.0,0.0,0.0,0.0
2026-10-05,Spare Change,Summit Park,WG080,40.74164553017363,-111.60031464541484,6827.9,3,75.8,57.6,65.5,0.0,0.0,0.0
2026-10-05,Sparky's Return,Clark Ranch,WG044,40.6617858998794,-111.45698342605078,6783.6,3,77.7,55.1,64.7,0.0,0.0,0.0
2026-10-05,Speedbag,Deer Valley,WG011,40.624406811076895,-111.50919273225593,7987.6,3,71.3,57.7,62.7,0.0,0.0,0.0
2026-10-05,Spin Cycle Trail,Deer Valley,WG028,40.63411801502942,-111.46082430079326,7178.8,3,75.2,58.9,65.4,0.0,0.0,0.0
2026-10-05,Spiro Trail,Park City / PCMR,WG035,40.64755384631944,-111.52407012433112,7617.4,3,73.7,57.9,64.1,0.0,0.0,0.0
2026-10-05,St. Regis Trail,Deer Valley,WG028,40.639112933407205,-111.47591481144916,7383.3,3,75.2,58.9,65.4,0.0,0.0,0.0
2026-10-05,Stealth Connector / Pheasant Way,Jeremy Ranch / Glenwild,WG076,40.73167942348123,-111.54708752211994,6361.5,3,78.7,52.1,64.8,0.0,0.0,0.0
2026-10-05,Stealth Trail,Jeremy Ranch / Glenwild,WG077,40.73631275924013,-111.5447596003018,6560.0,3,78.0,51.3,64.0,0.0,0.0,0.0
2026-10-05,Steps,Park City / PCMR,WG037,40.63116043759045,-111.5173271228493,8520.8,3,68.7,55.1,60.1,0.0,0.0,0.0
2026-10-05,Stiff Upper Lip,Park City / PCMR,WG017,40.61611691879028,-111.52987009616064,9025.4,3,64.6,50.8,56.4,0.0,0.0,0.0
2026-10-05,Sunny Slopes Trail,Round Valley,WG057,40.68377753714063,-111.48540217687854,6826.8,3,77.3,54.6,64.5,0.0,0.0,0.0
2026-10-05,Sunset,Deer Valley,WG013,40.61222429898699,-111.48546906629171,8777.5,3,67.3,53.1,58.7,0.0,0.0,0.0
2026-10-05,Super G,Deer Valley,WG013,40.6078734147108,-111.486644562986,8939.8,3,67.3,53.1,58.7,0.0,0.0,0.0
2026-10-05,Sven,Jordanelle,WG040,40.66216079919324,-111.41880056586604,6299.4,3,80.8,59.4,68.0,0.0,0.0,0.0
2026-10-05,Sweeney Switchbacks,Park City / PCMR,WG031,40.64428684826398,-111.50263935593632,7442.9,3,74.8,58.5,65.0,0.0,0.0,0.0
2026-10-05,Sweeneys,Park City / PCMR,WG032,40.6416793962084,-111.50380066992643,7712.4,3,73.4,57.2,63.6,0.0,0.0,0.0
2026-10-05,T&G,Deer Valley,WG016,40.611941402305575,-111.51506977898008,8673.3,3,67.2,53.0,58.6,0.0,0.0,0.0
2026-10-05,T&G 2,Deer Valley,WG016,40.62089143656375,-111.51568549288604,8599.5,3,67.2,53.0,58.6,0.0,0.0,0.0
2026-10-05,TDS Ontario Bypass,Deer Valley,WG032,40.62591563844938,-111.49801252893096,7889.0,3,73.4,57.2,63.6,0.0,0.0,0.0
2026-10-05,TSP Skils Area,Round Valley,WG067,40.70929244417837,-111.50545423904256,6671.9,3,78.1,51.2,63.4,0.0,0.0,0.0
2026-10-05,Tall Oaks Circle,Pinebrook,WG078,40.73938310561022,-111.57541687830556,6961.5,3,76.6,54.7,64.7,0.0,0.0,0.0
2026-10-05,Tall T Trail,Deer Valley,WG007,40.59029104976929,-111.52734087474852,9033.3,3,66.4,52.2,57.8,0.0,0.0,0.0
2026-10-05,Tar Pits Jump Line,Round Valley,WG067,40.70948336187246,-111.50501444482678,6663.3,3,78.1,51.2,63.4,0.0,0.0,0.0
2026-10-05,Team Big Bear,Deer Valley,WG013,40.61639926546102,-111.50010669410356,8610.0,3,67.3,53.1,58.7,0.0,0.0,0.0
2026-10-05,Team Cutthroat Downhill,Jeremy Ranch / Glenwild,WG077,40.74619331694971,-111.55242052130288,6618.0,3,78.0,51.3,64.0,0.0,0.0,0.0
2026-10-05,Thaynes Canyon,Park City / PCMR,WG037,40.62644528922062,-111.539067377105,8520.6,3,68.7,55.1,60.1,0.0,0.0,0.0
2026-10-05,The Avenues,Summit Park,WG090,40.75998198374273,-111.6028265058925,7081.5,3,74.3,56.1,64.0,0.0,0.0,0.0
2026-10-05,The Graduate,Jeremy Ranch / Glenwild,WG085,40.7534431855279,-111.56237742796368,6343.1,3,78.2,56.2,66.3,0.0,0.0,0.0
2026-10-05,The Great Gazoo,Round Valley,WG067,40.70997890100696,-111.50140660314835,6662.9,3,78.1,51.2,63.4,0.0,0.0,0.0
2026-10-05,The Lookout,Deer Valley,WG032,40.62921554675458,-111.4942829189022,7693.2,3,73.4,57.2,63.6,0.0,0.0,0.0
2026-10-05,The Sheep Trail,Summit Park,WG094,40.75746633469589,-111.667341513995,6217.2,3,79.5,62.2,69.6,0.0,0.0,0.0
2026-10-05,The Up Trail,Summit Park,WG078,40.74822119025095,-111.58934600493023,6821.1,3,76.6,54.7,64.7,0.0,0.0,0.0
2026-10-05,The Upper Avenues,Summit Park,WG090,40.75942210135698,-111.60997791538348,7425.0,3,74.3,56.1,64.0,0.0,0.0,0.0
2026-10-05,Thieves Forest,Deer Valley,WG013,40.61553068086176,-111.48245627012813,8597.7,3,67.3,53.1,58.7,0.0,0.0,0.0
2026-10-05,Thieves Forrest,Deer Valley,WG014,40.611364491739,-111.4804590615015,9072.7,3,66.3,52.1,57.8,0.0,0.0,0.0
2026-10-05,Three Candles,Park City / PCMR,WG037,40.62931137475258,-111.52248914366156,8843.3,3,68.7,55.1,60.1,0.0,0.0,0.0
2026-10-05,Tidal Wave,Deer Valley,WG013,40.610548014761406,-111.48897388892838,8737.9,3,67.3,53.1,58.7,0.0,0.0,0.0
2026-10-05,Tideline,Jordanelle,WG025,40.64171272429878,-111.40053564270964,6530.0,3,79.9,58.6,67.1,0.0,0.0,0.0
2026-10-05,Tim Man,Round Valley,WG067,40.70348842863846,-111.50080894755244,6766.9,3,78.1,51.2,63.4,0.0,0.0,0.0
2026-10-05,Tommys Two Step,Park City / PCMR,WG036,40.629024211109055,-111.51829238121942,8474.2,3,69.8,56.2,61.2,0.0,0.0,0.0
2026-10-05,Tour De Homes,Deer Valley,WG032,40.63205110837411,-111.48826887414292,7813.1,3,73.4,57.2,63.6,0.0,0.0,0.0
2026-10-05,Tour De Suds (Upper),Deer Valley,WG013,40.614682713092186,-111.50609195133156,8563.5,3,67.3,53.1,58.7,0.0,0.0,0.0
2026-10-05,Town,Park City / PCMR,WG030,40.64755940729975,-111.49861999854691,6988.0,3,76.7,56.6,65.3,0.0,0.0,0.0
2026-10-05,Trailside,Round Valley,WG066,40.71864159830864,-111.50336949570412,6480.1,3,78.7,51.8,64.0,0.0,0.0,0.0
2026-10-05,Trailside Connector,Round Valley,WG067,40.71611276967259,-111.5017965665912,6504.2,3,78.1,51.2,63.4,0.0,0.0,0.0
2026-10-05,Trailside Loop,Round Valley,WG067,40.71199117049012,-111.50483999800892,6609.7,3,78.1,51.2,63.4,0.0,0.0,0.0
2026-10-05,Trappers Gate,Deer Valley,WG031,40.63197509989361,-111.497026036245,7462.8,3,74.8,58.5,65.0,0.0,0.0,0.0
2026-10-05,Trestle,Park City / PCMR,WG033,40.63650074050743,-111.50791633233914,8071.5,3,70.6,57.0,62.0,0.0,0.0,0.0
2026-10-05,Tricky Pickle Trail,Deer Valley,WG004,40.59197973531048,-111.49789592532872,8532.5,3,67.6,53.4,59.0,0.0,0.0,0.0
2026-10-05,Truckhole,Round Valley,WG067,40.704351116822174,-111.50022157042804,6773.9,3,78.1,51.2,63.4,0.0,0.0,0.0
2026-10-05,Trump,Deer Valley,WG013,40.60903529522874,-111.4964159868453,8771.6,3,67.3,53.1,58.7,0.0,0.0,0.0
2026-10-05,Tsunami,Deer Valley,WG013,40.61166268615432,-111.48706860055302,8747.8,3,67.3,53.1,58.7,0.0,0.0,0.0
2026-10-05,Tug of War Trail,Deer Valley,WG013,40.60218815889535,-111.4963014769127,8962.3,3,67.3,53.1,58.7,0.0,0.0,0.0
2026-10-05,Tweety Bird Trail,Jordanelle,WG001,40.59084253440856,-111.40816741687898,6568.1,3,78.3,58.0,66.2,0.0,0.0,0.0
2026-10-05,Twist & Shout,Deer Valley,WG012,40.61590669002216,-111.48826576454944,8415.6,3,70.2,56.3,61.6,0.0,0.0,0.0
2026-10-05,Twist and Shout,Deer Valley,WG013,40.61146669404505,-111.486662413967,8799.9,3,67.3,53.1,58.7,0.0,0.0,0.0
2026-10-05,Undertow Trail,Deer Valley,WG029,40.63057046785135,-111.47858549886824,7937.9,3,73.8,57.5,64.0,0.0,0.0,0.0
2026-10-05,Unga Bunga Skills and Pump Tradk,Round Valley,WG067,40.71158064400824,-111.50217787755837,6590.1,3,78.1,51.2,63.4,0.0,0.0,0.0
2026-10-05,Up Track,Round Valley,WG067,40.71007968280768,-111.50314659118624,6643.1,3,78.1,51.2,63.4,0.0,0.0,0.0
2026-10-05,Upper Devo Trail,Deer Valley,WG033,40.62826200901757,-111.4850494481263,8097.8,3,70.6,57.0,62.0,0.0,0.0,0.0
2026-10-05,Upper Loose,Park City / PCMR,WG032,40.64060205866311,-111.5081407284332,7678.0,3,73.4,57.2,63.6,0.0,0.0,0.0
2026-10-05,Upper Loose Moose,Park City / PCMR,WG032,40.64060459750891,-111.5062344507794,7788.9,3,73.4,57.2,63.6,0.0,0.0,0.0
2026-10-05,Upper Sparky Trail,Clark Ranch,WG044,40.6599723509711,-111.45534390616216,6878.4,3,77.7,55.1,64.7,0.0,0.0,0.0
2026-10-05,Village Pipeline Connector,Deer Valley,WG028,40.6391093200599,-111.472490526811,7336.8,3,75.2,58.9,65.4,0.0,0.0,0.0
2026-10-05,Village Trail,Deer Valley,WG028,40.64077448423082,-111.47113665558776,7315.2,3,75.2,58.9,65.4,0.0,0.0,0.0
2026-10-05,Village Trail / Pipeline,Deer Valley,WG028,40.64110752434245,-111.46934147070748,7182.6,3,75.2,58.9,65.4,0.0,0.0,0.0
2026-10-05,WOW (Wasatch Over Wasatch) Trail,Deer Valley,WG003,40.585198990338895,-111.50729227137398,8248.2,3,71.0,54.0,61.0,0.0,0.0,0.0
2026-10-05,Wada Way,Jordanelle,WG040,40.65139897157171,-111.41292348157292,6267.2,3,80.8,59.4,68.0,0.0,0.0,0.0
2026-10-05,Wasatch,Round Valley,WG074,40.742724215036304,-111.49568804225927,6475.9,3,78.5,52.4,64.4,0.0,0.0,0.0
2026-10-05,Wasatch Crest Connect,Park City / PCMR,WG020,40.616974136223725,-111.55736099806312,9245.9,3,64.3,50.5,56.2,0.0,0.0,0.0
2026-10-05,Wasatch Wiggle Trail,Park City / PCMR,WG010,40.58570056880523,-111.57390345809982,9702.8,3,62.6,48.3,54.3,0.0,0.0,0.0
2026-10-05,We'll Go From There,Jordanelle,WG027,40.633559740125165,-111.4528915193202,6692.5,3,78.5,56.1,65.5,0.0,0.0,0.0
2026-10-05,Winchester Trail,Jeremy Ranch / Glenwild,WG069,40.71094932830698,-111.54449441430567,6453.0,3,78.9,49.6,63.6,0.0,0.0,0.0
2026-10-05,Woodside Gulch,Deer Valley,WG032,40.63428272582461,-111.50200856347875,7635.5,3,73.4,57.2,63.6,0.0,0.0,0.0
2026-10-05,Wowza Downhill Trail,Deer Valley,WG006,40.58677474689952,-111.51626735679228,8564.8,3,68.0,53.8,59.4,0.0,0.0,0.0
2026-10-05,Wowza Trail,Deer Valley,WG006,40.58754867198866,-111.51557993987645,8552.8,3,68.0,53.8,59.4,0.0,0.0,0.0
2026-10-05,Yabba Dabba Doo,Round Valley,WG067,40.71031601545331,-111.5039304608668,6636.2,3,78.1,51.2,63.4,0.0,0.0,0.0
2026-10-05,Yeti's,Pinebrook,WG072,40.70910944007779,-111.57083697014414,7539.3,3,72.4,57.1,63.6,0.0,0.0,0.0
2026-10-05,You Get It,Jordanelle,WG027,40.63417280890808,-111.45447628262694,6774.5,3,78.5,56.1,65.5,0.0,0.0,0.0
2026-10-06,24-7,Jeremy Ranch / Glenwild,WG086,40.7580938928905,-111.55747502780672,6689.5,3,77.0,55.4,64.4,0.0,0.0,0.0
2026-10-06,4:20,Deer Valley,WG032,40.63850725810498,-111.5016215026881,7810.7,3,73.4,50.7,60.6,0.0,0.0,0.0
2026-10-06,9K Trail,Park City / PCMR,WG017,40.61454424262402,-111.5340694590712,9222.8,3,65.4,49.9,56.2,0.0,0.0,0.0
2026-10-06,A Toll New World,Summit Park,WG078,40.74525880222984,-111.59660432287036,6843.1,3,76.6,56.9,64.5,0.0,0.0,0.0
2026-10-06,Abilene Way,Jeremy Ranch / Glenwild,WG068,40.705162592888,-111.52848253655898,6454.0,3,77.7,54.3,64.7,0.0,0.0,0.0
2026-10-06,Agitator Trail,Deer Valley,WG028,40.62594479567907,-111.46053082324435,7171.6,3,75.1,52.5,62.4,0.0,0.0,0.0
2026-10-06,Alexander Creek Trail,Summit Park,WG093,40.75856130522611,-111.67962308025976,5873.5,3,78.5,65.1,70.8,0.0,0.0,0.0
2026-10-06,Alta-Brighton Trail,Park City / PCMR,WG009,40.59874189108338,-111.5904390735144,9081.0,3,65.5,50.1,56.3,0.0,0.0,0.0
2026-10-06,Ambush,Jeremy Ranch / Glenwild,WG063,40.694225906082366,-111.58181443950004,7757.7,3,73.0,53.4,62.0,0.0,0.0,0.0
2026-10-06,Amenti,Round Valley,WG067,40.71749758221375,-111.50096260266577,6526.6,3,77.6,54.1,63.1,0.0,0.0,0.0
2026-10-06,An Unexpected Journey Trail,Jordanelle,WG001,40.584095263003086,-111.41492155800285,6731.9,3,77.3,54.6,63.8,0.0,0.0,0.0
2026-10-06,Ancient Forest Loop,Round Valley,WG074,40.7314260153664,-111.49224006112888,6485.8,3,78.2,54.6,63.8,0.0,0.0,0.0
2026-10-06,Ant Farm,Jeremy Ranch / Glenwild,WG077,40.74632495230274,-111.55092174051572,6629.0,3,77.2,55.6,64.5,0.0,0.0,0.0
2026-10-06,Apex,Park City / PCMR,WG038,40.62520958876211,-111.53395003281469,9146.4,3,65.7,50.2,56.5,0.0,0.0,0.0
2026-10-06,April Mountain Trail,Deer Valley,WG047,40.650711302598815,-111.4870593388075,7472.0,3,75.7,52.1,62.4,0.0,0.0,0.0
2026-10-06,Armstrong,Park City / PCMR,WG051,40.65248508262897,-111.52994268919429,7566.3,3,73.6,54.0,62.6,0.0,0.0,0.0
2026-10-06,Ashley Avenue,Round Valley,WG057,40.68155854272997,-111.50389122653404,6794.6,3,76.8,53.2,62.9,0.0,0.0,0.0
2026-10-06,Aspen Slalom,Deer Valley,WG013,40.61311265842392,-111.48457791355952,8816.9,3,67.0,51.5,57.8,0.0,0.0,0.0
2026-10-06,BLT,Jeremy Ranch / Glenwild,WG070,40.71492142685356,-111.56084442077211,6927.9,3,76.7,55.1,64.1,0.0,0.0,0.0
2026-10-06,BYOB,Pinebrook,WG070,40.718283985000745,-111.55661288864135,6639.8,3,76.7,55.1,64.1,0.0,0.0,0.0
2026-10-06,Backslide,Round Valley,WG057,40.686236769495366,-111.49111386346571,6972.4,3,76.8,53.2,62.9,0.0,0.0,0.0
2026-10-06,Bad Apple,Jeremy Ranch / Glenwild,WG076,40.74937514368386,-111.56017979748744,6367.9,3,77.9,56.3,65.3,0.0,0.0,0.0
2026-10-06,Bamm Bamm,Round Valley,WG067,40.71001316656963,-111.50256230173504,6667.3,3,77.6,54.1,63.1,0.0,0.0,0.0
2026-10-06,Barrel Roll,Round Valley,WG058,40.69153134198254,-111.48458530535574,7017.0,3,76.2,52.6,62.3,0.0,0.0,0.0
2026-10-06,Beep Beep Trail,Jordanelle,WG001,40.59039066618902,-111.4033797731244,6670.3,3,77.3,54.6,63.8,0.0,0.0,0.0
2026-10-06,Big Dipper,Jordanelle,WG042,40.66018548005414,-111.43175307695702,6961.2,3,77.1,53.6,63.8,0.0,0.0,0.0
2026-10-06,Big Easy,Round Valley,WG057,40.696128326880846,-111.48285293654745,6776.5,3,76.8,53.2,62.9,0.0,0.0,0.0
2026-10-06,Black Forest,Deer Valley,WG016,40.61940428916709,-111.52036519166067,8929.3,3,66.9,51.4,57.7,0.0,0.0,0.0
2026-10-06,Blackhawk Trail,Jeremy Ranch / Glenwild,WG075,40.73111252615939,-111.53542276920604,6536.5,3,77.1,55.5,64.4,0.0,0.0,0.0
2026-10-06,Blazing Saddle,Park City / PCMR,WG020,40.61652898868821,-111.55635878361066,9384.9,3,65.1,49.6,55.9,0.0,0.0,0.0
2026-10-06,Bonanza Flat Overlook,Deer Valley,WG017,40.60116766018752,-111.5344182482656,9112.3,3,65.4,49.9,56.2,0.0,0.0,0.0
2026-10-06,Bonanza Loop Trail,Deer Valley,WG016,40.60282163896819,-111.52815381158308,8908.5,3,66.9,51.4,57.7,0.0,0.0,0.0
2026-10-06,Bonanza Trail,Deer Valley,WG046,40.661614248984336,-111.49584605339936,6814.3,3,76.7,53.2,63.4,0.0,0.0,0.0
2026-10-06,Boot Hill,Park City / PCMR,WG046,40.66311538182378,-111.50841776480048,6853.1,3,76.7,53.2,63.4,0.0,0.0,0.0
2026-10-06,Boot Hill Connect,Park City / PCMR,WG046,40.66384832032967,-111.50809692977944,6921.4,3,76.7,53.2,63.4,0.0,0.0,0.0
2026-10-06,Boulder,Deer Valley,WG013,40.61539223980999,-111.50399769475118,8635.0,3,67.0,51.5,57.8,0.0,0.0,0.0
2026-10-06,Boulder / Trump,Deer Valley,WG013,40.610998229404565,-111.50208555144307,8996.4,3,67.0,51.5,57.8,0.0,0.0,0.0
2026-10-06,Bourbon Street,Round Valley,WG067,40.70798253656,-111.48164466049944,6673.3,3,77.6,54.1,63.1,0.0,0.0,0.0
2026-10-06,Bow Hunter,Deer Valley,WG014,40.60108596513679,-111.48484426536052,9020.3,3,66.1,50.6,56.9,0.0,0.0,0.0
2026-10-06,Bow Hunter Extension,Deer Valley,WG005,40.59796119210968,-111.4848069886625,9014.7,3,66.2,50.7,57.0,0.0,0.0,0.0
2026-10-06,Brighton Lakes Trail,Park City / PCMR,WG009,40.59287052758444,-111.58751257009568,9276.0,3,65.5,50.1,56.3,0.0,0.0,0.0
2026-10-06,Bronto Jam,Round Valley,WG067,40.71004954775594,-111.501977414722,6672.8,3,77.6,54.1,63.1,0.0,0.0,0.0
2026-10-06,CMG,Park City / PCMR,WG035,40.645848884326966,-111.51679268892973,7606.5,3,70.9,55.4,62.0,0.0,0.0,0.0
2026-10-06,Cammy's,Round Valley,WG057,40.69072662264133,-111.49673800313964,6953.5,3,76.8,53.2,62.9,0.0,0.0,0.0
2026-10-06,Canyons Downhill,Pinebrook,WG061,40.68430916809496,-111.56849091879047,7666.2,3,73.3,53.7,62.3,0.0,0.0,0.0
2026-10-06,Catherine's Pass Trail,Park City / PCMR,WG010,40.585096359880005,-111.59078643106362,9753.9,3,63.6,48.2,54.4,0.0,0.0,0.0
2026-10-06,Claim Jumper,Park City / PCMR,WG036,40.63958065995946,-111.52518162563226,8147.6,3,68.6,53.1,59.6,0.0,0.0,0.0
2026-10-06,Clayton Peak Trail,Park City / PCMR,WG010,40.58693552999217,-111.57085635011327,9813.5,3,63.6,48.2,54.4,0.0,0.0,0.0
2026-10-06,Cobblestone Loop,Jeremy Ranch / Glenwild,WG084,40.75845647840704,-111.52582619388934,6805.4,3,76.5,56.9,65.2,0.0,0.0,0.0
2026-10-06,Cobblestone Trail,Jeremy Ranch / Glenwild,WG084,40.75512641497514,-111.52744418745776,6723.8,3,76.5,56.9,65.2,0.0,0.0,0.0
2026-10-06,Colin's Trail,Jeremy Ranch / Glenwild,WG060,40.69629937433107,-111.55671582168428,7029.9,3,75.1,55.4,63.9,0.0,0.0,0.0
2026-10-06,Colony Mid Mountain Connector,Park City / PCMR,WG052,40.65011049975458,-111.53932673410868,8429.2,3,68.3,52.8,59.3,0.0,0.0,0.0
2026-10-06,Comstock Mine Trail,Park City / PCMR,WG019,40.62270505527668,-111.54357954562096,8723.6,3,67.2,51.7,58.0,0.0,0.0,0.0
2026-10-06,Constellation Trail,Jordanelle,WG026,40.6428753631073,-111.43505033038012,6261.6,3,78.7,56.0,65.3,0.0,0.0,0.0
2026-10-06,Corvair,Deer Valley,WG016,40.61099169805087,-111.51230389508405,8648.6,3,66.9,51.4,57.7,0.0,0.0,0.0
2026-10-06,Corvair (Upper),Deer Valley,WG016,40.60840912265719,-111.51090449857222,8883.3,3,66.9,51.4,57.7,0.0,0.0,0.0
2026-10-06,Corvair Connector,Deer Valley,WG016,40.61070239150149,-111.5115633319795,8812.1,3,66.9,51.4,57.7,0.0,0.0,0.0
2026-10-06,Cousin Eddy Trail,Clark Ranch,WG044,40.66170094764518,-111.45386933866466,6817.2,3,76.9,53.3,63.1,0.0,0.0,0.0
2026-10-06,Coyote Loop Trail,Jordanelle,WG001,40.58676467246392,-111.40272629625528,6895.7,3,77.3,54.6,63.8,0.0,0.0,0.0
2026-10-06,Crazy Eights,Jeremy Ranch / Glenwild,WG077,40.74908550583131,-111.55291850861556,6580.7,3,77.2,55.6,64.5,0.0,0.0,0.0
2026-10-06,Crescent Ridge,Park City / PCMR,WG036,40.64328062856461,-111.5205999025961,8289.2,3,68.6,53.1,59.6,0.0,0.0,0.0
2026-10-06,Cutter Lane,Jeremy Ranch / Glenwild,WG068,40.7083260127391,-111.53140227257067,6437.7,3,77.7,54.3,64.7,0.0,0.0,0.0
2026-10-06,Cyn City,Park City / PCMR,WG016,40.62106458390316,-111.52108056020784,8700.1,3,66.9,51.4,57.7,0.0,0.0,0.0
2026-10-06,Daily Overlook,Deer Valley,WG031,40.631723443280656,-111.4987920660294,7430.4,3,74.8,52.1,62.0,0.0,0.0,0.0
2026-10-06,Daly Avenue,Deer Valley,WG031,40.63079192228995,-111.49966938212476,7430.3,3,74.8,52.1,62.0,0.0,0.0,0.0
2026-10-06,Daly Bypass,Deer Valley,WG031,40.63469577874592,-111.4972952534869,7351.3,3,74.8,52.1,62.0,0.0,0.0,0.0
2026-10-06,Daly Canyon,Deer Valley,WG011,40.620194319264456,-111.50922727258838,7986.4,3,70.1,54.6,61.1,0.0,0.0,0.0
2026-10-06,Daly Grind,Deer Valley,WG011,40.62436395642222,-111.5065519695764,7745.3,3,70.1,54.6,61.1,0.0,0.0,0.0
2026-10-06,Dawns Trail,Park City / PCMR,WG051,40.65039115727101,-111.52578815180028,7505.7,3,73.6,54.0,62.6,0.0,0.0,0.0
2026-10-06,Dead Reckoning,Summit Park,WG078,40.74804102527887,-111.5901705440554,6808.0,3,76.6,56.9,64.5,0.0,0.0,0.0
2026-10-06,Dead Tree,Park City / PCMR,WG021,40.611358588022426,-111.54588982448988,9653.6,3,63.6,48.1,54.2,0.0,0.0,0.0
2026-10-06,Deep Park Circle,Jordanelle,WG026,40.626894083286025,-111.43587347972714,6383.2,3,78.7,56.0,65.3,0.0,0.0,0.0
2026-10-06,Deer Camp,Deer Valley,WG013,40.60519585339864,-111.4911066437841,8920.6,3,67.0,51.5,57.8,0.0,0.0,0.0
2026-10-06,Deer Crest,Deer Valley,WG029,40.63553157935396,-111.47424740401932,7612.2,3,73.8,51.1,61.0,0.0,0.0,0.0
2026-10-06,Devo,Deer Valley,WG032,40.6296740826892,-111.48374523511592,7963.4,3,73.4,50.7,60.6,0.0,0.0,0.0
2026-10-06,Discovery,Summit Park,WG078,40.74903521550762,-111.59463162387972,6614.4,3,76.6,56.9,64.5,0.0,0.0,0.0
2026-10-06,Downward Dog,Round Valley,WG057,40.68865758594976,-111.48489883261024,6958.5,3,76.8,53.2,62.9,0.0,0.0,0.0
2026-10-06,Dropout,Jeremy Ranch / Glenwild,WG077,40.74673233142679,-111.55449028155309,6576.0,3,77.2,55.6,64.5,0.0,0.0,0.0
2026-10-06,Dubois,Jeremy Ranch / Glenwild,WG059,40.698630398586985,-111.55581872982933,6878.9,3,76.6,53.3,63.7,0.0,0.0,0.0
2026-10-06,Eagle Cove,Round Valley,WG057,40.68665016051084,-111.49786169389527,6799.6,3,76.8,53.2,62.9,0.0,0.0,0.0
2026-10-06,Eagle Trail,Park City / PCMR,WG051,40.65138382915936,-111.51929067308184,7664.9,3,73.6,54.0,62.6,0.0,0.0,0.0
2026-10-06,Eagle Way,Park City / PCMR,WG048,40.65295946154777,-111.48775315119684,7538.9,3,74.4,50.8,61.6,0.0,0.0,0.0
2026-10-06,East Fallen Pines Lane,Park City / PCMR,WG022,40.61551642366452,-111.57912837068116,8712.4,3,67.1,51.7,57.7,0.0,0.0,0.0
2026-10-06,Easy Rider,Park City / PCMR,WG009,40.59580193116481,-111.57632308440664,9141.3,3,65.5,50.1,56.3,0.0,0.0,0.0
2026-10-06,Ecker Hill Trail,Pinebrook,WG076,40.740364526144575,-111.5667817840803,6401.3,3,77.9,56.3,65.3,0.0,0.0,0.0
2026-10-06,Empire Alternate,Deer Valley,WG032,40.62635819528807,-111.50016350153602,7943.1,3,73.4,50.7,60.6,0.0,0.0,0.0
2026-10-06,Empire Link,Deer Valley,WG012,40.62422557470265,-111.50748256286928,8022.2,3,68.9,53.4,60.1,0.0,0.0,0.0
2026-10-06,Empire Lodge,Deer Valley,WG015,40.61442062316093,-111.51298418240138,8439.2,3,68.7,53.2,59.7,0.0,0.0,0.0
2026-10-06,Empire Pass Connector,Deer Valley,WG016,40.60627316294136,-111.51481095351645,8948.4,3,66.9,51.4,57.7,0.0,0.0,0.0
2026-10-06,Equestrian,Round Valley,WG067,40.70215181343843,-111.50219785223597,6719.1,3,77.6,54.1,63.1,0.0,0.0,0.0
2026-10-06,Euston,Round Valley,WG047,40.65772556817424,-111.48315877249176,7062.9,3,75.7,52.1,62.4,0.0,0.0,0.0
2026-10-06,Evil Empire,Park City / PCMR,WG016,40.61923823662483,-111.52513988679308,8746.8,3,66.9,51.4,57.7,0.0,0.0,0.0
2026-10-06,Fairway Hills Trail,Round Valley,WG055,40.67853348641883,-111.47699791832557,6747.4,3,77.1,53.5,63.1,0.0,0.0,0.0
2026-10-06,Family Truckster Trail,Clark Ranch,WG044,40.66038172048119,-111.452885753204,6847.4,3,76.9,53.3,63.1,0.0,0.0,0.0
2026-10-06,Fast Pitch Trail,Round Valley,WG055,40.6798165110769,-111.47671870073196,6759.1,3,77.1,53.5,63.1,0.0,0.0,0.0
2026-10-06,Fat Lip,Park City / PCMR,WG016,40.62192963761681,-111.5279713594279,8931.1,3,66.9,51.4,57.7,0.0,0.0,0.0
2026-10-06,Field Stone,Round Valley,WG067,40.71706243943152,-111.49059329339536,6526.3,3,77.6,54.1,63.1,0.0,0.0,0.0
2026-10-06,Fink Again,Jeremy Ranch / Glenwild,WG086,40.75125285000831,-111.55541181172696,6586.2,3,77.0,55.4,64.4,0.0,0.0,0.0
2026-10-06,Finns,Deer Valley,WG028,40.640763495812735,-111.47689190658058,7214.2,3,75.1,52.5,62.4,0.0,0.0,0.0
2026-10-06,Fireswamp,Deer Valley,WG013,40.61340925382439,-111.48239833860336,8873.0,3,67.0,51.5,57.8,0.0,0.0,0.0
2026-10-06,First Time,Park City / PCMR,WG050,40.65050878239233,-111.51048291433958,7041.1,3,76.0,53.3,62.7,0.0,0.0,0.0
2026-10-06,First Time Return,Park City / PCMR,WG050,40.65021414919943,-111.51090683334832,7073.8,3,76.0,53.3,62.7,0.0,0.0,0.0
2026-10-06,Flagstaff Loop,Deer Valley,WG013,40.60758047007656,-111.496735533601,8898.0,3,67.0,51.5,57.8,0.0,0.0,0.0
2026-10-06,Flat Cable,Park City / PCMR,WG032,40.644102718034645,-111.505628746172,7565.4,3,73.4,50.7,60.6,0.0,0.0,0.0
2026-10-06,Flat Iron,Park City / PCMR,WG036,40.62696082564811,-111.51719430456902,8393.5,3,68.6,53.1,59.6,0.0,0.0,0.0
2026-10-06,Flying Dog,Jeremy Ranch / Glenwild,WG087,40.77237660098178,-111.54161762597796,7321.2,3,74.7,55.1,63.4,0.0,0.0,0.0
2026-10-06,Forest Glen Trail,Park City / PCMR,WG022,40.61089948644494,-111.5784844905115,8765.8,3,67.1,51.7,57.7,0.0,0.0,0.0
2026-10-06,Fox Tail Trail,Round Valley,WG045,40.66564803508002,-111.47503092801368,7133.0,3,75.4,51.8,62.1,0.0,0.0,0.0
2026-10-06,Freemason,Park City / PCMR,WG046,40.65768683021079,-111.49819012622744,6949.6,3,76.7,53.2,63.4,0.0,0.0,0.0
2026-10-06,Full Steam Billy,Park City / PCMR,WG031,40.64842922650065,-111.4945100220623,7246.4,3,74.8,52.1,62.0,0.0,0.0,0.0
2026-10-06,Gambel Oak Cut,Round Valley,WG045,40.65967079074984,-111.47871602858976,7240.9,3,75.4,51.8,62.1,0.0,0.0,0.0
2026-10-06,Gambel Oak North,Park City / PCMR,WG047,40.65915752473873,-111.48180315635692,7112.6,3,75.7,52.1,62.4,0.0,0.0,0.0
2026-10-06,Gambel Oak Trail,Park City / PCMR,WG031,40.64847351910524,-111.48419757905585,7408.0,3,74.8,52.1,62.0,0.0,0.0,0.0
2026-10-06,Gap Bypass Trail,Deer Valley,WG028,40.64123747413292,-111.47577580871994,7306.6,3,75.1,52.5,62.4,0.0,0.0,0.0
2026-10-06,Gap Loop,Deer Valley,WG028,40.6409109833561,-111.47399614902376,7445.8,3,75.1,52.5,62.4,0.0,0.0,0.0
2026-10-06,Glenwild Loop,Jeremy Ranch / Glenwild,WG075,40.73989427988239,-111.52813430357229,6701.6,3,77.1,55.5,64.4,0.0,0.0,0.0
2026-10-06,Glenwild Loop / Wasatch,Jeremy Ranch / Glenwild,WG074,40.74589846722535,-111.509614206256,6451.3,3,78.2,54.6,63.8,0.0,0.0,0.0
2026-10-06,Gold Finger,Park City / PCMR,WG053,40.65997467243904,-111.55431689925648,8081.9,3,71.4,51.8,60.3,0.0,0.0,0.0
2026-10-06,Golden Needle,Park City / PCMR,WG008,40.59452078975266,-111.56725110409884,9811.4,3,63.6,48.1,54.2,0.0,0.0,0.0
2026-10-06,Gorgoza Park,Pinebrook,WG089,40.75144469967726,-111.581432624726,6619.5,3,76.9,57.2,64.8,0.0,0.0,0.0
2026-10-06,Gotcha Cuttoff,Park City / PCMR,WG035,40.64587964864319,-111.5166123821088,7673.2,3,70.9,55.4,62.0,0.0,0.0,0.0
2026-10-06,Grave Digger,Deer Valley,WG032,40.62962271716946,-111.50201210924322,7682.6,3,73.4,50.7,60.6,0.0,0.0,0.0
2026-10-06,Great Western Trail,Wasatch Crest / Millcreek,WG092,40.77286580912175,-111.6406537725031,7571.3,3,73.6,52.0,60.9,0.0,0.0,0.0
2026-10-06,Great Western Trail / Great Western Trail bypass,Wasatch Crest / Millcreek,WG091,40.7535574542296,-111.6313027356856,7111.8,3,73.8,55.2,63.2,0.0,0.0,0.0
2026-10-06,H.A.M.,Park City / PCMR,WG035,40.64547382276132,-111.53139851516626,7780.5,3,70.9,55.4,62.0,0.0,0.0,0.0
2026-10-06,Hang Time South,Park City / PCMR,WG046,40.65853660632904,-111.49606808644194,6970.8,3,76.7,53.2,63.4,0.0,0.0,0.0
2026-10-06,Happy Gilmor,Round Valley,WG067,40.70712360033319,-111.5014684546231,6569.0,3,77.6,54.1,63.1,0.0,0.0,0.0
2026-10-06,Happy Trailside,Round Valley,WG067,40.708413441306845,-111.50471867526606,6595.6,3,77.6,54.1,63.1,0.0,0.0,0.0
2026-10-06,Hat Trick Trail,Round Valley,WG055,40.678830976721535,-111.47596646172724,6757.0,3,77.1,53.5,63.1,0.0,0.0,0.0
2026-10-06,Heard It Both Ways Trail,Deer Valley,WG004,40.593082879194085,-111.49125770411068,8855.0,3,67.3,51.8,58.1,0.0,0.0,0.0
2026-10-06,Hidden Cove,Summit Park,WG089,40.756655895607175,-111.597334386164,6686.2,3,76.9,57.2,64.8,0.0,0.0,0.0
2026-10-06,High Meadows Connector,Pinebrook,WG076,40.74134938710701,-111.56847869190176,6429.9,3,77.9,56.3,65.3,0.0,0.0,0.0
2026-10-06,High Side,Round Valley,WG055,40.69388247977245,-111.4770589235944,6909.3,3,77.1,53.5,63.1,0.0,0.0,0.0
2026-10-06,Holly's,Pinebrook,WG063,40.68604417524608,-111.57782170773478,7824.2,3,73.0,53.4,62.0,0.0,0.0,0.0
2026-10-06,Holy Roller,Deer Valley,WG013,40.6113609111251,-111.48708066137604,8716.2,3,67.0,51.5,57.8,0.0,0.0,0.0
2026-10-06,Humdinger,Deer Valley,WG029,40.626356336628135,-111.46720603877804,7537.3,3,73.8,51.1,61.0,0.0,0.0,0.0
2026-10-06,Insurgent,Jeremy Ranch / Glenwild,WG063,40.68610182305705,-111.58195303109213,7873.2,3,73.0,53.4,62.0,0.0,0.0,0.0
2026-10-06,Io Trail (Middle),Deer Valley,WG017,40.61025792344493,-111.52770861008732,9342.5,3,65.4,49.9,56.2,0.0,0.0,0.0
2026-10-06,Iron Bill,Jeremy Ranch / Glenwild,WG071,40.70817834974828,-111.55726593666238,7034.2,3,74.5,54.9,63.3,0.0,0.0,0.0
2026-10-06,Iron Man,Park City / PCMR,WG053,40.6585520468376,-111.5452566956134,8305.8,3,71.4,51.8,60.3,0.0,0.0,0.0
2026-10-06,Iron Mountain Trail,Park City / PCMR,WG054,40.65649532455427,-111.54475504732362,8753.8,3,69.4,49.8,58.3,0.0,0.0,0.0
2026-10-06,Izzy's Inferno (Dog Pound),Deer Valley,WG012,40.619811878384205,-111.48856422719636,8193.5,3,68.9,53.4,60.1,0.0,0.0,0.0
2026-10-06,Jailbreak,Jeremy Ranch / Glenwild,WG085,40.75712939272894,-111.56214780445411,6277.4,3,78.2,58.5,66.1,0.0,0.0,0.0
2026-10-06,Jeep Hill (Safety Coridoor),Deer Valley,WG013,40.60451306969404,-111.50923514571896,8820.6,3,67.0,51.5,57.8,0.0,0.0,0.0
2026-10-06,Jenni's Trail,Park City / PCMR,WG034,40.64869166733497,-111.51220769740809,7207.7,3,72.2,56.7,63.3,0.0,0.0,0.0
2026-10-06,Jenni's Trail upper,Park City / PCMR,WG035,40.63937813819639,-111.5112423147728,7789.7,3,70.9,55.4,62.0,0.0,0.0,0.0
2026-10-06,Johns '99,Park City / PCMR,WG033,40.62911828578874,-111.50998374795329,8128.2,3,69.4,53.9,60.4,0.0,0.0,0.0
2026-10-06,Johns 99,Deer Valley,WG015,40.62450457371346,-111.51231498110546,8231.6,3,68.7,53.2,59.7,0.0,0.0,0.0
2026-10-06,Johns Trail,Park City / PCMR,WG033,40.63760825426597,-111.50539626371148,8041.4,3,69.4,53.9,60.4,0.0,0.0,0.0
2026-10-06,Jordanelle (West Bank) Trail,Jordanelle,WG026,40.63639192686843,-111.4311179892118,6210.9,3,78.7,56.0,65.3,0.0,0.0,0.0
2026-10-06,Jordanelle Perimeter Trail,Jordanelle,WG024,40.633349610731685,-111.4121970547725,6216.7,3,78.9,56.2,65.5,0.0,0.0,0.0
2026-10-06,Jupiter Peak,Park City / PCMR,WG021,40.610319419324455,-111.54904593331813,9871.3,3,63.6,48.1,54.2,0.0,0.0,0.0
2026-10-06,Jupiter Ridge,Park City / PCMR,WG018,40.61268065771163,-111.53867835914352,9869.4,3,63.8,48.3,54.4,0.0,0.0,0.0
2026-10-06,Kaboom Trail / Call Sign Casa Trail,Jordanelle,WG027,40.62794719612903,-111.45468580169128,6888.6,3,76.9,54.3,63.3,0.0,0.0,0.0
2026-10-06,Kari's,Round Valley,WG055,40.69160040530727,-111.47515847036864,6850.2,3,77.1,53.5,63.1,0.0,0.0,0.0
2026-10-06,Keetley,Jordanelle,WG024,40.6438983646529,-111.4097274639112,6255.4,3,78.9,56.2,65.5,0.0,0.0,0.0
2026-10-06,Keystone Trail,Park City / PCMR,WG037,40.62506440637064,-111.53055382777043,8890.7,3,67.5,52.0,58.5,0.0,0.0,0.0
2026-10-06,La Dee Duh,Round Valley,WG057,40.69261799590889,-111.5001632592338,6864.5,3,76.8,53.2,62.9,0.0,0.0,0.0
2026-10-06,Lavina,Deer Valley,WG006,40.58376333945228,-111.52567195673171,8621.7,3,67.7,52.2,58.5,0.0,0.0,0.0
2026-10-06,Legacy Loop,Jeremy Ranch / Glenwild,WG071,40.705995804360256,-111.55961886682412,7342.6,3,74.5,54.9,63.3,0.0,0.0,0.0
2026-10-06,Legacy Ridge,Jeremy Ranch / Glenwild,WG071,40.70648419743829,-111.5603960205038,7414.3,3,74.5,54.9,63.3,0.0,0.0,0.0
2026-10-06,Legacy. Loop,Jeremy Ranch / Glenwild,WG071,40.70737188748682,-111.5599210439625,7363.1,3,74.5,54.9,63.3,0.0,0.0,0.0
2026-10-06,Link,Deer Valley,WG015,40.624117394272574,-111.51614328186776,8385.3,3,68.7,53.2,59.7,0.0,0.0,0.0
2026-10-06,Little Chief,Deer Valley,WG015,40.61872839208637,-111.51243052868438,8322.6,3,68.7,53.2,59.7,0.0,0.0,0.0
2026-10-06,Little Engine Trail,Summit Park,WG089,40.756690732809,-111.59562244098744,6709.3,3,76.9,57.2,64.8,0.0,0.0,0.0
2026-10-06,Little Stick,Deer Valley,WG028,40.63409637421967,-111.478301770839,7464.6,3,75.1,52.5,62.4,0.0,0.0,0.0
2026-10-06,Longview,Jordanelle,WG040,40.65785550770212,-111.4151527495857,6299.6,3,78.9,55.3,65.4,0.0,0.0,0.0
2026-10-06,Looney Tunes Trail,Jordanelle,WG002,40.58370423178651,-111.40605522395904,7149.3,3,75.6,53.0,62.2,0.0,0.0,0.0
2026-10-06,Loose Moose,Park City / PCMR,WG031,40.64358346695202,-111.50940341630726,7446.3,3,74.8,52.1,62.0,0.0,0.0,0.0
2026-10-06,Lost Prospector,Park City / PCMR,WG047,40.659849225736586,-111.4888557229514,7044.5,3,75.7,52.1,62.4,0.0,0.0,0.0
2026-10-06,Lower Devo Trail,Deer Valley,WG032,40.63290230557317,-111.48205615844142,7656.5,3,73.4,50.7,60.6,0.0,0.0,0.0
2026-10-06,Lower Masonic,Park City / PCMR,WG047,40.65358630670372,-111.49972319928794,7113.0,3,75.7,52.1,62.4,0.0,0.0,0.0
2026-10-06,Lower Sparky Trail,Clark Ranch,WG044,40.66761130235187,-111.4559551589961,6689.8,3,76.9,53.3,63.1,0.0,0.0,0.0
2026-10-06,Lower Village,Deer Valley,WG028,40.64043848354113,-111.46360640728942,7008.1,3,75.1,52.5,62.4,0.0,0.0,0.0
2026-10-06,Lynx #2,Round Valley,WG044,40.66734087696376,-111.46694625830712,6898.8,3,76.9,53.3,63.1,0.0,0.0,0.0
2026-10-06,Masonic,Park City / PCMR,WG047,40.65628760128763,-111.48965728213436,7283.0,3,75.7,52.1,62.4,0.0,0.0,0.0
2026-10-06,Matt's Flat,Round Valley,WG057,40.68924275786925,-111.49221205396208,6921.6,3,76.8,53.2,62.9,0.0,0.0,0.0
2026-10-06,McConkeys,Park City / PCMR,WG016,40.617956923480186,-111.52625119796232,8958.8,3,66.9,51.4,57.7,0.0,0.0,0.0
2026-10-06,McConkeys / Io Trail (Middle),Park City / PCMR,WG018,40.61168680632571,-111.53326494678502,9588.6,3,63.8,48.3,54.4,0.0,0.0,0.0
2026-10-06,McHenry Avenue,Deer Valley,WG031,40.640126864152855,-111.49219625319049,7274.9,3,74.8,52.1,62.0,0.0,0.0,0.0
2026-10-06,Mid-Mountain Connect,Park City / PCMR,WG036,40.63223012461414,-111.51309555497544,8201.7,3,68.6,53.1,59.6,0.0,0.0,0.0
2026-10-06,Mid-Mountain Trail,Park City / PCMR,WG036,40.64534582424172,-111.53118141177607,8168.3,3,68.6,53.1,59.6,0.0,0.0,0.0
2026-10-06,Milky Way,Jordanelle,WG042,40.65767372971338,-111.43373089841624,6795.1,3,77.1,53.6,63.8,0.0,0.0,0.0
2026-10-06,Milky Way / Two Rocks,Jordanelle,WG042,40.66056479638159,-111.42608338059031,6558.6,3,77.1,53.6,63.8,0.0,0.0,0.0
2026-10-06,Miner's Mile,Park City / PCMR,WG036,40.62728968091632,-111.51804021102016,8457.0,3,68.6,53.1,59.6,0.0,0.0,0.0
2026-10-06,Miss Billy's,Jeremy Ranch / Glenwild,WG059,40.69127466685039,-111.54016400735836,6614.6,3,76.6,53.3,63.7,0.0,0.0,0.0
2026-10-06,Mojave,Park City / PCMR,WG037,40.634971780917176,-111.5211432294971,8540.4,3,67.5,52.0,58.5,0.0,0.0,0.0
2026-10-06,Moose Hollow,Summit Park,WG088,40.76397899834495,-111.58866445905328,6467.6,3,77.6,58.0,65.5,0.0,0.0,0.0
2026-10-06,Moose Poop,Deer Valley,WG032,40.633538239133244,-111.50120248027572,7607.1,3,73.4,50.7,60.6,0.0,0.0,0.0
2026-10-06,Moose Puddle,Pinebrook,WG071,40.70548588260783,-111.56718578772085,7487.6,3,74.5,54.9,63.3,0.0,0.0,0.0
2026-10-06,Moose Tracks Trail,Park City / PCMR,WG009,40.59516414126596,-111.57427709390586,9258.1,3,65.5,50.1,56.3,0.0,0.0,0.0
2026-10-06,Moosebones,Deer Valley,WG013,40.61167254823319,-111.50326786094648,8857.2,3,67.0,51.5,57.8,0.0,0.0,0.0
2026-10-06,Moosehouse,Park City / PCMR,WG032,40.63204398195126,-111.5038481086022,7902.6,3,73.4,50.7,60.6,0.0,0.0,0.0
2026-10-06,Mother Urban,Deer Valley,WG032,40.63167066031289,-111.5034058570439,7904.1,3,73.4,50.7,60.6,0.0,0.0,0.0
2026-10-06,Mountain Ranch,Jeremy Ranch / Glenwild,WG066,40.719482563829935,-111.5082007499112,6453.3,3,77.6,54.7,64.7,0.0,0.0,0.0
2026-10-06,Mountain Ranch Estates,Round Valley,WG067,40.7173985998433,-111.50812726137713,6520.0,3,77.6,54.1,63.1,0.0,0.0,0.0
2026-10-06,Mountain Willow,Round Valley,WG067,40.71402930681007,-111.48565937361776,6571.7,3,77.6,54.1,63.1,0.0,0.0,0.0
2026-10-06,Mr Muchrocks,Round Valley,WG067,40.70904482572548,-111.50323360919846,6653.2,3,77.6,54.1,63.1,0.0,0.0,0.0
2026-10-06,NCS,Deer Valley,WG032,40.62911396321707,-111.4803727621932,7992.5,3,73.4,50.7,60.6,0.0,0.0,0.0
2026-10-06,Nick NAC,Round Valley,WG057,40.69210865876878,-111.490120990647,6959.3,3,76.8,53.2,62.9,0.0,0.0,0.0
2026-10-06,No Worries,Summit Park,WG081,40.73716048778493,-111.60234213265907,7289.1,3,74.7,55.0,63.6,0.0,0.0,0.0
2026-10-06,North 400 West,Jeremy Ranch / Glenwild,WG068,40.70279368500318,-111.51897621463831,6441.4,3,77.7,54.3,64.7,0.0,0.0,0.0
2026-10-06,North Ross Creek Trail,Jordanelle,WG041,40.66585897507511,-111.42082357173696,6405.0,3,78.4,54.9,65.0,0.0,0.0,0.0
2026-10-06,Nowhere Elks,Round Valley,WG058,40.69018989582584,-111.48311322310164,7036.6,3,76.2,52.6,62.3,0.0,0.0,0.0
2026-10-06,OMG,Deer Valley,WG032,40.631226274970665,-111.4973428195913,7571.3,3,73.4,50.7,60.6,0.0,0.0,0.0
2026-10-06,OMH,Pinebrook,WG070,40.71997692753587,-111.55773747935044,6677.5,3,76.7,55.1,64.1,0.0,0.0,0.0
2026-10-06,Oh Deer Flow,Jordanelle,WG041,40.66237367218405,-111.42118550237925,6403.1,3,78.4,54.9,65.0,0.0,0.0,0.0
2026-10-06,Old Homeward Bound,Deer Valley,WG012,40.61357496233911,-111.48964629692756,8441.1,3,68.9,53.4,60.1,0.0,0.0,0.0
2026-10-06,Old Skool,Deer Valley,WG032,40.631898683587,-111.48423208918877,7827.2,3,73.4,50.7,60.6,0.0,0.0,0.0
2026-10-06,Old Stage Crest Connect,Park City / PCMR,WG023,40.61247305094488,-111.5715274805363,9057.3,3,66.0,50.5,56.8,0.0,0.0,0.0
2026-10-06,Olympic,Pinebrook,WG064,40.69996684096533,-111.57868853500152,8004.0,3,72.0,52.4,60.9,0.0,0.0,0.0
2026-10-06,Ontario Canyon,Deer Valley,WG013,40.61130277448227,-111.48755898005427,8755.1,3,67.0,51.5,57.8,0.0,0.0,0.0
2026-10-06,Ontario Ridge,Deer Valley,WG032,40.62821582013441,-111.49780973717266,7815.3,3,73.4,50.7,60.6,0.0,0.0,0.0
2026-10-06,Ore Cart,Deer Valley,WG015,40.621755910380834,-111.51139929264724,8146.4,3,68.7,53.2,59.7,0.0,0.0,0.0
2026-10-06,Outlook,Deer Valley,WG029,40.63657831428653,-111.4685462481628,7646.2,3,73.8,51.1,61.0,0.0,0.0,0.0
2026-10-06,Pale Green Dot,Summit Park,WG078,40.74689592786439,-111.59182437672968,6802.1,3,76.6,56.9,64.5,0.0,0.0,0.0
2026-10-06,Parley's Lane,Summit Park,WG089,40.75375624958085,-111.59849347383722,6719.0,3,76.9,57.2,64.8,0.0,0.0,0.0
2026-10-06,Payday,Park City / PCMR,WG035,40.64053545819342,-111.51124538504462,7598.1,3,70.9,55.4,62.0,0.0,0.0,0.0
2026-10-06,Payroll,Deer Valley,WG013,40.61095393430099,-111.5094443089702,8630.4,3,67.0,51.5,57.8,0.0,0.0,0.0
2026-10-06,Pedalers Inn,Deer Valley,WG012,40.61923438649311,-111.4865707901735,8286.8,3,68.9,53.4,60.1,0.0,0.0,0.0
2026-10-06,Perrier Pass,Park City / PCMR,WG017,40.61814002894983,-111.53826776190397,9445.9,3,65.4,49.9,56.2,0.0,0.0,0.0
2026-10-06,Pinebrook Point,Pinebrook,WG089,40.75079411917499,-111.57994193527573,6623.3,3,76.9,57.2,64.8,0.0,0.0,0.0
2026-10-06,Pinebrook Pointe South,Pinebrook,WG078,40.74959135152933,-111.5795998040212,6632.5,3,76.6,56.9,64.5,0.0,0.0,0.0
2026-10-06,Pinebrook Southeast Perimeter / Hunter's Trail of the Mid Mountain,Pinebrook,WG072,40.71419878562093,-111.5896757552273,7875.5,3,73.2,53.6,62.1,0.0,0.0,0.0
2026-10-06,Pinebrook Southeast Perimeter / Pinebrook SE Perimeter,Pinebrook,WG079,40.72863077219642,-111.58102679054537,7392.0,3,74.3,54.7,63.1,0.0,0.0,0.0
2026-10-06,Pinebrook Southeast Perimeter Trail,Pinebrook,WG078,40.73058687532795,-111.57244227312069,6947.5,3,76.6,56.9,64.5,0.0,0.0,0.0
2026-10-06,Pinecone Ridge,Park City / PCMR,WG039,40.63337906740186,-111.54644099265712,9084.9,3,65.9,50.4,56.7,0.0,0.0,0.0
2026-10-06,Pioneer Ridge,Park City / PCMR,WG018,40.61649374604546,-111.53892521633333,9598.5,3,63.8,48.3,54.4,0.0,0.0,0.0
2026-10-06,Pipeline,Deer Valley,WG028,40.63885618836171,-111.46966538134832,7356.9,3,75.1,52.5,62.4,0.0,0.0,0.0
2026-10-06,Pointy Rocks,Deer Valley,WG031,40.63679995846106,-111.48172224533342,7428.0,3,74.8,52.1,62.0,0.0,0.0,0.0
2026-10-06,PorcUclimb,Round Valley,WG058,40.69402326414524,-111.48517031749344,7064.7,3,76.2,52.6,62.3,0.0,0.0,0.0
2026-10-06,Powerline,Pinebrook,WG078,40.74237998272819,-111.5716363238219,6548.4,3,76.6,56.9,64.5,0.0,0.0,0.0
2026-10-06,Powerline Connector,Pinebrook,WG078,40.74298978990414,-111.5728828415412,6585.6,3,76.6,56.9,64.5,0.0,0.0,0.0
2026-10-06,Powerline Trail,Park City / PCMR,WG036,40.63015217582808,-111.53743024085954,8362.6,3,68.6,53.1,59.6,0.0,0.0,0.0
2026-10-06,Practice Loops,Round Valley,WG055,40.68336469607561,-111.47532267974417,6752.0,3,77.1,53.5,63.1,0.0,0.0,0.0
2026-10-06,Preserve Connector,Jeremy Ranch / Glenwild,WG087,40.76330147562161,-111.54585203221042,7230.0,3,74.7,55.1,63.4,0.0,0.0,0.0
2026-10-06,Princess Di's,Clark Ranch,WG083,40.751465442037045,-111.43628535405452,6858.8,3,76.8,53.2,63.3,0.0,0.0,0.0
2026-10-06,Prospect,Deer Valley,WG031,40.63405408516434,-111.49547333835608,7482.8,3,74.8,52.1,62.0,0.0,0.0,0.0
2026-10-06,Pulp Friction,Round Valley,WG057,40.69884233324062,-111.50344523686547,6681.3,3,76.8,53.2,62.9,0.0,0.0,0.0
2026-10-06,Putty Tat Trail,Jordanelle,WG001,40.59267845848291,-111.40267007297948,6514.0,3,77.3,54.6,63.8,0.0,0.0,0.0
2026-10-06,Quinn's Connect,Round Valley,WG055,40.68185946906874,-111.4726829059293,6720.8,3,77.1,53.5,63.1,0.0,0.0,0.0
2026-10-06,RTS,Jeremy Ranch / Glenwild,WG070,40.71664642216084,-111.55523569599896,6598.1,3,76.7,55.1,64.1,0.0,0.0,0.0
2026-10-06,RTS / BLT,Jeremy Ranch / Glenwild,WG070,40.71544842193981,-111.5580228733734,6768.3,3,76.7,55.1,64.1,0.0,0.0,0.0
2026-10-06,Rademan Ridge,Round Valley,WG057,40.69522706920315,-111.49835765815162,6895.6,3,76.8,53.2,62.9,0.0,0.0,0.0
2026-10-06,Ramble On,Round Valley,WG067,40.70159467934347,-111.48028465593316,6781.5,3,77.6,54.1,63.1,0.0,0.0,0.0
2026-10-06,Rambler,Round Valley,WG057,40.69772226627651,-111.49065578495473,6809.2,3,76.8,53.2,62.9,0.0,0.0,0.0
2026-10-06,Rambler DT,Round Valley,WG056,40.699080350519786,-111.50674680507665,6485.7,3,77.5,54.6,64.7,0.0,0.0,0.0
2026-10-06,Red Bull,Park City / PCMR,WG035,40.63958635838598,-111.51326842477698,7769.0,3,70.9,55.4,62.0,0.0,0.0,0.0
2026-10-06,Regulator Trail,Deer Valley,WG033,40.62910164594688,-111.48142418804063,8033.8,3,69.4,53.9,60.4,0.0,0.0,0.0
2026-10-06,Richochet,Park City / PCMR,WG062,40.68638148266805,-111.57139393545772,7468.3,3,74.0,54.4,63.0,0.0,0.0,0.0
2026-10-06,Rinse Cycle Trail,Deer Valley,WG028,40.62990230274806,-111.45944053119273,7191.1,3,75.1,52.5,62.4,0.0,0.0,0.0
2026-10-06,Ripple Trail,Deer Valley,WG029,40.63554405253732,-111.47490110184252,7588.0,3,73.8,51.1,61.0,0.0,0.0,0.0
2026-10-06,Riverview West Trail,Jordanelle,WG001,40.58565113588149,-111.41386481977428,6730.6,3,77.3,54.6,63.8,0.0,0.0,0.0
2026-10-06,Road to WOS,Summit Park,WG082,40.73344363030311,-111.61407104321202,7712.2,3,73.2,53.6,62.2,0.0,0.0,0.0
2026-10-06,Rob's Trail,Pinebrook,WG063,40.69704664952428,-111.5702364046946,7584.0,3,73.0,53.4,62.0,0.0,0.0,0.0
2026-10-06,RocMon,Round Valley,WG055,40.68788668982749,-111.4548390225179,6677.5,3,77.1,53.5,63.1,0.0,0.0,0.0
2026-10-06,Rock Chuck Trail,Park City / PCMR,WG008,40.58874474594925,-111.56839301918852,9680.6,3,63.6,48.1,54.2,0.0,0.0,0.0
2026-10-06,Rogue Rider Trail,Park City / PCMR,WG020,40.60699361060532,-111.56187339427328,9423.9,3,65.1,49.6,55.9,0.0,0.0,0.0
2026-10-06,Rosebud,Park City / PCMR,WG036,40.63966083548988,-111.52257618003053,8390.4,3,68.6,53.1,59.6,0.0,0.0,0.0
2026-10-06,Rosebud's Heaven,Park City / PCMR,WG060,40.69195554103422,-111.5659528759652,7326.9,3,75.1,55.4,63.9,0.0,0.0,0.0
2026-10-06,Rossi Hill Trail,Deer Valley,WG031,40.63808222920599,-111.4919292526201,7341.8,3,74.8,52.1,62.0,0.0,0.0,0.0
2026-10-06,Round Valley Connect,Round Valley,WG067,40.70875221615484,-111.50427592382064,6606.7,3,77.6,54.1,63.1,0.0,0.0,0.0
2026-10-06,Round Valley Connector,Round Valley,WG067,40.709506874143365,-111.48774034228174,6611.3,3,77.6,54.1,63.1,0.0,0.0,0.0
2026-10-06,Round Valley Express,Round Valley,WG057,40.69308554123404,-111.4897696424948,6812.1,3,76.8,53.2,62.9,0.0,0.0,0.0
2026-10-06,Rusty Shovel,Round Valley,WG057,40.69776625143012,-111.4804885556652,6868.8,3,76.8,53.2,62.9,0.0,0.0,0.0
2026-10-06,Rusty Spur,Round Valley,WG065,40.70159189598121,-111.4765958017646,6731.2,3,77.3,53.7,63.0,0.0,0.0,0.0
2026-10-06,SOS,Park City / PCMR,WG046,40.666448184385416,-111.48116864087982,6803.8,3,76.7,53.2,63.4,0.0,0.0,0.0
2026-10-06,SQ Connector Trail,Round Valley,WG055,40.68949659271035,-111.47067515084642,6728.8,3,77.1,53.5,63.1,0.0,0.0,0.0
2026-10-06,Sam's Trail,Deer Valley,WG012,40.61912724197413,-111.50964994268364,8145.3,3,68.9,53.4,60.1,0.0,0.0,0.0
2026-10-06,Saved By The Bell,Round Valley,WG067,40.71689792497153,-111.49958806368429,6568.5,3,77.6,54.1,63.1,0.0,0.0,0.0
2026-10-06,Scott's Bypass,Park City / PCMR,WG021,40.612047856355446,-111.55918064050742,9658.7,3,63.6,48.1,54.2,0.0,0.0,0.0
2026-10-06,Secret of My Success Trail,Deer Valley,WG033,40.62597453280468,-111.48566192002252,8293.6,3,69.4,53.9,60.4,0.0,0.0,0.0
2026-10-06,Seldom Seen,Park City / PCMR,WG034,40.64892938917546,-111.51571616491609,7435.6,3,72.2,56.7,63.3,0.0,0.0,0.0
2026-10-06,Seventy 101,Round Valley,WG057,40.68968411592925,-111.49103639156762,6974.3,3,76.8,53.2,62.9,0.0,0.0,0.0
2026-10-06,Shadow Lake,Park City / PCMR,WG020,40.61596037279941,-111.55009628848111,9179.4,3,65.1,49.6,55.9,0.0,0.0,0.0
2026-10-06,Shenanigans,Deer Valley,WG012,40.62034189886961,-111.49849814997506,8237.7,3,68.9,53.4,60.1,0.0,0.0,0.0
2026-10-06,Short Cut,Jeremy Ranch / Glenwild,WG064,40.68025862222409,-111.57883598783349,8081.5,3,72.0,52.4,60.9,0.0,0.0,0.0
2026-10-06,Short Fuse,Park City / PCMR,WG036,40.6346970517688,-111.52339576593836,8439.4,3,68.6,53.1,59.6,0.0,0.0,0.0
2026-10-06,Short Ribs,Summit Park,WG082,40.7348537895427,-111.62048055745409,7705.3,3,73.2,53.6,62.2,0.0,0.0,0.0
2026-10-06,Short Stack,Summit Park,WG082,40.73936874753804,-111.6200542747078,7652.8,3,73.2,53.6,62.2,0.0,0.0,0.0
2026-10-06,Silver Creek Trail,Round Valley,WG074,40.728195917662575,-111.48449884114967,6494.3,3,78.2,54.6,63.8,0.0,0.0,0.0
2026-10-06,Silver Gate,Round Valley,WG073,40.72728013881357,-111.46748664430804,6513.4,3,78.1,54.5,63.8,0.0,0.0,0.0
2026-10-06,Silver Queen,Park City / PCMR,WG037,40.63391819864852,-111.51755091640152,8558.9,3,67.5,52.0,58.5,0.0,0.0,0.0
2026-10-06,Silver Spur,Park City / PCMR,WG049,40.65266965116334,-111.5117818738982,6980.8,3,75.8,56.1,64.2,0.0,0.0,0.0
2026-10-06,Skid Row,Park City / PCMR,WG044,40.66845831872771,-111.47381352761975,6920.8,3,76.9,53.3,63.1,0.0,0.0,0.0
2026-10-06,Skyridge Peak Trail / Milky Way,Jordanelle,WG043,40.65984634182248,-111.4368345884266,7139.2,3,75.8,52.2,62.5,0.0,0.0,0.0
2026-10-06,Sloppy Joe,Round Valley,WG067,40.71599935057343,-111.49742827056478,6658.4,3,77.6,54.1,63.1,0.0,0.0,0.0
2026-10-06,Snake Pit Trail,Park City / PCMR,WG010,40.58750533085767,-111.57189033610032,9625.4,3,63.6,48.2,54.4,0.0,0.0,0.0
2026-10-06,Snowtop,Deer Valley,WG028,40.64752229561398,-111.4705824068134,7443.3,3,75.1,52.5,62.4,0.0,0.0,0.0
2026-10-06,Solamere,Deer Valley,WG045,40.65168830951934,-111.47267426337083,7304.0,3,75.4,51.8,62.1,0.0,0.0,0.0
2026-10-06,Solamere Connector,Deer Valley,WG045,40.651338463153365,-111.4797751905619,7331.1,3,75.4,51.8,62.1,0.0,0.0,0.0
2026-10-06,Somewhere Elks,Round Valley,WG055,40.68702802029736,-111.47813858810876,6977.4,3,77.1,53.5,63.1,0.0,0.0,0.0
2026-10-06,South Canyon,Round Valley,WG055,40.697084178294816,-111.45372200426904,6732.0,3,77.1,53.5,63.1,0.0,0.0,0.0
2026-10-06,South Sweeney,Park City / PCMR,WG031,40.64194117786604,-111.49870009761844,7400.1,3,74.8,52.1,62.0,0.0,0.0,0.0
2026-10-06,Spare Change,Summit Park,WG080,40.74164553017363,-111.60031464541484,6827.9,3,76.3,56.7,64.6,0.0,0.0,0.0
2026-10-06,Sparky's Return,Clark Ranch,WG044,40.6617858998794,-111.45698342605078,6783.6,3,76.9,53.3,63.1,0.0,0.0,0.0
2026-10-06,Speedbag,Deer Valley,WG011,40.624406811076895,-111.50919273225593,7987.6,3,70.1,54.6,61.1,0.0,0.0,0.0
2026-10-06,Spin Cycle Trail,Deer Valley,WG028,40.63411801502942,-111.46082430079326,7178.8,3,75.1,52.5,62.4,0.0,0.0,0.0
2026-10-06,Spiro Trail,Park City / PCMR,WG035,40.64755384631944,-111.52407012433112,7617.4,3,70.9,55.4,62.0,0.0,0.0,0.0
2026-10-06,St. Regis Trail,Deer Valley,WG028,40.639112933407205,-111.47591481144916,7383.3,3,75.1,52.5,62.4,0.0,0.0,0.0
2026-10-06,Stealth Connector / Pheasant Way,Jeremy Ranch / Glenwild,WG076,40.73167942348123,-111.54708752211994,6361.5,3,77.9,56.3,65.3,0.0,0.0,0.0
2026-10-06,Stealth Trail,Jeremy Ranch / Glenwild,WG077,40.73631275924013,-111.5447596003018,6560.0,3,77.2,55.6,64.5,0.0,0.0,0.0
2026-10-06,Steps,Park City / PCMR,WG037,40.63116043759045,-111.5173271228493,8520.8,3,67.5,52.0,58.5,0.0,0.0,0.0
2026-10-06,Stiff Upper Lip,Park City / PCMR,WG017,40.61611691879028,-111.52987009616064,9025.4,3,65.4,49.9,56.2,0.0,0.0,0.0
2026-10-06,Sunny Slopes Trail,Round Valley,WG057,40.68377753714063,-111.48540217687854,6826.8,3,76.8,53.2,62.9,0.0,0.0,0.0
2026-10-06,Sunset,Deer Valley,WG013,40.61222429898699,-111.48546906629171,8777.5,3,67.0,51.5,57.8,0.0,0.0,0.0
2026-10-06,Super G,Deer Valley,WG013,40.6078734147108,-111.486644562986,8939.8,3,67.0,51.5,57.8,0.0,0.0,0.0
2026-10-06,Sven,Jordanelle,WG040,40.66216079919324,-111.41880056586604,6299.4,3,78.9,55.3,65.4,0.0,0.0,0.0
2026-10-06,Sweeney Switchbacks,Park City / PCMR,WG031,40.64428684826398,-111.50263935593632,7442.9,3,74.8,52.1,62.0,0.0,0.0,0.0
2026-10-06,Sweeneys,Park City / PCMR,WG032,40.6416793962084,-111.50380066992643,7712.4,3,73.4,50.7,60.6,0.0,0.0,0.0
2026-10-06,T&G,Deer Valley,WG016,40.611941402305575,-111.51506977898008,8673.3,3,66.9,51.4,57.7,0.0,0.0,0.0
2026-10-06,T&G 2,Deer Valley,WG016,40.62089143656375,-111.51568549288604,8599.5,3,66.9,51.4,57.7,0.0,0.0,0.0
2026-10-06,TDS Ontario Bypass,Deer Valley,WG032,40.62591563844938,-111.49801252893096,7889.0,3,73.4,50.7,60.6,0.0,0.0,0.0
2026-10-06,TSP Skils Area,Round Valley,WG067,40.70929244417837,-111.50545423904256,6671.9,3,77.6,54.1,63.1,0.0,0.0,0.0
2026-10-06,Tall Oaks Circle,Pinebrook,WG078,40.73938310561022,-111.57541687830556,6961.5,3,76.6,56.9,64.5,0.0,0.0,0.0
2026-10-06,Tall T Trail,Deer Valley,WG007,40.59029104976929,-111.52734087474852,9033.3,3,66.1,50.6,56.9,0.0,0.0,0.0
2026-10-06,Tar Pits Jump Line,Round Valley,WG067,40.70948336187246,-111.50501444482678,6663.3,3,77.6,54.1,63.1,0.0,0.0,0.0
2026-10-06,Team Big Bear,Deer Valley,WG013,40.61639926546102,-111.50010669410356,8610.0,3,67.0,51.5,57.8,0.0,0.0,0.0
2026-10-06,Team Cutthroat Downhill,Jeremy Ranch / Glenwild,WG077,40.74619331694971,-111.55242052130288,6618.0,3,77.2,55.6,64.5,0.0,0.0,0.0
2026-10-06,Thaynes Canyon,Park City / PCMR,WG037,40.62644528922062,-111.539067377105,8520.6,3,67.5,52.0,58.5,0.0,0.0,0.0
2026-10-06,The Avenues,Summit Park,WG090,40.75998198374273,-111.6028265058925,7081.5,3,74.8,55.2,63.0,0.0,0.0,0.0
2026-10-06,The Graduate,Jeremy Ranch / Glenwild,WG085,40.7534431855279,-111.56237742796368,6343.1,3,78.2,58.5,66.1,0.0,0.0,0.0
2026-10-06,The Great Gazoo,Round Valley,WG067,40.70997890100696,-111.50140660314835,6662.9,3,77.6,54.1,63.1,0.0,0.0,0.0
2026-10-06,The Lookout,Deer Valley,WG032,40.62921554675458,-111.4942829189022,7693.2,3,73.4,50.7,60.6,0.0,0.0,0.0
2026-10-06,The Sheep Trail,Summit Park,WG094,40.75746633469589,-111.667341513995,6217.2,3,77.0,58.4,67.0,0.0,0.0,0.0
2026-10-06,The Up Trail,Summit Park,WG078,40.74822119025095,-111.58934600493023,6821.1,3,76.6,56.9,64.5,0.0,0.0,0.0
2026-10-06,The Upper Avenues,Summit Park,WG090,40.75942210135698,-111.60997791538348,7425.0,3,74.8,55.2,63.0,0.0,0.0,0.0
2026-10-06,Thieves Forest,Deer Valley,WG013,40.61553068086176,-111.48245627012813,8597.7,3,67.0,51.5,57.8,0.0,0.0,0.0
2026-10-06,Thieves Forrest,Deer Valley,WG014,40.611364491739,-111.4804590615015,9072.7,3,66.1,50.6,56.9,0.0,0.0,0.0
2026-10-06,Three Candles,Park City / PCMR,WG037,40.62931137475258,-111.52248914366156,8843.3,3,67.5,52.0,58.5,0.0,0.0,0.0
2026-10-06,Tidal Wave,Deer Valley,WG013,40.610548014761406,-111.48897388892838,8737.9,3,67.0,51.5,57.8,0.0,0.0,0.0
2026-10-06,Tideline,Jordanelle,WG025,40.64171272429878,-111.40053564270964,6530.0,3,77.8,55.2,64.4,0.0,0.0,0.0
2026-10-06,Tim Man,Round Valley,WG067,40.70348842863846,-111.50080894755244,6766.9,3,77.6,54.1,63.1,0.0,0.0,0.0
2026-10-06,Tommys Two Step,Park City / PCMR,WG036,40.629024211109055,-111.51829238121942,8474.2,3,68.6,53.1,59.6,0.0,0.0,0.0
2026-10-06,Tour De Homes,Deer Valley,WG032,40.63205110837411,-111.48826887414292,7813.1,3,73.4,50.7,60.6,0.0,0.0,0.0
2026-10-06,Tour De Suds (Upper),Deer Valley,WG013,40.614682713092186,-111.50609195133156,8563.5,3,67.0,51.5,57.8,0.0,0.0,0.0
2026-10-06,Town,Park City / PCMR,WG030,40.64755940729975,-111.49861999854691,6988.0,3,76.2,53.5,63.0,0.0,0.0,0.0
2026-10-06,Trailside,Round Valley,WG066,40.71864159830864,-111.50336949570412,6480.1,3,77.6,54.7,64.7,0.0,0.0,0.0
2026-10-06,Trailside Connector,Round Valley,WG067,40.71611276967259,-111.5017965665912,6504.2,3,77.6,54.1,63.1,0.0,0.0,0.0
2026-10-06,Trailside Loop,Round Valley,WG067,40.71199117049012,-111.50483999800892,6609.7,3,77.6,54.1,63.1,0.0,0.0,0.0
2026-10-06,Trappers Gate,Deer Valley,WG031,40.63197509989361,-111.497026036245,7462.8,3,74.8,52.1,62.0,0.0,0.0,0.0
2026-10-06,Trestle,Park City / PCMR,WG033,40.63650074050743,-111.50791633233914,8071.5,3,69.4,53.9,60.4,0.0,0.0,0.0
2026-10-06,Tricky Pickle Trail,Deer Valley,WG004,40.59197973531048,-111.49789592532872,8532.5,3,67.3,51.8,58.1,0.0,0.0,0.0
2026-10-06,Truckhole,Round Valley,WG067,40.704351116822174,-111.50022157042804,6773.9,3,77.6,54.1,63.1,0.0,0.0,0.0
2026-10-06,Trump,Deer Valley,WG013,40.60903529522874,-111.4964159868453,8771.6,3,67.0,51.5,57.8,0.0,0.0,0.0
2026-10-06,Tsunami,Deer Valley,WG013,40.61166268615432,-111.48706860055302,8747.8,3,67.0,51.5,57.8,0.0,0.0,0.0
2026-10-06,Tug of War Trail,Deer Valley,WG013,40.60218815889535,-111.4963014769127,8962.3,3,67.0,51.5,57.8,0.0,0.0,0.0
2026-10-06,Tweety Bird Trail,Jordanelle,WG001,40.59084253440856,-111.40816741687898,6568.1,3,77.3,54.6,63.8,0.0,0.0,0.0
2026-10-06,Twist & Shout,Deer Valley,WG012,40.61590669002216,-111.48826576454944,8415.6,3,68.9,53.4,60.1,0.0,0.0,0.0
2026-10-06,Twist and Shout,Deer Valley,WG013,40.61146669404505,-111.486662413967,8799.9,3,67.0,51.5,57.8,0.0,0.0,0.0
2026-10-06,Undertow Trail,Deer Valley,WG029,40.63057046785135,-111.47858549886824,7937.9,3,73.8,51.1,61.0,0.0,0.0,0.0
2026-10-06,Unga Bunga Skills and Pump Tradk,Round Valley,WG067,40.71158064400824,-111.50217787755837,6590.1,3,77.6,54.1,63.1,0.0,0.0,0.0
2026-10-06,Up Track,Round Valley,WG067,40.71007968280768,-111.50314659118624,6643.1,3,77.6,54.1,63.1,0.0,0.0,0.0
2026-10-06,Upper Devo Trail,Deer Valley,WG033,40.62826200901757,-111.4850494481263,8097.8,3,69.4,53.9,60.4,0.0,0.0,0.0
2026-10-06,Upper Loose,Park City / PCMR,WG032,40.64060205866311,-111.5081407284332,7678.0,3,73.4,50.7,60.6,0.0,0.0,0.0
2026-10-06,Upper Loose Moose,Park City / PCMR,WG032,40.64060459750891,-111.5062344507794,7788.9,3,73.4,50.7,60.6,0.0,0.0,0.0
2026-10-06,Upper Sparky Trail,Clark Ranch,WG044,40.6599723509711,-111.45534390616216,6878.4,3,76.9,53.3,63.1,0.0,0.0,0.0
2026-10-06,Village Pipeline Connector,Deer Valley,WG028,40.6391093200599,-111.472490526811,7336.8,3,75.1,52.5,62.4,0.0,0.0,0.0
2026-10-06,Village Trail,Deer Valley,WG028,40.64077448423082,-111.47113665558776,7315.2,3,75.1,52.5,62.4,0.0,0.0,0.0
2026-10-06,Village Trail / Pipeline,Deer Valley,WG028,40.64110752434245,-111.46934147070748,7182.6,3,75.1,52.5,62.4,0.0,0.0,0.0
2026-10-06,WOW (Wasatch Over Wasatch) Trail,Deer Valley,WG003,40.585198990338895,-111.50729227137398,8248.2,3,68.9,53.4,59.9,0.0,0.0,0.0
2026-10-06,Wada Way,Jordanelle,WG040,40.65139897157171,-111.41292348157292,6267.2,3,78.9,55.3,65.4,0.0,0.0,0.0
2026-10-06,Wasatch,Round Valley,WG074,40.742724215036304,-111.49568804225927,6475.9,3,78.2,54.6,63.8,0.0,0.0,0.0
2026-10-06,Wasatch Crest Connect,Park City / PCMR,WG020,40.616974136223725,-111.55736099806312,9245.9,3,65.1,49.6,55.9,0.0,0.0,0.0
2026-10-06,Wasatch Wiggle Trail,Park City / PCMR,WG010,40.58570056880523,-111.57390345809982,9702.8,3,63.6,48.2,54.4,0.0,0.0,0.0
2026-10-06,We'll Go From There,Jordanelle,WG027,40.633559740125165,-111.4528915193202,6692.5,3,76.9,54.3,63.3,0.0,0.0,0.0
2026-10-06,Winchester Trail,Jeremy Ranch / Glenwild,WG069,40.71094932830698,-111.54449441430567,6453.0,3,77.6,54.3,64.7,0.0,0.0,0.0
2026-10-06,Woodside Gulch,Deer Valley,WG032,40.63428272582461,-111.50200856347875,7635.5,3,73.4,50.7,60.6,0.0,0.0,0.0
2026-10-06,Wowza Downhill Trail,Deer Valley,WG006,40.58677474689952,-111.51626735679228,8564.8,3,67.7,52.2,58.5,0.0,0.0,0.0
2026-10-06,Wowza Trail,Deer Valley,WG006,40.58754867198866,-111.51557993987645,8552.8,3,67.7,52.2,58.5,0.0,0.0,0.0
2026-10-06,Yabba Dabba Doo,Round Valley,WG067,40.71031601545331,-111.5039304608668,6636.2,3,77.6,54.1,63.1,0.0,0.0,0.0
2026-10-06,Yeti's,Pinebrook,WG072,40.70910944007779,-111.57083697014414,7539.3,3,73.2,53.6,62.1,0.0,0.0,0.0
2026-10-06,You Get It,Jordanelle,WG027,40.63417280890808,-111.45447628262694,6774.5,3,76.9,54.3,63.3,0.0,0.0,0.0
2026-10-07,24-7,Jeremy Ranch / Glenwild,WG086,40.7580938928905,-111.55747502780672,6689.5,0,76.8,54.5,63.4,0.0,0.0,0.0
2026-10-07,4:20,Deer Valley,WG032,40.63850725810498,-111.5016215026881,7810.7,0,73.1,47.0,57.7,0.0,0.0,0.0
2026-10-07,9K Trail,Park City / PCMR,WG017,40.61454424262402,-111.5340694590712,9222.8,3,65.8,47.4,54.9,0.0,0.0,0.0
2026-10-07,A Toll New World,Summit Park,WG078,40.74525880222984,-111.59660432287036,6843.1,0,76.4,54.1,63.0,0.0,0.0,0.0
2026-10-07,Abilene Way,Jeremy Ranch / Glenwild,WG068,40.705162592888,-111.52848253655898,6454.0,0,77.5,55.2,64.1,0.0,0.0,0.0
2026-10-07,Agitator Trail,Deer Valley,WG028,40.62594479567907,-111.46053082324435,7171.6,0,74.8,48.7,59.5,0.0,0.0,0.0
2026-10-07,Alexander Creek Trail,Summit Park,WG093,40.75856130522611,-111.67962308025976,5873.5,0,78.8,63.2,70.3,0.0,0.0,0.0
2026-10-07,Alta-Brighton Trail,Park City / PCMR,WG009,40.59874189108338,-111.5904390735144,9081.0,3,65.9,47.5,55.0,0.0,0.0,0.0
2026-10-07,Ambush,Jeremy Ranch / Glenwild,WG063,40.694225906082366,-111.58181443950004,7757.7,0,72.8,50.5,59.4,0.0,0.0,0.0
2026-10-07,Amenti,Round Valley,WG067,40.71749758221375,-111.50096260266577,6526.6,0,77.3,50.5,61.3,0.0,0.0,0.0
2026-10-07,An Unexpected Journey Trail,Jordanelle,WG001,40.584095263003086,-111.41492155800285,6731.9,0,76.9,50.8,61.6,0.0,0.0,0.0
2026-10-07,Ancient Forest Loop,Round Valley,WG074,40.7314260153664,-111.49224006112888,6485.8,0,77.8,51.0,61.9,0.0,0.0,0.0
2026-10-07,Ant Farm,Jeremy Ranch / Glenwild,WG077,40.74632495230274,-111.55092174051572,6629.0,0,77.0,54.7,63.6,0.0,0.0,0.0
2026-10-07,Apex,Park City / PCMR,WG038,40.62520958876211,-111.53395003281469,9146.4,3,66.1,47.7,55.2,0.0,0.0,0.0
2026-10-07,April Mountain Trail,Deer Valley,WG047,40.650711302598815,-111.4870593388075,7472.0,0,75.3,48.5,59.3,0.0,0.0,0.0
2026-10-07,Armstrong,Park City / PCMR,WG051,40.65248508262897,-111.52994268919429,7566.3,0,73.5,51.1,60.1,0.0,0.0,0.0
2026-10-07,Ashley Avenue,Round Valley,WG057,40.68155854272997,-111.50389122653404,6794.6,0,76.4,49.6,60.5,0.0,0.0,0.0
2026-10-07,Aspen Slalom,Deer Valley,WG013,40.61311265842392,-111.48457791355952,8816.9,3,67.4,49.0,56.5,0.0,0.0,0.0
2026-10-07,BLT,Jeremy Ranch / Glenwild,WG070,40.71492142685356,-111.56084442077211,6927.9,0,76.5,54.2,63.1,0.0,0.0,0.0
2026-10-07,BYOB,Pinebrook,WG070,40.718283985000745,-111.55661288864135,6639.8,0,76.5,54.2,63.1,0.0,0.0,0.0
2026-10-07,Backslide,Round Valley,WG057,40.686236769495366,-111.49111386346571,6972.4,0,76.4,49.6,60.5,0.0,0.0,0.0
2026-10-07,Bad Apple,Jeremy Ranch / Glenwild,WG076,40.74937514368386,-111.56017979748744,6367.9,0,77.7,55.4,64.3,0.0,0.0,0.0
2026-10-07,Bamm Bamm,Round Valley,WG067,40.71001316656963,-111.50256230173504,6667.3,0,77.3,50.5,61.3,0.0,0.0,0.0
2026-10-07,Barrel Roll,Round Valley,WG058,40.69153134198254,-111.48458530535574,7017.0,0,75.8,49.0,59.9,0.0,0.0,0.0
2026-10-07,Beep Beep Trail,Jordanelle,WG001,40.59039066618902,-111.4033797731244,6670.3,0,76.9,50.8,61.6,0.0,0.0,0.0
2026-10-07,Big Dipper,Jordanelle,WG042,40.66018548005414,-111.43175307695702,6961.2,0,76.8,50.0,60.8,0.0,0.0,0.0
2026-10-07,Big Easy,Round Valley,WG057,40.696128326880846,-111.48285293654745,6776.5,0,76.4,49.6,60.5,0.0,0.0,0.0
2026-10-07,Black Forest,Deer Valley,WG016,40.61940428916709,-111.52036519166067,8929.3,3,67.3,48.9,56.4,0.0,0.0,0.0
2026-10-07,Blackhawk Trail,Jeremy Ranch / Glenwild,WG075,40.73111252615939,-111.53542276920604,6536.5,0,76.9,54.6,63.5,0.0,0.0,0.0
2026-10-07,Blazing Saddle,Park City / PCMR,WG020,40.61652898868821,-111.55635878361066,9384.9,3,65.5,47.1,54.6,0.0,0.0,0.0
2026-10-07,Bonanza Flat Overlook,Deer Valley,WG017,40.60116766018752,-111.5344182482656,9112.3,3,65.8,47.4,54.9,0.0,0.0,0.0
2026-10-07,Bonanza Loop Trail,Deer Valley,WG016,40.60282163896819,-111.52815381158308,8908.5,3,67.3,48.9,56.4,0.0,0.0,0.0
2026-10-07,Bonanza Trail,Deer Valley,WG046,40.661614248984336,-111.49584605339936,6814.3,0,76.4,49.6,60.4,0.0,0.0,0.0
2026-10-07,Boot Hill,Park City / PCMR,WG046,40.66311538182378,-111.50841776480048,6853.1,0,76.4,49.6,60.4,0.0,0.0,0.0
2026-10-07,Boot Hill Connect,Park City / PCMR,WG046,40.66384832032967,-111.50809692977944,6921.4,0,76.4,49.6,60.4,0.0,0.0,0.0
2026-10-07,Boulder,Deer Valley,WG013,40.61539223980999,-111.50399769475118,8635.0,3,67.4,49.0,56.5,0.0,0.0,0.0
2026-10-07,Boulder / Trump,Deer Valley,WG013,40.610998229404565,-111.50208555144307,8996.4,3,67.4,49.0,56.5,0.0,0.0,0.0
2026-10-07,Bourbon Street,Round Valley,WG067,40.70798253656,-111.48164466049944,6673.3,0,77.3,50.5,61.3,0.0,0.0,0.0
2026-10-07,Bow Hunter,Deer Valley,WG014,40.60108596513679,-111.48484426536052,9020.3,3,66.4,48.1,55.6,0.0,0.0,0.0
2026-10-07,Bow Hunter Extension,Deer Valley,WG005,40.59796119210968,-111.4848069886625,9014.7,3,66.5,48.2,55.7,0.0,0.0,0.0
2026-10-07,Brighton Lakes Trail,Park City / PCMR,WG009,40.59287052758444,-111.58751257009568,9276.0,3,65.9,47.5,55.0,0.0,0.0,0.0
2026-10-07,Bronto Jam,Round Valley,WG067,40.71004954775594,-111.501977414722,6672.8,0,77.3,50.5,61.3,0.0,0.0,0.0
2026-10-07,CMG,Park City / PCMR,WG035,40.645848884326966,-111.51679268892973,7606.5,3,71.2,52.9,60.4,0.0,0.0,0.0
2026-10-07,Cammy's,Round Valley,WG057,40.69072662264133,-111.49673800313964,6953.5,0,76.4,49.6,60.5,0.0,0.0,0.0
2026-10-07,Canyons Downhill,Pinebrook,WG061,40.68430916809496,-111.56849091879047,7666.2,0,73.1,50.8,59.7,0.0,0.0,0.0
2026-10-07,Catherine's Pass Trail,Park City / PCMR,WG010,40.585096359880005,-111.59078643106362,9753.9,3,64.0,45.6,53.1,0.0,0.0,0.0
2026-10-07,Claim Jumper,Park City / PCMR,WG036,40.63958065995946,-111.52518162563226,8147.6,3,69.0,50.6,58.1,0.0,0.0,0.0
2026-10-07,Clayton Peak Trail,Park City / PCMR,WG010,40.58693552999217,-111.57085635011327,9813.5,3,64.0,45.6,53.1,0.0,0.0,0.0
2026-10-07,Cobblestone Loop,Jeremy Ranch / Glenwild,WG084,40.75845647840704,-111.52582619388934,6805.4,0,76.4,54.0,63.0,0.0,0.0,0.0
2026-10-07,Cobblestone Trail,Jeremy Ranch / Glenwild,WG084,40.75512641497514,-111.52744418745776,6723.8,0,76.4,54.0,63.0,0.0,0.0,0.0
2026-10-07,Colin's Trail,Jeremy Ranch / Glenwild,WG060,40.69629937433107,-111.55671582168428,7029.9,0,74.9,52.6,61.5,0.0,0.0,0.0
2026-10-07,Colony Mid Mountain Connector,Park City / PCMR,WG052,40.65011049975458,-111.53932673410868,8429.2,3,68.6,50.3,57.8,0.0,0.0,0.0
2026-10-07,Comstock Mine Trail,Park City / PCMR,WG019,40.62270505527668,-111.54357954562096,8723.6,3,67.6,49.2,56.7,0.0,0.0,0.0
2026-10-07,Constellation Trail,Jordanelle,WG026,40.6428753631073,-111.43505033038012,6261.6,0,78.4,52.3,63.0,0.0,0.0,0.0
2026-10-07,Corvair,Deer Valley,WG016,40.61099169805087,-111.51230389508405,8648.6,3,67.3,48.9,56.4,0.0,0.0,0.0
2026-10-07,Corvair (Upper),Deer Valley,WG016,40.60840912265719,-111.51090449857222,8883.3,3,67.3,48.9,56.4,0.0,0.0,0.0
2026-10-07,Corvair Connector,Deer Valley,WG016,40.61070239150149,-111.5115633319795,8812.1,3,67.3,48.9,56.4,0.0,0.0,0.0
2026-10-07,Cousin Eddy Trail,Clark Ranch,WG044,40.66170094764518,-111.45386933866466,6817.2,0,76.6,49.7,60.6,0.0,0.0,0.0
2026-10-07,Coyote Loop Trail,Jordanelle,WG001,40.58676467246392,-111.40272629625528,6895.7,0,76.9,50.8,61.6,0.0,0.0,0.0
2026-10-07,Crazy Eights,Jeremy Ranch / Glenwild,WG077,40.74908550583131,-111.55291850861556,6580.7,0,77.0,54.7,63.6,0.0,0.0,0.0
2026-10-07,Crescent Ridge,Park City / PCMR,WG036,40.64328062856461,-111.5205999025961,8289.2,3,69.0,50.6,58.1,0.0,0.0,0.0
2026-10-07,Cutter Lane,Jeremy Ranch / Glenwild,WG068,40.7083260127391,-111.53140227257067,6437.7,0,77.5,55.2,64.1,0.0,0.0,0.0
2026-10-07,Cyn City,Park City / PCMR,WG016,40.62106458390316,-111.52108056020784,8700.1,3,67.3,48.9,56.4,0.0,0.0,0.0
2026-10-07,Daily Overlook,Deer Valley,WG031,40.631723443280656,-111.4987920660294,7430.4,0,74.4,48.3,59.1,0.0,0.0,0.0
2026-10-07,Daly Avenue,Deer Valley,WG031,40.63079192228995,-111.49966938212476,7430.3,0,74.4,48.3,59.1,0.0,0.0,0.0
2026-10-07,Daly Bypass,Deer Valley,WG031,40.63469577874592,-111.4972952534869,7351.3,0,74.4,48.3,59.1,0.0,0.0,0.0
2026-10-07,Daly Canyon,Deer Valley,WG011,40.620194319264456,-111.50922727258838,7986.4,3,70.5,52.1,59.6,0.0,0.0,0.0
2026-10-07,Daly Grind,Deer Valley,WG011,40.62436395642222,-111.5065519695764,7745.3,3,70.5,52.1,59.6,0.0,0.0,0.0
2026-10-07,Dawns Trail,Park City / PCMR,WG051,40.65039115727101,-111.52578815180028,7505.7,0,73.5,51.1,60.1,0.0,0.0,0.0
2026-10-07,Dead Reckoning,Summit Park,WG078,40.74804102527887,-111.5901705440554,6808.0,0,76.4,54.1,63.0,0.0,0.0,0.0
2026-10-07,Dead Tree,Park City / PCMR,WG021,40.611358588022426,-111.54588982448988,9653.6,3,64.0,45.6,53.1,0.0,0.0,0.0
2026-10-07,Deep Park Circle,Jordanelle,WG026,40.626894083286025,-111.43587347972714,6383.2,0,78.4,52.3,63.0,0.0,0.0,0.0
2026-10-07,Deer Camp,Deer Valley,WG013,40.60519585339864,-111.4911066437841,8920.6,3,67.4,49.0,56.5,0.0,0.0,0.0
2026-10-07,Deer Crest,Deer Valley,WG029,40.63553157935396,-111.47424740401932,7612.2,0,73.4,47.3,58.1,0.0,0.0,0.0
2026-10-07,Devo,Deer Valley,WG032,40.6296740826892,-111.48374523511592,7963.4,0,73.1,47.0,57.7,0.0,0.0,0.0
2026-10-07,Discovery,Summit Park,WG078,40.74903521550762,-111.59463162387972,6614.4,0,76.4,54.1,63.0,0.0,0.0,0.0
2026-10-07,Downward Dog,Round Valley,WG057,40.68865758594976,-111.48489883261024,6958.5,0,76.4,49.6,60.5,0.0,0.0,0.0
2026-10-07,Dropout,Jeremy Ranch / Glenwild,WG077,40.74673233142679,-111.55449028155309,6576.0,0,77.0,54.7,63.6,0.0,0.0,0.0
2026-10-07,Dubois,Jeremy Ranch / Glenwild,WG059,40.698630398586985,-111.55581872982933,6878.9,0,76.4,54.1,63.0,0.0,0.0,0.0
2026-10-07,Eagle Cove,Round Valley,WG057,40.68665016051084,-111.49786169389527,6799.6,0,76.4,49.6,60.5,0.0,0.0,0.0
2026-10-07,Eagle Trail,Park City / PCMR,WG051,40.65138382915936,-111.51929067308184,7664.9,0,73.5,51.1,60.1,0.0,0.0,0.0
2026-10-07,Eagle Way,Park City / PCMR,WG048,40.65295946154777,-111.48775315119684,7538.9,0,74.0,47.2,58.1,0.0,0.0,0.0
2026-10-07,East Fallen Pines Lane,Park City / PCMR,WG022,40.61551642366452,-111.57912837068116,8712.4,3,67.5,49.1,56.6,0.0,0.0,0.0
2026-10-07,Easy Rider,Park City / PCMR,WG009,40.59580193116481,-111.57632308440664,9141.3,3,65.9,47.5,55.0,0.0,0.0,0.0
2026-10-07,Ecker Hill Trail,Pinebrook,WG076,40.740364526144575,-111.5667817840803,6401.3,0,77.7,55.4,64.3,0.0,0.0,0.0
2026-10-07,Empire Alternate,Deer Valley,WG032,40.62635819528807,-111.50016350153602,7943.1,0,73.1,47.0,57.7,0.0,0.0,0.0
2026-10-07,Empire Link,Deer Valley,WG012,40.62422557470265,-111.50748256286928,8022.2,3,69.3,50.9,58.4,0.0,0.0,0.0
2026-10-07,Empire Lodge,Deer Valley,WG015,40.61442062316093,-111.51298418240138,8439.2,3,69.1,50.7,58.2,0.0,0.0,0.0
2026-10-07,Empire Pass Connector,Deer Valley,WG016,40.60627316294136,-111.51481095351645,8948.4,3,67.3,48.9,56.4,0.0,0.0,0.0
2026-10-07,Equestrian,Round Valley,WG067,40.70215181343843,-111.50219785223597,6719.1,0,77.3,50.5,61.3,0.0,0.0,0.0
2026-10-07,Euston,Round Valley,WG047,40.65772556817424,-111.48315877249176,7062.9,0,75.3,48.5,59.3,0.0,0.0,0.0
2026-10-07,Evil Empire,Park City / PCMR,WG016,40.61923823662483,-111.52513988679308,8746.8,3,67.3,48.9,56.4,0.0,0.0,0.0
2026-10-07,Fairway Hills Trail,Round Valley,WG055,40.67853348641883,-111.47699791832557,6747.4,0,76.7,49.9,60.8,0.0,0.0,0.0
2026-10-07,Family Truckster Trail,Clark Ranch,WG044,40.66038172048119,-111.452885753204,6847.4,0,76.6,49.7,60.6,0.0,0.0,0.0
2026-10-07,Fast Pitch Trail,Round Valley,WG055,40.6798165110769,-111.47671870073196,6759.1,0,76.7,49.9,60.8,0.0,0.0,0.0
2026-10-07,Fat Lip,Park City / PCMR,WG016,40.62192963761681,-111.5279713594279,8931.1,3,67.3,48.9,56.4,0.0,0.0,0.0
2026-10-07,Field Stone,Round Valley,WG067,40.71706243943152,-111.49059329339536,6526.3,0,77.3,50.5,61.3,0.0,0.0,0.0
2026-10-07,Fink Again,Jeremy Ranch / Glenwild,WG086,40.75125285000831,-111.55541181172696,6586.2,0,76.8,54.5,63.4,0.0,0.0,0.0
2026-10-07,Finns,Deer Valley,WG028,40.640763495812735,-111.47689190658058,7214.2,0,74.8,48.7,59.5,0.0,0.0,0.0
2026-10-07,Fireswamp,Deer Valley,WG013,40.61340925382439,-111.48239833860336,8873.0,3,67.4,49.0,56.5,0.0,0.0,0.0
2026-10-07,First Time,Park City / PCMR,WG050,40.65050878239233,-111.51048291433958,7041.1,0,75.6,49.5,60.3,0.0,0.0,0.0
2026-10-07,First Time Return,Park City / PCMR,WG050,40.65021414919943,-111.51090683334832,7073.8,0,75.6,49.5,60.3,0.0,0.0,0.0
2026-10-07,Flagstaff Loop,Deer Valley,WG013,40.60758047007656,-111.496735533601,8898.0,3,67.4,49.0,56.5,0.0,0.0,0.0
2026-10-07,Flat Cable,Park City / PCMR,WG032,40.644102718034645,-111.505628746172,7565.4,0,73.1,47.0,57.7,0.0,0.0,0.0
2026-10-07,Flat Iron,Park City / PCMR,WG036,40.62696082564811,-111.51719430456902,8393.5,3,69.0,50.6,58.1,0.0,0.0,0.0
2026-10-07,Flying Dog,Jeremy Ranch / Glenwild,WG087,40.77237660098178,-111.54161762597796,7321.2,0,74.5,52.2,61.1,0.0,0.0,0.0
2026-10-07,Forest Glen Trail,Park City / PCMR,WG022,40.61089948644494,-111.5784844905115,8765.8,3,67.5,49.1,56.6,0.0,0.0,0.0
2026-10-07,Fox Tail Trail,Round Valley,WG045,40.66564803508002,-111.47503092801368,7133.0,0,75.1,48.2,59.1,0.0,0.0,0.0
2026-10-07,Freemason,Park City / PCMR,WG046,40.65768683021079,-111.49819012622744,6949.6,0,76.4,49.6,60.4,0.0,0.0,0.0
2026-10-07,Full Steam Billy,Park City / PCMR,WG031,40.64842922650065,-111.4945100220623,7246.4,0,74.4,48.3,59.1,0.0,0.0,0.0
2026-10-07,Gambel Oak Cut,Round Valley,WG045,40.65967079074984,-111.47871602858976,7240.9,0,75.1,48.2,59.1,0.0,0.0,0.0
2026-10-07,Gambel Oak North,Park City / PCMR,WG047,40.65915752473873,-111.48180315635692,7112.6,0,75.3,48.5,59.3,0.0,0.0,0.0
2026-10-07,Gambel Oak Trail,Park City / PCMR,WG031,40.64847351910524,-111.48419757905585,7408.0,0,74.4,48.3,59.1,0.0,0.0,0.0
2026-10-07,Gap Bypass Trail,Deer Valley,WG028,40.64123747413292,-111.47577580871994,7306.6,0,74.8,48.7,59.5,0.0,0.0,0.0
2026-10-07,Gap Loop,Deer Valley,WG028,40.6409109833561,-111.47399614902376,7445.8,0,74.8,48.7,59.5,0.0,0.0,0.0
2026-10-07,Glenwild Loop,Jeremy Ranch / Glenwild,WG075,40.73989427988239,-111.52813430357229,6701.6,0,76.9,54.6,63.5,0.0,0.0,0.0
2026-10-07,Glenwild Loop / Wasatch,Jeremy Ranch / Glenwild,WG074,40.74589846722535,-111.509614206256,6451.3,0,77.8,51.0,61.9,0.0,0.0,0.0
2026-10-07,Gold Finger,Park City / PCMR,WG053,40.65997467243904,-111.55431689925648,8081.9,0,71.3,48.9,57.9,0.0,0.0,0.0
2026-10-07,Golden Needle,Park City / PCMR,WG008,40.59452078975266,-111.56725110409884,9811.4,3,63.9,45.6,53.1,0.0,0.0,0.0
2026-10-07,Gorgoza Park,Pinebrook,WG089,40.75144469967726,-111.581432624726,6619.5,0,76.7,54.4,63.3,0.0,0.0,0.0
2026-10-07,Gotcha Cuttoff,Park City / PCMR,WG035,40.64587964864319,-111.5166123821088,7673.2,3,71.2,52.9,60.4,0.0,0.0,0.0
2026-10-07,Grave Digger,Deer Valley,WG032,40.62962271716946,-111.50201210924322,7682.6,0,73.1,47.0,57.7,0.0,0.0,0.0
2026-10-07,Great Western Trail,Wasatch Crest / Millcreek,WG092,40.77286580912175,-111.6406537725031,7571.3,0,73.6,49.8,59.5,0.0,0.0,0.0
2026-10-07,Great Western Trail / Great Western Trail bypass,Wasatch Crest / Millcreek,WG091,40.7535574542296,-111.6313027356856,7111.8,2,73.9,54.0,62.0,0.0,0.0,0.0
2026-10-07,H.A.M.,Park City / PCMR,WG035,40.64547382276132,-111.53139851516626,7780.5,3,71.2,52.9,60.4,0.0,0.0,0.0
2026-10-07,Hang Time South,Park City / PCMR,WG046,40.65853660632904,-111.49606808644194,6970.8,0,76.4,49.6,60.4,0.0,0.0,0.0
2026-10-07,Happy Gilmor,Round Valley,WG067,40.70712360033319,-111.5014684546231,6569.0,0,77.3,50.5,61.3,0.0,0.0,0.0
2026-10-07,Happy Trailside,Round Valley,WG067,40.708413441306845,-111.50471867526606,6595.6,0,77.3,50.5,61.3,0.0,0.0,0.0
2026-10-07,Hat Trick Trail,Round Valley,WG055,40.678830976721535,-111.47596646172724,6757.0,0,76.7,49.9,60.8,0.0,0.0,0.0
2026-10-07,Heard It Both Ways Trail,Deer Valley,WG004,40.593082879194085,-111.49125770411068,8855.0,3,67.7,49.3,56.8,0.0,0.0,0.0
2026-10-07,Hidden Cove,Summit Park,WG089,40.756655895607175,-111.597334386164,6686.2,0,76.7,54.4,63.3,0.0,0.0,0.0
2026-10-07,High Meadows Connector,Pinebrook,WG076,40.74134938710701,-111.56847869190176,6429.9,0,77.7,55.4,64.3,0.0,0.0,0.0
2026-10-07,High Side,Round Valley,WG055,40.69388247977245,-111.4770589235944,6909.3,0,76.7,49.9,60.8,0.0,0.0,0.0
2026-10-07,Holly's,Pinebrook,WG063,40.68604417524608,-111.57782170773478,7824.2,0,72.8,50.5,59.4,0.0,0.0,0.0
2026-10-07,Holy Roller,Deer Valley,WG013,40.6113609111251,-111.48708066137604,8716.2,3,67.4,49.0,56.5,0.0,0.0,0.0
2026-10-07,Humdinger,Deer Valley,WG029,40.626356336628135,-111.46720603877804,7537.3,0,73.4,47.3,58.1,0.0,0.0,0.0
2026-10-07,Insurgent,Jeremy Ranch / Glenwild,WG063,40.68610182305705,-111.58195303109213,7873.2,0,72.8,50.5,59.4,0.0,0.0,0.0
2026-10-07,Io Trail (Middle),Deer Valley,WG017,40.61025792344493,-111.52770861008732,9342.5,3,65.8,47.4,54.9,0.0,0.0,0.0
2026-10-07,Iron Bill,Jeremy Ranch / Glenwild,WG071,40.70817834974828,-111.55726593666238,7034.2,0,74.3,52.0,61.0,0.0,0.0,0.0
2026-10-07,Iron Man,Park City / PCMR,WG053,40.6585520468376,-111.5452566956134,8305.8,0,71.3,48.9,57.9,0.0,0.0,0.0
2026-10-07,Iron Mountain Trail,Park City / PCMR,WG054,40.65649532455427,-111.54475504732362,8753.8,0,69.3,46.9,55.9,0.0,0.0,0.0
2026-10-07,Izzy's Inferno (Dog Pound),Deer Valley,WG012,40.619811878384205,-111.48856422719636,8193.5,3,69.3,50.9,58.4,0.0,0.0,0.0
2026-10-07,Jailbreak,Jeremy Ranch / Glenwild,WG085,40.75712939272894,-111.56214780445411,6277.4,0,78.0,55.7,64.6,0.0,0.0,0.0
2026-10-07,Jeep Hill (Safety Coridoor),Deer Valley,WG013,40.60451306969404,-111.50923514571896,8820.6,3,67.4,49.0,56.5,0.0,0.0,0.0
2026-10-07,Jenni's Trail,Park City / PCMR,WG034,40.64869166733497,-111.51220769740809,7207.7,3,72.6,54.2,61.7,0.0,0.0,0.0
2026-10-07,Jenni's Trail upper,Park City / PCMR,WG035,40.63937813819639,-111.5112423147728,7789.7,3,71.2,52.9,60.4,0.0,0.0,0.0
2026-10-07,Johns '99,Park City / PCMR,WG033,40.62911828578874,-111.50998374795329,8128.2,3,69.7,51.4,58.9,0.0,0.0,0.0
2026-10-07,Johns 99,Deer Valley,WG015,40.62450457371346,-111.51231498110546,8231.6,3,69.1,50.7,58.2,0.0,0.0,0.0
2026-10-07,Johns Trail,Park City / PCMR,WG033,40.63760825426597,-111.50539626371148,8041.4,3,69.7,51.4,58.9,0.0,0.0,0.0
2026-10-07,Jordanelle (West Bank) Trail,Jordanelle,WG026,40.63639192686843,-111.4311179892118,6210.9,0,78.4,52.3,63.0,0.0,0.0,0.0
2026-10-07,Jordanelle Perimeter Trail,Jordanelle,WG024,40.633349610731685,-111.4121970547725,6216.7,0,78.5,52.4,63.2,0.0,0.0,0.0
2026-10-07,Jupiter Peak,Park City / PCMR,WG021,40.610319419324455,-111.54904593331813,9871.3,3,64.0,45.6,53.1,0.0,0.0,0.0
2026-10-07,Jupiter Ridge,Park City / PCMR,WG018,40.61268065771163,-111.53867835914352,9869.4,3,64.1,45.8,53.3,0.0,0.0,0.0
2026-10-07,Kaboom Trail / Call Sign Casa Trail,Jordanelle,WG027,40.62794719612903,-111.45468580169128,6888.6,0,76.6,50.5,61.3,0.0,0.0,0.0
2026-10-07,Kari's,Round Valley,WG055,40.69160040530727,-111.47515847036864,6850.2,0,76.7,49.9,60.8,0.0,0.0,0.0
2026-10-07,Keetley,Jordanelle,WG024,40.6438983646529,-111.4097274639112,6255.4,0,78.5,52.4,63.2,0.0,0.0,0.0
2026-10-07,Keystone Trail,Park City / PCMR,WG037,40.62506440637064,-111.53055382777043,8890.7,3,67.8,49.5,57.0,0.0,0.0,0.0
2026-10-07,La Dee Duh,Round Valley,WG057,40.69261799590889,-111.5001632592338,6864.5,0,76.4,49.6,60.5,0.0,0.0,0.0
2026-10-07,Lavina,Deer Valley,WG006,40.58376333945228,-111.52567195673171,8621.7,3,68.1,49.7,57.2,0.0,0.0,0.0
2026-10-07,Legacy Loop,Jeremy Ranch / Glenwild,WG071,40.705995804360256,-111.55961886682412,7342.6,0,74.3,52.0,61.0,0.0,0.0,0.0
2026-10-07,Legacy Ridge,Jeremy Ranch / Glenwild,WG071,40.70648419743829,-111.5603960205038,7414.3,0,74.3,52.0,61.0,0.0,0.0,0.0
2026-10-07,Legacy. Loop,Jeremy Ranch / Glenwild,WG071,40.70737188748682,-111.5599210439625,7363.1,0,74.3,52.0,61.0,0.0,0.0,0.0
2026-10-07,Link,Deer Valley,WG015,40.624117394272574,-111.51614328186776,8385.3,3,69.1,50.7,58.2,0.0,0.0,0.0
2026-10-07,Little Chief,Deer Valley,WG015,40.61872839208637,-111.51243052868438,8322.6,3,69.1,50.7,58.2,0.0,0.0,0.0
2026-10-07,Little Engine Trail,Summit Park,WG089,40.756690732809,-111.59562244098744,6709.3,0,76.7,54.4,63.3,0.0,0.0,0.0
2026-10-07,Little Stick,Deer Valley,WG028,40.63409637421967,-111.478301770839,7464.6,0,74.8,48.7,59.5,0.0,0.0,0.0
2026-10-07,Longview,Jordanelle,WG040,40.65785550770212,-111.4151527495857,6299.6,0,78.5,51.7,62.5,0.0,0.0,0.0
2026-10-07,Looney Tunes Trail,Jordanelle,WG002,40.58370423178651,-111.40605522395904,7149.3,0,75.3,49.2,60.0,0.0,0.0,0.0
2026-10-07,Loose Moose,Park City / PCMR,WG031,40.64358346695202,-111.50940341630726,7446.3,0,74.4,48.3,59.1,0.0,0.0,0.0
2026-10-07,Lost Prospector,Park City / PCMR,WG047,40.659849225736586,-111.4888557229514,7044.5,0,75.3,48.5,59.3,0.0,0.0,0.0
2026-10-07,Lower Devo Trail,Deer Valley,WG032,40.63290230557317,-111.48205615844142,7656.5,0,73.1,47.0,57.7,0.0,0.0,0.0
2026-10-07,Lower Masonic,Park City / PCMR,WG047,40.65358630670372,-111.49972319928794,7113.0,0,75.3,48.5,59.3,0.0,0.0,0.0
2026-10-07,Lower Sparky Trail,Clark Ranch,WG044,40.66761130235187,-111.4559551589961,6689.8,0,76.6,49.7,60.6,0.0,0.0,0.0
2026-10-07,Lower Village,Deer Valley,WG028,40.64043848354113,-111.46360640728942,7008.1,0,74.8,48.7,59.5,0.0,0.0,0.0
2026-10-07,Lynx #2,Round Valley,WG044,40.66734087696376,-111.46694625830712,6898.8,0,76.6,49.7,60.6,0.0,0.0,0.0
2026-10-07,Masonic,Park City / PCMR,WG047,40.65628760128763,-111.48965728213436,7283.0,0,75.3,48.5,59.3,0.0,0.0,0.0
2026-10-07,Matt's Flat,Round Valley,WG057,40.68924275786925,-111.49221205396208,6921.6,0,76.4,49.6,60.5,0.0,0.0,0.0
2026-10-07,McConkeys,Park City / PCMR,WG016,40.617956923480186,-111.52625119796232,8958.8,3,67.3,48.9,56.4,0.0,0.0,0.0
2026-10-07,McConkeys / Io Trail (Middle),Park City / PCMR,WG018,40.61168680632571,-111.53326494678502,9588.6,3,64.1,45.8,53.3,0.0,0.0,0.0
2026-10-07,McHenry Avenue,Deer Valley,WG031,40.640126864152855,-111.49219625319049,7274.9,0,74.4,48.3,59.1,0.0,0.0,0.0
2026-10-07,Mid-Mountain Connect,Park City / PCMR,WG036,40.63223012461414,-111.51309555497544,8201.7,3,69.0,50.6,58.1,0.0,0.0,0.0
2026-10-07,Mid-Mountain Trail,Park City / PCMR,WG036,40.64534582424172,-111.53118141177607,8168.3,3,69.0,50.6,58.1,0.0,0.0,0.0
2026-10-07,Milky Way,Jordanelle,WG042,40.65767372971338,-111.43373089841624,6795.1,0,76.8,50.0,60.8,0.0,0.0,0.0
2026-10-07,Milky Way / Two Rocks,Jordanelle,WG042,40.66056479638159,-111.42608338059031,6558.6,0,76.8,50.0,60.8,0.0,0.0,0.0
2026-10-07,Miner's Mile,Park City / PCMR,WG036,40.62728968091632,-111.51804021102016,8457.0,3,69.0,50.6,58.1,0.0,0.0,0.0
2026-10-07,Miss Billy's,Jeremy Ranch / Glenwild,WG059,40.69127466685039,-111.54016400735836,6614.6,0,76.4,54.1,63.0,0.0,0.0,0.0
2026-10-07,Mojave,Park City / PCMR,WG037,40.634971780917176,-111.5211432294971,8540.4,3,67.8,49.5,57.0,0.0,0.0,0.0
2026-10-07,Moose Hollow,Summit Park,WG088,40.76397899834495,-111.58866445905328,6467.6,0,77.4,55.1,64.0,0.0,0.0,0.0
2026-10-07,Moose Poop,Deer Valley,WG032,40.633538239133244,-111.50120248027572,7607.1,0,73.1,47.0,57.7,0.0,0.0,0.0
2026-10-07,Moose Puddle,Pinebrook,WG071,40.70548588260783,-111.56718578772085,7487.6,0,74.3,52.0,61.0,0.0,0.0,0.0
2026-10-07,Moose Tracks Trail,Park City / PCMR,WG009,40.59516414126596,-111.57427709390586,9258.1,3,65.9,47.5,55.0,0.0,0.0,0.0
2026-10-07,Moosebones,Deer Valley,WG013,40.61167254823319,-111.50326786094648,8857.2,3,67.4,49.0,56.5,0.0,0.0,0.0
2026-10-07,Moosehouse,Park City / PCMR,WG032,40.63204398195126,-111.5038481086022,7902.6,0,73.1,47.0,57.7,0.0,0.0,0.0
2026-10-07,Mother Urban,Deer Valley,WG032,40.63167066031289,-111.5034058570439,7904.1,0,73.1,47.0,57.7,0.0,0.0,0.0
2026-10-07,Mountain Ranch,Jeremy Ranch / Glenwild,WG066,40.719482563829935,-111.5082007499112,6453.3,0,77.4,55.1,64.0,0.0,0.0,0.0
2026-10-07,Mountain Ranch Estates,Round Valley,WG067,40.7173985998433,-111.50812726137713,6520.0,0,77.3,50.5,61.3,0.0,0.0,0.0
2026-10-07,Mountain Willow,Round Valley,WG067,40.71402930681007,-111.48565937361776,6571.7,0,77.3,50.5,61.3,0.0,0.0,0.0
2026-10-07,Mr Muchrocks,Round Valley,WG067,40.70904482572548,-111.50323360919846,6653.2,0,77.3,50.5,61.3,0.0,0.0,0.0
2026-10-07,NCS,Deer Valley,WG032,40.62911396321707,-111.4803727621932,7992.5,0,73.1,47.0,57.7,0.0,0.0,0.0
2026-10-07,Nick NAC,Round Valley,WG057,40.69210865876878,-111.490120990647,6959.3,0,76.4,49.6,60.5,0.0,0.0,0.0
2026-10-07,No Worries,Summit Park,WG081,40.73716048778493,-111.60234213265907,7289.1,0,74.5,52.2,61.1,0.0,0.0,0.0
2026-10-07,North 400 West,Jeremy Ranch / Glenwild,WG068,40.70279368500318,-111.51897621463831,6441.4,0,77.5,55.2,64.1,0.0,0.0,0.0
2026-10-07,North Ross Creek Trail,Jordanelle,WG041,40.66585897507511,-111.42082357173696,6405.0,0,78.1,51.3,62.1,0.0,0.0,0.0
2026-10-07,Nowhere Elks,Round Valley,WG058,40.69018989582584,-111.48311322310164,7036.6,0,75.8,49.0,59.9,0.0,0.0,0.0
2026-10-07,OMG,Deer Valley,WG032,40.631226274970665,-111.4973428195913,7571.3,0,73.1,47.0,57.7,0.0,0.0,0.0
2026-10-07,OMH,Pinebrook,WG070,40.71997692753587,-111.55773747935044,6677.5,0,76.5,54.2,63.1,0.0,0.0,0.0
2026-10-07,Oh Deer Flow,Jordanelle,WG041,40.66237367218405,-111.42118550237925,6403.1,0,78.1,51.3,62.1,0.0,0.0,0.0
2026-10-07,Old Homeward Bound,Deer Valley,WG012,40.61357496233911,-111.48964629692756,8441.1,3,69.3,50.9,58.4,0.0,0.0,0.0
2026-10-07,Old Skool,Deer Valley,WG032,40.631898683587,-111.48423208918877,7827.2,0,73.1,47.0,57.7,0.0,0.0,0.0
2026-10-07,Old Stage Crest Connect,Park City / PCMR,WG023,40.61247305094488,-111.5715274805363,9057.3,3,66.4,48.0,55.5,0.0,0.0,0.0
2026-10-07,Olympic,Pinebrook,WG064,40.69996684096533,-111.57868853500152,8004.0,0,71.8,49.5,58.4,0.0,0.0,0.0
2026-10-07,Ontario Canyon,Deer Valley,WG013,40.61130277448227,-111.48755898005427,8755.1,3,67.4,49.0,56.5,0.0,0.0,0.0
2026-10-07,Ontario Ridge,Deer Valley,WG032,40.62821582013441,-111.49780973717266,7815.3,0,73.1,47.0,57.7,0.0,0.0,0.0
2026-10-07,Ore Cart,Deer Valley,WG015,40.621755910380834,-111.51139929264724,8146.4,3,69.1,50.7,58.2,0.0,0.0,0.0
2026-10-07,Outlook,Deer Valley,WG029,40.63657831428653,-111.4685462481628,7646.2,0,73.4,47.3,58.1,0.0,0.0,0.0
2026-10-07,Pale Green Dot,Summit Park,WG078,40.74689592786439,-111.59182437672968,6802.1,0,76.4,54.1,63.0,0.0,0.0,0.0
2026-10-07,Parley's Lane,Summit Park,WG089,40.75375624958085,-111.59849347383722,6719.0,0,76.7,54.4,63.3,0.0,0.0,0.0
2026-10-07,Payday,Park City / PCMR,WG035,40.64053545819342,-111.51124538504462,7598.1,3,71.2,52.9,60.4,0.0,0.0,0.0
2026-10-07,Payroll,Deer Valley,WG013,40.61095393430099,-111.5094443089702,8630.4,3,67.4,49.0,56.5,0.0,0.0,0.0
2026-10-07,Pedalers Inn,Deer Valley,WG012,40.61923438649311,-111.4865707901735,8286.8,3,69.3,50.9,58.4,0.0,0.0,0.0
2026-10-07,Perrier Pass,Park City / PCMR,WG017,40.61814002894983,-111.53826776190397,9445.9,3,65.8,47.4,54.9,0.0,0.0,0.0
2026-10-07,Pinebrook Point,Pinebrook,WG089,40.75079411917499,-111.57994193527573,6623.3,0,76.7,54.4,63.3,0.0,0.0,0.0
2026-10-07,Pinebrook Pointe South,Pinebrook,WG078,40.74959135152933,-111.5795998040212,6632.5,0,76.4,54.1,63.0,0.0,0.0,0.0
2026-10-07,Pinebrook Southeast Perimeter / Hunter's Trail of the Mid Mountain,Pinebrook,WG072,40.71419878562093,-111.5896757552273,7875.5,0,73.0,50.7,59.6,0.0,0.0,0.0
2026-10-07,Pinebrook Southeast Perimeter / Pinebrook SE Perimeter,Pinebrook,WG079,40.72863077219642,-111.58102679054537,7392.0,0,74.1,51.8,60.7,0.0,0.0,0.0
2026-10-07,Pinebrook Southeast Perimeter Trail,Pinebrook,WG078,40.73058687532795,-111.57244227312069,6947.5,0,76.4,54.1,63.0,0.0,0.0,0.0
2026-10-07,Pinecone Ridge,Park City / PCMR,WG039,40.63337906740186,-111.54644099265712,9084.9,3,66.3,47.9,55.4,0.0,0.0,0.0
2026-10-07,Pioneer Ridge,Park City / PCMR,WG018,40.61649374604546,-111.53892521633333,9598.5,3,64.1,45.8,53.3,0.0,0.0,0.0
2026-10-07,Pipeline,Deer Valley,WG028,40.63885618836171,-111.46966538134832,7356.9,0,74.8,48.7,59.5,0.0,0.0,0.0
2026-10-07,Pointy Rocks,Deer Valley,WG031,40.63679995846106,-111.48172224533342,7428.0,0,74.4,48.3,59.1,0.0,0.0,0.0
2026-10-07,PorcUclimb,Round Valley,WG058,40.69402326414524,-111.48517031749344,7064.7,0,75.8,49.0,59.9,0.0,0.0,0.0
2026-10-07,Powerline,Pinebrook,WG078,40.74237998272819,-111.5716363238219,6548.4,0,76.4,54.1,63.0,0.0,0.0,0.0
2026-10-07,Powerline Connector,Pinebrook,WG078,40.74298978990414,-111.5728828415412,6585.6,0,76.4,54.1,63.0,0.0,0.0,0.0
2026-10-07,Powerline Trail,Park City / PCMR,WG036,40.63015217582808,-111.53743024085954,8362.6,3,69.0,50.6,58.1,0.0,0.0,0.0
2026-10-07,Practice Loops,Round Valley,WG055,40.68336469607561,-111.47532267974417,6752.0,0,76.7,49.9,60.8,0.0,0.0,0.0
2026-10-07,Preserve Connector,Jeremy Ranch / Glenwild,WG087,40.76330147562161,-111.54585203221042,7230.0,0,74.5,52.2,61.1,0.0,0.0,0.0
2026-10-07,Princess Di's,Clark Ranch,WG083,40.751465442037045,-111.43628535405452,6858.8,0,76.5,49.6,60.5,0.0,0.0,0.0
2026-10-07,Prospect,Deer Valley,WG031,40.63405408516434,-111.49547333835608,7482.8,0,74.4,48.3,59.1,0.0,0.0,0.0
2026-10-07,Pulp Friction,Round Valley,WG057,40.69884233324062,-111.50344523686547,6681.3,0,76.4,49.6,60.5,0.0,0.0,0.0
2026-10-07,Putty Tat Trail,Jordanelle,WG001,40.59267845848291,-111.40267007297948,6514.0,0,76.9,50.8,61.6,0.0,0.0,0.0
2026-10-07,Quinn's Connect,Round Valley,WG055,40.68185946906874,-111.4726829059293,6720.8,0,76.7,49.9,60.8,0.0,0.0,0.0
2026-10-07,RTS,Jeremy Ranch / Glenwild,WG070,40.71664642216084,-111.55523569599896,6598.1,0,76.5,54.2,63.1,0.0,0.0,0.0
2026-10-07,RTS / BLT,Jeremy Ranch / Glenwild,WG070,40.71544842193981,-111.5580228733734,6768.3,0,76.5,54.2,63.1,0.0,0.0,0.0
2026-10-07,Rademan Ridge,Round Valley,WG057,40.69522706920315,-111.49835765815162,6895.6,0,76.4,49.6,60.5,0.0,0.0,0.0
2026-10-07,Ramble On,Round Valley,WG067,40.70159467934347,-111.48028465593316,6781.5,0,77.3,50.5,61.3,0.0,0.0,0.0
2026-10-07,Rambler,Round Valley,WG057,40.69772226627651,-111.49065578495473,6809.2,0,76.4,49.6,60.5,0.0,0.0,0.0
2026-10-07,Rambler DT,Round Valley,WG056,40.699080350519786,-111.50674680507665,6485.7,0,77.4,55.0,64.0,0.0,0.0,0.0
2026-10-07,Red Bull,Park City / PCMR,WG035,40.63958635838598,-111.51326842477698,7769.0,3,71.2,52.9,60.4,0.0,0.0,0.0
2026-10-07,Regulator Trail,Deer Valley,WG033,40.62910164594688,-111.48142418804063,8033.8,3,69.7,51.4,58.9,0.0,0.0,0.0
2026-10-07,Richochet,Park City / PCMR,WG062,40.68638148266805,-111.57139393545772,7468.3,0,73.8,51.5,60.5,0.0,0.0,0.0
2026-10-07,Rinse Cycle Trail,Deer Valley,WG028,40.62990230274806,-111.45944053119273,7191.1,0,74.8,48.7,59.5,0.0,0.0,0.0
2026-10-07,Ripple Trail,Deer Valley,WG029,40.63554405253732,-111.47490110184252,7588.0,0,73.4,47.3,58.1,0.0,0.0,0.0
2026-10-07,Riverview West Trail,Jordanelle,WG001,40.58565113588149,-111.41386481977428,6730.6,0,76.9,50.8,61.6,0.0,0.0,0.0
2026-10-07,Road to WOS,Summit Park,WG082,40.73344363030311,-111.61407104321202,7712.2,0,73.1,50.7,59.7,0.0,0.0,0.0
2026-10-07,Rob's Trail,Pinebrook,WG063,40.69704664952428,-111.5702364046946,7584.0,0,72.8,50.5,59.4,0.0,0.0,0.0
2026-10-07,RocMon,Round Valley,WG055,40.68788668982749,-111.4548390225179,6677.5,0,76.7,49.9,60.8,0.0,0.0,0.0
2026-10-07,Rock Chuck Trail,Park City / PCMR,WG008,40.58874474594925,-111.56839301918852,9680.6,3,63.9,45.6,53.1,0.0,0.0,0.0
2026-10-07,Rogue Rider Trail,Park City / PCMR,WG020,40.60699361060532,-111.56187339427328,9423.9,3,65.5,47.1,54.6,0.0,0.0,0.0
2026-10-07,Rosebud,Park City / PCMR,WG036,40.63966083548988,-111.52257618003053,8390.4,3,69.0,50.6,58.1,0.0,0.0,0.0
2026-10-07,Rosebud's Heaven,Park City / PCMR,WG060,40.69195554103422,-111.5659528759652,7326.9,0,74.9,52.6,61.5,0.0,0.0,0.0
2026-10-07,Rossi Hill Trail,Deer Valley,WG031,40.63808222920599,-111.4919292526201,7341.8,0,74.4,48.3,59.1,0.0,0.0,0.0
2026-10-07,Round Valley Connect,Round Valley,WG067,40.70875221615484,-111.50427592382064,6606.7,0,77.3,50.5,61.3,0.0,0.0,0.0
2026-10-07,Round Valley Connector,Round Valley,WG067,40.709506874143365,-111.48774034228174,6611.3,0,77.3,50.5,61.3,0.0,0.0,0.0
2026-10-07,Round Valley Express,Round Valley,WG057,40.69308554123404,-111.4897696424948,6812.1,0,76.4,49.6,60.5,0.0,0.0,0.0
2026-10-07,Rusty Shovel,Round Valley,WG057,40.69776625143012,-111.4804885556652,6868.8,0,76.4,49.6,60.5,0.0,0.0,0.0
2026-10-07,Rusty Spur,Round Valley,WG065,40.70159189598121,-111.4765958017646,6731.2,0,76.9,50.1,61.0,0.0,0.0,0.0
2026-10-07,SOS,Park City / PCMR,WG046,40.666448184385416,-111.48116864087982,6803.8,0,76.4,49.6,60.4,0.0,0.0,0.0
2026-10-07,SQ Connector Trail,Round Valley,WG055,40.68949659271035,-111.47067515084642,6728.8,0,76.7,49.9,60.8,0.0,0.0,0.0
2026-10-07,Sam's Trail,Deer Valley,WG012,40.61912724197413,-111.50964994268364,8145.3,3,69.3,50.9,58.4,0.0,0.0,0.0
2026-10-07,Saved By The Bell,Round Valley,WG067,40.71689792497153,-111.49958806368429,6568.5,0,77.3,50.5,61.3,0.0,0.0,0.0
2026-10-07,Scott's Bypass,Park City / PCMR,WG021,40.612047856355446,-111.55918064050742,9658.7,3,64.0,45.6,53.1,0.0,0.0,0.0
2026-10-07,Secret of My Success Trail,Deer Valley,WG033,40.62597453280468,-111.48566192002252,8293.6,3,69.7,51.4,58.9,0.0,0.0,0.0
2026-10-07,Seldom Seen,Park City / PCMR,WG034,40.64892938917546,-111.51571616491609,7435.6,3,72.6,54.2,61.7,0.0,0.0,0.0
2026-10-07,Seventy 101,Round Valley,WG057,40.68968411592925,-111.49103639156762,6974.3,0,76.4,49.6,60.5,0.0,0.0,0.0
2026-10-07,Shadow Lake,Park City / PCMR,WG020,40.61596037279941,-111.55009628848111,9179.4,3,65.5,47.1,54.6,0.0,0.0,0.0
2026-10-07,Shenanigans,Deer Valley,WG012,40.62034189886961,-111.49849814997506,8237.7,3,69.3,50.9,58.4,0.0,0.0,0.0
2026-10-07,Short Cut,Jeremy Ranch / Glenwild,WG064,40.68025862222409,-111.57883598783349,8081.5,0,71.8,49.5,58.4,0.0,0.0,0.0
2026-10-07,Short Fuse,Park City / PCMR,WG036,40.6346970517688,-111.52339576593836,8439.4,3,69.0,50.6,58.1,0.0,0.0,0.0
2026-10-07,Short Ribs,Summit Park,WG082,40.7348537895427,-111.62048055745409,7705.3,0,73.1,50.7,59.7,0.0,0.0,0.0
2026-10-07,Short Stack,Summit Park,WG082,40.73936874753804,-111.6200542747078,7652.8,0,73.1,50.7,59.7,0.0,0.0,0.0
2026-10-07,Silver Creek Trail,Round Valley,WG074,40.728195917662575,-111.48449884114967,6494.3,0,77.8,51.0,61.9,0.0,0.0,0.0
2026-10-07,Silver Gate,Round Valley,WG073,40.72728013881357,-111.46748664430804,6513.4,0,77.7,50.9,61.7,0.0,0.0,0.0
2026-10-07,Silver Queen,Park City / PCMR,WG037,40.63391819864852,-111.51755091640152,8558.9,3,67.8,49.5,57.0,0.0,0.0,0.0
2026-10-07,Silver Spur,Park City / PCMR,WG049,40.65266965116334,-111.5117818738982,6980.8,0,75.6,53.3,62.2,0.0,0.0,0.0
2026-10-07,Skid Row,Park City / PCMR,WG044,40.66845831872771,-111.47381352761975,6920.8,0,76.6,49.7,60.6,0.0,0.0,0.0
2026-10-07,Skyridge Peak Trail / Milky Way,Jordanelle,WG043,40.65984634182248,-111.4368345884266,7139.2,0,75.5,48.6,59.5,0.0,0.0,0.0
2026-10-07,Sloppy Joe,Round Valley,WG067,40.71599935057343,-111.49742827056478,6658.4,0,77.3,50.5,61.3,0.0,0.0,0.0
2026-10-07,Snake Pit Trail,Park City / PCMR,WG010,40.58750533085767,-111.57189033610032,9625.4,3,64.0,45.6,53.1,0.0,0.0,0.0
2026-10-07,Snowtop,Deer Valley,WG028,40.64752229561398,-111.4705824068134,7443.3,0,74.8,48.7,59.5,0.0,0.0,0.0
2026-10-07,Solamere,Deer Valley,WG045,40.65168830951934,-111.47267426337083,7304.0,0,75.1,48.2,59.1,0.0,0.0,0.0
2026-10-07,Solamere Connector,Deer Valley,WG045,40.651338463153365,-111.4797751905619,7331.1,0,75.1,48.2,59.1,0.0,0.0,0.0
2026-10-07,Somewhere Elks,Round Valley,WG055,40.68702802029736,-111.47813858810876,6977.4,0,76.7,49.9,60.8,0.0,0.0,0.0
2026-10-07,South Canyon,Round Valley,WG055,40.697084178294816,-111.45372200426904,6732.0,0,76.7,49.9,60.8,0.0,0.0,0.0
2026-10-07,South Sweeney,Park City / PCMR,WG031,40.64194117786604,-111.49870009761844,7400.1,0,74.4,48.3,59.1,0.0,0.0,0.0
2026-10-07,Spare Change,Summit Park,WG080,40.74164553017363,-111.60031464541484,6827.9,0,76.1,53.8,62.7,0.0,0.0,0.0
2026-10-07,Sparky's Return,Clark Ranch,WG044,40.6617858998794,-111.45698342605078,6783.6,0,76.6,49.7,60.6,0.0,0.0,0.0
2026-10-07,Speedbag,Deer Valley,WG011,40.624406811076895,-111.50919273225593,7987.6,3,70.5,52.1,59.6,0.0,0.0,0.0
2026-10-07,Spin Cycle Trail,Deer Valley,WG028,40.63411801502942,-111.46082430079326,7178.8,0,74.8,48.7,59.5,0.0,0.0,0.0
2026-10-07,Spiro Trail,Park City / PCMR,WG035,40.64755384631944,-111.52407012433112,7617.4,3,71.2,52.9,60.4,0.0,0.0,0.0
2026-10-07,St. Regis Trail,Deer Valley,WG028,40.639112933407205,-111.47591481144916,7383.3,0,74.8,48.7,59.5,0.0,0.0,0.0
2026-10-07,Stealth Connector / Pheasant Way,Jeremy Ranch / Glenwild,WG076,40.73167942348123,-111.54708752211994,6361.5,0,77.7,55.4,64.3,0.0,0.0,0.0
2026-10-07,Stealth Trail,Jeremy Ranch / Glenwild,WG077,40.73631275924013,-111.5447596003018,6560.0,0,77.0,54.7,63.6,0.0,0.0,0.0
2026-10-07,Steps,Park City / PCMR,WG037,40.63116043759045,-111.5173271228493,8520.8,3,67.8,49.5,57.0,0.0,0.0,0.0
2026-10-07,Stiff Upper Lip,Park City / PCMR,WG017,40.61611691879028,-111.52987009616064,9025.4,3,65.8,47.4,54.9,0.0,0.0,0.0
2026-10-07,Sunny Slopes Trail,Round Valley,WG057,40.68377753714063,-111.48540217687854,6826.8,0,76.4,49.6,60.5,0.0,0.0,0.0
2026-10-07,Sunset,Deer Valley,WG013,40.61222429898699,-111.48546906629171,8777.5,3,67.4,49.0,56.5,0.0,0.0,0.0
2026-10-07,Super G,Deer Valley,WG013,40.6078734147108,-111.486644562986,8939.8,3,67.4,49.0,56.5,0.0,0.0,0.0
2026-10-07,Sven,Jordanelle,WG040,40.66216079919324,-111.41880056586604,6299.4,0,78.5,51.7,62.5,0.0,0.0,0.0
2026-10-07,Sweeney Switchbacks,Park City / PCMR,WG031,40.64428684826398,-111.50263935593632,7442.9,0,74.4,48.3,59.1,0.0,0.0,0.0
2026-10-07,Sweeneys,Park City / PCMR,WG032,40.6416793962084,-111.50380066992643,7712.4,0,73.1,47.0,57.7,0.0,0.0,0.0
2026-10-07,T&G,Deer Valley,WG016,40.611941402305575,-111.51506977898008,8673.3,3,67.3,48.9,56.4,0.0,0.0,0.0
2026-10-07,T&G 2,Deer Valley,WG016,40.62089143656375,-111.51568549288604,8599.5,3,67.3,48.9,56.4,0.0,0.0,0.0
2026-10-07,TDS Ontario Bypass,Deer Valley,WG032,40.62591563844938,-111.49801252893096,7889.0,0,73.1,47.0,57.7,0.0,0.0,0.0
2026-10-07,TSP Skils Area,Round Valley,WG067,40.70929244417837,-111.50545423904256,6671.9,0,77.3,50.5,61.3,0.0,0.0,0.0
2026-10-07,Tall Oaks Circle,Pinebrook,WG078,40.73938310561022,-111.57541687830556,6961.5,0,76.4,54.1,63.0,0.0,0.0,0.0
2026-10-07,Tall T Trail,Deer Valley,WG007,40.59029104976929,-111.52734087474852,9033.3,3,66.5,48.1,55.6,0.0,0.0,0.0
2026-10-07,Tar Pits Jump Line,Round Valley,WG067,40.70948336187246,-111.50501444482678,6663.3,0,77.3,50.5,61.3,0.0,0.0,0.0
2026-10-07,Team Big Bear,Deer Valley,WG013,40.61639926546102,-111.50010669410356,8610.0,3,67.4,49.0,56.5,0.0,0.0,0.0
2026-10-07,Team Cutthroat Downhill,Jeremy Ranch / Glenwild,WG077,40.74619331694971,-111.55242052130288,6618.0,0,77.0,54.7,63.6,0.0,0.0,0.0
2026-10-07,Thaynes Canyon,Park City / PCMR,WG037,40.62644528922062,-111.539067377105,8520.6,3,67.8,49.5,57.0,0.0,0.0,0.0
2026-10-07,The Avenues,Summit Park,WG090,40.75998198374273,-111.6028265058925,7081.5,0,74.6,52.3,61.2,0.0,0.0,0.0
2026-10-07,The Graduate,Jeremy Ranch / Glenwild,WG085,40.7534431855279,-111.56237742796368,6343.1,0,78.0,55.7,64.6,0.0,0.0,0.0
2026-10-07,The Great Gazoo,Round Valley,WG067,40.70997890100696,-111.50140660314835,6662.9,0,77.3,50.5,61.3,0.0,0.0,0.0
2026-10-07,The Lookout,Deer Valley,WG032,40.62921554675458,-111.4942829189022,7693.2,0,73.1,47.0,57.7,0.0,0.0,0.0
2026-10-07,The Sheep Trail,Summit Park,WG094,40.75746633469589,-111.667341513995,6217.2,2,77.1,57.2,65.2,0.0,0.0,0.0
2026-10-07,The Up Trail,Summit Park,WG078,40.74822119025095,-111.58934600493023,6821.1,0,76.4,54.1,63.0,0.0,0.0,0.0
2026-10-07,The Upper Avenues,Summit Park,WG090,40.75942210135698,-111.60997791538348,7425.0,0,74.6,52.3,61.2,0.0,0.0,0.0
2026-10-07,Thieves Forest,Deer Valley,WG013,40.61553068086176,-111.48245627012813,8597.7,3,67.4,49.0,56.5,0.0,0.0,0.0
2026-10-07,Thieves Forrest,Deer Valley,WG014,40.611364491739,-111.4804590615015,9072.7,3,66.4,48.1,55.6,0.0,0.0,0.0
2026-10-07,Three Candles,Park City / PCMR,WG037,40.62931137475258,-111.52248914366156,8843.3,3,67.8,49.5,57.0,0.0,0.0,0.0
2026-10-07,Tidal Wave,Deer Valley,WG013,40.610548014761406,-111.48897388892838,8737.9,3,67.4,49.0,56.5,0.0,0.0,0.0
2026-10-07,Tideline,Jordanelle,WG025,40.64171272429878,-111.40053564270964,6530.0,0,77.5,51.4,62.2,0.0,0.0,0.0
2026-10-07,Tim Man,Round Valley,WG067,40.70348842863846,-111.50080894755244,6766.9,0,77.3,50.5,61.3,0.0,0.0,0.0
2026-10-07,Tommys Two Step,Park City / PCMR,WG036,40.629024211109055,-111.51829238121942,8474.2,3,69.0,50.6,58.1,0.0,0.0,0.0
2026-10-07,Tour De Homes,Deer Valley,WG032,40.63205110837411,-111.48826887414292,7813.1,0,73.1,47.0,57.7,0.0,0.0,0.0
2026-10-07,Tour De Suds (Upper),Deer Valley,WG013,40.614682713092186,-111.50609195133156,8563.5,3,67.4,49.0,56.5,0.0,0.0,0.0
2026-10-07,Town,Park City / PCMR,WG030,40.64755940729975,-111.49861999854691,6988.0,0,75.9,49.8,60.5,0.0,0.0,0.0
2026-10-07,Trailside,Round Valley,WG066,40.71864159830864,-111.50336949570412,6480.1,0,77.4,55.1,64.0,0.0,0.0,0.0
2026-10-07,Trailside Connector,Round Valley,WG067,40.71611276967259,-111.5017965665912,6504.2,0,77.3,50.5,61.3,0.0,0.0,0.0
2026-10-07,Trailside Loop,Round Valley,WG067,40.71199117049012,-111.50483999800892,6609.7,0,77.3,50.5,61.3,0.0,0.0,0.0
2026-10-07,Trappers Gate,Deer Valley,WG031,40.63197509989361,-111.497026036245,7462.8,0,74.4,48.3,59.1,0.0,0.0,0.0
2026-10-07,Trestle,Park City / PCMR,WG033,40.63650074050743,-111.50791633233914,8071.5,3,69.7,51.4,58.9,0.0,0.0,0.0
2026-10-07,Tricky Pickle Trail,Deer Valley,WG004,40.59197973531048,-111.49789592532872,8532.5,3,67.7,49.3,56.8,0.0,0.0,0.0
2026-10-07,Truckhole,Round Valley,WG067,40.704351116822174,-111.50022157042804,6773.9,0,77.3,50.5,61.3,0.0,0.0,0.0
2026-10-07,Trump,Deer Valley,WG013,40.60903529522874,-111.4964159868453,8771.6,3,67.4,49.0,56.5,0.0,0.0,0.0
2026-10-07,Tsunami,Deer Valley,WG013,40.61166268615432,-111.48706860055302,8747.8,3,67.4,49.0,56.5,0.0,0.0,0.0
2026-10-07,Tug of War Trail,Deer Valley,WG013,40.60218815889535,-111.4963014769127,8962.3,3,67.4,49.0,56.5,0.0,0.0,0.0
2026-10-07,Tweety Bird Trail,Jordanelle,WG001,40.59084253440856,-111.40816741687898,6568.1,0,76.9,50.8,61.6,0.0,0.0,0.0
2026-10-07,Twist & Shout,Deer Valley,WG012,40.61590669002216,-111.48826576454944,8415.6,3,69.3,50.9,58.4,0.0,0.0,0.0
2026-10-07,Twist and Shout,Deer Valley,WG013,40.61146669404505,-111.486662413967,8799.9,3,67.4,49.0,56.5,0.0,0.0,0.0
2026-10-07,Undertow Trail,Deer Valley,WG029,40.63057046785135,-111.47858549886824,7937.9,0,73.4,47.3,58.1,0.0,0.0,0.0
2026-10-07,Unga Bunga Skills and Pump Tradk,Round Valley,WG067,40.71158064400824,-111.50217787755837,6590.1,0,77.3,50.5,61.3,0.0,0.0,0.0
2026-10-07,Up Track,Round Valley,WG067,40.71007968280768,-111.50314659118624,6643.1,0,77.3,50.5,61.3,0.0,0.0,0.0
2026-10-07,Upper Devo Trail,Deer Valley,WG033,40.62826200901757,-111.4850494481263,8097.8,3,69.7,51.4,58.9,0.0,0.0,0.0
2026-10-07,Upper Loose,Park City / PCMR,WG032,40.64060205866311,-111.5081407284332,7678.0,0,73.1,47.0,57.7,0.0,0.0,0.0
2026-10-07,Upper Loose Moose,Park City / PCMR,WG032,40.64060459750891,-111.5062344507794,7788.9,0,73.1,47.0,57.7,0.0,0.0,0.0
2026-10-07,Upper Sparky Trail,Clark Ranch,WG044,40.6599723509711,-111.45534390616216,6878.4,0,76.6,49.7,60.6,0.0,0.0,0.0
2026-10-07,Village Pipeline Connector,Deer Valley,WG028,40.6391093200599,-111.472490526811,7336.8,0,74.8,48.7,59.5,0.0,0.0,0.0
2026-10-07,Village Trail,Deer Valley,WG028,40.64077448423082,-111.47113665558776,7315.2,0,74.8,48.7,59.5,0.0,0.0,0.0
2026-10-07,Village Trail / Pipeline,Deer Valley,WG028,40.64110752434245,-111.46934147070748,7182.6,0,74.8,48.7,59.5,0.0,0.0,0.0
2026-10-07,WOW (Wasatch Over Wasatch) Trail,Deer Valley,WG003,40.585198990338895,-111.50729227137398,8248.2,3,69.3,50.9,58.4,0.0,0.0,0.0
2026-10-07,Wada Way,Jordanelle,WG040,40.65139897157171,-111.41292348157292,6267.2,0,78.5,51.7,62.5,0.0,0.0,0.0
2026-10-07,Wasatch,Round Valley,WG074,40.742724215036304,-111.49568804225927,6475.9,0,77.8,51.0,61.9,0.0,0.0,0.0
2026-10-07,Wasatch Crest Connect,Park City / PCMR,WG020,40.616974136223725,-111.55736099806312,9245.9,3,65.5,47.1,54.6,0.0,0.0,0.0
2026-10-07,Wasatch Wiggle Trail,Park City / PCMR,WG010,40.58570056880523,-111.57390345809982,9702.8,3,64.0,45.6,53.1,0.0,0.0,0.0
2026-10-07,We'll Go From There,Jordanelle,WG027,40.633559740125165,-111.4528915193202,6692.5,0,76.6,50.5,61.3,0.0,0.0,0.0
2026-10-07,Winchester Trail,Jeremy Ranch / Glenwild,WG069,40.71094932830698,-111.54449441430567,6453.0,0,77.5,55.1,64.1,0.0,0.0,0.0
2026-10-07,Woodside Gulch,Deer Valley,WG032,40.63428272582461,-111.50200856347875,7635.5,0,73.1,47.0,57.7,0.0,0.0,0.0
2026-10-07,Wowza Downhill Trail,Deer Valley,WG006,40.58677474689952,-111.51626735679228,8564.8,3,68.1,49.7,57.2,0.0,0.0,0.0
2026-10-07,Wowza Trail,Deer Valley,WG006,40.58754867198866,-111.51557993987645,8552.8,3,68.1,49.7,57.2,0.0,0.0,0.0
2026-10-07,Yabba Dabba Doo,Round Valley,WG067,40.71031601545331,-111.5039304608668,6636.2,0,77.3,50.5,61.3,0.0,0.0,0.0
2026-10-07,Yeti's,Pinebrook,WG072,40.70910944007779,-111.57083697014414,7539.3,0,73.0,50.7,59.6,0.0,0.0,0.0
2026-10-07,You Get It,Jordanelle,WG027,40.63417280890808,-111.45447628262694,6774.5,0,76.6,50.5,61.3,0.0,0.0,0.0
2026-10-08,24-7,Jeremy Ranch / Glenwild,WG086,40.7580938928905,-111.55747502780672,6689.5,3,75.7,54.3,62.9,0.0,0.0,0.0
2026-10-08,4:20,Deer Valley,WG032,40.63850725810498,-111.5016215026881,7810.7,3,72.0,46.1,56.8,0.0,0.0,0.0
2026-10-08,9K Trail,Park City / PCMR,WG017,40.61454424262402,-111.5340694590712,9222.8,3,64.9,46.5,54.2,0.0,0.0,0.0
2026-10-08,A Toll New World,Summit Park,WG078,40.74525880222984,-111.59660432287036,6843.1,3,75.3,53.9,62.5,0.0,0.0,0.0
2026-10-08,Abilene Way,Jeremy Ranch / Glenwild,WG068,40.705162592888,-111.52848253655898,6454.0,3,76.4,55.0,63.6,0.0,0.0,0.0
2026-10-08,Agitator Trail,Deer Valley,WG028,40.62594479567907,-111.46053082324435,7171.6,3,73.7,47.8,58.5,0.0,0.0,0.0
2026-10-08,Alexander Creek Trail,Summit Park,WG093,40.75856130522611,-111.67962308025976,5873.5,0,78.6,62.6,70.0,0.0,0.0,0.0
2026-10-08,Alta-Brighton Trail,Park City / PCMR,WG009,40.59874189108338,-111.5904390735144,9081.0,3,65.0,46.6,54.3,0.0,0.0,0.0
2026-10-08,Ambush,Jeremy Ranch / Glenwild,WG063,40.694225906082366,-111.58181443950004,7757.7,3,71.7,50.3,58.9,0.0,0.0,0.0
2026-10-08,Amenti,Round Valley,WG067,40.71749758221375,-111.50096260266577,6526.6,0,76.2,49.7,60.5,0.0,0.0,0.0
2026-10-08,An Unexpected Journey Trail,Jordanelle,WG001,40.584095263003086,-111.41492155800285,6731.9,3,75.8,49.9,60.6,0.0,0.0,0.0
2026-10-08,Ancient Forest Loop,Round Valley,WG074,40.7314260153664,-111.49224006112888,6485.8,0,76.7,50.3,61.1,0.0,0.0,0.0
2026-10-08,Ant Farm,Jeremy Ranch / Glenwild,WG077,40.74632495230274,-111.55092174051572,6629.0,3,75.9,54.5,63.1,0.0,0.0,0.0
2026-10-08,Apex,Park City / PCMR,WG038,40.62520958876211,-111.53395003281469,9146.4,3,65.2,46.8,54.5,0.0,0.0,0.0
2026-10-08,April Mountain Trail,Deer Valley,WG047,40.650711302598815,-111.4870593388075,7472.0,0,74.2,47.8,58.6,0.0,0.0,0.0
2026-10-08,Armstrong,Park City / PCMR,WG051,40.65248508262897,-111.52994268919429,7566.3,3,72.4,51.0,59.6,0.0,0.0,0.0
2026-10-08,Ashley Avenue,Round Valley,WG057,40.68155854272997,-111.50389122653404,6794.6,0,75.4,48.9,59.7,0.0,0.0,0.0
2026-10-08,Aspen Slalom,Deer Valley,WG013,40.61311265842392,-111.48457791355952,8816.9,3,66.5,48.1,55.8,0.0,0.0,0.0
2026-10-08,BLT,Jeremy Ranch / Glenwild,WG070,40.71492142685356,-111.56084442077211,6927.9,3,75.4,54.0,62.6,0.0,0.0,0.0
2026-10-08,BYOB,Pinebrook,WG070,40.718283985000745,-111.55661288864135,6639.8,3,75.4,54.0,62.6,0.0,0.0,0.0
2026-10-08,Backslide,Round Valley,WG057,40.686236769495366,-111.49111386346571,6972.4,0,75.4,48.9,59.7,0.0,0.0,0.0
2026-10-08,Bad Apple,Jeremy Ranch / Glenwild,WG076,40.74937514368386,-111.56017979748744,6367.9,3,76.6,55.2,63.8,0.0,0.0,0.0
2026-10-08,Bamm Bamm,Round Valley,WG067,40.71001316656963,-111.50256230173504,6667.3,0,76.2,49.7,60.5,0.0,0.0,0.0
2026-10-08,Barrel Roll,Round Valley,WG058,40.69153134198254,-111.48458530535574,7017.0,0,74.7,48.3,59.1,0.0,0.0,0.0
2026-10-08,Beep Beep Trail,Jordanelle,WG001,40.59039066618902,-111.4033797731244,6670.3,3,75.8,49.9,60.6,0.0,0.0,0.0
2026-10-08,Big Dipper,Jordanelle,WG042,40.66018548005414,-111.43175307695702,6961.2,0,75.7,49.2,60.0,0.0,0.0,0.0
2026-10-08,Big Easy,Round Valley,WG057,40.696128326880846,-111.48285293654745,6776.5,0,75.4,48.9,59.7,0.0,0.0,0.0
2026-10-08,Black Forest,Deer Valley,WG016,40.61940428916709,-111.52036519166067,8929.3,3,66.4,48.0,55.7,0.0,0.0,0.0
2026-10-08,Blackhawk Trail,Jeremy Ranch / Glenwild,WG075,40.73111252615939,-111.53542276920604,6536.5,3,75.8,54.4,63.0,0.0,0.0,0.0
2026-10-08,Blazing Saddle,Park City / PCMR,WG020,40.61652898868821,-111.55635878361066,9384.9,3,64.6,46.2,53.9,0.0,0.0,0.0
2026-10-08,Bonanza Flat Overlook,Deer Valley,WG017,40.60116766018752,-111.5344182482656,9112.3,3,64.9,46.5,54.2,0.0,0.0,0.0
2026-10-08,Bonanza Loop Trail,Deer Valley,WG016,40.60282163896819,-111.52815381158308,8908.5,3,66.4,48.0,55.7,0.0,0.0,0.0
2026-10-08,Bonanza Trail,Deer Valley,WG046,40.661614248984336,-111.49584605339936,6814.3,0,75.3,48.8,59.6,0.0,0.0,0.0
2026-10-08,Boot Hill,Park City / PCMR,WG046,40.66311538182378,-111.50841776480048,6853.1,0,75.3,48.8,59.6,0.0,0.0,0.0
2026-10-08,Boot Hill Connect,Park City / PCMR,WG046,40.66384832032967,-111.50809692977944,6921.4,0,75.3,48.8,59.6,0.0,0.0,0.0
2026-10-08,Boulder,Deer Valley,WG013,40.61539223980999,-111.50399769475118,8635.0,3,66.5,48.1,55.8,0.0,0.0,0.0
2026-10-08,Boulder / Trump,Deer Valley,WG013,40.610998229404565,-111.50208555144307,8996.4,3,66.5,48.1,55.8,0.0,0.0,0.0
2026-10-08,Bourbon Street,Round Valley,WG067,40.70798253656,-111.48164466049944,6673.3,0,76.2,49.7,60.5,0.0,0.0,0.0
2026-10-08,Bow Hunter,Deer Valley,WG014,40.60108596513679,-111.48484426536052,9020.3,3,65.5,47.2,54.8,0.0,0.0,0.0
2026-10-08,Bow Hunter Extension,Deer Valley,WG005,40.59796119210968,-111.4848069886625,9014.7,3,65.6,47.3,54.9,0.0,0.0,0.0
2026-10-08,Brighton Lakes Trail,Park City / PCMR,WG009,40.59287052758444,-111.58751257009568,9276.0,3,65.0,46.6,54.3,0.0,0.0,0.0
2026-10-08,Bronto Jam,Round Valley,WG067,40.71004954775594,-111.501977414722,6672.8,0,76.2,49.7,60.5,0.0,0.0,0.0
2026-10-08,CMG,Park City / PCMR,WG035,40.645848884326966,-111.51679268892973,7606.5,3,70.3,52.0,59.7,0.0,0.0,0.0
2026-10-08,Cammy's,Round Valley,WG057,40.69072662264133,-111.49673800313964,6953.5,0,75.4,48.9,59.7,0.0,0.0,0.0
2026-10-08,Canyons Downhill,Pinebrook,WG061,40.68430916809496,-111.56849091879047,7666.2,3,72.1,50.6,59.3,0.0,0.0,0.0
2026-10-08,Catherine's Pass Trail,Park City / PCMR,WG010,40.585096359880005,-111.59078643106362,9753.9,3,63.1,44.7,52.4,0.0,0.0,0.0
2026-10-08,Claim Jumper,Park City / PCMR,WG036,40.63958065995946,-111.52518162563226,8147.6,3,68.1,49.7,57.4,0.0,0.0,0.0
2026-10-08,Clayton Peak Trail,Park City / PCMR,WG010,40.58693552999217,-111.57085635011327,9813.5,3,63.1,44.7,52.4,0.0,0.0,0.0
2026-10-08,Cobblestone Loop,Jeremy Ranch / Glenwild,WG084,40.75845647840704,-111.52582619388934,6805.4,3,75.3,53.9,62.5,0.0,0.0,0.0
2026-10-08,Cobblestone Trail,Jeremy Ranch / Glenwild,WG084,40.75512641497514,-111.52744418745776,6723.8,3,75.3,53.9,62.5,0.0,0.0,0.0
2026-10-08,Colin's Trail,Jeremy Ranch / Glenwild,WG060,40.69629937433107,-111.55671582168428,7029.9,3,73.8,52.4,61.0,0.0,0.0,0.0
2026-10-08,Colony Mid Mountain Connector,Park City / PCMR,WG052,40.65011049975458,-111.53932673410868,8429.2,3,67.7,49.4,57.0,0.0,0.0,0.0
2026-10-08,Comstock Mine Trail,Park City / PCMR,WG019,40.62270505527668,-111.54357954562096,8723.6,3,66.7,48.3,56.0,0.0,0.0,0.0
2026-10-08,Constellation Trail,Jordanelle,WG026,40.6428753631073,-111.43505033038012,6261.6,3,77.3,51.4,62.1,0.0,0.0,0.0
2026-10-08,Corvair,Deer Valley,WG016,40.61099169805087,-111.51230389508405,8648.6,3,66.4,48.0,55.7,0.0,0.0,0.0
2026-10-08,Corvair (Upper),Deer Valley,WG016,40.60840912265719,-111.51090449857222,8883.3,3,66.4,48.0,55.7,0.0,0.0,0.0
2026-10-08,Corvair Connector,Deer Valley,WG016,40.61070239150149,-111.5115633319795,8812.1,3,66.4,48.0,55.7,0.0,0.0,0.0
2026-10-08,Cousin Eddy Trail,Clark Ranch,WG044,40.66170094764518,-111.45386933866466,6817.2,0,75.5,49.0,59.8,0.0,0.0,0.0
2026-10-08,Coyote Loop Trail,Jordanelle,WG001,40.58676467246392,-111.40272629625528,6895.7,3,75.8,49.9,60.6,0.0,0.0,0.0
2026-10-08,Crazy Eights,Jeremy Ranch / Glenwild,WG077,40.74908550583131,-111.55291850861556,6580.7,3,75.9,54.5,63.1,0.0,0.0,0.0
2026-10-08,Crescent Ridge,Park City / PCMR,WG036,40.64328062856461,-111.5205999025961,8289.2,3,68.1,49.7,57.4,0.0,0.0,0.0
2026-10-08,Cutter Lane,Jeremy Ranch / Glenwild,WG068,40.7083260127391,-111.53140227257067,6437.7,3,76.4,55.0,63.6,0.0,0.0,0.0
2026-10-08,Cyn City,Park City / PCMR,WG016,40.62106458390316,-111.52108056020784,8700.1,3,66.4,48.0,55.7,0.0,0.0,0.0
2026-10-08,Daily Overlook,Deer Valley,WG031,40.631723443280656,-111.4987920660294,7430.4,3,73.3,47.4,58.1,0.0,0.0,0.0
2026-10-08,Daly Avenue,Deer Valley,WG031,40.63079192228995,-111.49966938212476,7430.3,3,73.3,47.4,58.1,0.0,0.0,0.0
2026-10-08,Daly Bypass,Deer Valley,WG031,40.63469577874592,-111.4972952534869,7351.3,3,73.3,47.4,58.1,0.0,0.0,0.0
2026-10-08,Daly Canyon,Deer Valley,WG011,40.620194319264456,-111.50922727258838,7986.4,3,69.6,51.2,58.9,0.0,0.0,0.0
2026-10-08,Daly Grind,Deer Valley,WG011,40.62436395642222,-111.5065519695764,7745.3,3,69.6,51.2,58.9,0.0,0.0,0.0
2026-10-08,Dawns Trail,Park City / PCMR,WG051,40.65039115727101,-111.52578815180028,7505.7,3,72.4,51.0,59.6,0.0,0.0,0.0
2026-10-08,Dead Reckoning,Summit Park,WG078,40.74804102527887,-111.5901705440554,6808.0,3,75.3,53.9,62.5,0.0,0.0,0.0
2026-10-08,Dead Tree,Park City / PCMR,WG021,40.611358588022426,-111.54588982448988,9653.6,3,63.1,44.7,52.4,0.0,0.0,0.0
2026-10-08,Deep Park Circle,Jordanelle,WG026,40.626894083286025,-111.43587347972714,6383.2,3,77.3,51.4,62.1,0.0,0.0,0.0
2026-10-08,Deer Camp,Deer Valley,WG013,40.60519585339864,-111.4911066437841,8920.6,3,66.5,48.1,55.8,0.0,0.0,0.0
2026-10-08,Deer Crest,Deer Valley,WG029,40.63553157935396,-111.47424740401932,7612.2,3,72.4,46.4,57.1,0.0,0.0,0.0
2026-10-08,Devo,Deer Valley,WG032,40.6296740826892,-111.48374523511592,7963.4,3,72.0,46.1,56.8,0.0,0.0,0.0
2026-10-08,Discovery,Summit Park,WG078,40.74903521550762,-111.59463162387972,6614.4,3,75.3,53.9,62.5,0.0,0.0,0.0
2026-10-08,Downward Dog,Round Valley,WG057,40.68865758594976,-111.48489883261024,6958.5,0,75.4,48.9,59.7,0.0,0.0,0.0
2026-10-08,Dropout,Jeremy Ranch / Glenwild,WG077,40.74673233142679,-111.55449028155309,6576.0,3,75.9,54.5,63.1,0.0,0.0,0.0
2026-10-08,Dubois,Jeremy Ranch / Glenwild,WG059,40.698630398586985,-111.55581872982933,6878.9,3,75.3,53.9,62.5,0.0,0.0,0.0
2026-10-08,Eagle Cove,Round Valley,WG057,40.68665016051084,-111.49786169389527,6799.6,0,75.4,48.9,59.7,0.0,0.0,0.0
2026-10-08,Eagle Trail,Park City / PCMR,WG051,40.65138382915936,-111.51929067308184,7664.9,3,72.4,51.0,59.6,0.0,0.0,0.0
2026-10-08,Eagle Way,Park City / PCMR,WG048,40.65295946154777,-111.48775315119684,7538.9,0,73.0,46.5,57.3,0.0,0.0,0.0
2026-10-08,East Fallen Pines Lane,Park City / PCMR,WG022,40.61551642366452,-111.57912837068116,8712.4,3,66.6,48.2,55.9,0.0,0.0,0.0
2026-10-08,Easy Rider,Park City / PCMR,WG009,40.59580193116481,-111.57632308440664,9141.3,3,65.0,46.6,54.3,0.0,0.0,0.0
2026-10-08,Ecker Hill Trail,Pinebrook,WG076,40.740364526144575,-111.5667817840803,6401.3,3,76.6,55.2,63.8,0.0,0.0,0.0
2026-10-08,Empire Alternate,Deer Valley,WG032,40.62635819528807,-111.50016350153602,7943.1,3,72.0,46.1,56.8,0.0,0.0,0.0
2026-10-08,Empire Link,Deer Valley,WG012,40.62422557470265,-111.50748256286928,8022.2,3,68.4,50.0,57.7,0.0,0.0,0.0
2026-10-08,Empire Lodge,Deer Valley,WG015,40.61442062316093,-111.51298418240138,8439.2,3,68.2,49.8,57.5,0.0,0.0,0.0
2026-10-08,Empire Pass Connector,Deer Valley,WG016,40.60627316294136,-111.51481095351645,8948.4,3,66.4,48.0,55.7,0.0,0.0,0.0
2026-10-08,Equestrian,Round Valley,WG067,40.70215181343843,-111.50219785223597,6719.1,0,76.2,49.7,60.5,0.0,0.0,0.0
2026-10-08,Euston,Round Valley,WG047,40.65772556817424,-111.48315877249176,7062.9,0,74.2,47.8,58.6,0.0,0.0,0.0
2026-10-08,Evil Empire,Park City / PCMR,WG016,40.61923823662483,-111.52513988679308,8746.8,3,66.4,48.0,55.7,0.0,0.0,0.0
2026-10-08,Fairway Hills Trail,Round Valley,WG055,40.67853348641883,-111.47699791832557,6747.4,0,75.7,49.2,60.0,0.0,0.0,0.0
2026-10-08,Family Truckster Trail,Clark Ranch,WG044,40.66038172048119,-111.452885753204,6847.4,0,75.5,49.0,59.8,0.0,0.0,0.0
2026-10-08,Fast Pitch Trail,Round Valley,WG055,40.6798165110769,-111.47671870073196,6759.1,0,75.7,49.2,60.0,0.0,0.0,0.0
2026-10-08,Fat Lip,Park City / PCMR,WG016,40.62192963761681,-111.5279713594279,8931.1,3,66.4,48.0,55.7,0.0,0.0,0.0
2026-10-08,Field Stone,Round Valley,WG067,40.71706243943152,-111.49059329339536,6526.3,0,76.2,49.7,60.5,0.0,0.0,0.0
2026-10-08,Fink Again,Jeremy Ranch / Glenwild,WG086,40.75125285000831,-111.55541181172696,6586.2,3,75.7,54.3,62.9,0.0,0.0,0.0
2026-10-08,Finns,Deer Valley,WG028,40.640763495812735,-111.47689190658058,7214.2,3,73.7,47.8,58.5,0.0,0.0,0.0
2026-10-08,Fireswamp,Deer Valley,WG013,40.61340925382439,-111.48239833860336,8873.0,3,66.5,48.1,55.8,0.0,0.0,0.0
2026-10-08,First Time,Park City / PCMR,WG050,40.65050878239233,-111.51048291433958,7041.1,3,74.5,48.6,59.3,0.0,0.0,0.0
2026-10-08,First Time Return,Park City / PCMR,WG050,40.65021414919943,-111.51090683334832,7073.8,3,74.5,48.6,59.3,0.0,0.0,0.0
2026-10-08,Flagstaff Loop,Deer Valley,WG013,40.60758047007656,-111.496735533601,8898.0,3,66.5,48.1,55.8,0.0,0.0,0.0
2026-10-08,Flat Cable,Park City / PCMR,WG032,40.644102718034645,-111.505628746172,7565.4,3,72.0,46.1,56.8,0.0,0.0,0.0
2026-10-08,Flat Iron,Park City / PCMR,WG036,40.62696082564811,-111.51719430456902,8393.5,3,68.1,49.7,57.4,0.0,0.0,0.0
2026-10-08,Flying Dog,Jeremy Ranch / Glenwild,WG087,40.77237660098178,-111.54161762597796,7321.2,3,73.5,52.0,60.7,0.0,0.0,0.0
2026-10-08,Forest Glen Trail,Park City / PCMR,WG022,40.61089948644494,-111.5784844905115,8765.8,3,66.6,48.2,55.9,0.0,0.0,0.0
2026-10-08,Fox Tail Trail,Round Valley,WG045,40.66564803508002,-111.47503092801368,7133.0,0,74.0,47.5,58.3,0.0,0.0,0.0
2026-10-08,Freemason,Park City / PCMR,WG046,40.65768683021079,-111.49819012622744,6949.6,0,75.3,48.8,59.6,0.0,0.0,0.0
2026-10-08,Full Steam Billy,Park City / PCMR,WG031,40.64842922650065,-111.4945100220623,7246.4,3,73.3,47.4,58.1,0.0,0.0,0.0
2026-10-08,Gambel Oak Cut,Round Valley,WG045,40.65967079074984,-111.47871602858976,7240.9,0,74.0,47.5,58.3,0.0,0.0,0.0
2026-10-08,Gambel Oak North,Park City / PCMR,WG047,40.65915752473873,-111.48180315635692,7112.6,0,74.2,47.8,58.6,0.0,0.0,0.0
2026-10-08,Gambel Oak Trail,Park City / PCMR,WG031,40.64847351910524,-111.48419757905585,7408.0,3,73.3,47.4,58.1,0.0,0.0,0.0
2026-10-08,Gap Bypass Trail,Deer Valley,WG028,40.64123747413292,-111.47577580871994,7306.6,3,73.7,47.8,58.5,0.0,0.0,0.0
2026-10-08,Gap Loop,Deer Valley,WG028,40.6409109833561,-111.47399614902376,7445.8,3,73.7,47.8,58.5,0.0,0.0,0.0
2026-10-08,Glenwild Loop,Jeremy Ranch / Glenwild,WG075,40.73989427988239,-111.52813430357229,6701.6,3,75.8,54.4,63.0,0.0,0.0,0.0
2026-10-08,Glenwild Loop / Wasatch,Jeremy Ranch / Glenwild,WG074,40.74589846722535,-111.509614206256,6451.3,0,76.7,50.3,61.1,0.0,0.0,0.0
2026-10-08,Gold Finger,Park City / PCMR,WG053,40.65997467243904,-111.55431689925648,8081.9,3,70.2,48.8,57.4,0.0,0.0,0.0
2026-10-08,Golden Needle,Park City / PCMR,WG008,40.59452078975266,-111.56725110409884,9811.4,3,63.0,44.7,52.3,0.0,0.0,0.0
2026-10-08,Gorgoza Park,Pinebrook,WG089,40.75144469967726,-111.581432624726,6619.5,3,75.6,54.2,62.8,0.0,0.0,0.0
2026-10-08,Gotcha Cuttoff,Park City / PCMR,WG035,40.64587964864319,-111.5166123821088,7673.2,3,70.3,52.0,59.7,0.0,0.0,0.0
2026-10-08,Grave Digger,Deer Valley,WG032,40.62962271716946,-111.50201210924322,7682.6,3,72.0,46.1,56.8,0.0,0.0,0.0
2026-10-08,Great Western Trail,Wasatch Crest / Millcreek,WG092,40.77286580912175,-111.6406537725031,7571.3,0,72.5,48.5,58.7,0.0,0.0,0.0
2026-10-08,Great Western Trail / Great Western Trail bypass,Wasatch Crest / Millcreek,WG091,40.7535574542296,-111.6313027356856,7111.8,0,73.0,52.7,61.2,0.0,0.0,0.0
2026-10-08,H.A.M.,Park City / PCMR,WG035,40.64547382276132,-111.53139851516626,7780.5,3,70.3,52.0,59.7,0.0,0.0,0.0
2026-10-08,Hang Time South,Park City / PCMR,WG046,40.65853660632904,-111.49606808644194,6970.8,0,75.3,48.8,59.6,0.0,0.0,0.0
2026-10-08,Happy Gilmor,Round Valley,WG067,40.70712360033319,-111.5014684546231,6569.0,0,76.2,49.7,60.5,0.0,0.0,0.0
2026-10-08,Happy Trailside,Round Valley,WG067,40.708413441306845,-111.50471867526606,6595.6,0,76.2,49.7,60.5,0.0,0.0,0.0
2026-10-08,Hat Trick Trail,Round Valley,WG055,40.678830976721535,-111.47596646172724,6757.0,0,75.7,49.2,60.0,0.0,0.0,0.0
2026-10-08,Heard It Both Ways Trail,Deer Valley,WG004,40.593082879194085,-111.49125770411068,8855.0,3,66.8,48.4,56.1,0.0,0.0,0.0
2026-10-08,Hidden Cove,Summit Park,WG089,40.756655895607175,-111.597334386164,6686.2,3,75.6,54.2,62.8,0.0,0.0,0.0
2026-10-08,High Meadows Connector,Pinebrook,WG076,40.74134938710701,-111.56847869190176,6429.9,3,76.6,55.2,63.8,0.0,0.0,0.0
2026-10-08,High Side,Round Valley,WG055,40.69388247977245,-111.4770589235944,6909.3,0,75.7,49.2,60.0,0.0,0.0,0.0
2026-10-08,Holly's,Pinebrook,WG063,40.68604417524608,-111.57782170773478,7824.2,3,71.7,50.3,58.9,0.0,0.0,0.0
2026-10-08,Holy Roller,Deer Valley,WG013,40.6113609111251,-111.48708066137604,8716.2,3,66.5,48.1,55.8,0.0,0.0,0.0
2026-10-08,Humdinger,Deer Valley,WG029,40.626356336628135,-111.46720603877804,7537.3,3,72.4,46.4,57.1,0.0,0.0,0.0
2026-10-08,Insurgent,Jeremy Ranch / Glenwild,WG063,40.68610182305705,-111.58195303109213,7873.2,3,71.7,50.3,58.9,0.0,0.0,0.0
2026-10-08,Io Trail (Middle),Deer Valley,WG017,40.61025792344493,-111.52770861008732,9342.5,3,64.9,46.5,54.2,0.0,0.0,0.0
2026-10-08,Iron Bill,Jeremy Ranch / Glenwild,WG071,40.70817834974828,-111.55726593666238,7034.2,3,73.3,51.8,60.5,0.0,0.0,0.0
2026-10-08,Iron Man,Park City / PCMR,WG053,40.6585520468376,-111.5452566956134,8305.8,3,70.2,48.8,57.4,0.0,0.0,0.0
2026-10-08,Iron Mountain Trail,Park City / PCMR,WG054,40.65649532455427,-111.54475504732362,8753.8,3,68.2,46.8,55.4,0.0,0.0,0.0
2026-10-08,Izzy's Inferno (Dog Pound),Deer Valley,WG012,40.619811878384205,-111.48856422719636,8193.5,3,68.4,50.0,57.7,0.0,0.0,0.0
2026-10-08,Jailbreak,Jeremy Ranch / Glenwild,WG085,40.75712939272894,-111.56214780445411,6277.4,3,76.9,55.5,64.1,0.0,0.0,0.0
2026-10-08,Jeep Hill (Safety Coridoor),Deer Valley,WG013,40.60451306969404,-111.50923514571896,8820.6,3,66.5,48.1,55.8,0.0,0.0,0.0
2026-10-08,Jenni's Trail,Park City / PCMR,WG034,40.64869166733497,-111.51220769740809,7207.7,3,71.7,53.3,61.0,0.0,0.0,0.0
2026-10-08,Jenni's Trail upper,Park City / PCMR,WG035,40.63937813819639,-111.5112423147728,7789.7,3,70.3,52.0,59.7,0.0,0.0,0.0
2026-10-08,Johns '99,Park City / PCMR,WG033,40.62911828578874,-111.50998374795329,8128.2,3,68.8,50.5,58.2,0.0,0.0,0.0
2026-10-08,Johns 99,Deer Valley,WG015,40.62450457371346,-111.51231498110546,8231.6,3,68.2,49.8,57.5,0.0,0.0,0.0
2026-10-08,Johns Trail,Park City / PCMR,WG033,40.63760825426597,-111.50539626371148,8041.4,3,68.8,50.5,58.2,0.0,0.0,0.0
2026-10-08,Jordanelle (West Bank) Trail,Jordanelle,WG026,40.63639192686843,-111.4311179892118,6210.9,3,77.3,51.4,62.1,0.0,0.0,0.0
2026-10-08,Jordanelle Perimeter Trail,Jordanelle,WG024,40.633349610731685,-111.4121970547725,6216.7,3,77.5,51.5,62.2,0.0,0.0,0.0
2026-10-08,Jupiter Peak,Park City / PCMR,WG021,40.610319419324455,-111.54904593331813,9871.3,3,63.1,44.7,52.4,0.0,0.0,0.0
2026-10-08,Jupiter Ridge,Park City / PCMR,WG018,40.61268065771163,-111.53867835914352,9869.4,3,63.2,44.9,52.5,0.0,0.0,0.0
2026-10-08,Kaboom Trail / Call Sign Casa Trail,Jordanelle,WG027,40.62794719612903,-111.45468580169128,6888.6,3,75.5,49.6,60.3,0.0,0.0,0.0
2026-10-08,Kari's,Round Valley,WG055,40.69160040530727,-111.47515847036864,6850.2,0,75.7,49.2,60.0,0.0,0.0,0.0
2026-10-08,Keetley,Jordanelle,WG024,40.6438983646529,-111.4097274639112,6255.4,3,77.5,51.5,62.2,0.0,0.0,0.0
2026-10-08,Keystone Trail,Park City / PCMR,WG037,40.62506440637064,-111.53055382777043,8890.7,3,66.9,48.6,56.3,0.0,0.0,0.0
2026-10-08,La Dee Duh,Round Valley,WG057,40.69261799590889,-111.5001632592338,6864.5,0,75.4,48.9,59.7,0.0,0.0,0.0
2026-10-08,Lavina,Deer Valley,WG006,40.58376333945228,-111.52567195673171,8621.7,3,67.2,48.8,56.5,0.0,0.0,0.0
2026-10-08,Legacy Loop,Jeremy Ranch / Glenwild,WG071,40.705995804360256,-111.55961886682412,7342.6,3,73.3,51.8,60.5,0.0,0.0,0.0
2026-10-08,Legacy Ridge,Jeremy Ranch / Glenwild,WG071,40.70648419743829,-111.5603960205038,7414.3,3,73.3,51.8,60.5,0.0,0.0,0.0
2026-10-08,Legacy. Loop,Jeremy Ranch / Glenwild,WG071,40.70737188748682,-111.5599210439625,7363.1,3,73.3,51.8,60.5,0.0,0.0,0.0
2026-10-08,Link,Deer Valley,WG015,40.624117394272574,-111.51614328186776,8385.3,3,68.2,49.8,57.5,0.0,0.0,0.0
2026-10-08,Little Chief,Deer Valley,WG015,40.61872839208637,-111.51243052868438,8322.6,3,68.2,49.8,57.5,0.0,0.0,0.0
2026-10-08,Little Engine Trail,Summit Park,WG089,40.756690732809,-111.59562244098744,6709.3,3,75.6,54.2,62.8,0.0,0.0,0.0
2026-10-08,Little Stick,Deer Valley,WG028,40.63409637421967,-111.478301770839,7464.6,3,73.7,47.8,58.5,0.0,0.0,0.0
2026-10-08,Longview,Jordanelle,WG040,40.65785550770212,-111.4151527495857,6299.6,0,77.4,51.0,61.7,0.0,0.0,0.0
2026-10-08,Looney Tunes Trail,Jordanelle,WG002,40.58370423178651,-111.40605522395904,7149.3,3,74.2,48.3,59.0,0.0,0.0,0.0
2026-10-08,Loose Moose,Park City / PCMR,WG031,40.64358346695202,-111.50940341630726,7446.3,3,73.3,47.4,58.1,0.0,0.0,0.0
2026-10-08,Lost Prospector,Park City / PCMR,WG047,40.659849225736586,-111.4888557229514,7044.5,0,74.2,47.8,58.6,0.0,0.0,0.0
2026-10-08,Lower Devo Trail,Deer Valley,WG032,40.63290230557317,-111.48205615844142,7656.5,3,72.0,46.1,56.8,0.0,0.0,0.0
2026-10-08,Lower Masonic,Park City / PCMR,WG047,40.65358630670372,-111.49972319928794,7113.0,0,74.2,47.8,58.6,0.0,0.0,0.0
2026-10-08,Lower Sparky Trail,Clark Ranch,WG044,40.66761130235187,-111.4559551589961,6689.8,0,75.5,49.0,59.8,0.0,0.0,0.0
2026-10-08,Lower Village,Deer Valley,WG028,40.64043848354113,-111.46360640728942,7008.1,3,73.7,47.8,58.5,0.0,0.0,0.0
2026-10-08,Lynx #2,Round Valley,WG044,40.66734087696376,-111.46694625830712,6898.8,0,75.5,49.0,59.8,0.0,0.0,0.0
2026-10-08,Masonic,Park City / PCMR,WG047,40.65628760128763,-111.48965728213436,7283.0,0,74.2,47.8,58.6,0.0,0.0,0.0
2026-10-08,Matt's Flat,Round Valley,WG057,40.68924275786925,-111.49221205396208,6921.6,0,75.4,48.9,59.7,0.0,0.0,0.0
2026-10-08,McConkeys,Park City / PCMR,WG016,40.617956923480186,-111.52625119796232,8958.8,3,66.4,48.0,55.7,0.0,0.0,0.0
2026-10-08,McConkeys / Io Trail (Middle),Park City / PCMR,WG018,40.61168680632571,-111.53326494678502,9588.6,3,63.2,44.9,52.5,0.0,0.0,0.0
2026-10-08,McHenry Avenue,Deer Valley,WG031,40.640126864152855,-111.49219625319049,7274.9,3,73.3,47.4,58.1,0.0,0.0,0.0
2026-10-08,Mid-Mountain Connect,Park City / PCMR,WG036,40.63223012461414,-111.51309555497544,8201.7,3,68.1,49.7,57.4,0.0,0.0,0.0
2026-10-08,Mid-Mountain Trail,Park City / PCMR,WG036,40.64534582424172,-111.53118141177607,8168.3,3,68.1,49.7,57.4,0.0,0.0,0.0
2026-10-08,Milky Way,Jordanelle,WG042,40.65767372971338,-111.43373089841624,6795.1,0,75.7,49.2,60.0,0.0,0.0,0.0
2026-10-08,Milky Way / Two Rocks,Jordanelle,WG042,40.66056479638159,-111.42608338059031,6558.6,0,75.7,49.2,60.0,0.0,0.0,0.0
2026-10-08,Miner's Mile,Park City / PCMR,WG036,40.62728968091632,-111.51804021102016,8457.0,3,68.1,49.7,57.4,0.0,0.0,0.0
2026-10-08,Miss Billy's,Jeremy Ranch / Glenwild,WG059,40.69127466685039,-111.54016400735836,6614.6,3,75.3,53.9,62.5,0.0,0.0,0.0
2026-10-08,Mojave,Park City / PCMR,WG037,40.634971780917176,-111.5211432294971,8540.4,3,66.9,48.6,56.3,0.0,0.0,0.0
2026-10-08,Moose Hollow,Summit Park,WG088,40.76397899834495,-111.58866445905328,6467.6,3,76.3,54.9,63.5,0.0,0.0,0.0
2026-10-08,Moose Poop,Deer Valley,WG032,40.633538239133244,-111.50120248027572,7607.1,3,72.0,46.1,56.8,0.0,0.0,0.0
2026-10-08,Moose Puddle,Pinebrook,WG071,40.70548588260783,-111.56718578772085,7487.6,3,73.3,51.8,60.5,0.0,0.0,0.0
2026-10-08,Moose Tracks Trail,Park City / PCMR,WG009,40.59516414126596,-111.57427709390586,9258.1,3,65.0,46.6,54.3,0.0,0.0,0.0
2026-10-08,Moosebones,Deer Valley,WG013,40.61167254823319,-111.50326786094648,8857.2,3,66.5,48.1,55.8,0.0,0.0,0.0
2026-10-08,Moosehouse,Park City / PCMR,WG032,40.63204398195126,-111.5038481086022,7902.6,3,72.0,46.1,56.8,0.0,0.0,0.0
2026-10-08,Mother Urban,Deer Valley,WG032,40.63167066031289,-111.5034058570439,7904.1,3,72.0,46.1,56.8,0.0,0.0,0.0
2026-10-08,Mountain Ranch,Jeremy Ranch / Glenwild,WG066,40.719482563829935,-111.5082007499112,6453.3,3,76.3,54.9,63.5,0.0,0.0,0.0
2026-10-08,Mountain Ranch Estates,Round Valley,WG067,40.7173985998433,-111.50812726137713,6520.0,0,76.2,49.7,60.5,0.0,0.0,0.0
2026-10-08,Mountain Willow,Round Valley,WG067,40.71402930681007,-111.48565937361776,6571.7,0,76.2,49.7,60.5,0.0,0.0,0.0
2026-10-08,Mr Muchrocks,Round Valley,WG067,40.70904482572548,-111.50323360919846,6653.2,0,76.2,49.7,60.5,0.0,0.0,0.0
2026-10-08,NCS,Deer Valley,WG032,40.62911396321707,-111.4803727621932,7992.5,3,72.0,46.1,56.8,0.0,0.0,0.0
2026-10-08,Nick NAC,Round Valley,WG057,40.69210865876878,-111.490120990647,6959.3,0,75.4,48.9,59.7,0.0,0.0,0.0
2026-10-08,No Worries,Summit Park,WG081,40.73716048778493,-111.60234213265907,7289.1,3,73.4,52.0,60.6,0.0,0.0,0.0
2026-10-08,North 400 West,Jeremy Ranch / Glenwild,WG068,40.70279368500318,-111.51897621463831,6441.4,3,76.4,55.0,63.6,0.0,0.0,0.0
2026-10-08,North Ross Creek Trail,Jordanelle,WG041,40.66585897507511,-111.42082357173696,6405.0,0,77.0,50.5,61.3,0.0,0.0,0.0
2026-10-08,Nowhere Elks,Round Valley,WG058,40.69018989582584,-111.48311322310164,7036.6,0,74.7,48.3,59.1,0.0,0.0,0.0
2026-10-08,OMG,Deer Valley,WG032,40.631226274970665,-111.4973428195913,7571.3,3,72.0,46.1,56.8,0.0,0.0,0.0
2026-10-08,OMH,Pinebrook,WG070,40.71997692753587,-111.55773747935044,6677.5,3,75.4,54.0,62.6,0.0,0.0,0.0
2026-10-08,Oh Deer Flow,Jordanelle,WG041,40.66237367218405,-111.42118550237925,6403.1,0,77.0,50.5,61.3,0.0,0.0,0.0
2026-10-08,Old Homeward Bound,Deer Valley,WG012,40.61357496233911,-111.48964629692756,8441.1,3,68.4,50.0,57.7,0.0,0.0,0.0
2026-10-08,Old Skool,Deer Valley,WG032,40.631898683587,-111.48423208918877,7827.2,3,72.0,46.1,56.8,0.0,0.0,0.0
2026-10-08,Old Stage Crest Connect,Park City / PCMR,WG023,40.61247305094488,-111.5715274805363,9057.3,3,65.5,47.1,54.8,0.0,0.0,0.0
2026-10-08,Olympic,Pinebrook,WG064,40.69996684096533,-111.57868853500152,8004.0,3,70.7,49.3,57.9,0.0,0.0,0.0
2026-10-08,Ontario Canyon,Deer Valley,WG013,40.61130277448227,-111.48755898005427,8755.1,3,66.5,48.1,55.8,0.0,0.0,0.0
2026-10-08,Ontario Ridge,Deer Valley,WG032,40.62821582013441,-111.49780973717266,7815.3,3,72.0,46.1,56.8,0.0,0.0,0.0
2026-10-08,Ore Cart,Deer Valley,WG015,40.621755910380834,-111.51139929264724,8146.4,3,68.2,49.8,57.5,0.0,0.0,0.0
2026-10-08,Outlook,Deer Valley,WG029,40.63657831428653,-111.4685462481628,7646.2,3,72.4,46.4,57.1,0.0,0.0,0.0
2026-10-08,Pale Green Dot,Summit Park,WG078,40.74689592786439,-111.59182437672968,6802.1,3,75.3,53.9,62.5,0.0,0.0,0.0
2026-10-08,Parley's Lane,Summit Park,WG089,40.75375624958085,-111.59849347383722,6719.0,3,75.6,54.2,62.8,0.0,0.0,0.0
2026-10-08,Payday,Park City / PCMR,WG035,40.64053545819342,-111.51124538504462,7598.1,3,70.3,52.0,59.7,0.0,0.0,0.0
2026-10-08,Payroll,Deer Valley,WG013,40.61095393430099,-111.5094443089702,8630.4,3,66.5,48.1,55.8,0.0,0.0,0.0
2026-10-08,Pedalers Inn,Deer Valley,WG012,40.61923438649311,-111.4865707901735,8286.8,3,68.4,50.0,57.7,0.0,0.0,0.0
2026-10-08,Perrier Pass,Park City / PCMR,WG017,40.61814002894983,-111.53826776190397,9445.9,3,64.9,46.5,54.2,0.0,0.0,0.0
2026-10-08,Pinebrook Point,Pinebrook,WG089,40.75079411917499,-111.57994193527573,6623.3,3,75.6,54.2,62.8,0.0,0.0,0.0
2026-10-08,Pinebrook Pointe South,Pinebrook,WG078,40.74959135152933,-111.5795998040212,6632.5,3,75.3,53.9,62.5,0.0,0.0,0.0
2026-10-08,Pinebrook Southeast Perimeter / Hunter's Trail of the Mid Mountain,Pinebrook,WG072,40.71419878562093,-111.5896757552273,7875.5,3,71.9,50.5,59.1,0.0,0.0,0.0
2026-10-08,Pinebrook Southeast Perimeter / Pinebrook SE Perimeter,Pinebrook,WG079,40.72863077219642,-111.58102679054537,7392.0,3,73.0,51.6,60.2,0.0,0.0,0.0
2026-10-08,Pinebrook Southeast Perimeter Trail,Pinebrook,WG078,40.73058687532795,-111.57244227312069,6947.5,3,75.3,53.9,62.5,0.0,0.0,0.0
2026-10-08,Pinecone Ridge,Park City / PCMR,WG039,40.63337906740186,-111.54644099265712,9084.9,3,65.4,47.0,54.7,0.0,0.0,0.0
2026-10-08,Pioneer Ridge,Park City / PCMR,WG018,40.61649374604546,-111.53892521633333,9598.5,3,63.2,44.9,52.5,0.0,0.0,0.0
2026-10-08,Pipeline,Deer Valley,WG028,40.63885618836171,-111.46966538134832,7356.9,3,73.7,47.8,58.5,0.0,0.0,0.0
2026-10-08,Pointy Rocks,Deer Valley,WG031,40.63679995846106,-111.48172224533342,7428.0,3,73.3,47.4,58.1,0.0,0.0,0.0
2026-10-08,PorcUclimb,Round Valley,WG058,40.69402326414524,-111.48517031749344,7064.7,0,74.7,48.3,59.1,0.0,0.0,0.0
2026-10-08,Powerline,Pinebrook,WG078,40.74237998272819,-111.5716363238219,6548.4,3,75.3,53.9,62.5,0.0,0.0,0.0
2026-10-08,Powerline Connector,Pinebrook,WG078,40.74298978990414,-111.5728828415412,6585.6,3,75.3,53.9,62.5,0.0,0.0,0.0
2026-10-08,Powerline Trail,Park City / PCMR,WG036,40.63015217582808,-111.53743024085954,8362.6,3,68.1,49.7,57.4,0.0,0.0,0.0
2026-10-08,Practice Loops,Round Valley,WG055,40.68336469607561,-111.47532267974417,6752.0,0,75.7,49.2,60.0,0.0,0.0,0.0
2026-10-08,Preserve Connector,Jeremy Ranch / Glenwild,WG087,40.76330147562161,-111.54585203221042,7230.0,3,73.5,52.0,60.7,0.0,0.0,0.0
2026-10-08,Princess Di's,Clark Ranch,WG083,40.751465442037045,-111.43628535405452,6858.8,0,75.4,48.9,59.7,0.0,0.0,0.0
2026-10-08,Prospect,Deer Valley,WG031,40.63405408516434,-111.49547333835608,7482.8,3,73.3,47.4,58.1,0.0,0.0,0.0
2026-10-08,Pulp Friction,Round Valley,WG057,40.69884233324062,-111.50344523686547,6681.3,0,75.4,48.9,59.7,0.0,0.0,0.0
2026-10-08,Putty Tat Trail,Jordanelle,WG001,40.59267845848291,-111.40267007297948,6514.0,3,75.8,49.9,60.6,0.0,0.0,0.0
2026-10-08,Quinn's Connect,Round Valley,WG055,40.68185946906874,-111.4726829059293,6720.8,0,75.7,49.2,60.0,0.0,0.0,0.0
2026-10-08,RTS,Jeremy Ranch / Glenwild,WG070,40.71664642216084,-111.55523569599896,6598.1,3,75.4,54.0,62.6,0.0,0.0,0.0
2026-10-08,RTS / BLT,Jeremy Ranch / Glenwild,WG070,40.71544842193981,-111.5580228733734,6768.3,3,75.4,54.0,62.6,0.0,0.0,0.0
2026-10-08,Rademan Ridge,Round Valley,WG057,40.69522706920315,-111.49835765815162,6895.6,0,75.4,48.9,59.7,0.0,0.0,0.0
2026-10-08,Ramble On,Round Valley,WG067,40.70159467934347,-111.48028465593316,6781.5,0,76.2,49.7,60.5,0.0,0.0,0.0
2026-10-08,Rambler,Round Valley,WG057,40.69772226627651,-111.49065578495473,6809.2,0,75.4,48.9,59.7,0.0,0.0,0.0
2026-10-08,Rambler DT,Round Valley,WG056,40.699080350519786,-111.50674680507665,6485.7,3,76.3,54.9,63.5,0.0,0.0,0.0
2026-10-08,Red Bull,Park City / PCMR,WG035,40.63958635838598,-111.51326842477698,7769.0,3,70.3,52.0,59.7,0.0,0.0,0.0
2026-10-08,Regulator Trail,Deer Valley,WG033,40.62910164594688,-111.48142418804063,8033.8,3,68.8,50.5,58.2,0.0,0.0,0.0
2026-10-08,Richochet,Park City / PCMR,WG062,40.68638148266805,-111.57139393545772,7468.3,3,72.8,51.3,60.0,0.0,0.0,0.0
2026-10-08,Rinse Cycle Trail,Deer Valley,WG028,40.62990230274806,-111.45944053119273,7191.1,3,73.7,47.8,58.5,0.0,0.0,0.0
2026-10-08,Ripple Trail,Deer Valley,WG029,40.63554405253732,-111.47490110184252,7588.0,3,72.4,46.4,57.1,0.0,0.0,0.0
2026-10-08,Riverview West Trail,Jordanelle,WG001,40.58565113588149,-111.41386481977428,6730.6,3,75.8,49.9,60.6,0.0,0.0,0.0
2026-10-08,Road to WOS,Summit Park,WG082,40.73344363030311,-111.61407104321202,7712.2,3,72.0,50.6,59.2,0.0,0.0,0.0
2026-10-08,Rob's Trail,Pinebrook,WG063,40.69704664952428,-111.5702364046946,7584.0,3,71.7,50.3,58.9,0.0,0.0,0.0
2026-10-08,RocMon,Round Valley,WG055,40.68788668982749,-111.4548390225179,6677.5,0,75.7,49.2,60.0,0.0,0.0,0.0
2026-10-08,Rock Chuck Trail,Park City / PCMR,WG008,40.58874474594925,-111.56839301918852,9680.6,3,63.0,44.7,52.3,0.0,0.0,0.0
2026-10-08,Rogue Rider Trail,Park City / PCMR,WG020,40.60699361060532,-111.56187339427328,9423.9,3,64.6,46.2,53.9,0.0,0.0,0.0
2026-10-08,Rosebud,Park City / PCMR,WG036,40.63966083548988,-111.52257618003053,8390.4,3,68.1,49.7,57.4,0.0,0.0,0.0
2026-10-08,Rosebud's Heaven,Park City / PCMR,WG060,40.69195554103422,-111.5659528759652,7326.9,3,73.8,52.4,61.0,0.0,0.0,0.0
2026-10-08,Rossi Hill Trail,Deer Valley,WG031,40.63808222920599,-111.4919292526201,7341.8,3,73.3,47.4,58.1,0.0,0.0,0.0
2026-10-08,Round Valley Connect,Round Valley,WG067,40.70875221615484,-111.50427592382064,6606.7,0,76.2,49.7,60.5,0.0,0.0,0.0
2026-10-08,Round Valley Connector,Round Valley,WG067,40.709506874143365,-111.48774034228174,6611.3,0,76.2,49.7,60.5,0.0,0.0,0.0
2026-10-08,Round Valley Express,Round Valley,WG057,40.69308554123404,-111.4897696424948,6812.1,0,75.4,48.9,59.7,0.0,0.0,0.0
2026-10-08,Rusty Shovel,Round Valley,WG057,40.69776625143012,-111.4804885556652,6868.8,0,75.4,48.9,59.7,0.0,0.0,0.0
2026-10-08,Rusty Spur,Round Valley,WG065,40.70159189598121,-111.4765958017646,6731.2,0,75.8,49.4,60.2,0.0,0.0,0.0
2026-10-08,SOS,Park City / PCMR,WG046,40.666448184385416,-111.48116864087982,6803.8,0,75.3,48.8,59.6,0.0,0.0,0.0
2026-10-08,SQ Connector Trail,Round Valley,WG055,40.68949659271035,-111.47067515084642,6728.8,0,75.7,49.2,60.0,0.0,0.0,0.0
2026-10-08,Sam's Trail,Deer Valley,WG012,40.61912724197413,-111.50964994268364,8145.3,3,68.4,50.0,57.7,0.0,0.0,0.0
2026-10-08,Saved By The Bell,Round Valley,WG067,40.71689792497153,-111.49958806368429,6568.5,0,76.2,49.7,60.5,0.0,0.0,0.0
2026-10-08,Scott's Bypass,Park City / PCMR,WG021,40.612047856355446,-111.55918064050742,9658.7,3,63.1,44.7,52.4,0.0,0.0,0.0
2026-10-08,Secret of My Success Trail,Deer Valley,WG033,40.62597453280468,-111.48566192002252,8293.6,3,68.8,50.5,58.2,0.0,0.0,0.0
2026-10-08,Seldom Seen,Park City / PCMR,WG034,40.64892938917546,-111.51571616491609,7435.6,3,71.7,53.3,61.0,0.0,0.0,0.0
2026-10-08,Seventy 101,Round Valley,WG057,40.68968411592925,-111.49103639156762,6974.3,0,75.4,48.9,59.7,0.0,0.0,0.0
2026-10-08,Shadow Lake,Park City / PCMR,WG020,40.61596037279941,-111.55009628848111,9179.4,3,64.6,46.2,53.9,0.0,0.0,0.0
2026-10-08,Shenanigans,Deer Valley,WG012,40.62034189886961,-111.49849814997506,8237.7,3,68.4,50.0,57.7,0.0,0.0,0.0
2026-10-08,Short Cut,Jeremy Ranch / Glenwild,WG064,40.68025862222409,-111.57883598783349,8081.5,3,70.7,49.3,57.9,0.0,0.0,0.0
2026-10-08,Short Fuse,Park City / PCMR,WG036,40.6346970517688,-111.52339576593836,8439.4,3,68.1,49.7,57.4,0.0,0.0,0.0
2026-10-08,Short Ribs,Summit Park,WG082,40.7348537895427,-111.62048055745409,7705.3,3,72.0,50.6,59.2,0.0,0.0,0.0
2026-10-08,Short Stack,Summit Park,WG082,40.73936874753804,-111.6200542747078,7652.8,3,72.0,50.6,59.2,0.0,0.0,0.0
2026-10-08,Silver Creek Trail,Round Valley,WG074,40.728195917662575,-111.48449884114967,6494.3,0,76.7,50.3,61.1,0.0,0.0,0.0
2026-10-08,Silver Gate,Round Valley,WG073,40.72728013881357,-111.46748664430804,6513.4,0,76.6,50.2,60.9,0.0,0.0,0.0
2026-10-08,Silver Queen,Park City / PCMR,WG037,40.63391819864852,-111.51755091640152,8558.9,3,66.9,48.6,56.3,0.0,0.0,0.0
2026-10-08,Silver Spur,Park City / PCMR,WG049,40.65266965116334,-111.5117818738982,6980.8,3,74.5,53.1,61.7,0.0,0.0,0.0
2026-10-08,Skid Row,Park City / PCMR,WG044,40.66845831872771,-111.47381352761975,6920.8,0,75.5,49.0,59.8,0.0,0.0,0.0
2026-10-08,Skyridge Peak Trail / Milky Way,Jordanelle,WG043,40.65984634182248,-111.4368345884266,7139.2,0,74.4,47.9,58.7,0.0,0.0,0.0
2026-10-08,Sloppy Joe,Round Valley,WG067,40.71599935057343,-111.49742827056478,6658.4,0,76.2,49.7,60.5,0.0,0.0,0.0
2026-10-08,Snake Pit Trail,Park City / PCMR,WG010,40.58750533085767,-111.57189033610032,9625.4,3,63.1,44.7,52.4,0.0,0.0,0.0
2026-10-08,Snowtop,Deer Valley,WG028,40.64752229561398,-111.4705824068134,7443.3,3,73.7,47.8,58.5,0.0,0.0,0.0
2026-10-08,Solamere,Deer Valley,WG045,40.65168830951934,-111.47267426337083,7304.0,0,74.0,47.5,58.3,0.0,0.0,0.0
2026-10-08,Solamere Connector,Deer Valley,WG045,40.651338463153365,-111.4797751905619,7331.1,0,74.0,47.5,58.3,0.0,0.0,0.0
2026-10-08,Somewhere Elks,Round Valley,WG055,40.68702802029736,-111.47813858810876,6977.4,0,75.7,49.2,60.0,0.0,0.0,0.0
2026-10-08,South Canyon,Round Valley,WG055,40.697084178294816,-111.45372200426904,6732.0,0,75.7,49.2,60.0,0.0,0.0,0.0
2026-10-08,South Sweeney,Park City / PCMR,WG031,40.64194117786604,-111.49870009761844,7400.1,3,73.3,47.4,58.1,0.0,0.0,0.0
2026-10-08,Spare Change,Summit Park,WG080,40.74164553017363,-111.60031464541484,6827.9,3,75.1,53.6,62.3,0.0,0.0,0.0
2026-10-08,Sparky's Return,Clark Ranch,WG044,40.6617858998794,-111.45698342605078,6783.6,0,75.5,49.0,59.8,0.0,0.0,0.0
2026-10-08,Speedbag,Deer Valley,WG011,40.624406811076895,-111.50919273225593,7987.6,3,69.6,51.2,58.9,0.0,0.0,0.0
2026-10-08,Spin Cycle Trail,Deer Valley,WG028,40.63411801502942,-111.46082430079326,7178.8,3,73.7,47.8,58.5,0.0,0.0,0.0
2026-10-08,Spiro Trail,Park City / PCMR,WG035,40.64755384631944,-111.52407012433112,7617.4,3,70.3,52.0,59.7,0.0,0.0,0.0
2026-10-08,St. Regis Trail,Deer Valley,WG028,40.639112933407205,-111.47591481144916,7383.3,3,73.7,47.8,58.5,0.0,0.0,0.0
2026-10-08,Stealth Connector / Pheasant Way,Jeremy Ranch / Glenwild,WG076,40.73167942348123,-111.54708752211994,6361.5,3,76.6,55.2,63.8,0.0,0.0,0.0
2026-10-08,Stealth Trail,Jeremy Ranch / Glenwild,WG077,40.73631275924013,-111.5447596003018,6560.0,3,75.9,54.5,63.1,0.0,0.0,0.0
2026-10-08,Steps,Park City / PCMR,WG037,40.63116043759045,-111.5173271228493,8520.8,3,66.9,48.6,56.3,0.0,0.0,0.0
2026-10-08,Stiff Upper Lip,Park City / PCMR,WG017,40.61611691879028,-111.52987009616064,9025.4,3,64.9,46.5,54.2,0.0,0.0,0.0
2026-10-08,Sunny Slopes Trail,Round Valley,WG057,40.68377753714063,-111.48540217687854,6826.8,0,75.4,48.9,59.7,0.0,0.0,0.0
2026-10-08,Sunset,Deer Valley,WG013,40.61222429898699,-111.48546906629171,8777.5,3,66.5,48.1,55.8,0.0,0.0,0.0
2026-10-08,Super G,Deer Valley,WG013,40.6078734147108,-111.486644562986,8939.8,3,66.5,48.1,55.8,0.0,0.0,0.0
2026-10-08,Sven,Jordanelle,WG040,40.66216079919324,-111.41880056586604,6299.4,0,77.4,51.0,61.7,0.0,0.0,0.0
2026-10-08,Sweeney Switchbacks,Park City / PCMR,WG031,40.64428684826398,-111.50263935593632,7442.9,3,73.3,47.4,58.1,0.0,0.0,0.0
2026-10-08,Sweeneys,Park City / PCMR,WG032,40.6416793962084,-111.50380066992643,7712.4,3,72.0,46.1,56.8,0.0,0.0,0.0
2026-10-08,T&G,Deer Valley,WG016,40.611941402305575,-111.51506977898008,8673.3,3,66.4,48.0,55.7,0.0,0.0,0.0
2026-10-08,T&G 2,Deer Valley,WG016,40.62089143656375,-111.51568549288604,8599.5,3,66.4,48.0,55.7,0.0,0.0,0.0
2026-10-08,TDS Ontario Bypass,Deer Valley,WG032,40.62591563844938,-111.49801252893096,7889.0,3,72.0,46.1,56.8,0.0,0.0,0.0
2026-10-08,TSP Skils Area,Round Valley,WG067,40.70929244417837,-111.50545423904256,6671.9,0,76.2,49.7,60.5,0.0,0.0,0.0
2026-10-08,Tall Oaks Circle,Pinebrook,WG078,40.73938310561022,-111.57541687830556,6961.5,3,75.3,53.9,62.5,0.0,0.0,0.0
2026-10-08,Tall T Trail,Deer Valley,WG007,40.59029104976929,-111.52734087474852,9033.3,3,65.6,47.2,54.9,0.0,0.0,0.0
2026-10-08,Tar Pits Jump Line,Round Valley,WG067,40.70948336187246,-111.50501444482678,6663.3,0,76.2,49.7,60.5,0.0,0.0,0.0
2026-10-08,Team Big Bear,Deer Valley,WG013,40.61639926546102,-111.50010669410356,8610.0,3,66.5,48.1,55.8,0.0,0.0,0.0
2026-10-08,Team Cutthroat Downhill,Jeremy Ranch / Glenwild,WG077,40.74619331694971,-111.55242052130288,6618.0,3,75.9,54.5,63.1,0.0,0.0,0.0
2026-10-08,Thaynes Canyon,Park City / PCMR,WG037,40.62644528922062,-111.539067377105,8520.6,3,66.9,48.6,56.3,0.0,0.0,0.0
2026-10-08,The Avenues,Summit Park,WG090,40.75998198374273,-111.6028265058925,7081.5,3,73.5,52.1,60.7,0.0,0.0,0.0
2026-10-08,The Graduate,Jeremy Ranch / Glenwild,WG085,40.7534431855279,-111.56237742796368,6343.1,3,76.9,55.5,64.1,0.0,0.0,0.0
2026-10-08,The Great Gazoo,Round Valley,WG067,40.70997890100696,-111.50140660314835,6662.9,0,76.2,49.7,60.5,0.0,0.0,0.0
2026-10-08,The Lookout,Deer Valley,WG032,40.62921554675458,-111.4942829189022,7693.2,3,72.0,46.1,56.8,0.0,0.0,0.0
2026-10-08,The Sheep Trail,Summit Park,WG094,40.75746633469589,-111.667341513995,6217.2,0,76.2,55.9,64.4,0.0,0.0,0.0
2026-10-08,The Up Trail,Summit Park,WG078,40.74822119025095,-111.58934600493023,6821.1,3,75.3,53.9,62.5,0.0,0.0,0.0
2026-10-08,The Upper Avenues,Summit Park,WG090,40.75942210135698,-111.60997791538348,7425.0,3,73.5,52.1,60.7,0.0,0.0,0.0
2026-10-08,Thieves Forest,Deer Valley,WG013,40.61553068086176,-111.48245627012813,8597.7,3,66.5,48.1,55.8,0.0,0.0,0.0
2026-10-08,Thieves Forrest,Deer Valley,WG014,40.611364491739,-111.4804590615015,9072.7,3,65.5,47.2,54.8,0.0,0.0,0.0
2026-10-08,Three Candles,Park City / PCMR,WG037,40.62931137475258,-111.52248914366156,8843.3,3,66.9,48.6,56.3,0.0,0.0,0.0
2026-10-08,Tidal Wave,Deer Valley,WG013,40.610548014761406,-111.48897388892838,8737.9,3,66.5,48.1,55.8,0.0,0.0,0.0
2026-10-08,Tideline,Jordanelle,WG025,40.64171272429878,-111.40053564270964,6530.0,3,76.4,50.5,61.2,0.0,0.0,0.0
2026-10-08,Tim Man,Round Valley,WG067,40.70348842863846,-111.50080894755244,6766.9,0,76.2,49.7,60.5,0.0,0.0,0.0
2026-10-08,Tommys Two Step,Park City / PCMR,WG036,40.629024211109055,-111.51829238121942,8474.2,3,68.1,49.7,57.4,0.0,0.0,0.0
2026-10-08,Tour De Homes,Deer Valley,WG032,40.63205110837411,-111.48826887414292,7813.1,3,72.0,46.1,56.8,0.0,0.0,0.0
2026-10-08,Tour De Suds (Upper),Deer Valley,WG013,40.614682713092186,-111.50609195133156,8563.5,3,66.5,48.1,55.8,0.0,0.0,0.0
2026-10-08,Town,Park City / PCMR,WG030,40.64755940729975,-111.49861999854691,6988.0,3,74.8,48.9,59.6,0.0,0.0,0.0
2026-10-08,Trailside,Round Valley,WG066,40.71864159830864,-111.50336949570412,6480.1,3,76.3,54.9,63.5,0.0,0.0,0.0
2026-10-08,Trailside Connector,Round Valley,WG067,40.71611276967259,-111.5017965665912,6504.2,0,76.2,49.7,60.5,0.0,0.0,0.0
2026-10-08,Trailside Loop,Round Valley,WG067,40.71199117049012,-111.50483999800892,6609.7,0,76.2,49.7,60.5,0.0,0.0,0.0
2026-10-08,Trappers Gate,Deer Valley,WG031,40.63197509989361,-111.497026036245,7462.8,3,73.3,47.4,58.1,0.0,0.0,0.0
2026-10-08,Trestle,Park City / PCMR,WG033,40.63650074050743,-111.50791633233914,8071.5,3,68.8,50.5,58.2,0.0,0.0,0.0
2026-10-08,Tricky Pickle Trail,Deer Valley,WG004,40.59197973531048,-111.49789592532872,8532.5,3,66.8,48.4,56.1,0.0,0.0,0.0
2026-10-08,Truckhole,Round Valley,WG067,40.704351116822174,-111.50022157042804,6773.9,0,76.2,49.7,60.5,0.0,0.0,0.0
2026-10-08,Trump,Deer Valley,WG013,40.60903529522874,-111.4964159868453,8771.6,3,66.5,48.1,55.8,0.0,0.0,0.0
2026-10-08,Tsunami,Deer Valley,WG013,40.61166268615432,-111.48706860055302,8747.8,3,66.5,48.1,55.8,0.0,0.0,0.0
2026-10-08,Tug of War Trail,Deer Valley,WG013,40.60218815889535,-111.4963014769127,8962.3,3,66.5,48.1,55.8,0.0,0.0,0.0
2026-10-08,Tweety Bird Trail,Jordanelle,WG001,40.59084253440856,-111.40816741687898,6568.1,3,75.8,49.9,60.6,0.0,0.0,0.0
2026-10-08,Twist & Shout,Deer Valley,WG012,40.61590669002216,-111.48826576454944,8415.6,3,68.4,50.0,57.7,0.0,0.0,0.0
2026-10-08,Twist and Shout,Deer Valley,WG013,40.61146669404505,-111.486662413967,8799.9,3,66.5,48.1,55.8,0.0,0.0,0.0
2026-10-08,Undertow Trail,Deer Valley,WG029,40.63057046785135,-111.47858549886824,7937.9,3,72.4,46.4,57.1,0.0,0.0,0.0
2026-10-08,Unga Bunga Skills and Pump Tradk,Round Valley,WG067,40.71158064400824,-111.50217787755837,6590.1,0,76.2,49.7,60.5,0.0,0.0,0.0
2026-10-08,Up Track,Round Valley,WG067,40.71007968280768,-111.50314659118624,6643.1,0,76.2,49.7,60.5,0.0,0.0,0.0
2026-10-08,Upper Devo Trail,Deer Valley,WG033,40.62826200901757,-111.4850494481263,8097.8,3,68.8,50.5,58.2,0.0,0.0,0.0
2026-10-08,Upper Loose,Park City / PCMR,WG032,40.64060205866311,-111.5081407284332,7678.0,3,72.0,46.1,56.8,0.0,0.0,0.0
2026-10-08,Upper Loose Moose,Park City / PCMR,WG032,40.64060459750891,-111.5062344507794,7788.9,3,72.0,46.1,56.8,0.0,0.0,0.0
2026-10-08,Upper Sparky Trail,Clark Ranch,WG044,40.6599723509711,-111.45534390616216,6878.4,0,75.5,49.0,59.8,0.0,0.0,0.0
2026-10-08,Village Pipeline Connector,Deer Valley,WG028,40.6391093200599,-111.472490526811,7336.8,3,73.7,47.8,58.5,0.0,0.0,0.0
2026-10-08,Village Trail,Deer Valley,WG028,40.64077448423082,-111.47113665558776,7315.2,3,73.7,47.8,58.5,0.0,0.0,0.0
2026-10-08,Village Trail / Pipeline,Deer Valley,WG028,40.64110752434245,-111.46934147070748,7182.6,3,73.7,47.8,58.5,0.0,0.0,0.0
2026-10-08,WOW (Wasatch Over Wasatch) Trail,Deer Valley,WG003,40.585198990338895,-111.50729227137398,8248.2,3,68.4,50.0,57.7,0.0,0.0,0.0
2026-10-08,Wada Way,Jordanelle,WG040,40.65139897157171,-111.41292348157292,6267.2,0,77.4,51.0,61.7,0.0,0.0,0.0
2026-10-08,Wasatch,Round Valley,WG074,40.742724215036304,-111.49568804225927,6475.9,0,76.7,50.3,61.1,0.0,0.0,0.0
2026-10-08,Wasatch Crest Connect,Park City / PCMR,WG020,40.616974136223725,-111.55736099806312,9245.9,3,64.6,46.2,53.9,0.0,0.0,0.0
2026-10-08,Wasatch Wiggle Trail,Park City / PCMR,WG010,40.58570056880523,-111.57390345809982,9702.8,3,63.1,44.7,52.4,0.0,0.0,0.0
2026-10-08,We'll Go From There,Jordanelle,WG027,40.633559740125165,-111.4528915193202,6692.5,3,75.5,49.6,60.3,0.0,0.0,0.0
2026-10-08,Winchester Trail,Jeremy Ranch / Glenwild,WG069,40.71094932830698,-111.54449441430567,6453.0,3,76.4,55.0,63.6,0.0,0.0,0.0
2026-10-08,Woodside Gulch,Deer Valley,WG032,40.63428272582461,-111.50200856347875,7635.5,3,72.0,46.1,56.8,0.0,0.0,0.0
2026-10-08,Wowza Downhill Trail,Deer Valley,WG006,40.58677474689952,-111.51626735679228,8564.8,3,67.2,48.8,56.5,0.0,0.0,0.0
2026-10-08,Wowza Trail,Deer Valley,WG006,40.58754867198866,-111.51557993987645,8552.8,3,67.2,48.8,56.5,0.0,0.0,0.0
2026-10-08,Yabba Dabba Doo,Round Valley,WG067,40.71031601545331,-111.5039304608668,6636.2,0,76.2,49.7,60.5,0.0,0.0,0.0
2026-10-08,Yeti's,Pinebrook,WG072,40.70910944007779,-111.57083697014414,7539.3,3,71.9,50.5,59.1,0.0,0.0,0.0
2026-10-08,You Get It,Jordanelle,WG027,40.63417280890808,-111.45447628262694,6774.5,3,75.5,49.6,60.3,0.0,0.0,0.0
2026-10-09,24-7,Jeremy Ranch / Glenwild,WG086,40.7580938928905,-111.55747502780672,6689.5,0,76.1,54.3,63.4,0.0,0.0,0.0
2026-10-09,4:20,Deer Valley,WG032,40.63850725810498,-111.5016215026881,7810.7,0,70.9,45.7,56.6,0.0,0.0,0.0
2026-10-09,9K Trail,Park City / PCMR,WG017,40.61454424262402,-111.5340694590712,9222.8,0,63.8,46.3,54.2,0.0,0.0,0.0
2026-10-09,A Toll New World,Summit Park,WG078,40.74525880222984,-111.59660432287036,6843.1,0,75.7,53.9,63.0,0.0,0.0,0.0
2026-10-09,Abilene Way,Jeremy Ranch / Glenwild,WG068,40.705162592888,-111.52848253655898,6454.0,0,76.8,55.0,64.1,0.0,0.0,0.0
2026-10-09,Agitator Trail,Deer Valley,WG028,40.62594479567907,-111.46053082324435,7171.6,0,72.6,47.4,58.3,0.0,0.0,0.0
2026-10-09,Alexander Creek Trail,Summit Park,WG093,40.75856130522611,-111.67962308025976,5873.5,0,79.2,62.8,70.5,0.0,0.0,0.0
2026-10-09,Alta-Brighton Trail,Park City / PCMR,WG009,40.59874189108338,-111.5904390735144,9081.0,0,63.9,46.5,54.3,0.0,0.0,0.0
2026-10-09,Ambush,Jeremy Ranch / Glenwild,WG063,40.694225906082366,-111.58181443950004,7757.7,0,72.1,50.3,59.4,0.0,0.0,0.0
2026-10-09,Amenti,Round Valley,WG067,40.71749758221375,-111.50096260266577,6526.6,0,75.7,49.4,60.5,0.0,0.0,0.0
2026-10-09,An Unexpected Journey Trail,Jordanelle,WG001,40.584095263003086,-111.41492155800285,6731.9,0,74.8,49.6,60.4,0.0,0.0,0.0
2026-10-09,Ancient Forest Loop,Round Valley,WG074,40.7314260153664,-111.49224006112888,6485.8,0,76.2,49.9,61.1,0.0,0.0,0.0
2026-10-09,Ant Farm,Jeremy Ranch / Glenwild,WG077,40.74632495230274,-111.55092174051572,6629.0,0,76.3,54.5,63.6,0.0,0.0,0.0
2026-10-09,Apex,Park City / PCMR,WG038,40.62520958876211,-111.53395003281469,9146.4,0,64.1,46.6,54.5,0.0,0.0,0.0
2026-10-09,April Mountain Trail,Deer Valley,WG047,40.650711302598815,-111.4870593388075,7472.0,0,73.7,47.4,58.6,0.0,0.0,0.0
2026-10-09,Armstrong,Park City / PCMR,WG051,40.65248508262897,-111.52994268919429,7566.3,0,72.7,51.0,60.1,0.0,0.0,0.0
2026-10-09,Ashley Avenue,Round Valley,WG057,40.68155854272997,-111.50389122653404,6794.6,0,74.8,48.5,59.7,0.0,0.0,0.0
2026-10-09,Aspen Slalom,Deer Valley,WG013,40.61311265842392,-111.48457791355952,8816.9,0,65.4,47.9,55.8,0.0,0.0,0.0
2026-10-09,BLT,Jeremy Ranch / Glenwild,WG070,40.71492142685356,-111.56084442077211,6927.9,0,75.8,54.0,63.1,0.0,0.0,0.0
2026-10-09,BYOB,Pinebrook,WG070,40.718283985000745,-111.55661288864135,6639.8,0,75.8,54.0,63.1,0.0,0.0,0.0
2026-10-09,Backslide,Round Valley,WG057,40.686236769495366,-111.49111386346571,6972.4,0,74.8,48.5,59.7,0.0,0.0,0.0
2026-10-09,Bad Apple,Jeremy Ranch / Glenwild,WG076,40.74937514368386,-111.56017979748744,6367.9,0,77.0,55.2,64.3,0.0,0.0,0.0
2026-10-09,Bamm Bamm,Round Valley,WG067,40.71001316656963,-111.50256230173504,6667.3,0,75.7,49.4,60.5,0.0,0.0,0.0
2026-10-09,Barrel Roll,Round Valley,WG058,40.69153134198254,-111.48458530535574,7017.0,0,74.2,47.9,59.1,0.0,0.0,0.0
2026-10-09,Beep Beep Trail,Jordanelle,WG001,40.59039066618902,-111.4033797731244,6670.3,0,74.8,49.6,60.4,0.0,0.0,0.0
2026-10-09,Big Dipper,Jordanelle,WG042,40.66018548005414,-111.43175307695702,6961.2,0,75.2,48.9,60.0,0.0,0.0,0.0
2026-10-09,Big Easy,Round Valley,WG057,40.696128326880846,-111.48285293654745,6776.5,0,74.8,48.5,59.7,0.0,0.0,0.0
2026-10-09,Black Forest,Deer Valley,WG016,40.61940428916709,-111.52036519166067,8929.3,0,65.3,47.8,55.7,0.0,0.0,0.0
2026-10-09,Blackhawk Trail,Jeremy Ranch / Glenwild,WG075,40.73111252615939,-111.53542276920604,6536.5,0,76.2,54.4,63.5,0.0,0.0,0.0
2026-10-09,Blazing Saddle,Park City / PCMR,WG020,40.61652898868821,-111.55635878361066,9384.9,0,63.5,46.0,53.9,0.0,0.0,0.0
2026-10-09,Bonanza Flat Overlook,Deer Valley,WG017,40.60116766018752,-111.5344182482656,9112.3,0,63.8,46.3,54.2,0.0,0.0,0.0
2026-10-09,Bonanza Loop Trail,Deer Valley,WG016,40.60282163896819,-111.52815381158308,8908.5,0,65.3,47.8,55.7,0.0,0.0,0.0
2026-10-09,Bonanza Trail,Deer Valley,WG046,40.661614248984336,-111.49584605339936,6814.3,0,74.8,48.5,59.6,0.0,0.0,0.0
2026-10-09,Boot Hill,Park City / PCMR,WG046,40.66311538182378,-111.50841776480048,6853.1,0,74.8,48.5,59.6,0.0,0.0,0.0
2026-10-09,Boot Hill Connect,Park City / PCMR,WG046,40.66384832032967,-111.50809692977944,6921.4,0,74.8,48.5,59.6,0.0,0.0,0.0
2026-10-09,Boulder,Deer Valley,WG013,40.61539223980999,-111.50399769475118,8635.0,0,65.4,47.9,55.8,0.0,0.0,0.0
2026-10-09,Boulder / Trump,Deer Valley,WG013,40.610998229404565,-111.50208555144307,8996.4,0,65.4,47.9,55.8,0.0,0.0,0.0
2026-10-09,Bourbon Street,Round Valley,WG067,40.70798253656,-111.48164466049944,6673.3,0,75.7,49.4,60.5,0.0,0.0,0.0
2026-10-09,Bow Hunter,Deer Valley,WG014,40.60108596513679,-111.48484426536052,9020.3,0,64.4,47.0,54.8,0.0,0.0,0.0
2026-10-09,Bow Hunter Extension,Deer Valley,WG005,40.59796119210968,-111.4848069886625,9014.7,0,64.5,47.1,54.9,0.0,0.0,0.0
2026-10-09,Brighton Lakes Trail,Park City / PCMR,WG009,40.59287052758444,-111.58751257009568,9276.0,0,63.9,46.5,54.3,0.0,0.0,0.0
2026-10-09,Bronto Jam,Round Valley,WG067,40.71004954775594,-111.501977414722,6672.8,0,75.7,49.4,60.5,0.0,0.0,0.0
2026-10-09,CMG,Park City / PCMR,WG035,40.645848884326966,-111.51679268892973,7606.5,0,69.3,51.8,59.7,0.0,0.0,0.0
2026-10-09,Cammy's,Round Valley,WG057,40.69072662264133,-111.49673800313964,6953.5,0,74.8,48.5,59.7,0.0,0.0,0.0
2026-10-09,Canyons Downhill,Pinebrook,WG061,40.68430916809496,-111.56849091879047,7666.2,0,72.4,50.6,59.7,0.0,0.0,0.0
2026-10-09,Catherine's Pass Trail,Park City / PCMR,WG010,40.585096359880005,-111.59078643106362,9753.9,0,62.0,44.6,52.4,0.0,0.0,0.0
2026-10-09,Claim Jumper,Park City / PCMR,WG036,40.63958065995946,-111.52518162563226,8147.6,0,67.0,49.5,57.4,0.0,0.0,0.0
2026-10-09,Clayton Peak Trail,Park City / PCMR,WG010,40.58693552999217,-111.57085635011327,9813.5,0,62.0,44.6,52.4,0.0,0.0,0.0
2026-10-09,Cobblestone Loop,Jeremy Ranch / Glenwild,WG084,40.75845647840704,-111.52582619388934,6805.4,0,75.6,53.9,63.0,0.0,0.0,0.0
2026-10-09,Cobblestone Trail,Jeremy Ranch / Glenwild,WG084,40.75512641497514,-111.52744418745776,6723.8,0,75.6,53.9,63.0,0.0,0.0,0.0
2026-10-09,Colin's Trail,Jeremy Ranch / Glenwild,WG060,40.69629937433107,-111.55671582168428,7029.9,0,74.2,52.4,61.5,0.0,0.0,0.0
2026-10-09,Colony Mid Mountain Connector,Park City / PCMR,WG052,40.65011049975458,-111.53932673410868,8429.2,0,66.6,49.2,57.0,0.0,0.0,0.0
2026-10-09,Comstock Mine Trail,Park City / PCMR,WG019,40.62270505527668,-111.54357954562096,8723.6,0,65.6,48.1,56.0,0.0,0.0,0.0
2026-10-09,Constellation Trail,Jordanelle,WG026,40.6428753631073,-111.43505033038012,6261.6,0,76.2,51.0,61.9,0.0,0.0,0.0
2026-10-09,Corvair,Deer Valley,WG016,40.61099169805087,-111.51230389508405,8648.6,0,65.3,47.8,55.7,0.0,0.0,0.0
2026-10-09,Corvair (Upper),Deer Valley,WG016,40.60840912265719,-111.51090449857222,8883.3,0,65.3,47.8,55.7,0.0,0.0,0.0
2026-10-09,Corvair Connector,Deer Valley,WG016,40.61070239150149,-111.5115633319795,8812.1,0,65.3,47.8,55.7,0.0,0.0,0.0
2026-10-09,Cousin Eddy Trail,Clark Ranch,WG044,40.66170094764518,-111.45386933866466,6817.2,0,74.9,48.7,59.8,0.0,0.0,0.0
2026-10-09,Coyote Loop Trail,Jordanelle,WG001,40.58676467246392,-111.40272629625528,6895.7,0,74.8,49.6,60.4,0.0,0.0,0.0
2026-10-09,Crazy Eights,Jeremy Ranch / Glenwild,WG077,40.74908550583131,-111.55291850861556,6580.7,0,76.3,54.5,63.6,0.0,0.0,0.0
2026-10-09,Crescent Ridge,Park City / PCMR,WG036,40.64328062856461,-111.5205999025961,8289.2,0,67.0,49.5,57.4,0.0,0.0,0.0
2026-10-09,Cutter Lane,Jeremy Ranch / Glenwild,WG068,40.7083260127391,-111.53140227257067,6437.7,0,76.8,55.0,64.1,0.0,0.0,0.0
2026-10-09,Cyn City,Park City / PCMR,WG016,40.62106458390316,-111.52108056020784,8700.1,0,65.3,47.8,55.7,0.0,0.0,0.0
2026-10-09,Daily Overlook,Deer Valley,WG031,40.631723443280656,-111.4987920660294,7430.4,0,72.2,47.0,57.9,0.0,0.0,0.0
2026-10-09,Daly Avenue,Deer Valley,WG031,40.63079192228995,-111.49966938212476,7430.3,0,72.2,47.0,57.9,0.0,0.0,0.0
2026-10-09,Daly Bypass,Deer Valley,WG031,40.63469577874592,-111.4972952534869,7351.3,0,72.2,47.0,57.9,0.0,0.0,0.0
2026-10-09,Daly Canyon,Deer Valley,WG011,40.620194319264456,-111.50922727258838,7986.4,0,68.5,51.0,58.9,0.0,0.0,0.0
2026-10-09,Daly Grind,Deer Valley,WG011,40.62436395642222,-111.5065519695764,7745.3,0,68.5,51.0,58.9,0.0,0.0,0.0
2026-10-09,Dawns Trail,Park City / PCMR,WG051,40.65039115727101,-111.52578815180028,7505.7,0,72.7,51.0,60.1,0.0,0.0,0.0
2026-10-09,Dead Reckoning,Summit Park,WG078,40.74804102527887,-111.5901705440554,6808.0,0,75.7,53.9,63.0,0.0,0.0,0.0
2026-10-09,Dead Tree,Park City / PCMR,WG021,40.611358588022426,-111.54588982448988,9653.6,0,62.0,44.5,52.4,0.0,0.0,0.0
2026-10-09,Deep Park Circle,Jordanelle,WG026,40.626894083286025,-111.43587347972714,6383.2,0,76.2,51.0,61.9,0.0,0.0,0.0
2026-10-09,Deer Camp,Deer Valley,WG013,40.60519585339864,-111.4911066437841,8920.6,0,65.4,47.9,55.8,0.0,0.0,0.0
2026-10-09,Deer Crest,Deer Valley,WG029,40.63553157935396,-111.47424740401932,7612.2,0,71.3,46.1,56.9,0.0,0.0,0.0
2026-10-09,Devo,Deer Valley,WG032,40.6296740826892,-111.48374523511592,7963.4,0,70.9,45.7,56.6,0.0,0.0,0.0
2026-10-09,Discovery,Summit Park,WG078,40.74903521550762,-111.59463162387972,6614.4,0,75.7,53.9,63.0,0.0,0.0,0.0
2026-10-09,Downward Dog,Round Valley,WG057,40.68865758594976,-111.48489883261024,6958.5,0,74.8,48.5,59.7,0.0,0.0,0.0
2026-10-09,Dropout,Jeremy Ranch / Glenwild,WG077,40.74673233142679,-111.55449028155309,6576.0,0,76.3,54.5,63.6,0.0,0.0,0.0
2026-10-09,Dubois,Jeremy Ranch / Glenwild,WG059,40.698630398586985,-111.55581872982933,6878.9,0,75.7,53.9,63.0,0.0,0.0,0.0
2026-10-09,Eagle Cove,Round Valley,WG057,40.68665016051084,-111.49786169389527,6799.6,0,74.8,48.5,59.7,0.0,0.0,0.0
2026-10-09,Eagle Trail,Park City / PCMR,WG051,40.65138382915936,-111.51929067308184,7664.9,0,72.7,51.0,60.1,0.0,0.0,0.0
2026-10-09,Eagle Way,Park City / PCMR,WG048,40.65295946154777,-111.48775315119684,7538.9,0,72.4,46.1,57.3,0.0,0.0,0.0
2026-10-09,East Fallen Pines Lane,Park City / PCMR,WG022,40.61551642366452,-111.57912837068116,8712.4,0,65.5,48.1,55.9,0.0,0.0,0.0
2026-10-09,Easy Rider,Park City / PCMR,WG009,40.59580193116481,-111.57632308440664,9141.3,0,63.9,46.5,54.3,0.0,0.0,0.0
2026-10-09,Ecker Hill Trail,Pinebrook,WG076,40.740364526144575,-111.5667817840803,6401.3,0,77.0,55.2,64.3,0.0,0.0,0.0
2026-10-09,Empire Alternate,Deer Valley,WG032,40.62635819528807,-111.50016350153602,7943.1,0,70.9,45.7,56.6,0.0,0.0,0.0
2026-10-09,Empire Link,Deer Valley,WG012,40.62422557470265,-111.50748256286928,8022.2,0,67.3,49.8,57.7,0.0,0.0,0.0
2026-10-09,Empire Lodge,Deer Valley,WG015,40.61442062316093,-111.51298418240138,8439.2,0,67.1,49.6,57.5,0.0,0.0,0.0
2026-10-09,Empire Pass Connector,Deer Valley,WG016,40.60627316294136,-111.51481095351645,8948.4,0,65.3,47.8,55.7,0.0,0.0,0.0
2026-10-09,Equestrian,Round Valley,WG067,40.70215181343843,-111.50219785223597,6719.1,0,75.7,49.4,60.5,0.0,0.0,0.0
2026-10-09,Euston,Round Valley,WG047,40.65772556817424,-111.48315877249176,7062.9,0,73.7,47.4,58.6,0.0,0.0,0.0
2026-10-09,Evil Empire,Park City / PCMR,WG016,40.61923823662483,-111.52513988679308,8746.8,0,65.3,47.8,55.7,0.0,0.0,0.0
2026-10-09,Fairway Hills Trail,Round Valley,WG055,40.67853348641883,-111.47699791832557,6747.4,0,75.1,48.8,60.0,0.0,0.0,0.0
2026-10-09,Family Truckster Trail,Clark Ranch,WG044,40.66038172048119,-111.452885753204,6847.4,0,74.9,48.7,59.8,0.0,0.0,0.0
2026-10-09,Fast Pitch Trail,Round Valley,WG055,40.6798165110769,-111.47671870073196,6759.1,0,75.1,48.8,60.0,0.0,0.0,0.0
2026-10-09,Fat Lip,Park City / PCMR,WG016,40.62192963761681,-111.5279713594279,8931.1,0,65.3,47.8,55.7,0.0,0.0,0.0
2026-10-09,Field Stone,Round Valley,WG067,40.71706243943152,-111.49059329339536,6526.3,0,75.7,49.4,60.5,0.0,0.0,0.0
2026-10-09,Fink Again,Jeremy Ranch / Glenwild,WG086,40.75125285000831,-111.55541181172696,6586.2,0,76.1,54.3,63.4,0.0,0.0,0.0
2026-10-09,Finns,Deer Valley,WG028,40.640763495812735,-111.47689190658058,7214.2,0,72.6,47.4,58.3,0.0,0.0,0.0
2026-10-09,Fireswamp,Deer Valley,WG013,40.61340925382439,-111.48239833860336,8873.0,0,65.4,47.9,55.8,0.0,0.0,0.0
2026-10-09,First Time,Park City / PCMR,WG050,40.65050878239233,-111.51048291433958,7041.1,0,73.4,48.2,59.1,0.0,0.0,0.0
2026-10-09,First Time Return,Park City / PCMR,WG050,40.65021414919943,-111.51090683334832,7073.8,0,73.4,48.2,59.1,0.0,0.0,0.0
2026-10-09,Flagstaff Loop,Deer Valley,WG013,40.60758047007656,-111.496735533601,8898.0,0,65.4,47.9,55.8,0.0,0.0,0.0
2026-10-09,Flat Cable,Park City / PCMR,WG032,40.644102718034645,-111.505628746172,7565.4,0,70.9,45.7,56.6,0.0,0.0,0.0
2026-10-09,Flat Iron,Park City / PCMR,WG036,40.62696082564811,-111.51719430456902,8393.5,0,67.0,49.5,57.4,0.0,0.0,0.0
2026-10-09,Flying Dog,Jeremy Ranch / Glenwild,WG087,40.77237660098178,-111.54161762597796,7321.2,0,73.8,52.0,61.1,0.0,0.0,0.0
2026-10-09,Forest Glen Trail,Park City / PCMR,WG022,40.61089948644494,-111.5784844905115,8765.8,0,65.5,48.1,55.9,0.0,0.0,0.0
2026-10-09,Fox Tail Trail,Round Valley,WG045,40.66564803508002,-111.47503092801368,7133.0,0,73.4,47.2,58.3,0.0,0.0,0.0
2026-10-09,Freemason,Park City / PCMR,WG046,40.65768683021079,-111.49819012622744,6949.6,0,74.8,48.5,59.6,0.0,0.0,0.0
2026-10-09,Full Steam Billy,Park City / PCMR,WG031,40.64842922650065,-111.4945100220623,7246.4,0,72.2,47.0,57.9,0.0,0.0,0.0
2026-10-09,Gambel Oak Cut,Round Valley,WG045,40.65967079074984,-111.47871602858976,7240.9,0,73.4,47.2,58.3,0.0,0.0,0.0
2026-10-09,Gambel Oak North,Park City / PCMR,WG047,40.65915752473873,-111.48180315635692,7112.6,0,73.7,47.4,58.6,0.0,0.0,0.0
2026-10-09,Gambel Oak Trail,Park City / PCMR,WG031,40.64847351910524,-111.48419757905585,7408.0,0,72.2,47.0,57.9,0.0,0.0,0.0
2026-10-09,Gap Bypass Trail,Deer Valley,WG028,40.64123747413292,-111.47577580871994,7306.6,0,72.6,47.4,58.3,0.0,0.0,0.0
2026-10-09,Gap Loop,Deer Valley,WG028,40.6409109833561,-111.47399614902376,7445.8,0,72.6,47.4,58.3,0.0,0.0,0.0
2026-10-09,Glenwild Loop,Jeremy Ranch / Glenwild,WG075,40.73989427988239,-111.52813430357229,6701.6,0,76.2,54.4,63.5,0.0,0.0,0.0
2026-10-09,Glenwild Loop / Wasatch,Jeremy Ranch / Glenwild,WG074,40.74589846722535,-111.509614206256,6451.3,0,76.2,49.9,61.1,0.0,0.0,0.0
2026-10-09,Gold Finger,Park City / PCMR,WG053,40.65997467243904,-111.55431689925648,8081.9,0,70.5,48.8,57.9,0.0,0.0,0.0
2026-10-09,Golden Needle,Park City / PCMR,WG008,40.59452078975266,-111.56725110409884,9811.4,0,61.9,44.5,52.3,0.0,0.0,0.0
2026-10-09,Gorgoza Park,Pinebrook,WG089,40.75144469967726,-111.581432624726,6619.5,0,76.0,54.2,63.3,0.0,0.0,0.0
2026-10-09,Gotcha Cuttoff,Park City / PCMR,WG035,40.64587964864319,-111.5166123821088,7673.2,0,69.3,51.8,59.7,0.0,0.0,0.0
2026-10-09,Grave Digger,Deer Valley,WG032,40.62962271716946,-111.50201210924322,7682.6,0,70.9,45.7,56.6,0.0,0.0,0.0
2026-10-09,Great Western Trail,Wasatch Crest / Millcreek,WG092,40.77286580912175,-111.6406537725031,7571.3,0,72.1,47.7,58.7,0.0,0.0,0.0
2026-10-09,Great Western Trail / Great Western Trail bypass,Wasatch Crest / Millcreek,WG091,40.7535574542296,-111.6313027356856,7111.8,0,72.8,52.4,61.4,0.0,0.0,0.0
2026-10-09,H.A.M.,Park City / PCMR,WG035,40.64547382276132,-111.53139851516626,7780.5,0,69.3,51.8,59.7,0.0,0.0,0.0
2026-10-09,Hang Time South,Park City / PCMR,WG046,40.65853660632904,-111.49606808644194,6970.8,0,74.8,48.5,59.6,0.0,0.0,0.0
2026-10-09,Happy Gilmor,Round Valley,WG067,40.70712360033319,-111.5014684546231,6569.0,0,75.7,49.4,60.5,0.0,0.0,0.0
2026-10-09,Happy Trailside,Round Valley,WG067,40.708413441306845,-111.50471867526606,6595.6,0,75.7,49.4,60.5,0.0,0.0,0.0
2026-10-09,Hat Trick Trail,Round Valley,WG055,40.678830976721535,-111.47596646172724,6757.0,0,75.1,48.8,60.0,0.0,0.0,0.0
2026-10-09,Heard It Both Ways Trail,Deer Valley,WG004,40.593082879194085,-111.49125770411068,8855.0,0,65.7,48.2,56.1,0.0,0.0,0.0
2026-10-09,Hidden Cove,Summit Park,WG089,40.756655895607175,-111.597334386164,6686.2,0,76.0,54.2,63.3,0.0,0.0,0.0
2026-10-09,High Meadows Connector,Pinebrook,WG076,40.74134938710701,-111.56847869190176,6429.9,0,77.0,55.2,64.3,0.0,0.0,0.0
2026-10-09,High Side,Round Valley,WG055,40.69388247977245,-111.4770589235944,6909.3,0,75.1,48.8,60.0,0.0,0.0,0.0
2026-10-09,Holly's,Pinebrook,WG063,40.68604417524608,-111.57782170773478,7824.2,0,72.1,50.3,59.4,0.0,0.0,0.0
2026-10-09,Holy Roller,Deer Valley,WG013,40.6113609111251,-111.48708066137604,8716.2,0,65.4,47.9,55.8,0.0,0.0,0.0
2026-10-09,Humdinger,Deer Valley,WG029,40.626356336628135,-111.46720603877804,7537.3,0,71.3,46.1,56.9,0.0,0.0,0.0
2026-10-09,Insurgent,Jeremy Ranch / Glenwild,WG063,40.68610182305705,-111.58195303109213,7873.2,0,72.1,50.3,59.4,0.0,0.0,0.0
2026-10-09,Io Trail (Middle),Deer Valley,WG017,40.61025792344493,-111.52770861008732,9342.5,0,63.8,46.3,54.2,0.0,0.0,0.0
2026-10-09,Iron Bill,Jeremy Ranch / Glenwild,WG071,40.70817834974828,-111.55726593666238,7034.2,0,73.6,51.8,60.9,0.0,0.0,0.0
2026-10-09,Iron Man,Park City / PCMR,WG053,40.6585520468376,-111.5452566956134,8305.8,0,70.5,48.8,57.9,0.0,0.0,0.0
2026-10-09,Iron Mountain Trail,Park City / PCMR,WG054,40.65649532455427,-111.54475504732362,8753.8,0,68.5,46.8,55.9,0.0,0.0,0.0
2026-10-09,Izzy's Inferno (Dog Pound),Deer Valley,WG012,40.619811878384205,-111.48856422719636,8193.5,0,67.3,49.8,57.7,0.0,0.0,0.0
2026-10-09,Jailbreak,Jeremy Ranch / Glenwild,WG085,40.75712939272894,-111.56214780445411,6277.4,0,77.3,55.5,64.6,0.0,0.0,0.0
2026-10-09,Jeep Hill (Safety Coridoor),Deer Valley,WG013,40.60451306969404,-111.50923514571896,8820.6,0,65.4,47.9,55.8,0.0,0.0,0.0
2026-10-09,Jenni's Trail,Park City / PCMR,WG034,40.64869166733497,-111.51220769740809,7207.7,0,70.6,53.1,61.0,0.0,0.0,0.0
2026-10-09,Jenni's Trail upper,Park City / PCMR,WG035,40.63937813819639,-111.5112423147728,7789.7,0,69.3,51.8,59.7,0.0,0.0,0.0
2026-10-09,Johns '99,Park City / PCMR,WG033,40.62911828578874,-111.50998374795329,8128.2,0,67.8,50.3,58.2,0.0,0.0,0.0
2026-10-09,Johns 99,Deer Valley,WG015,40.62450457371346,-111.51231498110546,8231.6,0,67.1,49.6,57.5,0.0,0.0,0.0
2026-10-09,Johns Trail,Park City / PCMR,WG033,40.63760825426597,-111.50539626371148,8041.4,0,67.8,50.3,58.2,0.0,0.0,0.0
2026-10-09,Jordanelle (West Bank) Trail,Jordanelle,WG026,40.63639192686843,-111.4311179892118,6210.9,0,76.2,51.0,61.9,0.0,0.0,0.0
2026-10-09,Jordanelle Perimeter Trail,Jordanelle,WG024,40.633349610731685,-111.4121970547725,6216.7,0,76.4,51.2,62.0,0.0,0.0,0.0
2026-10-09,Jupiter Peak,Park City / PCMR,WG021,40.610319419324455,-111.54904593331813,9871.3,0,62.0,44.5,52.4,0.0,0.0,0.0
2026-10-09,Jupiter Ridge,Park City / PCMR,WG018,40.61268065771163,-111.53867835914352,9869.4,0,62.2,44.7,52.5,0.0,0.0,0.0
2026-10-09,Kaboom Trail / Call Sign Casa Trail,Jordanelle,WG027,40.62794719612903,-111.45468580169128,6888.6,0,74.4,49.2,60.1,0.0,0.0,0.0
2026-10-09,Kari's,Round Valley,WG055,40.69160040530727,-111.47515847036864,6850.2,0,75.1,48.8,60.0,0.0,0.0,0.0
2026-10-09,Keetley,Jordanelle,WG024,40.6438983646529,-111.4097274639112,6255.4,0,76.4,51.2,62.0,0.0,0.0,0.0
2026-10-09,Keystone Trail,Park City / PCMR,WG037,40.62506440637064,-111.53055382777043,8890.7,0,65.9,48.4,56.2,0.0,0.0,0.0
2026-10-09,La Dee Duh,Round Valley,WG057,40.69261799590889,-111.5001632592338,6864.5,0,74.8,48.5,59.7,0.0,0.0,0.0
2026-10-09,Lavina,Deer Valley,WG006,40.58376333945228,-111.52567195673171,8621.7,0,66.1,48.6,56.5,0.0,0.0,0.0
2026-10-09,Legacy Loop,Jeremy Ranch / Glenwild,WG071,40.705995804360256,-111.55961886682412,7342.6,0,73.6,51.8,60.9,0.0,0.0,0.0
2026-10-09,Legacy Ridge,Jeremy Ranch / Glenwild,WG071,40.70648419743829,-111.5603960205038,7414.3,0,73.6,51.8,60.9,0.0,0.0,0.0
2026-10-09,Legacy. Loop,Jeremy Ranch / Glenwild,WG071,40.70737188748682,-111.5599210439625,7363.1,0,73.6,51.8,60.9,0.0,0.0,0.0
2026-10-09,Link,Deer Valley,WG015,40.624117394272574,-111.51614328186776,8385.3,0,67.1,49.6,57.5,0.0,0.0,0.0
2026-10-09,Little Chief,Deer Valley,WG015,40.61872839208637,-111.51243052868438,8322.6,0,67.1,49.6,57.5,0.0,0.0,0.0
2026-10-09,Little Engine Trail,Summit Park,WG089,40.756690732809,-111.59562244098744,6709.3,0,76.0,54.2,63.3,0.0,0.0,0.0
2026-10-09,Little Stick,Deer Valley,WG028,40.63409637421967,-111.478301770839,7464.6,0,72.6,47.4,58.3,0.0,0.0,0.0
2026-10-09,Longview,Jordanelle,WG040,40.65785550770212,-111.4151527495857,6299.6,0,76.9,50.6,61.8,0.0,0.0,0.0
2026-10-09,Looney Tunes Trail,Jordanelle,WG002,40.58370423178651,-111.40605522395904,7149.3,0,73.1,47.9,58.8,0.0,0.0,0.0
2026-10-09,Loose Moose,Park City / PCMR,WG031,40.64358346695202,-111.50940341630726,7446.3,0,72.2,47.0,57.9,0.0,0.0,0.0
2026-10-09,Lost Prospector,Park City / PCMR,WG047,40.659849225736586,-111.4888557229514,7044.5,0,73.7,47.4,58.6,0.0,0.0,0.0
2026-10-09,Lower Devo Trail,Deer Valley,WG032,40.63290230557317,-111.48205615844142,7656.5,0,70.9,45.7,56.6,0.0,0.0,0.0
2026-10-09,Lower Masonic,Park City / PCMR,WG047,40.65358630670372,-111.49972319928794,7113.0,0,73.7,47.4,58.6,0.0,0.0,0.0
2026-10-09,Lower Sparky Trail,Clark Ranch,WG044,40.66761130235187,-111.4559551589961,6689.8,0,74.9,48.7,59.8,0.0,0.0,0.0
2026-10-09,Lower Village,Deer Valley,WG028,40.64043848354113,-111.46360640728942,7008.1,0,72.6,47.4,58.3,0.0,0.0,0.0
2026-10-09,Lynx #2,Round Valley,WG044,40.66734087696376,-111.46694625830712,6898.8,0,74.9,48.7,59.8,0.0,0.0,0.0
2026-10-09,Masonic,Park City / PCMR,WG047,40.65628760128763,-111.48965728213436,7283.0,0,73.7,47.4,58.6,0.0,0.0,0.0
2026-10-09,Matt's Flat,Round Valley,WG057,40.68924275786925,-111.49221205396208,6921.6,0,74.8,48.5,59.7,0.0,0.0,0.0
2026-10-09,McConkeys,Park City / PCMR,WG016,40.617956923480186,-111.52625119796232,8958.8,0,65.3,47.8,55.7,0.0,0.0,0.0
2026-10-09,McConkeys / Io Trail (Middle),Park City / PCMR,WG018,40.61168680632571,-111.53326494678502,9588.6,0,62.2,44.7,52.5,0.0,0.0,0.0
2026-10-09,McHenry Avenue,Deer Valley,WG031,40.640126864152855,-111.49219625319049,7274.9,0,72.2,47.0,57.9,0.0,0.0,0.0
2026-10-09,Mid-Mountain Connect,Park City / PCMR,WG036,40.63223012461414,-111.51309555497544,8201.7,0,67.0,49.5,57.4,0.0,0.0,0.0
2026-10-09,Mid-Mountain Trail,Park City / PCMR,WG036,40.64534582424172,-111.53118141177607,8168.3,0,67.0,49.5,57.4,0.0,0.0,0.0
2026-10-09,Milky Way,Jordanelle,WG042,40.65767372971338,-111.43373089841624,6795.1,0,75.2,48.9,60.0,0.0,0.0,0.0
2026-10-09,Milky Way / Two Rocks,Jordanelle,WG042,40.66056479638159,-111.42608338059031,6558.6,0,75.2,48.9,60.0,0.0,0.0,0.0
2026-10-09,Miner's Mile,Park City / PCMR,WG036,40.62728968091632,-111.51804021102016,8457.0,0,67.0,49.5,57.4,0.0,0.0,0.0
2026-10-09,Miss Billy's,Jeremy Ranch / Glenwild,WG059,40.69127466685039,-111.54016400735836,6614.6,0,75.7,53.9,63.0,0.0,0.0,0.0
2026-10-09,Mojave,Park City / PCMR,WG037,40.634971780917176,-111.5211432294971,8540.4,0,65.9,48.4,56.2,0.0,0.0,0.0
2026-10-09,Moose Hollow,Summit Park,WG088,40.76397899834495,-111.58866445905328,6467.6,0,76.7,54.9,64.0,0.0,0.0,0.0
2026-10-09,Moose Poop,Deer Valley,WG032,40.633538239133244,-111.50120248027572,7607.1,0,70.9,45.7,56.6,0.0,0.0,0.0
2026-10-09,Moose Puddle,Pinebrook,WG071,40.70548588260783,-111.56718578772085,7487.6,0,73.6,51.8,60.9,0.0,0.0,0.0
2026-10-09,Moose Tracks Trail,Park City / PCMR,WG009,40.59516414126596,-111.57427709390586,9258.1,0,63.9,46.5,54.3,0.0,0.0,0.0
2026-10-09,Moosebones,Deer Valley,WG013,40.61167254823319,-111.50326786094648,8857.2,0,65.4,47.9,55.8,0.0,0.0,0.0
2026-10-09,Moosehouse,Park City / PCMR,WG032,40.63204398195126,-111.5038481086022,7902.6,0,70.9,45.7,56.6,0.0,0.0,0.0
2026-10-09,Mother Urban,Deer Valley,WG032,40.63167066031289,-111.5034058570439,7904.1,0,70.9,45.7,56.6,0.0,0.0,0.0
2026-10-09,Mountain Ranch,Jeremy Ranch / Glenwild,WG066,40.719482563829935,-111.5082007499112,6453.3,0,76.7,54.9,64.0,0.0,0.0,0.0
2026-10-09,Mountain Ranch Estates,Round Valley,WG067,40.7173985998433,-111.50812726137713,6520.0,0,75.7,49.4,60.5,0.0,0.0,0.0
2026-10-09,Mountain Willow,Round Valley,WG067,40.71402930681007,-111.48565937361776,6571.7,0,75.7,49.4,60.5,0.0,0.0,0.0
2026-10-09,Mr Muchrocks,Round Valley,WG067,40.70904482572548,-111.50323360919846,6653.2,0,75.7,49.4,60.5,0.0,0.0,0.0
2026-10-09,NCS,Deer Valley,WG032,40.62911396321707,-111.4803727621932,7992.5,0,70.9,45.7,56.6,0.0,0.0,0.0
2026-10-09,Nick NAC,Round Valley,WG057,40.69210865876878,-111.490120990647,6959.3,0,74.8,48.5,59.7,0.0,0.0,0.0
2026-10-09,No Worries,Summit Park,WG081,40.73716048778493,-111.60234213265907,7289.1,0,73.8,52.0,61.1,0.0,0.0,0.0
2026-10-09,North 400 West,Jeremy Ranch / Glenwild,WG068,40.70279368500318,-111.51897621463831,6441.4,0,76.8,55.0,64.1,0.0,0.0,0.0
2026-10-09,North Ross Creek Trail,Jordanelle,WG041,40.66585897507511,-111.42082357173696,6405.0,0,76.5,50.2,61.3,0.0,0.0,0.0
2026-10-09,Nowhere Elks,Round Valley,WG058,40.69018989582584,-111.48311322310164,7036.6,0,74.2,47.9,59.1,0.0,0.0,0.0
2026-10-09,OMG,Deer Valley,WG032,40.631226274970665,-111.4973428195913,7571.3,0,70.9,45.7,56.6,0.0,0.0,0.0
2026-10-09,OMH,Pinebrook,WG070,40.71997692753587,-111.55773747935044,6677.5,0,75.8,54.0,63.1,0.0,0.0,0.0
2026-10-09,Oh Deer Flow,Jordanelle,WG041,40.66237367218405,-111.42118550237925,6403.1,0,76.5,50.2,61.3,0.0,0.0,0.0
2026-10-09,Old Homeward Bound,Deer Valley,WG012,40.61357496233911,-111.48964629692756,8441.1,0,67.3,49.8,57.7,0.0,0.0,0.0
2026-10-09,Old Skool,Deer Valley,WG032,40.631898683587,-111.48423208918877,7827.2,0,70.9,45.7,56.6,0.0,0.0,0.0
2026-10-09,Old Stage Crest Connect,Park City / PCMR,WG023,40.61247305094488,-111.5715274805363,9057.3,0,64.4,46.9,54.8,0.0,0.0,0.0
2026-10-09,Olympic,Pinebrook,WG064,40.69996684096533,-111.57868853500152,8004.0,0,71.1,49.3,58.4,0.0,0.0,0.0
2026-10-09,Ontario Canyon,Deer Valley,WG013,40.61130277448227,-111.48755898005427,8755.1,0,65.4,47.9,55.8,0.0,0.0,0.0
2026-10-09,Ontario Ridge,Deer Valley,WG032,40.62821582013441,-111.49780973717266,7815.3,0,70.9,45.7,56.6,0.0,0.0,0.0
2026-10-09,Ore Cart,Deer Valley,WG015,40.621755910380834,-111.51139929264724,8146.4,0,67.1,49.6,57.5,0.0,0.0,0.0
2026-10-09,Outlook,Deer Valley,WG029,40.63657831428653,-111.4685462481628,7646.2,0,71.3,46.1,56.9,0.0,0.0,0.0
2026-10-09,Pale Green Dot,Summit Park,WG078,40.74689592786439,-111.59182437672968,6802.1,0,75.7,53.9,63.0,0.0,0.0,0.0
2026-10-09,Parley's Lane,Summit Park,WG089,40.75375624958085,-111.59849347383722,6719.0,0,76.0,54.2,63.3,0.0,0.0,0.0
2026-10-09,Payday,Park City / PCMR,WG035,40.64053545819342,-111.51124538504462,7598.1,0,69.3,51.8,59.7,0.0,0.0,0.0
2026-10-09,Payroll,Deer Valley,WG013,40.61095393430099,-111.5094443089702,8630.4,0,65.4,47.9,55.8,0.0,0.0,0.0
2026-10-09,Pedalers Inn,Deer Valley,WG012,40.61923438649311,-111.4865707901735,8286.8,0,67.3,49.8,57.7,0.0,0.0,0.0
2026-10-09,Perrier Pass,Park City / PCMR,WG017,40.61814002894983,-111.53826776190397,9445.9,0,63.8,46.3,54.2,0.0,0.0,0.0
2026-10-09,Pinebrook Point,Pinebrook,WG089,40.75079411917499,-111.57994193527573,6623.3,0,76.0,54.2,63.3,0.0,0.0,0.0
2026-10-09,Pinebrook Pointe South,Pinebrook,WG078,40.74959135152933,-111.5795998040212,6632.5,0,75.7,53.9,63.0,0.0,0.0,0.0
2026-10-09,Pinebrook Southeast Perimeter / Hunter's Trail of the Mid Mountain,Pinebrook,WG072,40.71419878562093,-111.5896757552273,7875.5,0,72.3,50.5,59.6,0.0,0.0,0.0
2026-10-09,Pinebrook Southeast Perimeter / Pinebrook SE Perimeter,Pinebrook,WG079,40.72863077219642,-111.58102679054537,7392.0,0,73.4,51.6,60.7,0.0,0.0,0.0
2026-10-09,Pinebrook Southeast Perimeter Trail,Pinebrook,WG078,40.73058687532795,-111.57244227312069,6947.5,0,75.7,53.9,63.0,0.0,0.0,0.0
2026-10-09,Pinecone Ridge,Park City / PCMR,WG039,40.63337906740186,-111.54644099265712,9084.9,0,64.3,46.8,54.7,0.0,0.0,0.0
2026-10-09,Pioneer Ridge,Park City / PCMR,WG018,40.61649374604546,-111.53892521633333,9598.5,0,62.2,44.7,52.5,0.0,0.0,0.0
2026-10-09,Pipeline,Deer Valley,WG028,40.63885618836171,-111.46966538134832,7356.9,0,72.6,47.4,58.3,0.0,0.0,0.0
2026-10-09,Pointy Rocks,Deer Valley,WG031,40.63679995846106,-111.48172224533342,7428.0,0,72.2,47.0,57.9,0.0,0.0,0.0
2026-10-09,PorcUclimb,Round Valley,WG058,40.69402326414524,-111.48517031749344,7064.7,0,74.2,47.9,59.1,0.0,0.0,0.0
2026-10-09,Powerline,Pinebrook,WG078,40.74237998272819,-111.5716363238219,6548.4,0,75.7,53.9,63.0,0.0,0.0,0.0
2026-10-09,Powerline Connector,Pinebrook,WG078,40.74298978990414,-111.5728828415412,6585.6,0,75.7,53.9,63.0,0.0,0.0,0.0
2026-10-09,Powerline Trail,Park City / PCMR,WG036,40.63015217582808,-111.53743024085954,8362.6,0,67.0,49.5,57.4,0.0,0.0,0.0
2026-10-09,Practice Loops,Round Valley,WG055,40.68336469607561,-111.47532267974417,6752.0,0,75.1,48.8,60.0,0.0,0.0,0.0
2026-10-09,Preserve Connector,Jeremy Ranch / Glenwild,WG087,40.76330147562161,-111.54585203221042,7230.0,0,73.8,52.0,61.1,0.0,0.0,0.0
2026-10-09,Princess Di's,Clark Ranch,WG083,40.751465442037045,-111.43628535405452,6858.8,0,74.8,48.6,59.7,0.0,0.0,0.0
2026-10-09,Prospect,Deer Valley,WG031,40.63405408516434,-111.49547333835608,7482.8,0,72.2,47.0,57.9,0.0,0.0,0.0
2026-10-09,Pulp Friction,Round Valley,WG057,40.69884233324062,-111.50344523686547,6681.3,0,74.8,48.5,59.7,0.0,0.0,0.0
2026-10-09,Putty Tat Trail,Jordanelle,WG001,40.59267845848291,-111.40267007297948,6514.0,0,74.8,49.6,60.4,0.0,0.0,0.0
2026-10-09,Quinn's Connect,Round Valley,WG055,40.68185946906874,-111.4726829059293,6720.8,0,75.1,48.8,60.0,0.0,0.0,0.0
2026-10-09,RTS,Jeremy Ranch / Glenwild,WG070,40.71664642216084,-111.55523569599896,6598.1,0,75.8,54.0,63.1,0.0,0.0,0.0
2026-10-09,RTS / BLT,Jeremy Ranch / Glenwild,WG070,40.71544842193981,-111.5580228733734,6768.3,0,75.8,54.0,63.1,0.0,0.0,0.0
2026-10-09,Rademan Ridge,Round Valley,WG057,40.69522706920315,-111.49835765815162,6895.6,0,74.8,48.5,59.7,0.0,0.0,0.0
2026-10-09,Ramble On,Round Valley,WG067,40.70159467934347,-111.48028465593316,6781.5,0,75.7,49.4,60.5,0.0,0.0,0.0
2026-10-09,Rambler,Round Valley,WG057,40.69772226627651,-111.49065578495473,6809.2,0,74.8,48.5,59.7,0.0,0.0,0.0
2026-10-09,Rambler DT,Round Valley,WG056,40.699080350519786,-111.50674680507665,6485.7,0,76.6,54.9,64.0,0.0,0.0,0.0
2026-10-09,Red Bull,Park City / PCMR,WG035,40.63958635838598,-111.51326842477698,7769.0,0,69.3,51.8,59.7,0.0,0.0,0.0
2026-10-09,Regulator Trail,Deer Valley,WG033,40.62910164594688,-111.48142418804063,8033.8,0,67.8,50.3,58.2,0.0,0.0,0.0
2026-10-09,Richochet,Park City / PCMR,WG062,40.68638148266805,-111.57139393545772,7468.3,0,73.1,51.3,60.5,0.0,0.0,0.0
2026-10-09,Rinse Cycle Trail,Deer Valley,WG028,40.62990230274806,-111.45944053119273,7191.1,0,72.6,47.4,58.3,0.0,0.0,0.0
2026-10-09,Ripple Trail,Deer Valley,WG029,40.63554405253732,-111.47490110184252,7588.0,0,71.3,46.1,56.9,0.0,0.0,0.0
2026-10-09,Riverview West Trail,Jordanelle,WG001,40.58565113588149,-111.41386481977428,6730.6,0,74.8,49.6,60.4,0.0,0.0,0.0
2026-10-09,Road to WOS,Summit Park,WG082,40.73344363030311,-111.61407104321202,7712.2,0,72.3,50.6,59.7,0.0,0.0,0.0
2026-10-09,Rob's Trail,Pinebrook,WG063,40.69704664952428,-111.5702364046946,7584.0,0,72.1,50.3,59.4,0.0,0.0,0.0
2026-10-09,RocMon,Round Valley,WG055,40.68788668982749,-111.4548390225179,6677.5,0,75.1,48.8,60.0,0.0,0.0,0.0
2026-10-09,Rock Chuck Trail,Park City / PCMR,WG008,40.58874474594925,-111.56839301918852,9680.6,0,61.9,44.5,52.3,0.0,0.0,0.0
2026-10-09,Rogue Rider Trail,Park City / PCMR,WG020,40.60699361060532,-111.56187339427328,9423.9,0,63.5,46.0,53.9,0.0,0.0,0.0
2026-10-09,Rosebud,Park City / PCMR,WG036,40.63966083548988,-111.52257618003053,8390.4,0,67.0,49.5,57.4,0.0,0.0,0.0
2026-10-09,Rosebud's Heaven,Park City / PCMR,WG060,40.69195554103422,-111.5659528759652,7326.9,0,74.2,52.4,61.5,0.0,0.0,0.0
2026-10-09,Rossi Hill Trail,Deer Valley,WG031,40.63808222920599,-111.4919292526201,7341.8,0,72.2,47.0,57.9,0.0,0.0,0.0
2026-10-09,Round Valley Connect,Round Valley,WG067,40.70875221615484,-111.50427592382064,6606.7,0,75.7,49.4,60.5,0.0,0.0,0.0
2026-10-09,Round Valley Connector,Round Valley,WG067,40.709506874143365,-111.48774034228174,6611.3,0,75.7,49.4,60.5,0.0,0.0,0.0
2026-10-09,Round Valley Express,Round Valley,WG057,40.69308554123404,-111.4897696424948,6812.1,0,74.8,48.5,59.7,0.0,0.0,0.0
2026-10-09,Rusty Shovel,Round Valley,WG057,40.69776625143012,-111.4804885556652,6868.8,0,74.8,48.5,59.7,0.0,0.0,0.0
2026-10-09,Rusty Spur,Round Valley,WG065,40.70159189598121,-111.4765958017646,6731.2,0,75.3,49.0,60.2,0.0,0.0,0.0
2026-10-09,SOS,Park City / PCMR,WG046,40.666448184385416,-111.48116864087982,6803.8,0,74.8,48.5,59.6,0.0,0.0,0.0
2026-10-09,SQ Connector Trail,Round Valley,WG055,40.68949659271035,-111.47067515084642,6728.8,0,75.1,48.8,60.0,0.0,0.0,0.0
2026-10-09,Sam's Trail,Deer Valley,WG012,40.61912724197413,-111.50964994268364,8145.3,0,67.3,49.8,57.7,0.0,0.0,0.0
2026-10-09,Saved By The Bell,Round Valley,WG067,40.71689792497153,-111.49958806368429,6568.5,0,75.7,49.4,60.5,0.0,0.0,0.0
2026-10-09,Scott's Bypass,Park City / PCMR,WG021,40.612047856355446,-111.55918064050742,9658.7,0,62.0,44.5,52.4,0.0,0.0,0.0
2026-10-09,Secret of My Success Trail,Deer Valley,WG033,40.62597453280468,-111.48566192002252,8293.6,0,67.8,50.3,58.2,0.0,0.0,0.0
2026-10-09,Seldom Seen,Park City / PCMR,WG034,40.64892938917546,-111.51571616491609,7435.6,0,70.6,53.1,61.0,0.0,0.0,0.0
2026-10-09,Seventy 101,Round Valley,WG057,40.68968411592925,-111.49103639156762,6974.3,0,74.8,48.5,59.7,0.0,0.0,0.0
2026-10-09,Shadow Lake,Park City / PCMR,WG020,40.61596037279941,-111.55009628848111,9179.4,0,63.5,46.0,53.9,0.0,0.0,0.0
2026-10-09,Shenanigans,Deer Valley,WG012,40.62034189886961,-111.49849814997506,8237.7,0,67.3,49.8,57.7,0.0,0.0,0.0
2026-10-09,Short Cut,Jeremy Ranch / Glenwild,WG064,40.68025862222409,-111.57883598783349,8081.5,0,71.1,49.3,58.4,0.0,0.0,0.0
2026-10-09,Short Fuse,Park City / PCMR,WG036,40.6346970517688,-111.52339576593836,8439.4,0,67.0,49.5,57.4,0.0,0.0,0.0
2026-10-09,Short Ribs,Summit Park,WG082,40.7348537895427,-111.62048055745409,7705.3,0,72.3,50.6,59.7,0.0,0.0,0.0
2026-10-09,Short Stack,Summit Park,WG082,40.73936874753804,-111.6200542747078,7652.8,0,72.3,50.6,59.7,0.0,0.0,0.0
2026-10-09,Silver Creek Trail,Round Valley,WG074,40.728195917662575,-111.48449884114967,6494.3,0,76.2,49.9,61.1,0.0,0.0,0.0
2026-10-09,Silver Gate,Round Valley,WG073,40.72728013881357,-111.46748664430804,6513.4,0,76.1,49.8,61.0,0.0,0.0,0.0
2026-10-09,Silver Queen,Park City / PCMR,WG037,40.63391819864852,-111.51755091640152,8558.9,0,65.9,48.4,56.2,0.0,0.0,0.0
2026-10-09,Silver Spur,Park City / PCMR,WG049,40.65266965116334,-111.5117818738982,6980.8,0,74.9,53.1,62.2,0.0,0.0,0.0
2026-10-09,Skid Row,Park City / PCMR,WG044,40.66845831872771,-111.47381352761975,6920.8,0,74.9,48.7,59.8,0.0,0.0,0.0
2026-10-09,Skyridge Peak Trail / Milky Way,Jordanelle,WG043,40.65984634182248,-111.4368345884266,7139.2,0,73.8,47.6,58.7,0.0,0.0,0.0
2026-10-09,Sloppy Joe,Round Valley,WG067,40.71599935057343,-111.49742827056478,6658.4,0,75.7,49.4,60.5,0.0,0.0,0.0
2026-10-09,Snake Pit Trail,Park City / PCMR,WG010,40.58750533085767,-111.57189033610032,9625.4,0,62.0,44.6,52.4,0.0,0.0,0.0
2026-10-09,Snowtop,Deer Valley,WG028,40.64752229561398,-111.4705824068134,7443.3,0,72.6,47.4,58.3,0.0,0.0,0.0
2026-10-09,Solamere,Deer Valley,WG045,40.65168830951934,-111.47267426337083,7304.0,0,73.4,47.2,58.3,0.0,0.0,0.0
2026-10-09,Solamere Connector,Deer Valley,WG045,40.651338463153365,-111.4797751905619,7331.1,0,73.4,47.2,58.3,0.0,0.0,0.0
2026-10-09,Somewhere Elks,Round Valley,WG055,40.68702802029736,-111.47813858810876,6977.4,0,75.1,48.8,60.0,0.0,0.0,0.0
2026-10-09,South Canyon,Round Valley,WG055,40.697084178294816,-111.45372200426904,6732.0,0,75.1,48.8,60.0,0.0,0.0,0.0
2026-10-09,South Sweeney,Park City / PCMR,WG031,40.64194117786604,-111.49870009761844,7400.1,0,72.2,47.0,57.9,0.0,0.0,0.0
2026-10-09,Spare Change,Summit Park,WG080,40.74164553017363,-111.60031464541484,6827.9,0,75.4,53.6,62.7,0.0,0.0,0.0
2026-10-09,Sparky's Return,Clark Ranch,WG044,40.6617858998794,-111.45698342605078,6783.6,0,74.9,48.7,59.8,0.0,0.0,0.0
2026-10-09,Speedbag,Deer Valley,WG011,40.624406811076895,-111.50919273225593,7987.6,0,68.5,51.0,58.9,0.0,0.0,0.0
2026-10-09,Spin Cycle Trail,Deer Valley,WG028,40.63411801502942,-111.46082430079326,7178.8,0,72.6,47.4,58.3,0.0,0.0,0.0
2026-10-09,Spiro Trail,Park City / PCMR,WG035,40.64755384631944,-111.52407012433112,7617.4,0,69.3,51.8,59.7,0.0,0.0,0.0
2026-10-09,St. Regis Trail,Deer Valley,WG028,40.639112933407205,-111.47591481144916,7383.3,0,72.6,47.4,58.3,0.0,0.0,0.0
2026-10-09,Stealth Connector / Pheasant Way,Jeremy Ranch / Glenwild,WG076,40.73167942348123,-111.54708752211994,6361.5,0,77.0,55.2,64.3,0.0,0.0,0.0
2026-10-09,Stealth Trail,Jeremy Ranch / Glenwild,WG077,40.73631275924013,-111.5447596003018,6560.0,0,76.3,54.5,63.6,0.0,0.0,0.0
2026-10-09,Steps,Park City / PCMR,WG037,40.63116043759045,-111.5173271228493,8520.8,0,65.9,48.4,56.2,0.0,0.0,0.0
2026-10-09,Stiff Upper Lip,Park City / PCMR,WG017,40.61611691879028,-111.52987009616064,9025.4,0,63.8,46.3,54.2,0.0,0.0,0.0
2026-10-09,Sunny Slopes Trail,Round Valley,WG057,40.68377753714063,-111.48540217687854,6826.8,0,74.8,48.5,59.7,0.0,0.0,0.0
2026-10-09,Sunset,Deer Valley,WG013,40.61222429898699,-111.48546906629171,8777.5,0,65.4,47.9,55.8,0.0,0.0,0.0
2026-10-09,Super G,Deer Valley,WG013,40.6078734147108,-111.486644562986,8939.8,0,65.4,47.9,55.8,0.0,0.0,0.0
2026-10-09,Sven,Jordanelle,WG040,40.66216079919324,-111.41880056586604,6299.4,0,76.9,50.6,61.8,0.0,0.0,0.0
2026-10-09,Sweeney Switchbacks,Park City / PCMR,WG031,40.64428684826398,-111.50263935593632,7442.9,0,72.2,47.0,57.9,0.0,0.0,0.0
2026-10-09,Sweeneys,Park City / PCMR,WG032,40.6416793962084,-111.50380066992643,7712.4,0,70.9,45.7,56.6,0.0,0.0,0.0
2026-10-09,T&G,Deer Valley,WG016,40.611941402305575,-111.51506977898008,8673.3,0,65.3,47.8,55.7,0.0,0.0,0.0
2026-10-09,T&G 2,Deer Valley,WG016,40.62089143656375,-111.51568549288604,8599.5,0,65.3,47.8,55.7,0.0,0.0,0.0
2026-10-09,TDS Ontario Bypass,Deer Valley,WG032,40.62591563844938,-111.49801252893096,7889.0,0,70.9,45.7,56.6,0.0,0.0,0.0
2026-10-09,TSP Skils Area,Round Valley,WG067,40.70929244417837,-111.50545423904256,6671.9,0,75.7,49.4,60.5,0.0,0.0,0.0
2026-10-09,Tall Oaks Circle,Pinebrook,WG078,40.73938310561022,-111.57541687830556,6961.5,0,75.7,53.9,63.0,0.0,0.0,0.0
2026-10-09,Tall T Trail,Deer Valley,WG007,40.59029104976929,-111.52734087474852,9033.3,0,64.5,47.0,54.9,0.0,0.0,0.0
2026-10-09,Tar Pits Jump Line,Round Valley,WG067,40.70948336187246,-111.50501444482678,6663.3,0,75.7,49.4,60.5,0.0,0.0,0.0
2026-10-09,Team Big Bear,Deer Valley,WG013,40.61639926546102,-111.50010669410356,8610.0,0,65.4,47.9,55.8,0.0,0.0,0.0
2026-10-09,Team Cutthroat Downhill,Jeremy Ranch / Glenwild,WG077,40.74619331694971,-111.55242052130288,6618.0,0,76.3,54.5,63.6,0.0,0.0,0.0
2026-10-09,Thaynes Canyon,Park City / PCMR,WG037,40.62644528922062,-111.539067377105,8520.6,0,65.9,48.4,56.2,0.0,0.0,0.0
2026-10-09,The Avenues,Summit Park,WG090,40.75998198374273,-111.6028265058925,7081.5,0,73.9,52.1,61.2,0.0,0.0,0.0
2026-10-09,The Graduate,Jeremy Ranch / Glenwild,WG085,40.7534431855279,-111.56237742796368,6343.1,0,77.3,55.5,64.6,0.0,0.0,0.0
2026-10-09,The Great Gazoo,Round Valley,WG067,40.70997890100696,-111.50140660314835,6662.9,0,75.7,49.4,60.5,0.0,0.0,0.0
2026-10-09,The Lookout,Deer Valley,WG032,40.62921554675458,-111.4942829189022,7693.2,0,70.9,45.7,56.6,0.0,0.0,0.0
2026-10-09,The Sheep Trail,Summit Park,WG094,40.75746633469589,-111.667341513995,6217.2,0,76.0,55.6,64.5,0.0,0.0,0.0
2026-10-09,The Up Trail,Summit Park,WG078,40.74822119025095,-111.58934600493023,6821.1,0,75.7,53.9,63.0,0.0,0.0,0.0
2026-10-09,The Upper Avenues,Summit Park,WG090,40.75942210135698,-111.60997791538348,7425.0,0,73.9,52.1,61.2,0.0,0.0,0.0
2026-10-09,Thieves Forest,Deer Valley,WG013,40.61553068086176,-111.48245627012813,8597.7,0,65.4,47.9,55.8,0.0,0.0,0.0
2026-10-09,Thieves Forrest,Deer Valley,WG014,40.611364491739,-111.4804590615015,9072.7,0,64.4,47.0,54.8,0.0,0.0,0.0
2026-10-09,Three Candles,Park City / PCMR,WG037,40.62931137475258,-111.52248914366156,8843.3,0,65.9,48.4,56.2,0.0,0.0,0.0
2026-10-09,Tidal Wave,Deer Valley,WG013,40.610548014761406,-111.48897388892838,8737.9,0,65.4,47.9,55.8,0.0,0.0,0.0
2026-10-09,Tideline,Jordanelle,WG025,40.64171272429878,-111.40053564270964,6530.0,0,75.3,50.1,61.0,0.0,0.0,0.0
2026-10-09,Tim Man,Round Valley,WG067,40.70348842863846,-111.50080894755244,6766.9,0,75.7,49.4,60.5,0.0,0.0,0.0
2026-10-09,Tommys Two Step,Park City / PCMR,WG036,40.629024211109055,-111.51829238121942,8474.2,0,67.0,49.5,57.4,0.0,0.0,0.0
2026-10-09,Tour De Homes,Deer Valley,WG032,40.63205110837411,-111.48826887414292,7813.1,0,70.9,45.7,56.6,0.0,0.0,0.0
2026-10-09,Tour De Suds (Upper),Deer Valley,WG013,40.614682713092186,-111.50609195133156,8563.5,0,65.4,47.9,55.8,0.0,0.0,0.0
2026-10-09,Town,Park City / PCMR,WG030,40.64755940729975,-111.49861999854691,6988.0,0,73.7,48.5,59.4,0.0,0.0,0.0
2026-10-09,Trailside,Round Valley,WG066,40.71864159830864,-111.50336949570412,6480.1,0,76.7,54.9,64.0,0.0,0.0,0.0
2026-10-09,Trailside Connector,Round Valley,WG067,40.71611276967259,-111.5017965665912,6504.2,0,75.7,49.4,60.5,0.0,0.0,0.0
2026-10-09,Trailside Loop,Round Valley,WG067,40.71199117049012,-111.50483999800892,6609.7,0,75.7,49.4,60.5,0.0,0.0,0.0
2026-10-09,Trappers Gate,Deer Valley,WG031,40.63197509989361,-111.497026036245,7462.8,0,72.2,47.0,57.9,0.0,0.0,0.0
2026-10-09,Trestle,Park City / PCMR,WG033,40.63650074050743,-111.50791633233914,8071.5,0,67.8,50.3,58.2,0.0,0.0,0.0
2026-10-09,Tricky Pickle Trail,Deer Valley,WG004,40.59197973531048,-111.49789592532872,8532.5,0,65.7,48.2,56.1,0.0,0.0,0.0
2026-10-09,Truckhole,Round Valley,WG067,40.704351116822174,-111.50022157042804,6773.9,0,75.7,49.4,60.5,0.0,0.0,0.0
2026-10-09,Trump,Deer Valley,WG013,40.60903529522874,-111.4964159868453,8771.6,0,65.4,47.9,55.8,0.0,0.0,0.0
2026-10-09,Tsunami,Deer Valley,WG013,40.61166268615432,-111.48706860055302,8747.8,0,65.4,47.9,55.8,0.0,0.0,0.0
2026-10-09,Tug of War Trail,Deer Valley,WG013,40.60218815889535,-111.4963014769127,8962.3,0,65.4,47.9,55.8,0.0,0.0,0.0
2026-10-09,Tweety Bird Trail,Jordanelle,WG001,40.59084253440856,-111.40816741687898,6568.1,0,74.8,49.6,60.4,0.0,0.0,0.0
2026-10-09,Twist & Shout,Deer Valley,WG012,40.61590669002216,-111.48826576454944,8415.6,0,67.3,49.8,57.7,0.0,0.0,0.0
2026-10-09,Twist and Shout,Deer Valley,WG013,40.61146669404505,-111.486662413967,8799.9,0,65.4,47.9,55.8,0.0,0.0,0.0
2026-10-09,Undertow Trail,Deer Valley,WG029,40.63057046785135,-111.47858549886824,7937.9,0,71.3,46.1,56.9,0.0,0.0,0.0
2026-10-09,Unga Bunga Skills and Pump Tradk,Round Valley,WG067,40.71158064400824,-111.50217787755837,6590.1,0,75.7,49.4,60.5,0.0,0.0,0.0
2026-10-09,Up Track,Round Valley,WG067,40.71007968280768,-111.50314659118624,6643.1,0,75.7,49.4,60.5,0.0,0.0,0.0
2026-10-09,Upper Devo Trail,Deer Valley,WG033,40.62826200901757,-111.4850494481263,8097.8,0,67.8,50.3,58.2,0.0,0.0,0.0
2026-10-09,Upper Loose,Park City / PCMR,WG032,40.64060205866311,-111.5081407284332,7678.0,0,70.9,45.7,56.6,0.0,0.0,0.0
2026-10-09,Upper Loose Moose,Park City / PCMR,WG032,40.64060459750891,-111.5062344507794,7788.9,0,70.9,45.7,56.6,0.0,0.0,0.0
2026-10-09,Upper Sparky Trail,Clark Ranch,WG044,40.6599723509711,-111.45534390616216,6878.4,0,74.9,48.7,59.8,0.0,0.0,0.0
2026-10-09,Village Pipeline Connector,Deer Valley,WG028,40.6391093200599,-111.472490526811,7336.8,0,72.6,47.4,58.3,0.0,0.0,0.0
2026-10-09,Village Trail,Deer Valley,WG028,40.64077448423082,-111.47113665558776,7315.2,0,72.6,47.4,58.3,0.0,0.0,0.0
2026-10-09,Village Trail / Pipeline,Deer Valley,WG028,40.64110752434245,-111.46934147070748,7182.6,0,72.6,47.4,58.3,0.0,0.0,0.0
2026-10-09,WOW (Wasatch Over Wasatch) Trail,Deer Valley,WG003,40.585198990338895,-111.50729227137398,8248.2,0,67.3,49.8,57.7,0.0,0.0,0.0
2026-10-09,Wada Way,Jordanelle,WG040,40.65139897157171,-111.41292348157292,6267.2,0,76.9,50.6,61.8,0.0,0.0,0.0
2026-10-09,Wasatch,Round Valley,WG074,40.742724215036304,-111.49568804225927,6475.9,0,76.2,49.9,61.1,0.0,0.0,0.0
2026-10-09,Wasatch Crest Connect,Park City / PCMR,WG020,40.616974136223725,-111.55736099806312,9245.9,0,63.5,46.0,53.9,0.0,0.0,0.0
2026-10-09,Wasatch Wiggle Trail,Park City / PCMR,WG010,40.58570056880523,-111.57390345809982,9702.8,0,62.0,44.6,52.4,0.0,0.0,0.0
2026-10-09,We'll Go From There,Jordanelle,WG027,40.633559740125165,-111.4528915193202,6692.5,0,74.4,49.2,60.1,0.0,0.0,0.0
2026-10-09,Winchester Trail,Jeremy Ranch / Glenwild,WG069,40.71094932830698,-111.54449441430567,6453.0,0,76.7,55.0,64.1,0.0,0.0,0.0
2026-10-09,Woodside Gulch,Deer Valley,WG032,40.63428272582461,-111.50200856347875,7635.5,0,70.9,45.7,56.6,0.0,0.0,0.0
2026-10-09,Wowza Downhill Trail,Deer Valley,WG006,40.58677474689952,-111.51626735679228,8564.8,0,66.1,48.6,56.5,0.0,0.0,0.0
2026-10-09,Wowza Trail,Deer Valley,WG006,40.58754867198866,-111.51557993987645,8552.8,0,66.1,48.6,56.5,0.0,0.0,0.0
2026-10-09,Yabba Dabba Doo,Round Valley,WG067,40.71031601545331,-111.5039304608668,6636.2,0,75.7,49.4,60.5,0.0,0.0,0.0
2026-10-09,Yeti's,Pinebrook,WG072,40.70910944007779,-111.57083697014414,7539.3,0,72.3,50.5,59.6,0.0,0.0,0.0
2026-10-09,You Get It,Jordanelle,WG027,40.63417280890808,-111.45447628262694,6774.5,0,74.4,49.2,60.1,0.0,0.0,0.0
2026-10-10,24-7,Jeremy Ranch / Glenwild,WG086,40.7580938928905,-111.55747502780672,6689.5,3,73.1,55.4,62.9,0.0,0.0,0.0
2026-10-10,4:20,Deer Valley,WG032,40.63850725810498,-111.5016215026881,7810.7,3,69.6,46.6,56.4,0.0,0.0,0.0
2026-10-10,9K Trail,Park City / PCMR,WG017,40.61454424262402,-111.5340694590712,9222.8,51,62.0,44.7,52.5,0.012,0.012,0.0
2026-10-10,A Toll New World,Summit Park,WG078,40.74525880222984,-111.59660432287036,6843.1,3,72.7,55.0,62.5,0.0,0.0,0.0
2026-10-10,Abilene Way,Jeremy Ranch / Glenwild,WG068,40.705162592888,-111.52848253655898,6454.0,3,73.8,56.1,63.6,0.0,0.0,0.0
2026-10-10,Agitator Trail,Deer Valley,WG028,40.62594479567907,-111.46053082324435,7171.6,3,71.4,48.3,58.2,0.0,0.0,0.0
2026-10-10,Alexander Creek Trail,Summit Park,WG093,40.75856130522611,-111.67962308025976,5873.5,51,77.0,65.8,70.6,0.008,0.0,0.0
2026-10-10,Alta-Brighton Trail,Park City / PCMR,WG009,40.59874189108338,-111.5904390735144,9081.0,51,62.1,44.8,52.6,0.012,0.012,0.0
2026-10-10,Ambush,Jeremy Ranch / Glenwild,WG063,40.694225906082366,-111.58181443950004,7757.7,3,69.1,51.4,58.9,0.0,0.0,0.0
2026-10-10,Amenti,Round Valley,WG067,40.71749758221375,-111.50096260266577,6526.6,3,74.1,50.4,60.3,0.0,0.0,0.0
2026-10-10,An Unexpected Journey Trail,Jordanelle,WG001,40.584095263003086,-111.41492155800285,6731.9,3,73.5,50.5,60.3,0.0,0.0,0.0
2026-10-10,Ancient Forest Loop,Round Valley,WG074,40.7314260153664,-111.49224006112888,6485.8,3,74.7,50.9,60.9,0.0,0.0,0.0
2026-10-10,Ant Farm,Jeremy Ranch / Glenwild,WG077,40.74632495230274,-111.55092174051572,6629.0,3,73.3,55.6,63.1,0.0,0.0,0.0
2026-10-10,Apex,Park City / PCMR,WG038,40.62520958876211,-111.53395003281469,9146.4,51,62.3,45.0,52.8,0.012,0.012,0.0
2026-10-10,April Mountain Trail,Deer Valley,WG047,40.650711302598815,-111.4870593388075,7472.0,3,72.2,48.4,58.4,0.0,0.0,0.0
2026-10-10,Armstrong,Park City / PCMR,WG051,40.65248508262897,-111.52994268919429,7566.3,3,69.8,52.0,59.5,0.0,0.0,0.0
2026-10-10,Ashley Avenue,Round Valley,WG057,40.68155854272997,-111.50389122653404,6794.6,3,73.3,49.5,59.5,0.0,0.0,0.0
2026-10-10,Aspen Slalom,Deer Valley,WG013,40.61311265842392,-111.48457791355952,8816.9,51,63.6,46.3,54.1,0.012,0.012,0.0
2026-10-10,BLT,Jeremy Ranch / Glenwild,WG070,40.71492142685356,-111.56084442077211,6927.9,3,72.8,55.1,62.6,0.0,0.0,0.0
2026-10-10,BYOB,Pinebrook,WG070,40.718283985000745,-111.55661288864135,6639.8,3,72.8,55.1,62.6,0.0,0.0,0.0
2026-10-10,Backslide,Round Valley,WG057,40.686236769495366,-111.49111386346571,6972.4,3,73.3,49.5,59.5,0.0,0.0,0.0
2026-10-10,Bad Apple,Jeremy Ranch / Glenwild,WG076,40.74937514368386,-111.56017979748744,6367.9,3,74.0,56.3,63.8,0.0,0.0,0.0
2026-10-10,Bamm Bamm,Round Valley,WG067,40.71001316656963,-111.50256230173504,6667.3,3,74.1,50.4,60.3,0.0,0.0,0.0
2026-10-10,Barrel Roll,Round Valley,WG058,40.69153134198254,-111.48458530535574,7017.0,3,72.7,48.9,58.9,0.0,0.0,0.0
2026-10-10,Beep Beep Trail,Jordanelle,WG001,40.59039066618902,-111.4033797731244,6670.3,3,73.5,50.5,60.3,0.0,0.0,0.0
2026-10-10,Big Dipper,Jordanelle,WG042,40.66018548005414,-111.43175307695702,6961.2,3,73.6,49.9,59.8,0.0,0.0,0.0
2026-10-10,Big Easy,Round Valley,WG057,40.696128326880846,-111.48285293654745,6776.5,3,73.3,49.5,59.5,0.0,0.0,0.0
2026-10-10,Black Forest,Deer Valley,WG016,40.61940428916709,-111.52036519166067,8929.3,51,63.5,46.2,53.9,0.012,0.012,0.0
2026-10-10,Blackhawk Trail,Jeremy Ranch / Glenwild,WG075,40.73111252615939,-111.53542276920604,6536.5,3,73.2,55.5,63.0,0.0,0.0,0.0
2026-10-10,Blazing Saddle,Park City / PCMR,WG020,40.61652898868821,-111.55635878361066,9384.9,51,61.7,44.4,52.2,0.012,0.012,0.0
2026-10-10,Bonanza Flat Overlook,Deer Valley,WG017,40.60116766018752,-111.5344182482656,9112.3,51,62.0,44.7,52.5,0.012,0.012,0.0
2026-10-10,Bonanza Loop Trail,Deer Valley,WG016,40.60282163896819,-111.52815381158308,8908.5,51,63.5,46.2,53.9,0.012,0.012,0.0
2026-10-10,Bonanza Trail,Deer Valley,WG046,40.661614248984336,-111.49584605339936,6814.3,3,73.2,49.5,59.4,0.0,0.0,0.0
2026-10-10,Boot Hill,Park City / PCMR,WG046,40.66311538182378,-111.50841776480048,6853.1,3,73.2,49.5,59.4,0.0,0.0,0.0
2026-10-10,Boot Hill Connect,Park City / PCMR,WG046,40.66384832032967,-111.50809692977944,6921.4,3,73.2,49.5,59.4,0.0,0.0,0.0
2026-10-10,Boulder,Deer Valley,WG013,40.61539223980999,-111.50399769475118,8635.0,51,63.6,46.3,54.1,0.012,0.012,0.0
2026-10-10,Boulder / Trump,Deer Valley,WG013,40.610998229404565,-111.50208555144307,8996.4,51,63.6,46.3,54.1,0.012,0.012,0.0
2026-10-10,Bourbon Street,Round Valley,WG067,40.70798253656,-111.48164466049944,6673.3,3,74.1,50.4,60.3,0.0,0.0,0.0
2026-10-10,Bow Hunter,Deer Valley,WG014,40.60108596513679,-111.48484426536052,9020.3,51,62.6,45.4,53.1,0.012,0.012,0.0
2026-10-10,Bow Hunter Extension,Deer Valley,WG005,40.59796119210968,-111.4848069886625,9014.7,51,62.7,45.5,53.2,0.012,0.012,0.0
2026-10-10,Brighton Lakes Trail,Park City / PCMR,WG009,40.59287052758444,-111.58751257009568,9276.0,51,62.1,44.8,52.6,0.012,0.012,0.0
2026-10-10,Bronto Jam,Round Valley,WG067,40.71004954775594,-111.501977414722,6672.8,3,74.1,50.4,60.3,0.0,0.0,0.0
2026-10-10,CMG,Park City / PCMR,WG035,40.645848884326966,-111.51679268892973,7606.5,51,67.5,50.2,57.9,0.012,0.012,0.0
2026-10-10,Cammy's,Round Valley,WG057,40.69072662264133,-111.49673800313964,6953.5,3,73.3,49.5,59.5,0.0,0.0,0.0
2026-10-10,Canyons Downhill,Pinebrook,WG061,40.68430916809496,-111.56849091879047,7666.2,3,69.5,51.7,59.2,0.0,0.0,0.0
2026-10-10,Catherine's Pass Trail,Park City / PCMR,WG010,40.585096359880005,-111.59078643106362,9753.9,51,60.2,42.9,50.7,0.012,0.012,0.0
2026-10-10,Claim Jumper,Park City / PCMR,WG036,40.63958065995946,-111.52518162563226,8147.6,51,65.2,47.9,55.7,0.012,0.012,0.0
2026-10-10,Clayton Peak Trail,Park City / PCMR,WG010,40.58693552999217,-111.57085635011327,9813.5,51,60.2,42.9,50.7,0.012,0.012,0.0
2026-10-10,Cobblestone Loop,Jeremy Ranch / Glenwild,WG084,40.75845647840704,-111.52582619388934,6805.4,3,72.7,54.9,62.4,0.0,0.0,0.0
2026-10-10,Cobblestone Trail,Jeremy Ranch / Glenwild,WG084,40.75512641497514,-111.52744418745776,6723.8,3,72.7,54.9,62.4,0.0,0.0,0.0
2026-10-10,Colin's Trail,Jeremy Ranch / Glenwild,WG060,40.69629937433107,-111.55671582168428,7029.9,3,71.2,53.5,61.0,0.0,0.0,0.0
2026-10-10,Colony Mid Mountain Connector,Park City / PCMR,WG052,40.65011049975458,-111.53932673410868,8429.2,51,64.8,47.6,55.3,0.012,0.012,0.0
2026-10-10,Comstock Mine Trail,Park City / PCMR,WG019,40.62270505527668,-111.54357954562096,8723.6,51,63.8,46.5,54.3,0.012,0.012,0.0
2026-10-10,Constellation Trail,Jordanelle,WG026,40.6428753631073,-111.43505033038012,6261.6,3,74.9,51.9,61.7,0.0,0.0,0.0
2026-10-10,Corvair,Deer Valley,WG016,40.61099169805087,-111.51230389508405,8648.6,51,63.5,46.2,53.9,0.012,0.012,0.0
2026-10-10,Corvair (Upper),Deer Valley,WG016,40.60840912265719,-111.51090449857222,8883.3,51,63.5,46.2,53.9,0.012,0.012,0.0
2026-10-10,Corvair Connector,Deer Valley,WG016,40.61070239150149,-111.5115633319795,8812.1,51,63.5,46.2,53.9,0.012,0.012,0.0
2026-10-10,Cousin Eddy Trail,Clark Ranch,WG044,40.66170094764518,-111.45386933866466,6817.2,3,73.4,49.6,59.6,0.0,0.0,0.0
2026-10-10,Coyote Loop Trail,Jordanelle,WG001,40.58676467246392,-111.40272629625528,6895.7,3,73.5,50.5,60.3,0.0,0.0,0.0
2026-10-10,Crazy Eights,Jeremy Ranch / Glenwild,WG077,40.74908550583131,-111.55291850861556,6580.7,3,73.3,55.6,63.1,0.0,0.0,0.0
2026-10-10,Crescent Ridge,Park City / PCMR,WG036,40.64328062856461,-111.5205999025961,8289.2,51,65.2,47.9,55.7,0.012,0.012,0.0
2026-10-10,Cutter Lane,Jeremy Ranch / Glenwild,WG068,40.7083260127391,-111.53140227257067,6437.7,3,73.8,56.1,63.6,0.0,0.0,0.0
2026-10-10,Cyn City,Park City / PCMR,WG016,40.62106458390316,-111.52108056020784,8700.1,51,63.5,46.2,53.9,0.012,0.012,0.0
2026-10-10,Daily Overlook,Deer Valley,WG031,40.631723443280656,-111.4987920660294,7430.4,3,71.0,47.9,57.8,0.0,0.0,0.0
2026-10-10,Daly Avenue,Deer Valley,WG031,40.63079192228995,-111.49966938212476,7430.3,3,71.0,47.9,57.8,0.0,0.0,0.0
2026-10-10,Daly Bypass,Deer Valley,WG031,40.63469577874592,-111.4972952534869,7351.3,3,71.0,47.9,57.8,0.0,0.0,0.0
2026-10-10,Daly Canyon,Deer Valley,WG011,40.620194319264456,-111.50922727258838,7986.4,51,66.7,49.4,57.2,0.012,0.012,0.0
2026-10-10,Daly Grind,Deer Valley,WG011,40.62436395642222,-111.5065519695764,7745.3,51,66.7,49.4,57.2,0.012,0.012,0.0
2026-10-10,Dawns Trail,Park City / PCMR,WG051,40.65039115727101,-111.52578815180028,7505.7,3,69.8,52.0,59.5,0.0,0.0,0.0
2026-10-10,Dead Reckoning,Summit Park,WG078,40.74804102527887,-111.5901705440554,6808.0,3,72.7,55.0,62.5,0.0,0.0,0.0
2026-10-10,Dead Tree,Park City / PCMR,WG021,40.611358588022426,-111.54588982448988,9653.6,51,60.2,42.9,50.7,0.012,0.012,0.0
2026-10-10,Deep Park Circle,Jordanelle,WG026,40.626894083286025,-111.43587347972714,6383.2,3,74.9,51.9,61.7,0.0,0.0,0.0
2026-10-10,Deer Camp,Deer Valley,WG013,40.60519585339864,-111.4911066437841,8920.6,51,63.6,46.3,54.1,0.012,0.012,0.0
2026-10-10,Deer Crest,Deer Valley,WG029,40.63553157935396,-111.47424740401932,7612.2,3,70.0,47.0,56.8,0.0,0.0,0.0
2026-10-10,Devo,Deer Valley,WG032,40.6296740826892,-111.48374523511592,7963.4,3,69.6,46.6,56.4,0.0,0.0,0.0
2026-10-10,Discovery,Summit Park,WG078,40.74903521550762,-111.59463162387972,6614.4,3,72.7,55.0,62.5,0.0,0.0,0.0
2026-10-10,Downward Dog,Round Valley,WG057,40.68865758594976,-111.48489883261024,6958.5,3,73.3,49.5,59.5,0.0,0.0,0.0
2026-10-10,Dropout,Jeremy Ranch / Glenwild,WG077,40.74673233142679,-111.55449028155309,6576.0,3,73.3,55.6,63.1,0.0,0.0,0.0
2026-10-10,Dubois,Jeremy Ranch / Glenwild,WG059,40.698630398586985,-111.55581872982933,6878.9,3,72.7,55.0,62.5,0.0,0.0,0.0
2026-10-10,Eagle Cove,Round Valley,WG057,40.68665016051084,-111.49786169389527,6799.6,3,73.3,49.5,59.5,0.0,0.0,0.0
2026-10-10,Eagle Trail,Park City / PCMR,WG051,40.65138382915936,-111.51929067308184,7664.9,3,69.8,52.0,59.5,0.0,0.0,0.0
2026-10-10,Eagle Way,Park City / PCMR,WG048,40.65295946154777,-111.48775315119684,7538.9,3,70.9,47.1,57.1,0.0,0.0,0.0
2026-10-10,East Fallen Pines Lane,Park City / PCMR,WG022,40.61551642366452,-111.57912837068116,8712.4,51,63.7,46.4,54.2,0.012,0.012,0.0
2026-10-10,Easy Rider,Park City / PCMR,WG009,40.59580193116481,-111.57632308440664,9141.3,51,62.1,44.8,52.6,0.012,0.012,0.0
2026-10-10,Ecker Hill Trail,Pinebrook,WG076,40.740364526144575,-111.5667817840803,6401.3,3,74.0,56.3,63.8,0.0,0.0,0.0
2026-10-10,Empire Alternate,Deer Valley,WG032,40.62635819528807,-111.50016350153602,7943.1,3,69.6,46.6,56.4,0.0,0.0,0.0
2026-10-10,Empire Link,Deer Valley,WG012,40.62422557470265,-111.50748256286928,8022.2,51,65.5,48.2,56.0,0.012,0.012,0.0
2026-10-10,Empire Lodge,Deer Valley,WG015,40.61442062316093,-111.51298418240138,8439.2,51,65.3,48.0,55.8,0.012,0.012,0.0
2026-10-10,Empire Pass Connector,Deer Valley,WG016,40.60627316294136,-111.51481095351645,8948.4,51,63.5,46.2,53.9,0.012,0.012,0.0
2026-10-10,Equestrian,Round Valley,WG067,40.70215181343843,-111.50219785223597,6719.1,3,74.1,50.4,60.3,0.0,0.0,0.0
2026-10-10,Euston,Round Valley,WG047,40.65772556817424,-111.48315877249176,7062.9,3,72.2,48.4,58.4,0.0,0.0,0.0
2026-10-10,Evil Empire,Park City / PCMR,WG016,40.61923823662483,-111.52513988679308,8746.8,51,63.5,46.2,53.9,0.012,0.012,0.0
2026-10-10,Fairway Hills Trail,Round Valley,WG055,40.67853348641883,-111.47699791832557,6747.4,3,73.6,49.8,59.8,0.0,0.0,0.0
2026-10-10,Family Truckster Trail,Clark Ranch,WG044,40.66038172048119,-111.452885753204,6847.4,3,73.4,49.6,59.6,0.0,0.0,0.0
2026-10-10,Fast Pitch Trail,Round Valley,WG055,40.6798165110769,-111.47671870073196,6759.1,3,73.6,49.8,59.8,0.0,0.0,0.0
2026-10-10,Fat Lip,Park City / PCMR,WG016,40.62192963761681,-111.5279713594279,8931.1,51,63.5,46.2,53.9,0.012,0.012,0.0
2026-10-10,Field Stone,Round Valley,WG067,40.71706243943152,-111.49059329339536,6526.3,3,74.1,50.4,60.3,0.0,0.0,0.0
2026-10-10,Fink Again,Jeremy Ranch / Glenwild,WG086,40.75125285000831,-111.55541181172696,6586.2,3,73.1,55.4,62.9,0.0,0.0,0.0
2026-10-10,Finns,Deer Valley,WG028,40.640763495812735,-111.47689190658058,7214.2,3,71.4,48.3,58.2,0.0,0.0,0.0
2026-10-10,Fireswamp,Deer Valley,WG013,40.61340925382439,-111.48239833860336,8873.0,51,63.6,46.3,54.1,0.012,0.012,0.0
2026-10-10,First Time,Park City / PCMR,WG050,40.65050878239233,-111.51048291433958,7041.1,3,72.2,49.1,59.0,0.0,0.0,0.0
2026-10-10,First Time Return,Park City / PCMR,WG050,40.65021414919943,-111.51090683334832,7073.8,3,72.2,49.1,59.0,0.0,0.0,0.0
2026-10-10,Flagstaff Loop,Deer Valley,WG013,40.60758047007656,-111.496735533601,8898.0,51,63.6,46.3,54.1,0.012,0.012,0.0
2026-10-10,Flat Cable,Park City / PCMR,WG032,40.644102718034645,-111.505628746172,7565.4,3,69.6,46.6,56.4,0.0,0.0,0.0
2026-10-10,Flat Iron,Park City / PCMR,WG036,40.62696082564811,-111.51719430456902,8393.5,51,65.2,47.9,55.7,0.012,0.012,0.0
2026-10-10,Flying Dog,Jeremy Ranch / Glenwild,WG087,40.77237660098178,-111.54161762597796,7321.2,3,70.8,53.1,60.6,0.0,0.0,0.0
2026-10-10,Forest Glen Trail,Park City / PCMR,WG022,40.61089948644494,-111.5784844905115,8765.8,51,63.7,46.4,54.2,0.012,0.012,0.0
2026-10-10,Fox Tail Trail,Round Valley,WG045,40.66564803508002,-111.47503092801368,7133.0,3,71.9,48.2,58.1,0.0,0.0,0.0
2026-10-10,Freemason,Park City / PCMR,WG046,40.65768683021079,-111.49819012622744,6949.6,3,73.2,49.5,59.4,0.0,0.0,0.0
2026-10-10,Full Steam Billy,Park City / PCMR,WG031,40.64842922650065,-111.4945100220623,7246.4,3,71.0,47.9,57.8,0.0,0.0,0.0
2026-10-10,Gambel Oak Cut,Round Valley,WG045,40.65967079074984,-111.47871602858976,7240.9,3,71.9,48.2,58.1,0.0,0.0,0.0
2026-10-10,Gambel Oak North,Park City / PCMR,WG047,40.65915752473873,-111.48180315635692,7112.6,3,72.2,48.4,58.4,0.0,0.0,0.0
2026-10-10,Gambel Oak Trail,Park City / PCMR,WG031,40.64847351910524,-111.48419757905585,7408.0,3,71.0,47.9,57.8,0.0,0.0,0.0
2026-10-10,Gap Bypass Trail,Deer Valley,WG028,40.64123747413292,-111.47577580871994,7306.6,3,71.4,48.3,58.2,0.0,0.0,0.0
2026-10-10,Gap Loop,Deer Valley,WG028,40.6409109833561,-111.47399614902376,7445.8,3,71.4,48.3,58.2,0.0,0.0,0.0
2026-10-10,Glenwild Loop,Jeremy Ranch / Glenwild,WG075,40.73989427988239,-111.52813430357229,6701.6,3,73.2,55.5,63.0,0.0,0.0,0.0
2026-10-10,Glenwild Loop / Wasatch,Jeremy Ranch / Glenwild,WG074,40.74589846722535,-111.509614206256,6451.3,3,74.7,50.9,60.9,0.0,0.0,0.0
2026-10-10,Gold Finger,Park City / PCMR,WG053,40.65997467243904,-111.55431689925648,8081.9,3,67.6,49.8,57.3,0.0,0.0,0.0
2026-10-10,Golden Needle,Park City / PCMR,WG008,40.59452078975266,-111.56725110409884,9811.4,51,60.1,42.9,50.6,0.012,0.012,0.0
2026-10-10,Gorgoza Park,Pinebrook,WG089,40.75144469967726,-111.581432624726,6619.5,3,73.0,55.3,62.8,0.0,0.0,0.0
2026-10-10,Gotcha Cuttoff,Park City / PCMR,WG035,40.64587964864319,-111.5166123821088,7673.2,51,67.5,50.2,57.9,0.012,0.012,0.0
2026-10-10,Grave Digger,Deer Valley,WG032,40.62962271716946,-111.50201210924322,7682.6,3,69.6,46.6,56.4,0.0,0.0,0.0
2026-10-10,Great Western Trail,Wasatch Crest / Millcreek,WG092,40.77286580912175,-111.6406537725031,7571.3,3,71.3,50.5,59.3,0.0,0.0,0.0
2026-10-10,Great Western Trail / Great Western Trail bypass,Wasatch Crest / Millcreek,WG091,40.7535574542296,-111.6313027356856,7111.8,3,71.5,54.7,61.7,0.0,0.0,0.0
2026-10-10,H.A.M.,Park City / PCMR,WG035,40.64547382276132,-111.53139851516626,7780.5,51,67.5,50.2,57.9,0.012,0.012,0.0
2026-10-10,Hang Time South,Park City / PCMR,WG046,40.65853660632904,-111.49606808644194,6970.8,3,73.2,49.5,59.4,0.0,0.0,0.0
2026-10-10,Happy Gilmor,Round Valley,WG067,40.70712360033319,-111.5014684546231,6569.0,3,74.1,50.4,60.3,0.0,0.0,0.0
2026-10-10,Happy Trailside,Round Valley,WG067,40.708413441306845,-111.50471867526606,6595.6,3,74.1,50.4,60.3,0.0,0.0,0.0
2026-10-10,Hat Trick Trail,Round Valley,WG055,40.678830976721535,-111.47596646172724,6757.0,3,73.6,49.8,59.8,0.0,0.0,0.0
2026-10-10,Heard It Both Ways Trail,Deer Valley,WG004,40.593082879194085,-111.49125770411068,8855.0,51,63.9,46.6,54.4,0.012,0.012,0.0
2026-10-10,Hidden Cove,Summit Park,WG089,40.756655895607175,-111.597334386164,6686.2,3,73.0,55.3,62.8,0.0,0.0,0.0
2026-10-10,High Meadows Connector,Pinebrook,WG076,40.74134938710701,-111.56847869190176,6429.9,3,74.0,56.3,63.8,0.0,0.0,0.0
2026-10-10,High Side,Round Valley,WG055,40.69388247977245,-111.4770589235944,6909.3,3,73.6,49.8,59.8,0.0,0.0,0.0
2026-10-10,Holly's,Pinebrook,WG063,40.68604417524608,-111.57782170773478,7824.2,3,69.1,51.4,58.9,0.0,0.0,0.0
2026-10-10,Holy Roller,Deer Valley,WG013,40.6113609111251,-111.48708066137604,8716.2,51,63.6,46.3,54.1,0.012,0.012,0.0
2026-10-10,Humdinger,Deer Valley,WG029,40.626356336628135,-111.46720603877804,7537.3,3,70.0,47.0,56.8,0.0,0.0,0.0
2026-10-10,Insurgent,Jeremy Ranch / Glenwild,WG063,40.68610182305705,-111.58195303109213,7873.2,3,69.1,51.4,58.9,0.0,0.0,0.0
2026-10-10,Io Trail (Middle),Deer Valley,WG017,40.61025792344493,-111.52770861008732,9342.5,51,62.0,44.7,52.5,0.012,0.012,0.0
2026-10-10,Iron Bill,Jeremy Ranch / Glenwild,WG071,40.70817834974828,-111.55726593666238,7034.2,3,70.7,52.9,60.4,0.0,0.0,0.0
2026-10-10,Iron Man,Park City / PCMR,WG053,40.6585520468376,-111.5452566956134,8305.8,3,67.6,49.8,57.3,0.0,0.0,0.0
2026-10-10,Iron Mountain Trail,Park City / PCMR,WG054,40.65649532455427,-111.54475504732362,8753.8,3,65.6,47.8,55.3,0.0,0.0,0.0
2026-10-10,Izzy's Inferno (Dog Pound),Deer Valley,WG012,40.619811878384205,-111.48856422719636,8193.5,51,65.5,48.2,56.0,0.012,0.012,0.0
2026-10-10,Jailbreak,Jeremy Ranch / Glenwild,WG085,40.75712939272894,-111.56214780445411,6277.4,3,74.3,56.6,64.1,0.0,0.0,0.0
2026-10-10,Jeep Hill (Safety Coridoor),Deer Valley,WG013,40.60451306969404,-111.50923514571896,8820.6,51,63.6,46.3,54.1,0.012,0.012,0.0
2026-10-10,Jenni's Trail,Park City / PCMR,WG034,40.64869166733497,-111.51220769740809,7207.7,51,68.8,51.5,59.3,0.012,0.012,0.0
2026-10-10,Jenni's Trail upper,Park City / PCMR,WG035,40.63937813819639,-111.5112423147728,7789.7,51,67.5,50.2,57.9,0.012,0.012,0.0
2026-10-10,Johns '99,Park City / PCMR,WG033,40.62911828578874,-111.50998374795329,8128.2,51,66.0,48.7,56.4,0.012,0.012,0.0
2026-10-10,Johns 99,Deer Valley,WG015,40.62450457371346,-111.51231498110546,8231.6,51,65.3,48.0,55.8,0.012,0.012,0.0
2026-10-10,Johns Trail,Park City / PCMR,WG033,40.63760825426597,-111.50539626371148,8041.4,51,66.0,48.7,56.4,0.012,0.012,0.0
2026-10-10,Jordanelle (West Bank) Trail,Jordanelle,WG026,40.63639192686843,-111.4311179892118,6210.9,3,74.9,51.9,61.7,0.0,0.0,0.0
2026-10-10,Jordanelle Perimeter Trail,Jordanelle,WG024,40.633349610731685,-111.4121970547725,6216.7,3,75.1,52.1,61.9,0.0,0.0,0.0
2026-10-10,Jupiter Peak,Park City / PCMR,WG021,40.610319419324455,-111.54904593331813,9871.3,51,60.2,42.9,50.7,0.012,0.012,0.0
2026-10-10,Jupiter Ridge,Park City / PCMR,WG018,40.61268065771163,-111.53867835914352,9869.4,51,60.4,43.1,50.8,0.012,0.012,0.0
2026-10-10,Kaboom Trail / Call Sign Casa Trail,Jordanelle,WG027,40.62794719612903,-111.45468580169128,6888.6,3,73.2,50.1,59.9,0.0,0.0,0.0
2026-10-10,Kari's,Round Valley,WG055,40.69160040530727,-111.47515847036864,6850.2,3,73.6,49.8,59.8,0.0,0.0,0.0
2026-10-10,Keetley,Jordanelle,WG024,40.6438983646529,-111.4097274639112,6255.4,3,75.1,52.1,61.9,0.0,0.0,0.0
2026-10-10,Keystone Trail,Park City / PCMR,WG037,40.62506440637064,-111.53055382777043,8890.7,51,64.1,46.8,54.5,0.012,0.012,0.0
2026-10-10,La Dee Duh,Round Valley,WG057,40.69261799590889,-111.5001632592338,6864.5,3,73.3,49.5,59.5,0.0,0.0,0.0
2026-10-10,Lavina,Deer Valley,WG006,40.58376333945228,-111.52567195673171,8621.7,51,64.3,47.0,54.8,0.012,0.012,0.0
2026-10-10,Legacy Loop,Jeremy Ranch / Glenwild,WG071,40.705995804360256,-111.55961886682412,7342.6,3,70.7,52.9,60.4,0.0,0.0,0.0
2026-10-10,Legacy Ridge,Jeremy Ranch / Glenwild,WG071,40.70648419743829,-111.5603960205038,7414.3,3,70.7,52.9,60.4,0.0,0.0,0.0
2026-10-10,Legacy. Loop,Jeremy Ranch / Glenwild,WG071,40.70737188748682,-111.5599210439625,7363.1,3,70.7,52.9,60.4,0.0,0.0,0.0
2026-10-10,Link,Deer Valley,WG015,40.624117394272574,-111.51614328186776,8385.3,51,65.3,48.0,55.8,0.012,0.012,0.0
2026-10-10,Little Chief,Deer Valley,WG015,40.61872839208637,-111.51243052868438,8322.6,51,65.3,48.0,55.8,0.012,0.012,0.0
2026-10-10,Little Engine Trail,Summit Park,WG089,40.756690732809,-111.59562244098744,6709.3,3,73.0,55.3,62.8,0.0,0.0,0.0
2026-10-10,Little Stick,Deer Valley,WG028,40.63409637421967,-111.478301770839,7464.6,3,71.4,48.3,58.2,0.0,0.0,0.0
2026-10-10,Longview,Jordanelle,WG040,40.65785550770212,-111.4151527495857,6299.6,3,75.3,51.6,61.5,0.0,0.0,0.0
2026-10-10,Looney Tunes Trail,Jordanelle,WG002,40.58370423178651,-111.40605522395904,7149.3,3,71.9,48.8,58.6,0.0,0.0,0.0
2026-10-10,Loose Moose,Park City / PCMR,WG031,40.64358346695202,-111.50940341630726,7446.3,3,71.0,47.9,57.8,0.0,0.0,0.0
2026-10-10,Lost Prospector,Park City / PCMR,WG047,40.659849225736586,-111.4888557229514,7044.5,3,72.2,48.4,58.4,0.0,0.0,0.0
2026-10-10,Lower Devo Trail,Deer Valley,WG032,40.63290230557317,-111.48205615844142,7656.5,3,69.6,46.6,56.4,0.0,0.0,0.0
2026-10-10,Lower Masonic,Park City / PCMR,WG047,40.65358630670372,-111.49972319928794,7113.0,3,72.2,48.4,58.4,0.0,0.0,0.0
2026-10-10,Lower Sparky Trail,Clark Ranch,WG044,40.66761130235187,-111.4559551589961,6689.8,3,73.4,49.6,59.6,0.0,0.0,0.0
2026-10-10,Lower Village,Deer Valley,WG028,40.64043848354113,-111.46360640728942,7008.1,3,71.4,48.3,58.2,0.0,0.0,0.0
2026-10-10,Lynx #2,Round Valley,WG044,40.66734087696376,-111.46694625830712,6898.8,3,73.4,49.6,59.6,0.0,0.0,0.0
2026-10-10,Masonic,Park City / PCMR,WG047,40.65628760128763,-111.48965728213436,7283.0,3,72.2,48.4,58.4,0.0,0.0,0.0
2026-10-10,Matt's Flat,Round Valley,WG057,40.68924275786925,-111.49221205396208,6921.6,3,73.3,49.5,59.5,0.0,0.0,0.0
2026-10-10,McConkeys,Park City / PCMR,WG016,40.617956923480186,-111.52625119796232,8958.8,51,63.5,46.2,53.9,0.012,0.012,0.0
2026-10-10,McConkeys / Io Trail (Middle),Park City / PCMR,WG018,40.61168680632571,-111.53326494678502,9588.6,51,60.4,43.1,50.8,0.012,0.012,0.0
2026-10-10,McHenry Avenue,Deer Valley,WG031,40.640126864152855,-111.49219625319049,7274.9,3,71.0,47.9,57.8,0.0,0.0,0.0
2026-10-10,Mid-Mountain Connect,Park City / PCMR,WG036,40.63223012461414,-111.51309555497544,8201.7,51,65.2,47.9,55.7,0.012,0.012,0.0
2026-10-10,Mid-Mountain Trail,Park City / PCMR,WG036,40.64534582424172,-111.53118141177607,8168.3,51,65.2,47.9,55.7,0.012,0.012,0.0
2026-10-10,Milky Way,Jordanelle,WG042,40.65767372971338,-111.43373089841624,6795.1,3,73.6,49.9,59.8,0.0,0.0,0.0
2026-10-10,Milky Way / Two Rocks,Jordanelle,WG042,40.66056479638159,-111.42608338059031,6558.6,3,73.6,49.9,59.8,0.0,0.0,0.0
2026-10-10,Miner's Mile,Park City / PCMR,WG036,40.62728968091632,-111.51804021102016,8457.0,51,65.2,47.9,55.7,0.012,0.012,0.0
2026-10-10,Miss Billy's,Jeremy Ranch / Glenwild,WG059,40.69127466685039,-111.54016400735836,6614.6,3,72.7,55.0,62.5,0.0,0.0,0.0
2026-10-10,Mojave,Park City / PCMR,WG037,40.634971780917176,-111.5211432294971,8540.4,51,64.1,46.8,54.5,0.012,0.012,0.0
2026-10-10,Moose Hollow,Summit Park,WG088,40.76397899834495,-111.58866445905328,6467.6,3,73.7,56.0,63.5,0.0,0.0,0.0
2026-10-10,Moose Poop,Deer Valley,WG032,40.633538239133244,-111.50120248027572,7607.1,3,69.6,46.6,56.4,0.0,0.0,0.0
2026-10-10,Moose Puddle,Pinebrook,WG071,40.70548588260783,-111.56718578772085,7487.6,3,70.7,52.9,60.4,0.0,0.0,0.0
2026-10-10,Moose Tracks Trail,Park City / PCMR,WG009,40.59516414126596,-111.57427709390586,9258.1,51,62.1,44.8,52.6,0.012,0.012,0.0
2026-10-10,Moosebones,Deer Valley,WG013,40.61167254823319,-111.50326786094648,8857.2,51,63.6,46.3,54.1,0.012,0.012,0.0
2026-10-10,Moosehouse,Park City / PCMR,WG032,40.63204398195126,-111.5038481086022,7902.6,3,69.6,46.6,56.4,0.0,0.0,0.0
2026-10-10,Mother Urban,Deer Valley,WG032,40.63167066031289,-111.5034058570439,7904.1,3,69.6,46.6,56.4,0.0,0.0,0.0
2026-10-10,Mountain Ranch,Jeremy Ranch / Glenwild,WG066,40.719482563829935,-111.5082007499112,6453.3,3,73.7,56.0,63.5,0.0,0.0,0.0
2026-10-10,Mountain Ranch Estates,Round Valley,WG067,40.7173985998433,-111.50812726137713,6520.0,3,74.1,50.4,60.3,0.0,0.0,0.0
2026-10-10,Mountain Willow,Round Valley,WG067,40.71402930681007,-111.48565937361776,6571.7,3,74.1,50.4,60.3,0.0,0.0,0.0
2026-10-10,Mr Muchrocks,Round Valley,WG067,40.70904482572548,-111.50323360919846,6653.2,3,74.1,50.4,60.3,0.0,0.0,0.0
2026-10-10,NCS,Deer Valley,WG032,40.62911396321707,-111.4803727621932,7992.5,3,69.6,46.6,56.4,0.0,0.0,0.0
2026-10-10,Nick NAC,Round Valley,WG057,40.69210865876878,-111.490120990647,6959.3,3,73.3,49.5,59.5,0.0,0.0,0.0
2026-10-10,No Worries,Summit Park,WG081,40.73716048778493,-111.60234213265907,7289.1,3,70.8,53.1,60.6,0.0,0.0,0.0
2026-10-10,North 400 West,Jeremy Ranch / Glenwild,WG068,40.70279368500318,-111.51897621463831,6441.4,3,73.8,56.1,63.6,0.0,0.0,0.0
2026-10-10,North Ross Creek Trail,Jordanelle,WG041,40.66585897507511,-111.42082357173696,6405.0,3,74.9,51.2,61.1,0.0,0.0,0.0
2026-10-10,Nowhere Elks,Round Valley,WG058,40.69018989582584,-111.48311322310164,7036.6,3,72.7,48.9,58.9,0.0,0.0,0.0
2026-10-10,OMG,Deer Valley,WG032,40.631226274970665,-111.4973428195913,7571.3,3,69.6,46.6,56.4,0.0,0.0,0.0
2026-10-10,OMH,Pinebrook,WG070,40.71997692753587,-111.55773747935044,6677.5,3,72.8,55.1,62.6,0.0,0.0,0.0
2026-10-10,Oh Deer Flow,Jordanelle,WG041,40.66237367218405,-111.42118550237925,6403.1,3,74.9,51.2,61.1,0.0,0.0,0.0
2026-10-10,Old Homeward Bound,Deer Valley,WG012,40.61357496233911,-111.48964629692756,8441.1,51,65.5,48.2,56.0,0.012,0.012,0.0
2026-10-10,Old Skool,Deer Valley,WG032,40.631898683587,-111.48423208918877,7827.2,3,69.6,46.6,56.4,0.0,0.0,0.0
2026-10-10,Old Stage Crest Connect,Park City / PCMR,WG023,40.61247305094488,-111.5715274805363,9057.3,51,62.6,45.3,53.1,0.012,0.012,0.0
2026-10-10,Olympic,Pinebrook,WG064,40.69996684096533,-111.57868853500152,8004.0,3,68.1,50.4,57.9,0.0,0.0,0.0
2026-10-10,Ontario Canyon,Deer Valley,WG013,40.61130277448227,-111.48755898005427,8755.1,51,63.6,46.3,54.1,0.012,0.012,0.0
2026-10-10,Ontario Ridge,Deer Valley,WG032,40.62821582013441,-111.49780973717266,7815.3,3,69.6,46.6,56.4,0.0,0.0,0.0
2026-10-10,Ore Cart,Deer Valley,WG015,40.621755910380834,-111.51139929264724,8146.4,51,65.3,48.0,55.8,0.012,0.012,0.0
2026-10-10,Outlook,Deer Valley,WG029,40.63657831428653,-111.4685462481628,7646.2,3,70.0,47.0,56.8,0.0,0.0,0.0
2026-10-10,Pale Green Dot,Summit Park,WG078,40.74689592786439,-111.59182437672968,6802.1,3,72.7,55.0,62.5,0.0,0.0,0.0
2026-10-10,Parley's Lane,Summit Park,WG089,40.75375624958085,-111.59849347383722,6719.0,3,73.0,55.3,62.8,0.0,0.0,0.0
2026-10-10,Payday,Park City / PCMR,WG035,40.64053545819342,-111.51124538504462,7598.1,51,67.5,50.2,57.9,0.012,0.012,0.0
2026-10-10,Payroll,Deer Valley,WG013,40.61095393430099,-111.5094443089702,8630.4,51,63.6,46.3,54.1,0.012,0.012,0.0
2026-10-10,Pedalers Inn,Deer Valley,WG012,40.61923438649311,-111.4865707901735,8286.8,51,65.5,48.2,56.0,0.012,0.012,0.0
2026-10-10,Perrier Pass,Park City / PCMR,WG017,40.61814002894983,-111.53826776190397,9445.9,51,62.0,44.7,52.5,0.012,0.012,0.0
2026-10-10,Pinebrook Point,Pinebrook,WG089,40.75079411917499,-111.57994193527573,6623.3,3,73.0,55.3,62.8,0.0,0.0,0.0
2026-10-10,Pinebrook Pointe South,Pinebrook,WG078,40.74959135152933,-111.5795998040212,6632.5,3,72.7,55.0,62.5,0.0,0.0,0.0
2026-10-10,Pinebrook Southeast Perimeter / Hunter's Trail of the Mid Mountain,Pinebrook,WG072,40.71419878562093,-111.5896757552273,7875.5,3,69.3,51.6,59.1,0.0,0.0,0.0
2026-10-10,Pinebrook Southeast Perimeter / Pinebrook SE Perimeter,Pinebrook,WG079,40.72863077219642,-111.58102679054537,7392.0,3,70.4,52.7,60.2,0.0,0.0,0.0
2026-10-10,Pinebrook Southeast Perimeter Trail,Pinebrook,WG078,40.73058687532795,-111.57244227312069,6947.5,3,72.7,55.0,62.5,0.0,0.0,0.0
2026-10-10,Pinecone Ridge,Park City / PCMR,WG039,40.63337906740186,-111.54644099265712,9084.9,51,62.5,45.2,53.0,0.012,0.012,0.0
2026-10-10,Pioneer Ridge,Park City / PCMR,WG018,40.61649374604546,-111.53892521633333,9598.5,51,60.4,43.1,50.8,0.012,0.012,0.0
2026-10-10,Pipeline,Deer Valley,WG028,40.63885618836171,-111.46966538134832,7356.9,3,71.4,48.3,58.2,0.0,0.0,0.0
2026-10-10,Pointy Rocks,Deer Valley,WG031,40.63679995846106,-111.48172224533342,7428.0,3,71.0,47.9,57.8,0.0,0.0,0.0
2026-10-10,PorcUclimb,Round Valley,WG058,40.69402326414524,-111.48517031749344,7064.7,3,72.7,48.9,58.9,0.0,0.0,0.0
2026-10-10,Powerline,Pinebrook,WG078,40.74237998272819,-111.5716363238219,6548.4,3,72.7,55.0,62.5,0.0,0.0,0.0
2026-10-10,Powerline Connector,Pinebrook,WG078,40.74298978990414,-111.5728828415412,6585.6,3,72.7,55.0,62.5,0.0,0.0,0.0
2026-10-10,Powerline Trail,Park City / PCMR,WG036,40.63015217582808,-111.53743024085954,8362.6,51,65.2,47.9,55.7,0.012,0.012,0.0
2026-10-10,Practice Loops,Round Valley,WG055,40.68336469607561,-111.47532267974417,6752.0,3,73.6,49.8,59.8,0.0,0.0,0.0
2026-10-10,Preserve Connector,Jeremy Ranch / Glenwild,WG087,40.76330147562161,-111.54585203221042,7230.0,3,70.8,53.1,60.6,0.0,0.0,0.0
2026-10-10,Princess Di's,Clark Ranch,WG083,40.751465442037045,-111.43628535405452,6858.8,3,73.3,49.6,59.5,0.0,0.0,0.0
2026-10-10,Prospect,Deer Valley,WG031,40.63405408516434,-111.49547333835608,7482.8,3,71.0,47.9,57.8,0.0,0.0,0.0
2026-10-10,Pulp Friction,Round Valley,WG057,40.69884233324062,-111.50344523686547,6681.3,3,73.3,49.5,59.5,0.0,0.0,0.0
2026-10-10,Putty Tat Trail,Jordanelle,WG001,40.59267845848291,-111.40267007297948,6514.0,3,73.5,50.5,60.3,0.0,0.0,0.0
2026-10-10,Quinn's Connect,Round Valley,WG055,40.68185946906874,-111.4726829059293,6720.8,3,73.6,49.8,59.8,0.0,0.0,0.0
2026-10-10,RTS,Jeremy Ranch / Glenwild,WG070,40.71664642216084,-111.55523569599896,6598.1,3,72.8,55.1,62.6,0.0,0.0,0.0
2026-10-10,RTS / BLT,Jeremy Ranch / Glenwild,WG070,40.71544842193981,-111.5580228733734,6768.3,3,72.8,55.1,62.6,0.0,0.0,0.0
2026-10-10,Rademan Ridge,Round Valley,WG057,40.69522706920315,-111.49835765815162,6895.6,3,73.3,49.5,59.5,0.0,0.0,0.0
2026-10-10,Ramble On,Round Valley,WG067,40.70159467934347,-111.48028465593316,6781.5,3,74.1,50.4,60.3,0.0,0.0,0.0
2026-10-10,Rambler,Round Valley,WG057,40.69772226627651,-111.49065578495473,6809.2,3,73.3,49.5,59.5,0.0,0.0,0.0
2026-10-10,Rambler DT,Round Valley,WG056,40.699080350519786,-111.50674680507665,6485.7,3,73.7,55.9,63.4,0.0,0.0,0.0
2026-10-10,Red Bull,Park City / PCMR,WG035,40.63958635838598,-111.51326842477698,7769.0,51,67.5,50.2,57.9,0.012,0.012,0.0
2026-10-10,Regulator Trail,Deer Valley,WG033,40.62910164594688,-111.48142418804063,8033.8,51,66.0,48.7,56.4,0.012,0.012,0.0
2026-10-10,Richochet,Park City / PCMR,WG062,40.68638148266805,-111.57139393545772,7468.3,3,70.2,52.4,59.9,0.0,0.0,0.0
2026-10-10,Rinse Cycle Trail,Deer Valley,WG028,40.62990230274806,-111.45944053119273,7191.1,3,71.4,48.3,58.2,0.0,0.0,0.0
2026-10-10,Ripple Trail,Deer Valley,WG029,40.63554405253732,-111.47490110184252,7588.0,3,70.0,47.0,56.8,0.0,0.0,0.0
2026-10-10,Riverview West Trail,Jordanelle,WG001,40.58565113588149,-111.41386481977428,6730.6,3,73.5,50.5,60.3,0.0,0.0,0.0
2026-10-10,Road to WOS,Summit Park,WG082,40.73344363030311,-111.61407104321202,7712.2,3,69.4,51.6,59.1,0.0,0.0,0.0
2026-10-10,Rob's Trail,Pinebrook,WG063,40.69704664952428,-111.5702364046946,7584.0,3,69.1,51.4,58.9,0.0,0.0,0.0
2026-10-10,RocMon,Round Valley,WG055,40.68788668982749,-111.4548390225179,6677.5,3,73.6,49.8,59.8,0.0,0.0,0.0
2026-10-10,Rock Chuck Trail,Park City / PCMR,WG008,40.58874474594925,-111.56839301918852,9680.6,51,60.1,42.9,50.6,0.012,0.012,0.0
2026-10-10,Rogue Rider Trail,Park City / PCMR,WG020,40.60699361060532,-111.56187339427328,9423.9,51,61.7,44.4,52.2,0.012,0.012,0.0
2026-10-10,Rosebud,Park City / PCMR,WG036,40.63966083548988,-111.52257618003053,8390.4,51,65.2,47.9,55.7,0.012,0.012,0.0
2026-10-10,Rosebud's Heaven,Park City / PCMR,WG060,40.69195554103422,-111.5659528759652,7326.9,3,71.2,53.5,61.0,0.0,0.0,0.0
2026-10-10,Rossi Hill Trail,Deer Valley,WG031,40.63808222920599,-111.4919292526201,7341.8,3,71.0,47.9,57.8,0.0,0.0,0.0
2026-10-10,Round Valley Connect,Round Valley,WG067,40.70875221615484,-111.50427592382064,6606.7,3,74.1,50.4,60.3,0.0,0.0,0.0
2026-10-10,Round Valley Connector,Round Valley,WG067,40.709506874143365,-111.48774034228174,6611.3,3,74.1,50.4,60.3,0.0,0.0,0.0
2026-10-10,Round Valley Express,Round Valley,WG057,40.69308554123404,-111.4897696424948,6812.1,3,73.3,49.5,59.5,0.0,0.0,0.0
2026-10-10,Rusty Shovel,Round Valley,WG057,40.69776625143012,-111.4804885556652,6868.8,3,73.3,49.5,59.5,0.0,0.0,0.0
2026-10-10,Rusty Spur,Round Valley,WG065,40.70159189598121,-111.4765958017646,6731.2,3,73.8,50.0,60.0,0.0,0.0,0.0
2026-10-10,SOS,Park City / PCMR,WG046,40.666448184385416,-111.48116864087982,6803.8,3,73.2,49.5,59.4,0.0,0.0,0.0
2026-10-10,SQ Connector Trail,Round Valley,WG055,40.68949659271035,-111.47067515084642,6728.8,3,73.6,49.8,59.8,0.0,0.0,0.0
2026-10-10,Sam's Trail,Deer Valley,WG012,40.61912724197413,-111.50964994268364,8145.3,51,65.5,48.2,56.0,0.012,0.012,0.0
2026-10-10,Saved By The Bell,Round Valley,WG067,40.71689792497153,-111.49958806368429,6568.5,3,74.1,50.4,60.3,0.0,0.0,0.0
2026-10-10,Scott's Bypass,Park City / PCMR,WG021,40.612047856355446,-111.55918064050742,9658.7,51,60.2,42.9,50.7,0.012,0.012,0.0
2026-10-10,Secret of My Success Trail,Deer Valley,WG033,40.62597453280468,-111.48566192002252,8293.6,51,66.0,48.7,56.4,0.012,0.012,0.0
2026-10-10,Seldom Seen,Park City / PCMR,WG034,40.64892938917546,-111.51571616491609,7435.6,51,68.8,51.5,59.3,0.012,0.012,0.0
2026-10-10,Seventy 101,Round Valley,WG057,40.68968411592925,-111.49103639156762,6974.3,3,73.3,49.5,59.5,0.0,0.0,0.0
2026-10-10,Shadow Lake,Park City / PCMR,WG020,40.61596037279941,-111.55009628848111,9179.4,51,61.7,44.4,52.2,0.012,0.012,0.0
2026-10-10,Shenanigans,Deer Valley,WG012,40.62034189886961,-111.49849814997506,8237.7,51,65.5,48.2,56.0,0.012,0.012,0.0
2026-10-10,Short Cut,Jeremy Ranch / Glenwild,WG064,40.68025862222409,-111.57883598783349,8081.5,3,68.1,50.4,57.9,0.0,0.0,0.0
2026-10-10,Short Fuse,Park City / PCMR,WG036,40.6346970517688,-111.52339576593836,8439.4,51,65.2,47.9,55.7,0.012,0.012,0.0
2026-10-10,Short Ribs,Summit Park,WG082,40.7348537895427,-111.62048055745409,7705.3,3,69.4,51.6,59.1,0.0,0.0,0.0
2026-10-10,Short Stack,Summit Park,WG082,40.73936874753804,-111.6200542747078,7652.8,3,69.4,51.6,59.1,0.0,0.0,0.0
2026-10-10,Silver Creek Trail,Round Valley,WG074,40.728195917662575,-111.48449884114967,6494.3,3,74.7,50.9,60.9,0.0,0.0,0.0
2026-10-10,Silver Gate,Round Valley,WG073,40.72728013881357,-111.46748664430804,6513.4,3,74.5,50.8,60.7,0.0,0.0,0.0
2026-10-10,Silver Queen,Park City / PCMR,WG037,40.63391819864852,-111.51755091640152,8558.9,51,64.1,46.8,54.5,0.012,0.012,0.0
2026-10-10,Silver Spur,Park City / PCMR,WG049,40.65266965116334,-111.5117818738982,6980.8,3,71.9,54.2,61.7,0.0,0.0,0.0
2026-10-10,Skid Row,Park City / PCMR,WG044,40.66845831872771,-111.47381352761975,6920.8,3,73.4,49.6,59.6,0.0,0.0,0.0
2026-10-10,Skyridge Peak Trail / Milky Way,Jordanelle,WG043,40.65984634182248,-111.4368345884266,7139.2,3,72.3,48.6,58.5,0.0,0.0,0.0
2026-10-10,Sloppy Joe,Round Valley,WG067,40.71599935057343,-111.49742827056478,6658.4,3,74.1,50.4,60.3,0.0,0.0,0.0
2026-10-10,Snake Pit Trail,Park City / PCMR,WG010,40.58750533085767,-111.57189033610032,9625.4,51,60.2,42.9,50.7,0.012,0.012,0.0
2026-10-10,Snowtop,Deer Valley,WG028,40.64752229561398,-111.4705824068134,7443.3,3,71.4,48.3,58.2,0.0,0.0,0.0
2026-10-10,Solamere,Deer Valley,WG045,40.65168830951934,-111.47267426337083,7304.0,3,71.9,48.2,58.1,0.0,0.0,0.0
2026-10-10,Solamere Connector,Deer Valley,WG045,40.651338463153365,-111.4797751905619,7331.1,3,71.9,48.2,58.1,0.0,0.0,0.0
2026-10-10,Somewhere Elks,Round Valley,WG055,40.68702802029736,-111.47813858810876,6977.4,3,73.6,49.8,59.8,0.0,0.0,0.0
2026-10-10,South Canyon,Round Valley,WG055,40.697084178294816,-111.45372200426904,6732.0,3,73.6,49.8,59.8,0.0,0.0,0.0
2026-10-10,South Sweeney,Park City / PCMR,WG031,40.64194117786604,-111.49870009761844,7400.1,3,71.0,47.9,57.8,0.0,0.0,0.0
2026-10-10,Spare Change,Summit Park,WG080,40.74164553017363,-111.60031464541484,6827.9,3,72.4,54.7,62.2,0.0,0.0,0.0
2026-10-10,Sparky's Return,Clark Ranch,WG044,40.6617858998794,-111.45698342605078,6783.6,3,73.4,49.6,59.6,0.0,0.0,0.0
2026-10-10,Speedbag,Deer Valley,WG011,40.624406811076895,-111.50919273225593,7987.6,51,66.7,49.4,57.2,0.012,0.012,0.0
2026-10-10,Spin Cycle Trail,Deer Valley,WG028,40.63411801502942,-111.46082430079326,7178.8,3,71.4,48.3,58.2,0.0,0.0,0.0
2026-10-10,Spiro Trail,Park City / PCMR,WG035,40.64755384631944,-111.52407012433112,7617.4,51,67.5,50.2,57.9,0.012,0.012,0.0
2026-10-10,St. Regis Trail,Deer Valley,WG028,40.639112933407205,-111.47591481144916,7383.3,3,71.4,48.3,58.2,0.0,0.0,0.0
2026-10-10,Stealth Connector / Pheasant Way,Jeremy Ranch / Glenwild,WG076,40.73167942348123,-111.54708752211994,6361.5,3,74.0,56.3,63.8,0.0,0.0,0.0
2026-10-10,Stealth Trail,Jeremy Ranch / Glenwild,WG077,40.73631275924013,-111.5447596003018,6560.0,3,73.3,55.6,63.1,0.0,0.0,0.0
2026-10-10,Steps,Park City / PCMR,WG037,40.63116043759045,-111.5173271228493,8520.8,51,64.1,46.8,54.5,0.012,0.012,0.0
2026-10-10,Stiff Upper Lip,Park City / PCMR,WG017,40.61611691879028,-111.52987009616064,9025.4,51,62.0,44.7,52.5,0.012,0.012,0.0
2026-10-10,Sunny Slopes Trail,Round Valley,WG057,40.68377753714063,-111.48540217687854,6826.8,3,73.3,49.5,59.5,0.0,0.0,0.0
2026-10-10,Sunset,Deer Valley,WG013,40.61222429898699,-111.48546906629171,8777.5,51,63.6,46.3,54.1,0.012,0.012,0.0
2026-10-10,Super G,Deer Valley,WG013,40.6078734147108,-111.486644562986,8939.8,51,63.6,46.3,54.1,0.012,0.012,0.0
2026-10-10,Sven,Jordanelle,WG040,40.66216079919324,-111.41880056586604,6299.4,3,75.3,51.6,61.5,0.0,0.0,0.0
2026-10-10,Sweeney Switchbacks,Park City / PCMR,WG031,40.64428684826398,-111.50263935593632,7442.9,3,71.0,47.9,57.8,0.0,0.0,0.0
2026-10-10,Sweeneys,Park City / PCMR,WG032,40.6416793962084,-111.50380066992643,7712.4,3,69.6,46.6,56.4,0.0,0.0,0.0
2026-10-10,T&G,Deer Valley,WG016,40.611941402305575,-111.51506977898008,8673.3,51,63.5,46.2,53.9,0.012,0.012,0.0
2026-10-10,T&G 2,Deer Valley,WG016,40.62089143656375,-111.51568549288604,8599.5,51,63.5,46.2,53.9,0.012,0.012,0.0
2026-10-10,TDS Ontario Bypass,Deer Valley,WG032,40.62591563844938,-111.49801252893096,7889.0,3,69.6,46.6,56.4,0.0,0.0,0.0
2026-10-10,TSP Skils Area,Round Valley,WG067,40.70929244417837,-111.50545423904256,6671.9,3,74.1,50.4,60.3,0.0,0.0,0.0
2026-10-10,Tall Oaks Circle,Pinebrook,WG078,40.73938310561022,-111.57541687830556,6961.5,3,72.7,55.0,62.5,0.0,0.0,0.0
2026-10-10,Tall T Trail,Deer Valley,WG007,40.59029104976929,-111.52734087474852,9033.3,51,62.7,45.4,53.2,0.012,0.012,0.0
2026-10-10,Tar Pits Jump Line,Round Valley,WG067,40.70948336187246,-111.50501444482678,6663.3,3,74.1,50.4,60.3,0.0,0.0,0.0
2026-10-10,Team Big Bear,Deer Valley,WG013,40.61639926546102,-111.50010669410356,8610.0,51,63.6,46.3,54.1,0.012,0.012,0.0
2026-10-10,Team Cutthroat Downhill,Jeremy Ranch / Glenwild,WG077,40.74619331694971,-111.55242052130288,6618.0,3,73.3,55.6,63.1,0.0,0.0,0.0
2026-10-10,Thaynes Canyon,Park City / PCMR,WG037,40.62644528922062,-111.539067377105,8520.6,51,64.1,46.8,54.5,0.012,0.012,0.0
2026-10-10,The Avenues,Summit Park,WG090,40.75998198374273,-111.6028265058925,7081.5,3,70.9,53.2,60.7,0.0,0.0,0.0
2026-10-10,The Graduate,Jeremy Ranch / Glenwild,WG085,40.7534431855279,-111.56237742796368,6343.1,3,74.3,56.6,64.1,0.0,0.0,0.0
2026-10-10,The Great Gazoo,Round Valley,WG067,40.70997890100696,-111.50140660314835,6662.9,3,74.1,50.4,60.3,0.0,0.0,0.0
2026-10-10,The Lookout,Deer Valley,WG032,40.62921554675458,-111.4942829189022,7693.2,3,69.6,46.6,56.4,0.0,0.0,0.0
2026-10-10,The Sheep Trail,Summit Park,WG094,40.75746633469589,-111.667341513995,6217.2,3,74.7,57.9,64.9,0.0,0.0,0.0
2026-10-10,The Up Trail,Summit Park,WG078,40.74822119025095,-111.58934600493023,6821.1,3,72.7,55.0,62.5,0.0,0.0,0.0
2026-10-10,The Upper Avenues,Summit Park,WG090,40.75942210135698,-111.60997791538348,7425.0,3,70.9,53.2,60.7,0.0,0.0,0.0
2026-10-10,Thieves Forest,Deer Valley,WG013,40.61553068086176,-111.48245627012813,8597.7,51,63.6,46.3,54.1,0.012,0.012,0.0
2026-10-10,Thieves Forrest,Deer Valley,WG014,40.611364491739,-111.4804590615015,9072.7,51,62.6,45.4,53.1,0.012,0.012,0.0
2026-10-10,Three Candles,Park City / PCMR,WG037,40.62931137475258,-111.52248914366156,8843.3,51,64.1,46.8,54.5,0.012,0.012,0.0
2026-10-10,Tidal Wave,Deer Valley,WG013,40.610548014761406,-111.48897388892838,8737.9,51,63.6,46.3,54.1,0.012,0.012,0.0
2026-10-10,Tideline,Jordanelle,WG025,40.64171272429878,-111.40053564270964,6530.0,3,74.1,51.0,60.9,0.0,0.0,0.0
2026-10-10,Tim Man,Round Valley,WG067,40.70348842863846,-111.50080894755244,6766.9,3,74.1,50.4,60.3,0.0,0.0,0.0
2026-10-10,Tommys Two Step,Park City / PCMR,WG036,40.629024211109055,-111.51829238121942,8474.2,51,65.2,47.9,55.7,0.012,0.012,0.0
2026-10-10,Tour De Homes,Deer Valley,WG032,40.63205110837411,-111.48826887414292,7813.1,3,69.6,46.6,56.4,0.0,0.0,0.0
2026-10-10,Tour De Suds (Upper),Deer Valley,WG013,40.614682713092186,-111.50609195133156,8563.5,51,63.6,46.3,54.1,0.012,0.012,0.0
2026-10-10,Town,Park City / PCMR,WG030,40.64755940729975,-111.49861999854691,6988.0,3,72.4,49.4,59.2,0.0,0.0,0.0
2026-10-10,Trailside,Round Valley,WG066,40.71864159830864,-111.50336949570412,6480.1,3,73.7,56.0,63.5,0.0,0.0,0.0
2026-10-10,Trailside Connector,Round Valley,WG067,40.71611276967259,-111.5017965665912,6504.2,3,74.1,50.4,60.3,0.0,0.0,0.0
2026-10-10,Trailside Loop,Round Valley,WG067,40.71199117049012,-111.50483999800892,6609.7,3,74.1,50.4,60.3,0.0,0.0,0.0
2026-10-10,Trappers Gate,Deer Valley,WG031,40.63197509989361,-111.497026036245,7462.8,3,71.0,47.9,57.8,0.0,0.0,0.0
2026-10-10,Trestle,Park City / PCMR,WG033,40.63650074050743,-111.50791633233914,8071.5,51,66.0,48.7,56.4,0.012,0.012,0.0
2026-10-10,Tricky Pickle Trail,Deer Valley,WG004,40.59197973531048,-111.49789592532872,8532.5,51,63.9,46.6,54.4,0.012,0.012,0.0
2026-10-10,Truckhole,Round Valley,WG067,40.704351116822174,-111.50022157042804,6773.9,3,74.1,50.4,60.3,0.0,0.0,0.0
2026-10-10,Trump,Deer Valley,WG013,40.60903529522874,-111.4964159868453,8771.6,51,63.6,46.3,54.1,0.012,0.012,0.0
2026-10-10,Tsunami,Deer Valley,WG013,40.61166268615432,-111.48706860055302,8747.8,51,63.6,46.3,54.1,0.012,0.012,0.0
2026-10-10,Tug of War Trail,Deer Valley,WG013,40.60218815889535,-111.4963014769127,8962.3,51,63.6,46.3,54.1,0.012,0.012,0.0
2026-10-10,Tweety Bird Trail,Jordanelle,WG001,40.59084253440856,-111.40816741687898,6568.1,3,73.5,50.5,60.3,0.0,0.0,0.0
2026-10-10,Twist & Shout,Deer Valley,WG012,40.61590669002216,-111.48826576454944,8415.6,51,65.5,48.2,56.0,0.012,0.012,0.0
2026-10-10,Twist and Shout,Deer Valley,WG013,40.61146669404505,-111.486662413967,8799.9,51,63.6,46.3,54.1,0.012,0.012,0.0
2026-10-10,Undertow Trail,Deer Valley,WG029,40.63057046785135,-111.47858549886824,7937.9,3,70.0,47.0,56.8,0.0,0.0,0.0
2026-10-10,Unga Bunga Skills and Pump Tradk,Round Valley,WG067,40.71158064400824,-111.50217787755837,6590.1,3,74.1,50.4,60.3,0.0,0.0,0.0
2026-10-10,Up Track,Round Valley,WG067,40.71007968280768,-111.50314659118624,6643.1,3,74.1,50.4,60.3,0.0,0.0,0.0
2026-10-10,Upper Devo Trail,Deer Valley,WG033,40.62826200901757,-111.4850494481263,8097.8,51,66.0,48.7,56.4,0.012,0.012,0.0
2026-10-10,Upper Loose,Park City / PCMR,WG032,40.64060205866311,-111.5081407284332,7678.0,3,69.6,46.6,56.4,0.0,0.0,0.0
2026-10-10,Upper Loose Moose,Park City / PCMR,WG032,40.64060459750891,-111.5062344507794,7788.9,3,69.6,46.6,56.4,0.0,0.0,0.0
2026-10-10,Upper Sparky Trail,Clark Ranch,WG044,40.6599723509711,-111.45534390616216,6878.4,3,73.4,49.6,59.6,0.0,0.0,0.0
2026-10-10,Village Pipeline Connector,Deer Valley,WG028,40.6391093200599,-111.472490526811,7336.8,3,71.4,48.3,58.2,0.0,0.0,0.0
2026-10-10,Village Trail,Deer Valley,WG028,40.64077448423082,-111.47113665558776,7315.2,3,71.4,48.3,58.2,0.0,0.0,0.0
2026-10-10,Village Trail / Pipeline,Deer Valley,WG028,40.64110752434245,-111.46934147070748,7182.6,3,71.4,48.3,58.2,0.0,0.0,0.0
2026-10-10,WOW (Wasatch Over Wasatch) Trail,Deer Valley,WG003,40.585198990338895,-111.50729227137398,8248.2,51,65.5,48.2,56.0,0.012,0.012,0.0
2026-10-10,Wada Way,Jordanelle,WG040,40.65139897157171,-111.41292348157292,6267.2,3,75.3,51.6,61.5,0.0,0.0,0.0
2026-10-10,Wasatch,Round Valley,WG074,40.742724215036304,-111.49568804225927,6475.9,3,74.7,50.9,60.9,0.0,0.0,0.0
2026-10-10,Wasatch Crest Connect,Park City / PCMR,WG020,40.616974136223725,-111.55736099806312,9245.9,51,61.7,44.4,52.2,0.012,0.012,0.0
2026-10-10,Wasatch Wiggle Trail,Park City / PCMR,WG010,40.58570056880523,-111.57390345809982,9702.8,51,60.2,42.9,50.7,0.012,0.012,0.0
2026-10-10,We'll Go From There,Jordanelle,WG027,40.633559740125165,-111.4528915193202,6692.5,3,73.2,50.1,59.9,0.0,0.0,0.0
2026-10-10,Winchester Trail,Jeremy Ranch / Glenwild,WG069,40.71094932830698,-111.54449441430567,6453.0,3,73.8,56.0,63.5,0.0,0.0,0.0
2026-10-10,Woodside Gulch,Deer Valley,WG032,40.63428272582461,-111.50200856347875,7635.5,3,69.6,46.6,56.4,0.0,0.0,0.0
2026-10-10,Wowza Downhill Trail,Deer Valley,WG006,40.58677474689952,-111.51626735679228,8564.8,51,64.3,47.0,54.8,0.012,0.012,0.0
2026-10-10,Wowza Trail,Deer Valley,WG006,40.58754867198866,-111.51557993987645,8552.8,51,64.3,47.0,54.8,0.012,0.012,0.0
2026-10-10,Yabba Dabba Doo,Round Valley,WG067,40.71031601545331,-111.5039304608668,6636.2,3,74.1,50.4,60.3,0.0,0.0,0.0
2026-10-10,Yeti's,Pinebrook,WG072,40.70910944007779,-111.57083697014414,7539.3,3,69.3,51.6,59.1,0.0,0.0,0.0
2026-10-10,You Get It,Jordanelle,WG027,40.63417280890808,-111.45447628262694,6774.5,3,73.2,50.1,59.9,0.0,0.0,0.0
